source,target,seed,augmented,model,condition,overlap_removed,policy,budget,n,attacks,reviewed,errors,reviewed_errors,unreviewed_fn,unreviewed_fp,fn,fp,accepted,accepted_risk,review_fraction,threshold
unsw,unsw,17,False,logistic,clean,0,forced,0.0,10417,1285,0,11,0,9,2,9,2,10417,0.0010559662090813093,0.0,
unsw,unsw,17,False,logistic,clean,0,frozen,0.01,10417,1285,92,11,7,2,2,9,2,10325,0.000387409200968523,0.008831717385043679,0.1661806910609145
unsw,unsw,17,False,logistic,clean,0,cap,0.01,10417,1285,101,11,7,2,2,9,2,10316,0.00038774718883288094,0.009695689737928385,
unsw,unsw,17,False,logistic,clean,0,random,0.01,10417,1285,101,11,0,9,2,9,2,10316,0.0010663047692904227,0.009695689737928385,
unsw,unsw,17,False,logistic,clean,0,frozen,0.05,10417,1285,576,11,10,0,1,9,2,9841,0.000101615689462453,0.055294230584621296,0.009840849172354948
unsw,unsw,17,False,logistic,clean,0,cap,0.05,10417,1285,518,11,10,0,1,9,2,9899,0.00010102030508132135,0.04972640875491984,
unsw,unsw,17,False,logistic,clean,0,random,0.05,10417,1285,518,11,1,8,2,9,2,9899,0.0010102030508132135,0.04972640875491984,
unsw,unsw,17,False,logistic,clean,0,frozen,0.1,10417,1285,1153,11,10,0,1,9,2,9264,0.0001079447322970639,0.11068445809734088,0.004877863942679417
unsw,unsw,17,False,logistic,clean,0,cap,0.1,10417,1285,1040,11,10,0,1,9,2,9377,0.00010664391596459421,0.09983680522223289,
unsw,unsw,17,False,logistic,clean,0,random,0.1,10417,1285,1040,11,1,8,2,9,2,9377,0.0010664391596459423,0.09983680522223289,
unsw,unsw,17,False,logistic,temporal,0,forced,0.0,10417,1285,0,83,0,82,1,82,1,10417,0.007967745032158972,0.0,
unsw,unsw,17,False,logistic,temporal,0,frozen,0.01,10417,1285,402,83,76,6,1,82,1,10015,0.0006989515726410385,0.03859076509551694,0.1661806910609145
unsw,unsw,17,False,logistic,temporal,0,cap,0.01,10417,1285,101,83,39,43,1,82,1,10316,0.004265219077161691,0.009695689737928385,
unsw,unsw,17,False,logistic,temporal,0,random,0.01,10417,1285,101,83,0,82,1,82,1,10316,0.00804575416828228,0.009695689737928385,
unsw,unsw,17,False,logistic,temporal,0,frozen,0.05,10417,1285,888,83,80,2,1,82,1,9529,0.000314828418511911,0.08524527215129116,0.009840849172354948
unsw,unsw,17,False,logistic,temporal,0,cap,0.05,10417,1285,518,83,76,6,1,82,1,9899,0.0007071421355692494,0.04972640875491984,
unsw,unsw,17,False,logistic,temporal,0,random,0.05,10417,1285,518,83,5,77,1,82,1,9899,0.007879583796343065,0.04972640875491984,
unsw,unsw,17,False,logistic,temporal,0,frozen,0.1,10417,1285,1085,83,80,2,1,82,1,9332,0.0003214744963566224,0.10415666698665643,0.004877863942679417
unsw,unsw,17,False,logistic,temporal,0,cap,0.1,10417,1285,1040,83,80,2,1,82,1,9377,0.0003199317478937827,0.09983680522223289,
unsw,unsw,17,False,logistic,temporal,0,random,0.1,10417,1285,1040,83,6,76,1,82,1,9377,0.008211581529273754,0.09983680522223289,
unsw,unsw,17,False,logistic,size,0,forced,0.0,10417,1285,0,315,0,311,4,311,4,10417,0.03023903235096477,0.0,
unsw,unsw,17,False,logistic,size,0,frozen,0.01,10417,1285,406,315,266,47,2,311,4,10011,0.004894615922485266,0.03897475280791015,0.1661806910609145
unsw,unsw,17,False,logistic,size,0,cap,0.01,10417,1285,101,315,67,246,2,311,4,10316,0.02404032570763862,0.009695689737928385,
unsw,unsw,17,False,logistic,size,0,random,0.01,10417,1285,101,315,0,311,4,311,4,10316,0.030535091120589376,0.009695689737928385,
unsw,unsw,17,False,logistic,size,0,frozen,0.05,10417,1285,479,315,312,2,1,311,4,9938,0.00030187160394445564,0.04598252855908611,0.009840849172354948
unsw,unsw,17,False,logistic,size,0,cap,0.05,10417,1285,518,315,300,14,1,311,4,9899,0.0015153045762198202,0.04972640875491984,
unsw,unsw,17,False,logistic,size,0,random,0.05,10417,1285,518,315,12,299,4,311,4,9899,0.030609152439640366,0.04972640875491984,
unsw,unsw,17,False,logistic,size,0,frozen,0.1,10417,1285,555,315,312,2,1,311,4,9862,0.0003041979314540661,0.05327829509455698,0.004877863942679417
unsw,unsw,17,False,logistic,size,0,cap,0.1,10417,1285,1040,315,312,2,1,311,4,9377,0.0003199317478937827,0.09983680522223289,
unsw,unsw,17,False,logistic,size,0,random,0.1,10417,1285,1040,315,21,290,4,311,4,9377,0.0313533112935907,0.09983680522223289,
unsw,unsw,17,False,logistic,tcp,0,forced,0.0,10417,1285,0,99,0,97,2,97,2,10417,0.009503695881731784,0.0,
unsw,unsw,17,False,logistic,tcp,0,frozen,0.01,10417,1285,444,99,83,14,2,97,2,9973,0.0016043316955780607,0.04262263607564558,0.1661806910609145
unsw,unsw,17,False,logistic,tcp,0,cap,0.01,10417,1285,101,99,35,62,2,97,2,10316,0.006203955021326095,0.009695689737928385,
unsw,unsw,17,False,logistic,tcp,0,random,0.01,10417,1285,101,99,1,96,2,97,2,10316,0.009499806126405583,0.009695689737928385,
unsw,unsw,17,False,logistic,tcp,0,frozen,0.05,10417,1285,1116,99,90,8,1,97,2,9301,0.0009676378883990968,0.10713257175770376,0.009840849172354948
unsw,unsw,17,False,logistic,tcp,0,cap,0.05,10417,1285,518,99,89,9,1,97,2,9899,0.0010102030508132135,0.04972640875491984,
unsw,unsw,17,False,logistic,tcp,0,random,0.05,10417,1285,518,99,4,93,2,97,2,9899,0.009596928982725527,0.04972640875491984,
unsw,unsw,17,False,logistic,tcp,0,frozen,0.1,10417,1285,1307,99,90,8,1,97,2,9110,0.0009879253567508233,0.12546798502447923,0.004877863942679417
unsw,unsw,17,False,logistic,tcp,0,cap,0.1,10417,1285,1040,99,90,8,1,97,2,9377,0.0009597952436813479,0.09983680522223289,
unsw,unsw,17,False,logistic,tcp,0,random,0.1,10417,1285,1040,99,7,90,2,97,2,9377,0.009811240268742668,0.09983680522223289,
unsw,unsw,17,False,logistic,temporal+tcp,0,forced,0.0,10417,1285,0,416,0,415,1,415,1,10417,0.039934722088893156,0.0,
unsw,unsw,17,False,logistic,temporal+tcp,0,frozen,0.01,10417,1285,390,416,268,147,1,415,1,10027,0.014760147601476014,0.037438801958337334,0.1661806910609145
unsw,unsw,17,False,logistic,temporal+tcp,0,cap,0.01,10417,1285,101,416,63,352,1,415,1,10316,0.03421868941450174,0.009695689737928385,
unsw,unsw,17,False,logistic,temporal+tcp,0,random,0.01,10417,1285,101,416,3,412,1,415,1,10316,0.04003489724699496,0.009695689737928385,
unsw,unsw,17,False,logistic,temporal+tcp,0,frozen,0.05,10417,1285,1005,416,408,8,0,415,1,9412,0.0008499787505312367,0.09647691273879236,0.009840849172354948
unsw,unsw,17,False,logistic,temporal+tcp,0,cap,0.05,10417,1285,518,416,346,69,1,415,1,9899,0.007071421355692494,0.04972640875491984,
unsw,unsw,17,False,logistic,temporal+tcp,0,random,0.05,10417,1285,518,416,21,394,1,415,1,9899,0.03990302050712193,0.04972640875491984,
unsw,unsw,17,False,logistic,temporal+tcp,0,frozen,0.1,10417,1285,1390,416,408,8,0,415,1,9027,0.0008862301982940069,0.1334357300566382,0.004877863942679417
unsw,unsw,17,False,logistic,temporal+tcp,0,cap,0.1,10417,1285,1040,416,407,8,1,415,1,9377,0.0009597952436813479,0.09983680522223289,
unsw,unsw,17,False,logistic,temporal+tcp,0,random,0.1,10417,1285,1040,416,35,380,1,415,1,9377,0.0406313319825104,0.09983680522223289,
unsw,unsw,17,False,logistic,random10,0,forced,0.0,10417,1285,0,230,0,170,60,170,60,10417,0.022079293462609197,0.0,
unsw,unsw,17,False,logistic,random10,0,frozen,0.01,10417,1285,320,230,106,79,45,170,60,10097,0.012280875507576509,0.030719016991456273,0.1661806910609145
unsw,unsw,17,False,logistic,random10,0,cap,0.01,10417,1285,101,230,38,140,52,170,60,10316,0.018611865063978286,0.009695689737928385,
unsw,unsw,17,False,logistic,random10,0,random,0.01,10417,1285,101,230,0,170,60,170,60,10316,0.022295463357890656,0.009695689737928385,
unsw,unsw,17,False,logistic,random10,0,frozen,0.05,10417,1285,1117,230,168,29,33,170,60,9300,0.006666666666666667,0.10722856868580205,0.009840849172354948
unsw,unsw,17,False,logistic,random10,0,cap,0.05,10417,1285,518,230,133,56,41,170,60,9899,0.00979896959288817,0.04972640875491984,
unsw,unsw,17,False,logistic,random10,0,random,0.05,10417,1285,518,230,14,158,58,170,60,9899,0.021820385897565412,0.04972640875491984,
unsw,unsw,17,False,logistic,random10,0,frozen,0.1,10417,1285,1563,230,177,25,28,170,60,8854,0.005985995030494692,0.15004319861764423,0.004877863942679417
unsw,unsw,17,False,logistic,random10,0,cap,0.1,10417,1285,1040,230,167,30,33,170,60,9377,0.0067185667057694356,0.09983680522223289,
unsw,unsw,17,False,logistic,random10,0,random,0.1,10417,1285,1040,230,26,151,53,170,60,9377,0.02175535885677722,0.09983680522223289,
unsw,ton,17,False,logistic,clean,0,forced,0.0,9367,7534,0,7553,0,7505,48,7505,48,9367,0.8063414113376748,0.0,
unsw,ton,17,False,logistic,clean,0,frozen,0.01,9367,7534,197,7553,44,7489,20,7505,48,9170,0.81886586695747,0.021031280025621865,0.1661806910609145
unsw,ton,17,False,logistic,clean,0,cap,0.01,9367,7534,78,7553,37,7472,44,7505,48,9289,0.8091290774033804,0.008327105796946729,
unsw,ton,17,False,logistic,clean,0,random,0.01,9367,7534,78,7553,69,7436,48,7505,48,9289,0.8056841425341802,0.008327105796946729,
unsw,ton,17,False,logistic,clean,0,frozen,0.05,9367,7534,270,7553,67,7472,14,7505,48,9097,0.8229086512036935,0.028824596989430983,0.009840849172354948
unsw,ton,17,False,logistic,clean,0,cap,0.05,9367,7534,454,7553,284,7241,28,7505,48,8913,0.8155503197576573,0.04846802604889506,
unsw,ton,17,False,logistic,clean,0,random,0.05,9367,7534,454,7553,374,7133,46,7505,48,8913,0.8054527095254124,0.04846802604889506,
unsw,ton,17,False,logistic,clean,0,frozen,0.1,9367,7534,297,7553,72,7468,13,7505,48,9070,0.8248070562293275,0.03170705668837408,0.004877863942679417
unsw,ton,17,False,logistic,clean,0,cap,0.1,9367,7534,921,7553,632,6900,21,7505,48,8446,0.8194411555766044,0.0983239030639479,
unsw,ton,17,False,logistic,clean,0,random,0.1,9367,7534,921,7553,745,6764,44,7505,48,8446,0.8060620412029363,0.0983239030639479,
unsw,ton,17,False,logistic,temporal,0,forced,0.0,9367,7534,0,7544,0,7527,17,7527,17,9367,0.8053805914380271,0.0,
unsw,ton,17,False,logistic,temporal,0,frozen,0.01,9367,7534,45,7544,33,7497,14,7527,17,9322,0.8057283844668526,0.0048040994982384965,0.1661806910609145
unsw,ton,17,False,logistic,temporal,0,cap,0.01,9367,7534,78,7544,51,7477,16,7527,17,9289,0.8066530304661428,0.008327105796946729,
unsw,ton,17,False,logistic,temporal,0,random,0.01,9367,7534,78,7544,69,7458,17,7527,17,9289,0.8047152546022177,0.008327105796946729,
unsw,ton,17,False,logistic,temporal,0,frozen,0.05,9367,7534,80,7544,50,7482,12,7527,17,9287,0.806934424464305,0.008540621330201772,0.009840849172354948
unsw,ton,17,False,logistic,temporal,0,cap,0.05,9367,7534,454,7544,276,7255,13,7527,17,8913,0.8154381240884102,0.04846802604889506,
unsw,ton,17,False,logistic,temporal,0,random,0.05,9367,7534,454,7544,374,7154,16,7527,17,8913,0.8044429485021878,0.04846802604889506,
unsw,ton,17,False,logistic,temporal,0,frozen,0.1,9367,7534,94,7544,52,7480,12,7527,17,9273,0.8079370214601531,0.010035230062987082,0.004877863942679417
unsw,ton,17,False,logistic,temporal,0,cap,0.1,9367,7534,921,7544,617,6917,10,7527,17,8446,0.8201515510300734,0.0983239030639479,
unsw,ton,17,False,logistic,temporal,0,random,0.1,9367,7534,921,7544,748,6781,15,7527,17,8446,0.8046412502959981,0.0983239030639479,
unsw,ton,17,False,logistic,size,0,forced,0.0,9367,7534,0,7575,0,7523,52,7523,52,9367,0.8086900822034803,0.0,
unsw,ton,17,False,logistic,size,0,frozen,0.01,9367,7534,207,7575,52,7485,38,7523,52,9160,0.8212882096069869,0.022098857691897084,0.1661806910609145
unsw,ton,17,False,logistic,size,0,cap,0.01,9367,7534,78,7575,45,7478,52,7523,52,9289,0.8106362364086555,0.008327105796946729,
unsw,ton,17,False,logistic,size,0,random,0.01,9367,7534,78,7575,69,7454,52,7523,52,9289,0.8080525352567554,0.008327105796946729,
unsw,ton,17,False,logistic,size,0,frozen,0.05,9367,7534,492,7575,98,7463,14,7523,52,8875,0.8424788732394366,0.0525248211807409,0.009840849172354948
unsw,ton,17,False,logistic,size,0,cap,0.05,9367,7534,454,7575,288,7241,46,7523,52,8913,0.8175698418041064,0.04846802604889506,
unsw,ton,17,False,logistic,size,0,random,0.05,9367,7534,454,7575,378,7150,47,7523,52,8913,0.8074722315718613,0.04846802604889506,
unsw,ton,17,False,logistic,size,0,frozen,0.1,9367,7534,594,7575,114,7447,14,7523,52,8773,0.8504502450701015,0.06341411337674815,0.004877863942679417
unsw,ton,17,False,logistic,size,0,cap,0.1,9367,7534,921,7575,641,6895,39,7523,52,8446,0.8209803457257874,0.0983239030639479,
unsw,ton,17,False,logistic,size,0,random,0.1,9367,7534,921,7575,754,6777,44,7523,52,8446,0.8076012313521194,0.0983239030639479,
unsw,ton,17,False,logistic,tcp,0,forced,0.0,9367,7534,0,7303,0,7259,44,7259,44,9367,0.7796519696807943,0.0,
unsw,ton,17,False,logistic,tcp,0,frozen,0.01,9367,7534,97,7303,56,7229,18,7259,44,9270,0.7817691477885652,0.01035550336286965,0.1661806910609145
unsw,ton,17,False,logistic,tcp,0,cap,0.01,9367,7534,78,7303,42,7223,38,7259,44,9289,0.7816772526644418,0.008327105796946729,
unsw,ton,17,False,logistic,tcp,0,random,0.01,9367,7534,78,7303,69,7190,44,7259,44,9289,0.7787705888685542,0.008327105796946729,
unsw,ton,17,False,logistic,tcp,0,frozen,0.05,9367,7534,309,7303,91,7199,13,7259,44,9058,0.7962022521527932,0.03298814988790434,0.009840849172354948
unsw,ton,17,False,logistic,tcp,0,cap,0.05,9367,7534,454,7303,289,6988,26,7259,44,8913,0.7869404240996297,0.04846802604889506,
unsw,ton,17,False,logistic,tcp,0,random,0.05,9367,7534,454,7303,361,6900,42,7259,44,8913,0.7788623359138337,0.04846802604889506,
unsw,ton,17,False,logistic,tcp,0,frozen,0.1,9367,7534,466,7303,102,7189,12,7259,44,8901,0.8090102235703853,0.04974911924842532,0.004877863942679417
unsw,ton,17,False,logistic,tcp,0,cap,0.1,9367,7534,921,7303,682,6607,14,7259,44,8446,0.7839213829031494,0.0983239030639479,
unsw,ton,17,False,logistic,tcp,0,random,0.1,9367,7534,921,7303,722,6541,40,7259,44,8446,0.7791854132133554,0.0983239030639479,
unsw,ton,17,False,logistic,temporal+tcp,0,forced,0.0,9367,7534,0,7265,0,7250,15,7250,15,9367,0.7755951745489484,0.0,
unsw,ton,17,False,logistic,temporal+tcp,0,frozen,0.01,9367,7534,287,7265,13,7239,13,7250,15,9080,0.7986784140969163,0.030639479022098858,0.1661806910609145
unsw,ton,17,False,logistic,temporal+tcp,0,cap,0.01,9367,7534,78,7265,48,7202,15,7250,15,9289,0.7769404672192917,0.008327105796946729,
unsw,ton,17,False,logistic,temporal+tcp,0,random,0.01,9367,7534,78,7265,69,7181,15,7250,15,9289,0.774679728711379,0.008327105796946729,
unsw,ton,17,False,logistic,temporal+tcp,0,frozen,0.05,9367,7534,360,7265,53,7201,11,7250,15,9007,0.8007105584545353,0.03843279598590797,0.009840849172354948
unsw,ton,17,False,logistic,temporal+tcp,0,cap,0.05,9367,7534,454,7265,231,7023,11,7250,15,8913,0.7891843374845731,0.04846802604889506,
unsw,ton,17,False,logistic,temporal+tcp,0,random,0.05,9367,7534,454,7265,360,6891,14,7250,15,8913,0.7747110961516885,0.04846802604889506,
unsw,ton,17,False,logistic,temporal+tcp,0,frozen,0.1,9367,7534,390,7265,58,7198,9,7250,15,8977,0.8028294530466749,0.04163552898473364,0.004877863942679417
unsw,ton,17,False,logistic,temporal+tcp,0,cap,0.1,9367,7534,921,7265,573,6686,6,7250,15,8446,0.7923277291025338,0.0983239030639479,
unsw,ton,17,False,logistic,temporal+tcp,0,random,0.1,9367,7534,921,7265,724,6528,13,7250,15,8446,0.7744494435235615,0.0983239030639479,
unsw,ton,17,False,logistic,random10,0,forced,0.0,9367,7534,0,7220,0,7080,140,7080,140,9367,0.77079107505071,0.0,
unsw,ton,17,False,logistic,random10,0,frozen,0.01,9367,7534,378,7220,162,6951,107,7080,140,8989,0.7851818889754144,0.040354435785203376,0.1661806910609145
unsw,ton,17,False,logistic,random10,0,cap,0.01,9367,7534,78,7220,39,7045,136,7080,140,9289,0.7730649154914415,0.008327105796946729,
unsw,ton,17,False,logistic,random10,0,random,0.01,9367,7534,78,7220,64,7016,140,7080,140,9289,0.7703735601248789,0.008327105796946729,
unsw,ton,17,False,logistic,random10,0,frozen,0.05,9367,7534,879,7220,392,6754,74,7080,140,8488,0.8044297832233742,0.09384007686559197,0.009840849172354948
unsw,ton,17,False,logistic,random10,0,cap,0.05,9367,7534,454,7220,210,6897,113,7080,140,8913,0.786491641422641,0.04846802604889506,
unsw,ton,17,False,logistic,random10,0,random,0.05,9367,7534,454,7220,354,6730,136,7080,140,8913,0.770335465051049,0.04846802604889506,
unsw,ton,17,False,logistic,random10,0,frozen,0.1,9367,7534,999,7220,454,6699,67,7080,140,8368,0.8085564053537285,0.10665100886089462,0.004877863942679417
unsw,ton,17,False,logistic,random10,0,cap,0.1,9367,7534,921,7220,472,6666,82,7080,140,8446,0.7989580866682453,0.0983239030639479,
unsw,ton,17,False,logistic,random10,0,random,0.1,9367,7534,921,7220,708,6383,129,7080,140,8446,0.7710158654984608,0.0983239030639479,
unsw,cic,17,False,logistic,clean,0,forced,0.0,12192,306,0,2811,0,247,2564,247,2564,12192,0.23056102362204725,0.0,
unsw,cic,17,False,logistic,clean,0,frozen,0.01,12192,306,309,2811,151,242,2418,247,2564,11883,0.22384919633089287,0.025344488188976378,0.1661806910609145
unsw,cic,17,False,logistic,clean,0,cap,0.01,12192,306,110,2811,54,244,2513,247,2564,12082,0.228190696904486,0.00902230971128609,
unsw,cic,17,False,logistic,clean,0,random,0.01,12192,306,110,2811,21,244,2546,247,2564,12082,0.23092203277603046,0.00902230971128609,
unsw,cic,17,False,logistic,clean,0,frozen,0.05,12192,306,848,2811,349,239,2223,247,2564,11344,0.21703102961918194,0.06955380577427822,0.009840849172354948
unsw,cic,17,False,logistic,clean,0,cap,0.05,12192,306,599,2811,241,239,2331,247,2564,11593,0.22168549987061156,0.04913057742782152,
unsw,cic,17,False,logistic,clean,0,random,0.05,12192,306,599,2811,139,232,2440,247,2564,11593,0.23048391270594323,0.04913057742782152,
unsw,cic,17,False,logistic,clean,0,frozen,0.1,12192,306,1294,2811,469,233,2109,247,2564,10898,0.21490181684712792,0.10613517060367454,0.004877863942679417
unsw,cic,17,False,logistic,clean,0,cap,0.1,12192,306,1210,2811,452,234,2125,247,2564,10982,0.2148060462575123,0.09924540682414698,
unsw,cic,17,False,logistic,clean,0,random,0.1,12192,306,1210,2811,274,225,2312,247,2564,10982,0.2310143871790202,0.09924540682414698,
unsw,cic,17,False,logistic,temporal,0,forced,0.0,12192,306,0,2977,0,251,2726,251,2726,12192,0.2441765091863517,0.0,
unsw,cic,17,False,logistic,temporal,0,frozen,0.01,12192,306,977,2977,813,250,1914,251,2726,11215,0.1929558626839055,0.08013451443569554,0.1661806910609145
unsw,cic,17,False,logistic,temporal,0,cap,0.01,12192,306,110,2977,81,250,2646,251,2726,12082,0.23969541466644595,0.00902230971128609,
unsw,cic,17,False,logistic,temporal,0,random,0.01,12192,306,110,2977,26,248,2703,251,2726,12082,0.24424764111902003,0.00902230971128609,
unsw,cic,17,False,logistic,temporal,0,frozen,0.05,12192,306,1627,2977,1241,246,1490,251,2726,10565,0.16431613819214388,0.1334481627296588,0.009840849172354948
unsw,cic,17,False,logistic,temporal,0,cap,0.05,12192,306,599,2977,500,250,2227,251,2726,11593,0.21366341757957388,0.04913057742782152,
unsw,cic,17,False,logistic,temporal,0,random,0.05,12192,306,599,2977,145,236,2596,251,2726,11593,0.2442853446045027,0.04913057742782152,
unsw,cic,17,False,logistic,temporal,0,frozen,0.1,12192,306,1769,2977,1354,246,1377,251,2726,10423,0.15571332629761106,0.1450951443569554,0.004877863942679417
unsw,cic,17,False,logistic,temporal,0,cap,0.1,12192,306,1210,2977,991,249,1737,251,2726,10982,0.18084137679839737,0.09924540682414698,
unsw,cic,17,False,logistic,temporal,0,random,0.1,12192,306,1210,2977,289,228,2460,251,2726,10982,0.24476415953378255,0.09924540682414698,
unsw,cic,17,False,logistic,size,0,forced,0.0,12192,306,0,2740,0,246,2494,246,2494,12192,0.22473753280839895,0.0,
unsw,cic,17,False,logistic,size,0,frozen,0.01,12192,306,552,2740,188,239,2313,246,2494,11640,0.21924398625429553,0.045275590551181105,0.1661806910609145
unsw,cic,17,False,logistic,size,0,cap,0.01,12192,306,110,2740,74,246,2420,246,2494,12082,0.220658831319318,0.00902230971128609,
unsw,cic,17,False,logistic,size,0,random,0.01,12192,306,110,2740,20,243,2477,246,2494,12082,0.22512829001820892,0.00902230971128609,
unsw,cic,17,False,logistic,size,0,frozen,0.05,12192,306,2274,2740,743,215,1782,246,2494,9918,0.20135107884654163,0.18651574803149606,0.009840849172354948
unsw,cic,17,False,logistic,size,0,cap,0.05,12192,306,599,2740,194,237,2309,246,2494,11593,0.21961528508582764,0.04913057742782152,
unsw,cic,17,False,logistic,size,0,random,0.05,12192,306,599,2740,134,231,2375,246,2494,11593,0.22479082204778747,0.04913057742782152,
unsw,cic,17,False,logistic,size,0,frozen,0.1,12192,306,2894,2740,896,186,1658,246,2494,9298,0.19832221983222198,0.2373687664041995,0.004877863942679417
unsw,cic,17,False,logistic,size,0,cap,0.1,12192,306,1210,2740,344,227,2169,246,2494,10982,0.21817519577490438,0.09924540682414698,
unsw,cic,17,False,logistic,size,0,random,0.1,12192,306,1210,2740,264,224,2252,246,2494,10982,0.2254598433800765,0.09924540682414698,
unsw,cic,17,False,logistic,tcp,0,forced,0.0,12192,306,0,2796,0,247,2549,247,2549,12192,0.22933070866141733,0.0,
unsw,cic,17,False,logistic,tcp,0,frozen,0.01,12192,306,264,2796,141,243,2412,247,2549,11928,0.22258551307847083,0.021653543307086614,0.1661806910609145
unsw,cic,17,False,logistic,tcp,0,cap,0.01,12192,306,110,2796,63,245,2488,247,2549,12082,0.22620427081609004,0.00902230971128609,
unsw,cic,17,False,logistic,tcp,0,random,0.01,12192,306,110,2796,21,244,2531,247,2549,12082,0.22968051647078297,0.00902230971128609,
unsw,cic,17,False,logistic,tcp,0,frozen,0.05,12192,306,1042,2796,484,236,2076,247,2549,11150,0.2073542600896861,0.08546587926509186,0.009840849172354948
unsw,cic,17,False,logistic,tcp,0,cap,0.05,12192,306,599,2796,293,239,2264,247,2549,11593,0.2159061502630898,0.04913057742782152,
unsw,cic,17,False,logistic,tcp,0,random,0.05,12192,306,599,2796,137,232,2427,247,2549,11593,0.2293625463641853,0.04913057742782152,
unsw,cic,17,False,logistic,tcp,0,frozen,0.1,12192,306,1490,2796,757,231,1808,247,2549,10702,0.1905251354886937,0.12221128608923884,0.004877863942679417
unsw,cic,17,False,logistic,tcp,0,cap,0.1,12192,306,1210,2796,592,236,1968,247,2549,10982,0.20069204152249134,0.09924540682414698,
unsw,cic,17,False,logistic,tcp,0,random,0.1,12192,306,1210,2796,272,224,2300,247,2549,10982,0.22983063194317974,0.09924540682414698,
unsw,cic,17,False,logistic,temporal+tcp,0,forced,0.0,12192,306,0,3051,0,252,2799,252,2799,12192,0.250246062992126,0.0,
unsw,cic,17,False,logistic,temporal+tcp,0,frozen,0.01,12192,306,1376,3051,1158,248,1645,252,2799,10816,0.17501849112426035,0.11286089238845144,0.1661806910609145
unsw,cic,17,False,logistic,temporal+tcp,0,cap,0.01,12192,306,110,3051,60,251,2740,252,2799,12082,0.24755835126634662,0.00902230971128609,
unsw,cic,17,False,logistic,temporal+tcp,0,random,0.01,12192,306,110,3051,25,249,2777,252,2799,12082,0.2504552226452574,0.00902230971128609,
unsw,cic,17,False,logistic,temporal+tcp,0,frozen,0.05,12192,306,2021,3051,1671,246,1134,252,2799,10171,0.13567987415200078,0.16576443569553806,0.009840849172354948
unsw,cic,17,False,logistic,temporal+tcp,0,cap,0.05,12192,306,599,3051,470,250,2331,252,2799,11593,0.22263434831363754,0.04913057742782152,
unsw,cic,17,False,logistic,temporal+tcp,0,random,0.05,12192,306,599,3051,148,237,2666,252,2799,11593,0.25040973000948846,0.04913057742782152,
unsw,cic,17,False,logistic,temporal+tcp,0,frozen,0.1,12192,306,2322,3051,1915,246,890,252,2799,9870,0.11509625126646403,0.1904527559055118,0.004877863942679417
unsw,cic,17,False,logistic,temporal+tcp,0,cap,0.1,12192,306,1210,3051,1008,248,1795,252,2799,10982,0.1860316882170825,0.09924540682414698,
unsw,cic,17,False,logistic,temporal+tcp,0,random,0.1,12192,306,1210,3051,298,229,2524,252,2799,10982,0.2506829357129849,0.09924540682414698,
unsw,cic,17,False,logistic,random10,0,forced,0.0,12192,306,0,2896,0,244,2652,244,2652,12192,0.23753280839895013,0.0,
unsw,cic,17,False,logistic,random10,0,frozen,0.01,12192,306,823,2896,383,233,2280,244,2652,11369,0.2210396692761017,0.06750328083989501,0.1661806910609145
unsw,cic,17,False,logistic,random10,0,cap,0.01,12192,306,110,2896,45,243,2608,244,2652,12082,0.23597086575070353,0.00902230971128609,
unsw,cic,17,False,logistic,random10,0,random,0.01,12192,306,110,2896,21,241,2634,244,2652,12082,0.2379572918390995,0.00902230971128609,
unsw,cic,17,False,logistic,random10,0,frozen,0.05,12192,306,1998,2896,868,223,1805,244,2652,10194,0.19894055326662743,0.1638779527559055,0.009840849172354948
unsw,cic,17,False,logistic,random10,0,cap,0.05,12192,306,599,2896,270,236,2390,244,2652,11593,0.22651600103510738,0.04913057742782152,
unsw,cic,17,False,logistic,random10,0,random,0.05,12192,306,599,2896,150,230,2516,244,2652,11593,0.236867074959027,0.04913057742782152,
unsw,cic,17,False,logistic,random10,0,frozen,0.1,12192,306,2315,2896,973,219,1704,244,2652,9877,0.19469474536802672,0.1898786089238845,0.004877863942679417
unsw,cic,17,False,logistic,random10,0,cap,0.1,12192,306,1210,2896,556,230,2110,244,2652,10982,0.21307594245128392,0.09924540682414698,
unsw,cic,17,False,logistic,random10,0,random,0.1,12192,306,1210,2896,293,222,2381,244,2652,10982,0.2370242214532872,0.09924540682414698,
unsw,unsw,17,False,forest,clean,0,forced,0.0,10417,1285,0,11,0,7,4,7,4,10417,0.0010559662090813093,0.0,
unsw,unsw,17,False,forest,clean,0,frozen,0.01,10417,1285,104,11,11,0,0,7,4,10313,0.0,0.009983680522223289,0.0909174518292164
unsw,unsw,17,False,forest,clean,0,cap,0.01,10417,1285,101,11,11,0,0,7,4,10316,0.0,0.009695689737928385,
unsw,unsw,17,False,forest,clean,0,random,0.01,10417,1285,101,11,0,7,4,7,4,10316,0.0010663047692904227,0.009695689737928385,
unsw,unsw,17,False,forest,clean,0,frozen,0.05,10417,1285,493,11,11,0,0,7,4,9924,0.0,0.04732648555246232,0.016000000000000014
unsw,unsw,17,False,forest,clean,0,cap,0.05,10417,1285,518,11,11,0,0,7,4,9899,0.0,0.04972640875491984,
unsw,unsw,17,False,forest,clean,0,random,0.05,10417,1285,518,11,0,7,4,7,4,9899,0.0011112233558945347,0.04972640875491984,
unsw,unsw,17,False,forest,clean,0,frozen,0.1,10417,1285,1036,11,11,0,0,7,4,9381,0.0,0.09945281750983968,0.0019999999999997797
unsw,unsw,17,False,forest,clean,0,cap,0.1,10417,1285,1040,11,11,0,0,7,4,9377,0.0,0.09983680522223289,
unsw,unsw,17,False,forest,clean,0,random,0.1,10417,1285,1040,11,0,7,4,7,4,9377,0.0011730830756105364,0.09983680522223289,
unsw,unsw,17,False,forest,temporal,0,forced,0.0,10417,1285,0,14,0,9,5,9,5,10417,0.001343956993376212,0.0,
unsw,unsw,17,False,forest,temporal,0,frozen,0.01,10417,1285,878,14,14,0,0,9,5,9539,0.0,0.08428530287030815,0.0909174518292164
unsw,unsw,17,False,forest,temporal,0,cap,0.01,10417,1285,101,14,14,0,0,9,5,10316,0.0,0.009695689737928385,
unsw,unsw,17,False,forest,temporal,0,random,0.01,10417,1285,101,14,0,9,5,9,5,10316,0.0013571151609150834,0.009695689737928385,
unsw,unsw,17,False,forest,temporal,0,frozen,0.05,10417,1285,2387,14,14,0,0,9,5,8030,0.0,0.22914466737064415,0.016000000000000014
unsw,unsw,17,False,forest,temporal,0,cap,0.05,10417,1285,518,14,14,0,0,9,5,9899,0.0,0.04972640875491984,
unsw,unsw,17,False,forest,temporal,0,random,0.05,10417,1285,518,14,0,9,5,9,5,9899,0.0014142842711384988,0.04972640875491984,
unsw,unsw,17,False,forest,temporal,0,frozen,0.1,10417,1285,2545,14,14,0,0,9,5,7872,0.0,0.24431218201017568,0.0019999999999997797
unsw,unsw,17,False,forest,temporal,0,cap,0.1,10417,1285,1040,14,14,0,0,9,5,9377,0.0,0.09983680522223289,
unsw,unsw,17,False,forest,temporal,0,random,0.1,10417,1285,1040,14,0,9,5,9,5,9377,0.0014930148235043192,0.09983680522223289,
unsw,unsw,17,False,forest,size,0,forced,0.0,10417,1285,0,26,0,24,2,24,2,10417,0.0024959201305558222,0.0,
unsw,unsw,17,False,forest,size,0,frozen,0.01,10417,1285,1681,26,26,0,0,24,2,8736,0.0,0.16137083613324374,0.0909174518292164
unsw,unsw,17,False,forest,size,0,cap,0.01,10417,1285,101,26,11,13,2,24,2,10316,0.0014540519581233036,0.009695689737928385,
unsw,unsw,17,False,forest,size,0,random,0.01,10417,1285,101,26,1,23,2,24,2,10316,0.002423419930205506,0.009695689737928385,
unsw,unsw,17,False,forest,size,0,frozen,0.05,10417,1285,2327,26,26,0,0,24,2,8090,0.0,0.2233848516847461,0.016000000000000014
unsw,unsw,17,False,forest,size,0,cap,0.05,10417,1285,518,26,24,1,1,24,2,9899,0.0002020406101626427,0.04972640875491984,
unsw,unsw,17,False,forest,size,0,random,0.05,10417,1285,518,26,1,23,2,24,2,9899,0.0025255076270330338,0.04972640875491984,
unsw,unsw,17,False,forest,size,0,frozen,0.1,10417,1285,4059,26,26,0,0,24,2,6358,0.0,0.38965153115100315,0.0019999999999997797
unsw,unsw,17,False,forest,size,0,cap,0.1,10417,1285,1040,26,26,0,0,24,2,9377,0.0,0.09983680522223289,
unsw,unsw,17,False,forest,size,0,random,0.1,10417,1285,1040,26,2,22,2,24,2,9377,0.0025594539831502615,0.09983680522223289,
unsw,unsw,17,False,forest,tcp,0,forced,0.0,10417,1285,0,14,0,10,4,10,4,10417,0.001343956993376212,0.0,
unsw,unsw,17,False,forest,tcp,0,frozen,0.01,10417,1285,1441,14,14,0,0,10,4,8976,0.0,0.13833157338965152,0.0909174518292164
unsw,unsw,17,False,forest,tcp,0,cap,0.01,10417,1285,101,14,13,0,1,10,4,10316,9.693679720822024e-05,0.009695689737928385,
unsw,unsw,17,False,forest,tcp,0,random,0.01,10417,1285,101,14,0,10,4,10,4,10316,0.0013571151609150834,0.009695689737928385,
unsw,unsw,17,False,forest,tcp,0,frozen,0.05,10417,1285,2827,14,14,0,0,10,4,7590,0.0,0.2713833157338965,0.016000000000000014
unsw,unsw,17,False,forest,tcp,0,cap,0.05,10417,1285,518,14,14,0,0,10,4,9899,0.0,0.04972640875491984,
unsw,unsw,17,False,forest,tcp,0,random,0.05,10417,1285,518,14,0,10,4,10,4,9899,0.0014142842711384988,0.04972640875491984,
unsw,unsw,17,False,forest,tcp,0,frozen,0.1,10417,1285,3274,14,14,0,0,10,4,7143,0.0,0.314293942593837,0.0019999999999997797
unsw,unsw,17,False,forest,tcp,0,cap,0.1,10417,1285,1040,14,14,0,0,10,4,9377,0.0,0.09983680522223289,
unsw,unsw,17,False,forest,tcp,0,random,0.1,10417,1285,1040,14,0,10,4,10,4,9377,0.0014930148235043192,0.09983680522223289,
unsw,unsw,17,False,forest,temporal+tcp,0,forced,0.0,10417,1285,0,14,0,10,4,10,4,10417,0.001343956993376212,0.0,
unsw,unsw,17,False,forest,temporal+tcp,0,frozen,0.01,10417,1285,1363,14,14,0,0,10,4,9054,0.0,0.13084381299798406,0.0909174518292164
unsw,unsw,17,False,forest,temporal+tcp,0,cap,0.01,10417,1285,101,14,13,0,1,10,4,10316,9.693679720822024e-05,0.009695689737928385,
unsw,unsw,17,False,forest,temporal+tcp,0,random,0.01,10417,1285,101,14,0,10,4,10,4,10316,0.0013571151609150834,0.009695689737928385,
unsw,unsw,17,False,forest,temporal+tcp,0,frozen,0.05,10417,1285,3534,14,14,0,0,10,4,6883,0.0,0.3392531438993952,0.016000000000000014
unsw,unsw,17,False,forest,temporal+tcp,0,cap,0.05,10417,1285,518,14,14,0,0,10,4,9899,0.0,0.04972640875491984,
unsw,unsw,17,False,forest,temporal+tcp,0,random,0.05,10417,1285,518,14,0,10,4,10,4,9899,0.0014142842711384988,0.04972640875491984,
unsw,unsw,17,False,forest,temporal+tcp,0,frozen,0.1,10417,1285,3835,14,14,0,0,10,4,6582,0.0,0.36814821925698377,0.0019999999999997797
unsw,unsw,17,False,forest,temporal+tcp,0,cap,0.1,10417,1285,1040,14,14,0,0,10,4,9377,0.0,0.09983680522223289,
unsw,unsw,17,False,forest,temporal+tcp,0,random,0.1,10417,1285,1040,14,0,10,4,10,4,9377,0.0014930148235043192,0.09983680522223289,
unsw,unsw,17,False,forest,random10,0,forced,0.0,10417,1285,0,35,0,31,4,31,4,10417,0.00335989248344053,0.0,
unsw,unsw,17,False,forest,random10,0,frozen,0.01,10417,1285,820,35,35,0,0,31,4,9597,0.0,0.0787174810406067,0.0909174518292164
unsw,unsw,17,False,forest,random10,0,cap,0.01,10417,1285,101,35,23,10,2,31,4,10316,0.0011632415664986429,0.009695689737928385,
unsw,unsw,17,False,forest,random10,0,random,0.01,10417,1285,101,35,0,31,4,31,4,10316,0.0033927879022877085,0.009695689737928385,
unsw,unsw,17,False,forest,random10,0,frozen,0.05,10417,1285,1822,35,35,0,0,31,4,8595,0.0,0.17490640299510415,0.016000000000000014
unsw,unsw,17,False,forest,random10,0,cap,0.05,10417,1285,518,35,34,0,1,31,4,9899,0.00010102030508132135,0.04972640875491984,
unsw,unsw,17,False,forest,random10,0,random,0.05,10417,1285,518,35,0,31,4,31,4,9899,0.003535710677846247,0.04972640875491984,
unsw,unsw,17,False,forest,random10,0,frozen,0.1,10417,1285,2708,35,35,0,0,31,4,7709,0.0,0.2599596812901987,0.0019999999999997797
unsw,unsw,17,False,forest,random10,0,cap,0.1,10417,1285,1040,35,35,0,0,31,4,9377,0.0,0.09983680522223289,
unsw,unsw,17,False,forest,random10,0,random,0.1,10417,1285,1040,35,1,30,4,31,4,9377,0.0036258931427962035,0.09983680522223289,
unsw,ton,17,False,forest,clean,0,forced,0.0,9367,7534,0,6825,0,5869,956,5869,956,9367,0.7286217572328387,0.0,
unsw,ton,17,False,forest,clean,0,frozen,0.01,9367,7534,9366,6825,6824,1,0,5869,956,1,1.0,0.9998932422333725,0.0909174518292164
unsw,ton,17,False,forest,clean,0,cap,0.01,9367,7534,78,6825,29,5843,953,5869,956,9289,0.7316180428463774,0.008327105796946729,
unsw,ton,17,False,forest,clean,0,random,0.01,9367,7534,78,6825,62,5812,951,5869,956,9289,0.7280654537625147,0.008327105796946729,
unsw,ton,17,False,forest,clean,0,frozen,0.05,9367,7534,9367,6825,6825,0,0,5869,956,0,,1.0,0.016000000000000014
unsw,ton,17,False,forest,clean,0,cap,0.05,9367,7534,454,6825,308,5633,884,5869,956,8913,0.7311791764837877,0.04846802604889506,
unsw,ton,17,False,forest,clean,0,random,0.05,9367,7534,454,6825,333,5576,916,5869,956,8913,0.7283742847526086,0.04846802604889506,
unsw,ton,17,False,forest,clean,0,frozen,0.1,9367,7534,9367,6825,6825,0,0,5869,956,0,,1.0,0.0019999999999997797
unsw,ton,17,False,forest,clean,0,cap,0.1,9367,7534,921,6825,728,5262,835,5869,956,8446,0.7218801799668482,0.0983239030639479,
unsw,ton,17,False,forest,clean,0,random,0.1,9367,7534,921,6825,658,5294,873,5869,956,8446,0.7301681269239877,0.0983239030639479,
unsw,ton,17,False,forest,temporal,0,forced,0.0,9367,7534,0,6838,0,5901,937,5901,937,9367,0.7300096081989965,0.0,
unsw,ton,17,False,forest,temporal,0,frozen,0.01,9367,7534,9365,6838,6837,1,0,5901,937,2,0.5,0.999786484466745,0.0909174518292164
unsw,ton,17,False,forest,temporal,0,cap,0.01,9367,7534,78,6838,46,5857,935,5901,937,9289,0.7311874259877275,0.008327105796946729,
unsw,ton,17,False,forest,temporal,0,random,0.01,9367,7534,78,6838,63,5843,932,5901,937,9289,0.7293573043384648,0.008327105796946729,
unsw,ton,17,False,forest,temporal,0,frozen,0.05,9367,7534,9367,6838,6838,0,0,5901,937,0,,1.0,0.016000000000000014
unsw,ton,17,False,forest,temporal,0,cap,0.05,9367,7534,454,6838,333,5606,899,5901,937,8913,0.7298328284528217,0.04846802604889506,
unsw,ton,17,False,forest,temporal,0,random,0.05,9367,7534,454,6838,334,5604,900,5901,937,8913,0.7297206327835746,0.04846802604889506,
unsw,ton,17,False,forest,temporal,0,frozen,0.1,9367,7534,9367,6838,6838,0,0,5901,937,0,,1.0,0.0019999999999997797
unsw,ton,17,False,forest,temporal,0,cap,0.1,9367,7534,921,6838,755,5228,855,5901,937,8446,0.7202225905754203,0.0983239030639479,
unsw,ton,17,False,forest,temporal,0,random,0.1,9367,7534,921,6838,661,5320,857,5901,937,8446,0.7313521193464362,0.0983239030639479,
unsw,ton,17,False,forest,size,0,forced,0.0,9367,7534,0,7217,0,7183,34,7183,34,9367,0.7704708017508274,0.0,
unsw,ton,17,False,forest,size,0,frozen,0.01,9367,7534,9364,7217,7215,2,0,7183,34,3,0.6666666666666666,0.9996797267001174,0.0909174518292164
unsw,ton,17,False,forest,size,0,cap,0.01,9367,7534,78,7217,33,7152,32,7183,34,9289,0.773387878135429,0.008327105796946729,
unsw,ton,17,False,forest,size,0,random,0.01,9367,7534,78,7217,69,7114,34,7183,34,9289,0.7695123264075788,0.008327105796946729,
unsw,ton,17,False,forest,size,0,frozen,0.05,9367,7534,9367,7217,7217,0,0,7183,34,0,,1.0,0.016000000000000014
unsw,ton,17,False,forest,size,0,cap,0.05,9367,7534,454,7217,180,7026,11,7183,34,8913,0.7895209244923146,0.04846802604889506,
unsw,ton,17,False,forest,size,0,random,0.05,9367,7534,454,7217,358,6829,30,7183,34,8913,0.7695500953663189,0.04846802604889506,
unsw,ton,17,False,forest,size,0,frozen,0.1,9367,7534,9367,7217,7217,0,0,7183,34,0,,1.0,0.0019999999999997797
unsw,ton,17,False,forest,size,0,cap,0.1,9367,7534,921,7217,466,6742,9,7183,34,8446,0.7993132843949798,0.0983239030639479,
unsw,ton,17,False,forest,size,0,random,0.1,9367,7534,921,7217,716,6472,29,7183,34,8446,0.7697134738337674,0.0983239030639479,
unsw,ton,17,False,forest,tcp,0,forced,0.0,9367,7534,0,6878,0,5943,935,5943,935,9367,0.7342799188640974,0.0,
unsw,ton,17,False,forest,tcp,0,frozen,0.01,9367,7534,9366,6878,6877,1,0,5943,935,1,1.0,0.9998932422333725,0.0909174518292164
unsw,ton,17,False,forest,tcp,0,cap,0.01,9367,7534,78,6878,55,5890,933,5943,935,9289,0.734524706642265,0.008327105796946729,
unsw,ton,17,False,forest,tcp,0,random,0.01,9367,7534,78,6878,63,5885,930,5943,935,9289,0.733663472924965,0.008327105796946729,
unsw,ton,17,False,forest,tcp,0,frozen,0.05,9367,7534,9367,6878,6878,0,0,5943,935,0,,1.0,0.016000000000000014
unsw,ton,17,False,forest,tcp,0,cap,0.05,9367,7534,454,6878,368,5669,841,5943,935,8913,0.7303938067990575,0.04846802604889506,
unsw,ton,17,False,forest,tcp,0,random,0.05,9367,7534,454,6878,335,5645,898,5943,935,8913,0.7340962638842141,0.04846802604889506,
unsw,ton,17,False,forest,tcp,0,frozen,0.1,9367,7534,9367,6878,6878,0,0,5943,935,0,,1.0,0.0019999999999997797
unsw,ton,17,False,forest,tcp,0,cap,0.1,9367,7534,921,6878,765,5340,773,5943,935,8446,0.7237745678427658,0.0983239030639479,
unsw,ton,17,False,forest,tcp,0,random,0.1,9367,7534,921,6878,663,5359,856,5943,935,8446,0.7358512905517405,0.0983239030639479,
unsw,ton,17,False,forest,temporal+tcp,0,forced,0.0,9367,7534,0,6879,0,5944,935,5944,935,9367,0.7343866766307249,0.0,
unsw,ton,17,False,forest,temporal+tcp,0,frozen,0.01,9367,7534,9366,6879,6878,1,0,5944,935,1,1.0,0.9998932422333725,0.0909174518292164
unsw,ton,17,False,forest,temporal+tcp,0,cap,0.01,9367,7534,78,6879,62,5886,931,5944,935,9289,0.73387878135429,0.008327105796946729,
unsw,ton,17,False,forest,temporal+tcp,0,random,0.01,9367,7534,78,6879,63,5886,930,5944,935,9289,0.7337711271396276,0.008327105796946729,
unsw,ton,17,False,forest,temporal+tcp,0,frozen,0.05,9367,7534,9367,6879,6879,0,0,5944,935,0,,1.0,0.016000000000000014
unsw,ton,17,False,forest,temporal+tcp,0,cap,0.05,9367,7534,454,6879,398,5600,881,5944,935,8913,0.7271401323908897,0.04846802604889506,
unsw,ton,17,False,forest,temporal+tcp,0,random,0.05,9367,7534,454,6879,335,5646,898,5944,935,8913,0.7342084595534613,0.04846802604889506,
unsw,ton,17,False,forest,temporal+tcp,0,frozen,0.1,9367,7534,9367,6879,6879,0,0,5944,935,0,,1.0,0.0019999999999997797
unsw,ton,17,False,forest,temporal+tcp,0,cap,0.1,9367,7534,921,6879,831,5242,806,5944,935,8446,0.7160786170968506,0.0983239030639479,
unsw,ton,17,False,forest,temporal+tcp,0,random,0.1,9367,7534,921,6879,664,5359,856,5944,935,8446,0.7358512905517405,0.0983239030639479,
unsw,ton,17,False,forest,random10,0,forced,0.0,9367,7534,0,6890,0,6064,826,6064,826,9367,0.7355610120636277,0.0,
unsw,ton,17,False,forest,random10,0,frozen,0.01,9367,7534,9328,6890,6855,34,1,6064,826,39,0.8974358974358975,0.9958364471015266,0.0909174518292164
unsw,ton,17,False,forest,random10,0,cap,0.01,9367,7534,78,6890,37,6038,815,6064,826,9289,0.7377543330821401,0.008327105796946729,
unsw,ton,17,False,forest,random10,0,random,0.01,9367,7534,78,6890,63,6004,823,6064,826,9289,0.7349553235009151,0.008327105796946729,
unsw,ton,17,False,forest,random10,0,frozen,0.05,9367,7534,9366,6890,6889,1,0,6064,826,1,1.0,0.9998932422333725,0.016000000000000014
unsw,ton,17,False,forest,random10,0,cap,0.05,9367,7534,454,6890,190,5943,757,6064,826,8913,0.7517109839560193,0.04846802604889506,
unsw,ton,17,False,forest,random10,0,random,0.05,9367,7534,454,6890,335,5762,793,6064,826,8913,0.7354426119151801,0.04846802604889506,
unsw,ton,17,False,forest,random10,0,frozen,0.1,9367,7534,9367,6890,6890,0,0,6064,826,0,,1.0,0.0019999999999997797
unsw,ton,17,False,forest,random10,0,cap,0.1,9367,7534,921,6890,487,5701,702,6064,826,8446,0.7581103480937722,0.0983239030639479,
unsw,ton,17,False,forest,random10,0,random,0.1,9367,7534,921,6890,668,5466,756,6064,826,8446,0.7366800852474544,0.0983239030639479,
unsw,cic,17,False,forest,clean,0,forced,0.0,12192,306,0,9467,0,87,9380,87,9380,12192,0.7764927821522309,0.0,
unsw,cic,17,False,forest,clean,0,frozen,0.01,12192,306,12192,9467,9467,0,0,87,9380,0,,1.0,0.0909174518292164
unsw,cic,17,False,forest,clean,0,cap,0.01,12192,306,110,9467,68,86,9313,87,9380,12082,0.7779341168680682,0.00902230971128609,
unsw,cic,17,False,forest,clean,0,random,0.01,12192,306,110,9467,89,87,9291,87,9380,12082,0.7761959940407217,0.00902230971128609,
unsw,cic,17,False,forest,clean,0,frozen,0.05,12192,306,12192,9467,9467,0,0,87,9380,0,,1.0,0.016000000000000014
unsw,cic,17,False,forest,clean,0,cap,0.05,12192,306,599,9467,335,72,9060,87,9380,11593,0.787716725610282,0.04913057742782152,
unsw,cic,17,False,forest,clean,0,random,0.05,12192,306,599,9467,463,84,8920,87,9380,11593,0.7766755800914344,0.04913057742782152,
unsw,cic,17,False,forest,clean,0,frozen,0.1,12192,306,12192,9467,9467,0,0,87,9380,0,,1.0,0.0019999999999997797
unsw,cic,17,False,forest,clean,0,cap,0.1,12192,306,1210,9467,601,64,8802,87,9380,10982,0.8073210708431979,0.09924540682414698,
unsw,cic,17,False,forest,clean,0,random,0.1,12192,306,1210,9467,943,82,8442,87,9380,10982,0.7761792023310873,0.09924540682414698,
unsw,cic,17,False,forest,temporal,0,forced,0.0,12192,306,0,9298,0,92,9206,92,9206,12192,0.7626312335958005,0.0,
unsw,cic,17,False,forest,temporal,0,frozen,0.01,12192,306,12177,9298,9298,0,0,92,9206,15,0.0,0.99876968503937,0.0909174518292164
unsw,cic,17,False,forest,temporal,0,cap,0.01,12192,306,110,9298,75,91,9132,92,9206,12082,0.7633669922198312,0.00902230971128609,
unsw,cic,17,False,forest,temporal,0,random,0.01,12192,306,110,9298,87,92,9119,92,9206,12082,0.7623737791756332,0.00902230971128609,
unsw,cic,17,False,forest,temporal,0,frozen,0.05,12192,306,12192,9298,9298,0,0,92,9206,0,,1.0,0.016000000000000014
unsw,cic,17,False,forest,temporal,0,cap,0.05,12192,306,599,9298,347,81,8870,92,9206,11593,0.7721038557750367,0.04913057742782152,
unsw,cic,17,False,forest,temporal,0,random,0.05,12192,306,599,9298,452,89,8757,92,9206,11593,0.763046666091607,0.04913057742782152,
unsw,cic,17,False,forest,temporal,0,frozen,0.1,12192,306,12192,9298,9298,0,0,92,9206,0,,1.0,0.0019999999999997797
unsw,cic,17,False,forest,temporal,0,cap,0.1,12192,306,1210,9298,589,72,8637,92,9206,10982,0.7930249499180477,0.09924540682414698,
unsw,cic,17,False,forest,temporal,0,random,0.1,12192,306,1210,9298,926,86,8286,92,9206,10982,0.7623383718812602,0.09924540682414698,
unsw,cic,17,False,forest,size,0,forced,0.0,12192,306,0,1889,0,258,1631,258,1631,12192,0.15493766404199474,0.0,
unsw,cic,17,False,forest,size,0,frozen,0.01,12192,306,12101,1889,1887,2,0,258,1631,91,0.02197802197802198,0.9925360892388452,0.0909174518292164
unsw,cic,17,False,forest,size,0,cap,0.01,12192,306,110,1889,2,256,1631,258,1631,12082,0.15618275120013242,0.00902230971128609,
unsw,cic,17,False,forest,size,0,random,0.01,12192,306,110,1889,12,255,1622,258,1631,12082,0.15535507366330079,0.00902230971128609,
unsw,cic,17,False,forest,size,0,frozen,0.05,12192,306,12161,1889,1887,2,0,258,1631,31,0.06451612903225806,0.9974573490813649,0.016000000000000014
unsw,cic,17,False,forest,size,0,cap,0.05,12192,306,599,1889,260,253,1376,258,1631,11593,0.14051582851720867,0.04913057742782152,
unsw,cic,17,False,forest,size,0,random,0.05,12192,306,599,1889,80,243,1566,258,1631,11593,0.15604243940308807,0.04913057742782152,
unsw,cic,17,False,forest,size,0,frozen,0.1,12192,306,12192,1889,1889,0,0,258,1631,0,,1.0,0.0019999999999997797
unsw,cic,17,False,forest,size,0,cap,0.1,12192,306,1210,1889,797,253,839,258,1631,10982,0.09943543981059916,0.09924540682414698,
unsw,cic,17,False,forest,size,0,random,0.1,12192,306,1210,1889,174,233,1482,258,1631,10982,0.15616463303587688,0.09924540682414698,
unsw,cic,17,False,forest,tcp,0,forced,0.0,12192,306,0,8783,0,105,8678,105,8678,12192,0.7203904199475065,0.0,
unsw,cic,17,False,forest,tcp,0,frozen,0.01,12192,306,12147,8783,8783,0,0,105,8678,45,0.0,0.9963090551181102,0.0909174518292164
unsw,cic,17,False,forest,tcp,0,cap,0.01,12192,306,110,8783,34,100,8649,105,8678,12082,0.7241350769740109,0.00902230971128609,
unsw,cic,17,False,forest,tcp,0,random,0.01,12192,306,110,8783,83,105,8595,105,8678,12082,0.7200794570435358,0.00902230971128609,
unsw,cic,17,False,forest,tcp,0,frozen,0.05,12192,306,12192,8783,8783,0,0,105,8678,0,,1.0,0.016000000000000014
unsw,cic,17,False,forest,tcp,0,cap,0.05,12192,306,599,8783,76,83,8624,105,8678,11593,0.7510566721297335,0.04913057742782152,
unsw,cic,17,False,forest,tcp,0,random,0.05,12192,306,599,8783,432,101,8250,105,8678,11593,0.7203484861554387,0.04913057742782152,
unsw,cic,17,False,forest,tcp,0,frozen,0.1,12192,306,12192,8783,8783,0,0,105,8678,0,,1.0,0.0019999999999997797
unsw,cic,17,False,forest,tcp,0,cap,0.1,12192,306,1210,8783,147,72,8564,105,8678,10982,0.7863777089783281,0.09924540682414698,
unsw,cic,17,False,forest,tcp,0,random,0.1,12192,306,1210,8783,880,98,7805,105,8678,10982,0.7196321252959388,0.09924540682414698,
unsw,cic,17,False,forest,temporal+tcp,0,forced,0.0,12192,306,0,8739,0,106,8633,106,8633,12192,0.7167814960629921,0.0,
unsw,cic,17,False,forest,temporal+tcp,0,frozen,0.01,12192,306,12192,8739,8739,0,0,106,8633,0,,1.0,0.0909174518292164
unsw,cic,17,False,forest,temporal+tcp,0,cap,0.01,12192,306,110,8739,10,103,8626,106,8633,12082,0.7224797219003476,0.00902230971128609,
unsw,cic,17,False,forest,temporal+tcp,0,random,0.01,12192,306,110,8739,83,106,8550,106,8633,12082,0.7164376758814766,0.00902230971128609,
unsw,cic,17,False,forest,temporal+tcp,0,frozen,0.05,12192,306,12192,8739,8739,0,0,106,8633,0,,1.0,0.016000000000000014
unsw,cic,17,False,forest,temporal+tcp,0,cap,0.05,12192,306,599,8739,45,83,8611,106,8633,11593,0.7499353057879755,0.04913057742782152,
unsw,cic,17,False,forest,temporal+tcp,0,random,0.05,12192,306,599,8739,431,102,8206,106,8633,11593,0.7166393513327007,0.04913057742782152,
unsw,cic,17,False,forest,temporal+tcp,0,frozen,0.1,12192,306,12192,8739,8739,0,0,106,8633,0,,1.0,0.0019999999999997797
unsw,cic,17,False,forest,temporal+tcp,0,cap,0.1,12192,306,1210,8739,116,72,8551,106,8633,10982,0.7851939537424877,0.09924540682414698,
unsw,cic,17,False,forest,temporal+tcp,0,random,0.1,12192,306,1210,8739,876,99,7764,106,8633,10982,0.7159898014933528,0.09924540682414698,
unsw,cic,17,False,forest,random10,0,forced,0.0,12192,306,0,8086,0,126,7960,126,7960,12192,0.6632217847769029,0.0,
unsw,cic,17,False,forest,random10,0,frozen,0.01,12192,306,12159,8086,8086,0,0,126,7960,33,0.0,0.9972933070866141,0.0909174518292164
unsw,cic,17,False,forest,random10,0,cap,0.01,12192,306,110,8086,57,123,7906,126,7960,12082,0.6645422943221321,0.00902230971128609,
unsw,cic,17,False,forest,random10,0,random,0.01,12192,306,110,8086,75,124,7887,126,7960,12082,0.6630524747558352,0.00902230971128609,
unsw,cic,17,False,forest,random10,0,frozen,0.05,12192,306,12192,8086,8086,0,0,126,7960,0,,1.0,0.016000000000000014
unsw,cic,17,False,forest,random10,0,cap,0.05,12192,306,599,8086,311,118,7657,126,7960,11593,0.6706633313206245,0.04913057742782152,
unsw,cic,17,False,forest,random10,0,random,0.05,12192,306,599,8086,396,121,7569,126,7960,11593,0.6633313206245148,0.04913057742782152,
unsw,cic,17,False,forest,random10,0,frozen,0.1,12192,306,12192,8086,8086,0,0,126,7960,0,,1.0,0.0019999999999997797
unsw,cic,17,False,forest,random10,0,cap,0.1,12192,306,1210,8086,647,112,7327,126,7960,10982,0.6773811691859406,0.09924540682414698,
unsw,cic,17,False,forest,random10,0,random,0.1,12192,306,1210,8086,814,118,7154,126,7960,10982,0.6621744673101438,0.09924540682414698,
unsw,unsw,17,True,logistic,clean,0,forced,0.0,10417,1285,0,9,0,7,2,7,2,10417,0.0008639723528847077,0.0,
unsw,unsw,17,True,logistic,clean,0,frozen,0.01,10417,1285,97,9,5,2,2,7,2,10320,0.0003875968992248062,0.009311702025535183,0.11233513088859981
unsw,unsw,17,True,logistic,clean,0,cap,0.01,10417,1285,101,9,5,2,2,7,2,10316,0.00038774718883288094,0.009695689737928385,
unsw,unsw,17,True,logistic,clean,0,random,0.01,10417,1285,101,9,0,7,2,7,2,10316,0.0008724311748739822,0.009695689737928385,
unsw,unsw,17,True,logistic,clean,0,frozen,0.05,10417,1285,540,9,6,2,1,7,2,9877,0.0003037359522122102,0.05183834117308246,0.0056054316569625895
unsw,unsw,17,True,logistic,clean,0,cap,0.05,10417,1285,518,9,6,2,1,7,2,9899,0.000303060915243964,0.04972640875491984,
unsw,unsw,17,True,logistic,clean,0,random,0.05,10417,1285,518,9,1,6,2,7,2,9899,0.0008081624406505708,0.04972640875491984,
unsw,unsw,17,True,logistic,clean,0,frozen,0.1,10417,1285,1108,9,6,2,1,7,2,9309,0.0003222687721559781,0.10636459633291735,0.0022485339460258658
unsw,unsw,17,True,logistic,clean,0,cap,0.1,10417,1285,1040,9,6,2,1,7,2,9377,0.0003199317478937827,0.09983680522223289,
unsw,unsw,17,True,logistic,clean,0,random,0.1,10417,1285,1040,9,1,6,2,7,2,9377,0.0008531513277167537,0.09983680522223289,
unsw,unsw,17,True,logistic,temporal,0,forced,0.0,10417,1285,0,6,0,3,3,3,3,10417,0.0005759815685898052,0.0,
unsw,unsw,17,True,logistic,temporal,0,frozen,0.01,10417,1285,220,6,3,2,1,3,3,10197,0.0002942041776993233,0.021119324181626188,0.11233513088859981
unsw,unsw,17,True,logistic,temporal,0,cap,0.01,10417,1285,101,6,3,2,1,3,3,10316,0.0002908103916246607,0.009695689737928385,
unsw,unsw,17,True,logistic,temporal,0,random,0.01,10417,1285,101,6,0,3,3,3,3,10316,0.0005816207832493214,0.009695689737928385,
unsw,unsw,17,True,logistic,temporal,0,frozen,0.05,10417,1285,919,6,3,2,1,3,3,9498,0.0003158559696778269,0.08822117692233848,0.0056054316569625895
unsw,unsw,17,True,logistic,temporal,0,cap,0.05,10417,1285,518,6,3,2,1,3,3,9899,0.000303060915243964,0.04972640875491984,
unsw,unsw,17,True,logistic,temporal,0,random,0.05,10417,1285,518,6,0,3,3,3,3,9899,0.000606121830487928,0.04972640875491984,
unsw,unsw,17,True,logistic,temporal,0,frozen,0.1,10417,1285,2056,6,3,2,1,3,3,8361,0.0003588087549336204,0.19736968417010656,0.0022485339460258658
unsw,unsw,17,True,logistic,temporal,0,cap,0.1,10417,1285,1040,6,3,2,1,3,3,9377,0.0003199317478937827,0.09983680522223289,
unsw,unsw,17,True,logistic,temporal,0,random,0.1,10417,1285,1040,6,0,3,3,3,3,9377,0.0006398634957875654,0.09983680522223289,
unsw,unsw,17,True,logistic,size,0,forced,0.0,10417,1285,0,10,0,7,3,7,3,10417,0.0009599692809830085,0.0,
unsw,unsw,17,True,logistic,size,0,frozen,0.01,10417,1285,233,10,5,3,2,7,3,10184,0.0004909662215239591,0.0223672842469041,0.11233513088859981
unsw,unsw,17,True,logistic,size,0,cap,0.01,10417,1285,101,10,4,3,3,7,3,10316,0.0005816207832493214,0.009695689737928385,
unsw,unsw,17,True,logistic,size,0,random,0.01,10417,1285,101,10,0,7,3,7,3,10316,0.0009693679720822024,0.009695689737928385,
unsw,unsw,17,True,logistic,size,0,frozen,0.05,10417,1285,1449,10,7,2,1,7,3,8968,0.00033452274754683316,0.13909954881443795,0.0056054316569625895
unsw,unsw,17,True,logistic,size,0,cap,0.05,10417,1285,518,10,6,3,1,7,3,9899,0.0004040812203252854,0.04972640875491984,
unsw,unsw,17,True,logistic,size,0,random,0.05,10417,1285,518,10,0,7,3,7,3,9899,0.0010102030508132135,0.04972640875491984,
unsw,unsw,17,True,logistic,size,0,frozen,0.1,10417,1285,2817,10,7,2,1,7,3,7600,0.00039473684210526315,0.2704233464529135,0.0022485339460258658
unsw,unsw,17,True,logistic,size,0,cap,0.1,10417,1285,1040,10,7,2,1,7,3,9377,0.0003199317478937827,0.09983680522223289,
unsw,unsw,17,True,logistic,size,0,random,0.1,10417,1285,1040,10,0,7,3,7,3,9377,0.0010664391596459423,0.09983680522223289,
unsw,unsw,17,True,logistic,tcp,0,forced,0.0,10417,1285,0,18,0,16,2,16,2,10417,0.0017279447057694155,0.0,
unsw,unsw,17,True,logistic,tcp,0,frozen,0.01,10417,1285,270,18,8,8,2,16,2,10147,0.0009855129594954174,0.02591917058654123,0.11233513088859981
unsw,unsw,17,True,logistic,tcp,0,cap,0.01,10417,1285,101,18,8,8,2,16,2,10316,0.0009693679720822024,0.009695689737928385,
unsw,unsw,17,True,logistic,tcp,0,random,0.01,10417,1285,101,18,1,15,2,16,2,10316,0.0016479255525397442,0.009695689737928385,
unsw,unsw,17,True,logistic,tcp,0,frozen,0.05,10417,1285,1492,18,9,8,1,16,2,8925,0.0010084033613445378,0.14322741672266487,0.0056054316569625895
unsw,unsw,17,True,logistic,tcp,0,cap,0.05,10417,1285,518,18,9,8,1,16,2,9899,0.0009091827457318921,0.04972640875491984,
unsw,unsw,17,True,logistic,tcp,0,random,0.05,10417,1285,518,18,2,14,2,16,2,9899,0.0016163248813011416,0.04972640875491984,
unsw,unsw,17,True,logistic,tcp,0,frozen,0.1,10417,1285,1948,18,12,5,1,16,2,8469,0.0007084661707403471,0.18700201593549007,0.0022485339460258658
unsw,unsw,17,True,logistic,tcp,0,cap,0.1,10417,1285,1040,18,9,8,1,16,2,9377,0.0009597952436813479,0.09983680522223289,
unsw,unsw,17,True,logistic,tcp,0,random,0.1,10417,1285,1040,18,3,13,2,16,2,9377,0.0015996587394689133,0.09983680522223289,
unsw,unsw,17,True,logistic,temporal+tcp,0,forced,0.0,10417,1285,0,17,0,14,3,14,3,10417,0.0016319477776711145,0.0,
unsw,unsw,17,True,logistic,temporal+tcp,0,frozen,0.01,10417,1285,345,17,8,8,1,14,3,10072,0.0008935663224781573,0.033118940193913794,0.11233513088859981
unsw,unsw,17,True,logistic,temporal+tcp,0,cap,0.01,10417,1285,101,17,6,8,3,14,3,10316,0.0010663047692904227,0.009695689737928385,
unsw,unsw,17,True,logistic,temporal+tcp,0,random,0.01,10417,1285,101,17,1,13,3,14,3,10316,0.0015509887553315238,0.009695689737928385,
unsw,unsw,17,True,logistic,temporal+tcp,0,frozen,0.05,10417,1285,2078,17,8,8,1,14,3,8339,0.0010792660990526443,0.19948161658826918,0.0056054316569625895
unsw,unsw,17,True,logistic,temporal+tcp,0,cap,0.05,10417,1285,518,17,8,8,1,14,3,9899,0.0009091827457318921,0.04972640875491984,
unsw,unsw,17,True,logistic,temporal+tcp,0,random,0.05,10417,1285,518,17,2,12,3,14,3,9899,0.0015153045762198202,0.04972640875491984,
unsw,unsw,17,True,logistic,temporal+tcp,0,frozen,0.1,10417,1285,2857,17,8,8,1,14,3,7560,0.0011904761904761906,0.2742632235768455,0.0022485339460258658
unsw,unsw,17,True,logistic,temporal+tcp,0,cap,0.1,10417,1285,1040,17,8,8,1,14,3,9377,0.0009597952436813479,0.09983680522223289,
unsw,unsw,17,True,logistic,temporal+tcp,0,random,0.1,10417,1285,1040,17,3,11,3,14,3,9377,0.0014930148235043192,0.09983680522223289,
unsw,unsw,17,True,logistic,random10,0,forced,0.0,10417,1285,0,185,0,115,70,115,70,10417,0.017759431698185658,0.0,
unsw,unsw,17,True,logistic,random10,0,frozen,0.01,10417,1285,320,185,90,48,47,115,70,10097,0.009408735267901357,0.030719016991456273,0.11233513088859981
unsw,unsw,17,True,logistic,random10,0,cap,0.01,10417,1285,101,185,38,86,61,115,70,10316,0.014249709189608375,0.009695689737928385,
unsw,unsw,17,True,logistic,random10,0,random,0.01,10417,1285,101,185,0,115,70,115,70,10316,0.017933307483520743,0.009695689737928385,
unsw,unsw,17,True,logistic,random10,0,frozen,0.05,10417,1285,1265,185,122,26,37,115,70,9152,0.006883741258741259,0.12143611404435058,0.0056054316569625895
unsw,unsw,17,True,logistic,random10,0,cap,0.05,10417,1285,518,185,105,37,43,115,70,9899,0.008081624406505708,0.04972640875491984,
unsw,unsw,17,True,logistic,random10,0,random,0.05,10417,1285,518,185,11,107,67,115,70,9899,0.017577533084149916,0.04972640875491984,
unsw,unsw,17,True,logistic,random10,0,frozen,0.1,10417,1285,1869,185,130,24,31,115,70,8548,0.006434253626579317,0.1794182586157243,0.0022485339460258658
unsw,unsw,17,True,logistic,random10,0,cap,0.1,10417,1285,1040,185,120,27,38,115,70,9377,0.006931854537698625,0.09983680522223289,
unsw,unsw,17,True,logistic,random10,0,random,0.1,10417,1285,1040,185,19,105,61,115,70,9377,0.01770289005012264,0.09983680522223289,
unsw,ton,17,True,logistic,clean,0,forced,0.0,9367,7534,0,7529,0,7497,32,7497,32,9367,0.8037792249386143,0.0,
unsw,ton,17,True,logistic,clean,0,frozen,0.01,9367,7534,93,7529,34,7476,19,7497,32,9274,0.8081733879663575,0.00992847229635956,0.11233513088859981
unsw,ton,17,True,logistic,clean,0,cap,0.01,9367,7534,78,7529,29,7471,29,7497,32,9289,0.8074066099687803,0.008327105796946729,
unsw,ton,17,True,logistic,clean,0,random,0.01,9367,7534,78,7529,69,7428,32,7497,32,9289,0.8031004413822801,0.008327105796946729,
unsw,ton,17,True,logistic,clean,0,frozen,0.05,9367,7534,507,7529,274,7240,15,7497,32,8860,0.8188487584650113,0.05412618768015373,0.0056054316569625895
unsw,ton,17,True,logistic,clean,0,cap,0.05,9367,7534,454,7529,275,7231,23,7497,32,8913,0.8138673847189498,0.04846802604889506,
unsw,ton,17,True,logistic,clean,0,random,0.05,9367,7534,454,7529,374,7125,30,7497,32,8913,0.8027600134634804,0.04846802604889506,
unsw,ton,17,True,logistic,clean,0,frozen,0.1,9367,7534,549,7529,287,7228,14,7497,32,8818,0.8212746654570198,0.05861001387850966,0.0022485339460258658
unsw,ton,17,True,logistic,clean,0,cap,0.1,9367,7534,921,7529,659,6853,17,7497,32,8446,0.813402794222117,0.0983239030639479,
unsw,ton,17,True,logistic,clean,0,random,0.1,9367,7534,921,7529,743,6757,29,7497,32,8446,0.8034572578735496,0.0983239030639479,
unsw,ton,17,True,logistic,temporal,0,forced,0.0,9367,7534,0,7519,0,7489,30,7489,30,9367,0.802711647272339,0.0,
unsw,ton,17,True,logistic,temporal,0,frozen,0.01,9367,7534,85,7519,28,7473,18,7489,30,9282,0.8070458952811894,0.009074410163339383,0.11233513088859981
unsw,ton,17,True,logistic,temporal,0,cap,0.01,9367,7534,78,7519,18,7473,28,7489,30,9289,0.8075142641834427,0.008327105796946729,
unsw,ton,17,True,logistic,temporal,0,random,0.01,9367,7534,78,7519,69,7420,30,7489,30,9289,0.8020238992356551,0.008327105796946729,
unsw,ton,17,True,logistic,temporal,0,frozen,0.05,9367,7534,306,7519,48,7456,15,7489,30,9061,0.8245226796159364,0.032667876588021776,0.0056054316569625895
unsw,ton,17,True,logistic,temporal,0,cap,0.05,9367,7534,454,7519,249,7250,20,7489,30,8913,0.8156625154269045,0.04846802604889506,
unsw,ton,17,True,logistic,temporal,0,random,0.05,9367,7534,454,7519,374,7117,28,7489,30,8913,0.8016380567710086,0.04846802604889506,
unsw,ton,17,True,logistic,temporal,0,frozen,0.1,9367,7534,354,7519,53,7451,15,7489,30,9013,0.8283590369466326,0.03779224938614284,0.0022485339460258658
unsw,ton,17,True,logistic,temporal,0,cap,0.1,9367,7534,921,7519,601,6902,16,7489,30,8446,0.8190859578498697,0.0983239030639479,
unsw,ton,17,True,logistic,temporal,0,random,0.1,9367,7534,921,7519,744,6748,27,7489,30,8446,0.8021548662088562,0.0983239030639479,
unsw,ton,17,True,logistic,size,0,forced,0.0,9367,7534,0,7557,0,7484,73,7484,73,9367,0.8067684424041849,0.0,
unsw,ton,17,True,logistic,size,0,frozen,0.01,9367,7534,189,7557,42,7479,36,7484,73,9178,0.818805840052299,0.020177217892601688,0.11233513088859981
unsw,ton,17,True,logistic,size,0,cap,0.01,9367,7534,78,7557,9,7479,69,7484,73,9289,0.8125740122725805,0.008327105796946729,
unsw,ton,17,True,logistic,size,0,random,0.01,9367,7534,78,7557,68,7416,73,7484,73,9289,0.8062224136074927,0.008327105796946729,
unsw,ton,17,True,logistic,size,0,frozen,0.05,9367,7534,440,7557,73,7470,14,7484,73,8927,0.8383555505769016,0.046973417316109746,0.0056054316569625895
unsw,ton,17,True,logistic,size,0,cap,0.05,9367,7534,454,7557,261,7240,56,7484,73,8913,0.8185796028273309,0.04846802604889506,
unsw,ton,17,True,logistic,size,0,random,0.05,9367,7534,454,7557,376,7113,68,7484,73,8913,0.8056771008639066,0.04846802604889506,
unsw,ton,17,True,logistic,size,0,frozen,0.1,9367,7534,647,7557,125,7419,13,7484,73,8720,0.8522935779816514,0.06907227500800683,0.0022485339460258658
unsw,ton,17,True,logistic,size,0,cap,0.1,9367,7534,921,7557,644,6870,43,7484,73,8446,0.8184939616386455,0.0983239030639479,
unsw,ton,17,True,logistic,size,0,random,0.1,9367,7534,921,7557,748,6745,64,7484,73,8446,0.8061804404451811,0.0983239030639479,
unsw,ton,17,True,logistic,tcp,0,forced,0.0,9367,7534,0,7290,0,7229,61,7229,61,9367,0.7782641187146365,0.0,
unsw,ton,17,True,logistic,tcp,0,frozen,0.01,9367,7534,108,7290,64,7205,21,7229,61,9259,0.780429852035857,0.011529838795772393,0.11233513088859981
unsw,ton,17,True,logistic,tcp,0,cap,0.01,9367,7534,78,7290,35,7205,50,7229,61,9289,0.7810313273764667,0.008327105796946729,
unsw,ton,17,True,logistic,tcp,0,random,0.01,9367,7534,78,7290,69,7160,61,7229,61,9289,0.7773710840779416,0.008327105796946729,
unsw,ton,17,True,logistic,tcp,0,frozen,0.05,9367,7534,343,7290,97,7177,16,7229,61,9024,0.7970966312056738,0.0366179139532401,0.0056054316569625895
unsw,ton,17,True,logistic,tcp,0,cap,0.05,9367,7534,454,7290,304,6958,28,7229,61,8913,0.783798945360709,0.04846802604889506,
unsw,ton,17,True,logistic,tcp,0,random,0.05,9367,7534,454,7290,359,6872,59,7229,61,8913,0.7776281835521149,0.04846802604889506,
unsw,ton,17,True,logistic,tcp,0,frozen,0.1,9367,7534,376,7290,102,7174,14,7229,61,8991,0.7994661327994661,0.04014092025194833,0.0022485339460258658
unsw,ton,17,True,logistic,tcp,0,cap,0.1,9367,7534,921,7290,680,6592,18,7229,61,8446,0.782618991238456,0.0983239030639479,
unsw,ton,17,True,logistic,tcp,0,random,0.1,9367,7534,921,7290,720,6515,55,7229,61,8446,0.7778830215486621,0.0983239030639479,
unsw,ton,17,True,logistic,temporal+tcp,0,forced,0.0,9367,7534,0,7253,0,7208,45,7208,45,9367,0.7743140813494181,0.0,
unsw,ton,17,True,logistic,temporal+tcp,0,frozen,0.01,9367,7534,123,7253,45,7190,18,7208,45,9244,0.7797490263954998,0.013131205295185225,0.11233513088859981
unsw,ton,17,True,logistic,temporal+tcp,0,cap,0.01,9367,7534,78,7253,32,7192,29,7208,45,9289,0.7773710840779416,0.008327105796946729,
unsw,ton,17,True,logistic,temporal+tcp,0,random,0.01,9367,7534,78,7253,69,7139,45,7208,45,9289,0.773387878135429,0.008327105796946729,
unsw,ton,17,True,logistic,temporal+tcp,0,frozen,0.05,9367,7534,224,7253,49,7188,16,7208,45,9143,0.787925188668927,0.023913739724564963,0.0056054316569625895
unsw,ton,17,True,logistic,temporal+tcp,0,cap,0.05,9367,7534,454,7253,221,7011,21,7208,45,8913,0.7889599461460788,0.04846802604889506,
unsw,ton,17,True,logistic,temporal+tcp,0,random,0.05,9367,7534,454,7253,359,6851,43,7208,45,8913,0.7734769437899697,0.04846802604889506,
unsw,ton,17,True,logistic,temporal+tcp,0,frozen,0.1,9367,7534,290,7253,50,7187,16,7208,45,9077,0.7935441225074363,0.030959752321981424,0.0022485339460258658
unsw,ton,17,True,logistic,temporal+tcp,0,cap,0.1,9367,7534,921,7253,589,6646,18,7208,45,8446,0.789012550319678,0.0983239030639479,
unsw,ton,17,True,logistic,temporal+tcp,0,random,0.1,9367,7534,921,7253,719,6493,41,7208,45,8446,0.7736206488278475,0.0983239030639479,
unsw,ton,17,True,logistic,random10,0,forced,0.0,9367,7534,0,7112,0,6944,168,6944,168,9367,0.7592612362549376,0.0,
unsw,ton,17,True,logistic,random10,0,frozen,0.01,9367,7534,308,7112,141,6836,135,6944,168,9059,0.7695109835522684,0.032881392121276824,0.11233513088859981
unsw,ton,17,True,logistic,random10,0,cap,0.01,9367,7534,78,7112,35,6910,167,6944,168,9289,0.7618688771665411,0.008327105796946729,
unsw,ton,17,True,logistic,random10,0,random,0.01,9367,7534,78,7112,63,6881,168,6944,168,9289,0.758854559155991,0.008327105796946729,
unsw,ton,17,True,logistic,random10,0,frozen,0.05,9367,7534,776,7112,385,6623,104,6944,168,8591,0.7830287510185078,0.0828440269029572,0.0056054316569625895
unsw,ton,17,True,logistic,random10,0,cap,0.05,9367,7534,454,7112,224,6747,141,6944,168,8913,0.7728037697744867,0.04846802604889506,
unsw,ton,17,True,logistic,random10,0,random,0.05,9367,7534,454,7112,346,6602,164,6944,168,8913,0.7591158981263323,0.04846802604889506,
unsw,ton,17,True,logistic,random10,0,frozen,0.1,9367,7534,951,7112,469,6544,99,6944,168,8416,0.7893298479087453,0.10152663606277357,0.0022485339460258658
unsw,ton,17,True,logistic,random10,0,cap,0.1,9367,7534,921,7112,474,6519,119,6944,168,8446,0.7859341700213118,0.0983239030639479,
unsw,ton,17,True,logistic,random10,0,random,0.1,9367,7534,921,7112,698,6258,156,6944,168,8446,0.7594127397584656,0.0983239030639479,
unsw,cic,17,True,logistic,clean,0,forced,0.0,12192,306,0,2907,0,247,2660,247,2660,12192,0.23843503937007873,0.0,
unsw,cic,17,True,logistic,clean,0,frozen,0.01,12192,306,359,2907,141,242,2524,247,2660,11833,0.2337530634665765,0.029445538057742783,0.11233513088859981
unsw,cic,17,True,logistic,clean,0,cap,0.01,12192,306,110,2907,46,246,2615,247,2660,12082,0.23679854328753516,0.00902230971128609,
unsw,cic,17,True,logistic,clean,0,random,0.01,12192,306,110,2907,23,244,2640,247,2660,12082,0.23870220162224798,0.00902230971128609,
unsw,cic,17,True,logistic,clean,0,frozen,0.05,12192,306,1540,2907,299,220,2388,247,2660,10652,0.24483665039429214,0.12631233595800526,0.0056054316569625895
unsw,cic,17,True,logistic,clean,0,cap,0.05,12192,306,599,2907,171,238,2498,247,2660,11593,0.23600448546536704,0.04913057742782152,
unsw,cic,17,True,logistic,clean,0,random,0.05,12192,306,599,2907,146,232,2529,247,2660,11593,0.23816095919951694,0.04913057742782152,
unsw,cic,17,True,logistic,clean,0,frozen,0.1,12192,306,1925,2907,377,218,2312,247,2660,10267,0.2464205707606896,0.15789041994750655,0.0022485339460258658
unsw,cic,17,True,logistic,clean,0,cap,0.1,12192,306,1210,2907,256,226,2425,247,2660,10982,0.24139501001639047,0.09924540682414698,
unsw,cic,17,True,logistic,clean,0,random,0.1,12192,306,1210,2907,287,225,2395,247,2660,10982,0.23857220906938628,0.09924540682414698,
unsw,cic,17,True,logistic,temporal,0,forced,0.0,12192,306,0,3259,0,249,3010,249,3010,12192,0.26730643044619423,0.0,
unsw,cic,17,True,logistic,temporal,0,frozen,0.01,12192,306,372,3259,201,246,2812,249,3010,11820,0.25871404399323183,0.03051181102362205,0.11233513088859981
unsw,cic,17,True,logistic,temporal,0,cap,0.01,12192,306,110,3259,68,248,2943,249,3010,12082,0.2641119020029796,0.00902230971128609,
unsw,cic,17,True,logistic,temporal,0,random,0.01,12192,306,110,3259,29,246,2984,249,3010,12082,0.26733984439662306,0.00902230971128609,
unsw,cic,17,True,logistic,temporal,0,frozen,0.05,12192,306,938,3259,508,239,2512,249,3010,11254,0.2444464190510041,0.07693569553805775,0.0056054316569625895
unsw,cic,17,True,logistic,temporal,0,cap,0.05,12192,306,599,3259,318,242,2699,249,3010,11593,0.2536875700853964,0.04913057742782152,
unsw,cic,17,True,logistic,temporal,0,random,0.05,12192,306,599,3259,155,234,2870,249,3010,11593,0.2677477788320538,0.04913057742782152,
unsw,cic,17,True,logistic,temporal,0,frozen,0.1,12192,306,1755,3259,946,235,2078,249,3010,10437,0.22161540672607072,0.14394685039370078,0.0022485339460258658
unsw,cic,17,True,logistic,temporal,0,cap,0.1,12192,306,1210,3259,674,239,2346,249,3010,10982,0.23538517574212348,0.09924540682414698,
unsw,cic,17,True,logistic,temporal,0,random,0.1,12192,306,1210,3259,311,226,2722,249,3010,10982,0.2684392642505919,0.09924540682414698,
unsw,cic,17,True,logistic,size,0,forced,0.0,12192,306,0,3286,0,236,3050,236,3050,12192,0.2695209973753281,0.0,
unsw,cic,17,True,logistic,size,0,frozen,0.01,12192,306,1303,3286,584,228,2474,236,3050,10889,0.24814032509872347,0.1068733595800525,0.11233513088859981
unsw,cic,17,True,logistic,size,0,cap,0.01,12192,306,110,3286,50,236,3000,236,3050,12082,0.26783645091872205,0.00902230971128609,
unsw,cic,17,True,logistic,size,0,random,0.01,12192,306,110,3286,27,233,3026,236,3050,12082,0.26974010925343483,0.00902230971128609,
unsw,cic,17,True,logistic,size,0,frozen,0.05,12192,306,2422,3286,888,135,2263,236,3050,9770,0.24544524053224157,0.1986548556430446,0.0056054316569625895
unsw,cic,17,True,logistic,size,0,cap,0.05,12192,306,599,3286,348,234,2704,236,3050,11593,0.2534287932372984,0.04913057742782152,
unsw,cic,17,True,logistic,size,0,random,0.05,12192,306,599,3286,168,222,2896,236,3050,11593,0.26895540412317775,0.04913057742782152,
unsw,cic,17,True,logistic,size,0,frozen,0.1,12192,306,2813,3286,1008,122,2156,236,3050,9379,0.24288303657106303,0.2307250656167979,0.0022485339460258658
unsw,cic,17,True,logistic,size,0,cap,0.1,12192,306,1210,3286,578,229,2479,236,3050,10982,0.24658532143507558,0.09924540682414698,
unsw,cic,17,True,logistic,size,0,random,0.1,12192,306,1210,3286,340,214,2732,236,3050,10982,0.2682571480604626,0.09924540682414698,
unsw,cic,17,True,logistic,tcp,0,forced,0.0,12192,306,0,2905,0,246,2659,246,2659,12192,0.2382709973753281,0.0,
unsw,cic,17,True,logistic,tcp,0,frozen,0.01,12192,306,486,2905,142,240,2523,246,2659,11706,0.23603280369041518,0.03986220472440945,0.11233513088859981
unsw,cic,17,True,logistic,tcp,0,cap,0.01,12192,306,110,2905,49,244,2612,246,2659,12082,0.23638470451911936,0.00902230971128609,
unsw,cic,17,True,logistic,tcp,0,random,0.01,12192,306,110,2905,22,243,2640,246,2659,12082,0.2386194338685648,0.00902230971128609,
unsw,cic,17,True,logistic,tcp,0,frozen,0.05,12192,306,2078,2905,335,213,2357,246,2659,10114,0.2541032232548942,0.17043963254593175,0.0056054316569625895
unsw,cic,17,True,logistic,tcp,0,cap,0.05,12192,306,599,2905,163,239,2503,246,2659,11593,0.236522039161563,0.04913057742782152,
unsw,cic,17,True,logistic,tcp,0,random,0.05,12192,306,599,2905,143,231,2531,246,2659,11593,0.23824721814888294,0.04913057742782152,
unsw,cic,17,True,logistic,tcp,0,frozen,0.1,12192,306,2447,2905,392,206,2307,246,2659,9745,0.257875833760903,0.20070538057742782,0.0022485339460258658
unsw,cic,17,True,logistic,tcp,0,cap,0.1,12192,306,1210,2905,229,231,2445,246,2659,10982,0.24367146239300674,0.09924540682414698,
unsw,cic,17,True,logistic,tcp,0,random,0.1,12192,306,1210,2905,284,223,2398,246,2659,10982,0.2386632671644509,0.09924540682414698,
unsw,cic,17,True,logistic,temporal+tcp,0,forced,0.0,12192,306,0,3351,0,247,3104,247,3104,12192,0.2748523622047244,0.0,
unsw,cic,17,True,logistic,temporal+tcp,0,frozen,0.01,12192,306,249,3351,103,242,3006,247,3104,11943,0.2719584693962991,0.02042322834645669,0.11233513088859981
unsw,cic,17,True,logistic,temporal+tcp,0,cap,0.01,12192,306,110,3351,50,243,3058,247,3104,12082,0.2732163549081278,0.00902230971128609,
unsw,cic,17,True,logistic,temporal+tcp,0,random,0.01,12192,306,110,3351,29,244,3078,247,3104,12082,0.27495447773547427,0.00902230971128609,
unsw,cic,17,True,logistic,temporal+tcp,0,frozen,0.05,12192,306,1183,3351,542,227,2582,247,3104,11009,0.2551548732854937,0.09703083989501313,0.0056054316569625895
unsw,cic,17,True,logistic,temporal+tcp,0,cap,0.05,12192,306,599,3351,277,234,2840,247,3104,11593,0.26516001035107395,0.04913057742782152,
unsw,cic,17,True,logistic,temporal+tcp,0,random,0.05,12192,306,599,3351,158,232,2961,247,3104,11593,0.2754248253256275,0.04913057742782152,
unsw,cic,17,True,logistic,temporal+tcp,0,frozen,0.1,12192,306,2649,3351,1031,219,2101,247,3104,9543,0.2431101330818401,0.2172736220472441,0.0022485339460258658
unsw,cic,17,True,logistic,temporal+tcp,0,cap,0.1,12192,306,1210,3351,577,225,2549,247,3104,10982,0.25259515570934254,0.09924540682414698,
unsw,cic,17,True,logistic,temporal+tcp,0,random,0.1,12192,306,1210,3351,321,224,2806,247,3104,10982,0.27590602804589326,0.09924540682414698,
unsw,cic,17,True,logistic,random10,0,forced,0.0,12192,306,0,3338,0,239,3099,239,3099,12192,0.2737860892388451,0.0,
unsw,cic,17,True,logistic,random10,0,frozen,0.01,12192,306,922,3338,422,227,2689,239,3099,11270,0.2587400177462289,0.0756233595800525,0.11233513088859981
unsw,cic,17,True,logistic,random10,0,cap,0.01,12192,306,110,3338,54,237,3047,239,3099,12082,0.271809303095514,0.00902230971128609,
unsw,cic,17,True,logistic,random10,0,random,0.01,12192,306,110,3338,24,236,3078,239,3099,12082,0.2742923357060089,0.00902230971128609,
unsw,cic,17,True,logistic,random10,0,frozen,0.05,12192,306,2104,3338,871,209,2258,239,3099,10088,0.24454797779540047,0.1725721784776903,0.0056054316569625895
unsw,cic,17,True,logistic,random10,0,cap,0.05,12192,306,599,3338,282,231,2825,239,3099,11593,0.26360734926248597,0.04913057742782152,
unsw,cic,17,True,logistic,random10,0,random,0.05,12192,306,599,3338,173,225,2940,239,3099,11593,0.2730095747433796,0.04913057742782152,
unsw,cic,17,True,logistic,random10,0,frozen,0.1,12192,306,2465,3338,1016,200,2122,239,3099,9727,0.23871697337308523,0.20218175853018372,0.0022485339460258658
unsw,cic,17,True,logistic,random10,0,cap,0.1,12192,306,1210,3338,530,225,2583,239,3099,10982,0.2556911309415407,0.09924540682414698,
unsw,cic,17,True,logistic,random10,0,random,0.1,12192,306,1210,3338,334,217,2787,239,3099,10982,0.2735385175742123,0.09924540682414698,
unsw,unsw,17,True,forest,clean,0,forced,0.0,10417,1285,0,3,0,0,3,0,3,10417,0.0002879907842949026,0.0,
unsw,unsw,17,True,forest,clean,0,frozen,0.01,10417,1285,103,3,3,0,0,0,3,10314,0.0,0.009887683594124988,0.058068986568986736
unsw,unsw,17,True,forest,clean,0,cap,0.01,10417,1285,101,3,2,0,1,0,3,10316,9.693679720822024e-05,0.009695689737928385,
unsw,unsw,17,True,forest,clean,0,random,0.01,10417,1285,101,3,0,0,3,0,3,10316,0.0002908103916246607,0.009695689737928385,
unsw,unsw,17,True,forest,clean,0,frozen,0.05,10417,1285,480,3,3,0,0,0,3,9937,0.0,0.04607852548718441,0.009047619047618971
unsw,unsw,17,True,forest,clean,0,cap,0.05,10417,1285,518,3,3,0,0,0,3,9899,0.0,0.04972640875491984,
unsw,unsw,17,True,forest,clean,0,random,0.05,10417,1285,518,3,0,0,3,0,3,9899,0.000303060915243964,0.04972640875491984,
unsw,unsw,17,True,forest,clean,0,frozen,0.1,10417,1285,834,3,3,0,0,0,3,9583,0.0,0.08006143803398291,0.0
unsw,unsw,17,True,forest,clean,0,cap,0.1,10417,1285,1040,3,3,0,0,0,3,9377,0.0,0.09983680522223289,
unsw,unsw,17,True,forest,clean,0,random,0.1,10417,1285,1040,3,0,0,3,0,3,9377,0.0003199317478937827,0.09983680522223289,
unsw,unsw,17,True,forest,temporal,0,forced,0.0,10417,1285,0,5,0,0,5,0,5,10417,0.00047998464049150427,0.0,
unsw,unsw,17,True,forest,temporal,0,frozen,0.01,10417,1285,178,5,5,0,0,0,5,10239,0.0,0.017087453201497554,0.058068986568986736
unsw,unsw,17,True,forest,temporal,0,cap,0.01,10417,1285,101,5,5,0,0,0,5,10316,0.0,0.009695689737928385,
unsw,unsw,17,True,forest,temporal,0,random,0.01,10417,1285,101,5,0,0,5,0,5,10316,0.0004846839860411012,0.009695689737928385,
unsw,unsw,17,True,forest,temporal,0,frozen,0.05,10417,1285,648,5,5,0,0,0,5,9769,0.0,0.06220600940769895,0.009047619047618971
unsw,unsw,17,True,forest,temporal,0,cap,0.05,10417,1285,518,5,5,0,0,0,5,9899,0.0,0.04972640875491984,
unsw,unsw,17,True,forest,temporal,0,random,0.05,10417,1285,518,5,0,0,5,0,5,9899,0.0005051015254066068,0.04972640875491984,
unsw,unsw,17,True,forest,temporal,0,frozen,0.1,10417,1285,1293,5,5,0,0,0,5,9124,0.0,0.124124028031103,0.0
unsw,unsw,17,True,forest,temporal,0,cap,0.1,10417,1285,1040,5,5,0,0,0,5,9377,0.0,0.09983680522223289,
unsw,unsw,17,True,forest,temporal,0,random,0.1,10417,1285,1040,5,0,0,5,0,5,9377,0.0005332195798229711,0.09983680522223289,
unsw,unsw,17,True,forest,size,0,forced,0.0,10417,1285,0,5,0,0,5,0,5,10417,0.00047998464049150427,0.0,
unsw,unsw,17,True,forest,size,0,frozen,0.01,10417,1285,1153,5,5,0,0,0,5,9264,0.0,0.11068445809734088,0.058068986568986736
unsw,unsw,17,True,forest,size,0,cap,0.01,10417,1285,101,5,4,0,1,0,5,10316,9.693679720822024e-05,0.009695689737928385,
unsw,unsw,17,True,forest,size,0,random,0.01,10417,1285,101,5,0,0,5,0,5,10316,0.0004846839860411012,0.009695689737928385,
unsw,unsw,17,True,forest,size,0,frozen,0.05,10417,1285,1907,5,5,0,0,0,5,8510,0.0,0.18306614188345974,0.009047619047618971
unsw,unsw,17,True,forest,size,0,cap,0.05,10417,1285,518,5,5,0,0,0,5,9899,0.0,0.04972640875491984,
unsw,unsw,17,True,forest,size,0,random,0.05,10417,1285,518,5,0,0,5,0,5,9899,0.0005051015254066068,0.04972640875491984,
unsw,unsw,17,True,forest,size,0,frozen,0.1,10417,1285,10417,5,5,0,0,0,5,0,,1.0,0.0
unsw,unsw,17,True,forest,size,0,cap,0.1,10417,1285,1040,5,5,0,0,0,5,9377,0.0,0.09983680522223289,
unsw,unsw,17,True,forest,size,0,random,0.1,10417,1285,1040,5,0,0,5,0,5,9377,0.0005332195798229711,0.09983680522223289,
unsw,unsw,17,True,forest,tcp,0,forced,0.0,10417,1285,0,10,0,5,5,5,5,10417,0.0009599692809830085,0.0,
unsw,unsw,17,True,forest,tcp,0,frozen,0.01,10417,1285,194,10,10,0,0,5,5,10223,0.0,0.018623404051070366,0.058068986568986736
unsw,unsw,17,True,forest,tcp,0,cap,0.01,10417,1285,101,10,9,0,1,5,5,10316,9.693679720822024e-05,0.009695689737928385,
unsw,unsw,17,True,forest,tcp,0,random,0.01,10417,1285,101,10,0,5,5,5,5,10316,0.0009693679720822024,0.009695689737928385,
unsw,unsw,17,True,forest,tcp,0,frozen,0.05,10417,1285,797,10,10,0,0,5,5,9620,0.0,0.07650955169434578,0.009047619047618971
unsw,unsw,17,True,forest,tcp,0,cap,0.05,10417,1285,518,10,10,0,0,5,5,9899,0.0,0.04972640875491984,
unsw,unsw,17,True,forest,tcp,0,random,0.05,10417,1285,518,10,0,5,5,5,5,9899,0.0010102030508132135,0.04972640875491984,
unsw,unsw,17,True,forest,tcp,0,frozen,0.1,10417,1285,1309,10,10,0,0,5,5,9108,0.0,0.12565997888067582,0.0
unsw,unsw,17,True,forest,tcp,0,cap,0.1,10417,1285,1040,10,10,0,0,5,5,9377,0.0,0.09983680522223289,
unsw,unsw,17,True,forest,tcp,0,random,0.1,10417,1285,1040,10,0,5,5,5,5,9377,0.0010664391596459423,0.09983680522223289,
unsw,unsw,17,True,forest,temporal+tcp,0,forced,0.0,10417,1285,0,5,0,0,5,0,5,10417,0.00047998464049150427,0.0,
unsw,unsw,17,True,forest,temporal+tcp,0,frozen,0.01,10417,1285,508,5,5,0,0,0,5,9909,0.0,0.048766439473936836,0.058068986568986736
unsw,unsw,17,True,forest,temporal+tcp,0,cap,0.01,10417,1285,101,5,4,0,1,0,5,10316,9.693679720822024e-05,0.009695689737928385,
unsw,unsw,17,True,forest,temporal+tcp,0,random,0.01,10417,1285,101,5,0,0,5,0,5,10316,0.0004846839860411012,0.009695689737928385,
unsw,unsw,17,True,forest,temporal+tcp,0,frozen,0.05,10417,1285,1611,5,5,0,0,0,5,8806,0.0,0.15465105116636269,0.009047619047618971
unsw,unsw,17,True,forest,temporal+tcp,0,cap,0.05,10417,1285,518,5,5,0,0,0,5,9899,0.0,0.04972640875491984,
unsw,unsw,17,True,forest,temporal+tcp,0,random,0.05,10417,1285,518,5,0,0,5,0,5,9899,0.0005051015254066068,0.04972640875491984,
unsw,unsw,17,True,forest,temporal+tcp,0,frozen,0.1,10417,1285,1962,5,5,0,0,0,5,8455,0.0,0.1883459729288663,0.0
unsw,unsw,17,True,forest,temporal+tcp,0,cap,0.1,10417,1285,1040,5,5,0,0,0,5,9377,0.0,0.09983680522223289,
unsw,unsw,17,True,forest,temporal+tcp,0,random,0.1,10417,1285,1040,5,0,0,5,0,5,9377,0.0005332195798229711,0.09983680522223289,
unsw,unsw,17,True,forest,random10,0,forced,0.0,10417,1285,0,39,0,36,3,36,3,10417,0.003743880195833733,0.0,
unsw,unsw,17,True,forest,random10,0,frozen,0.01,10417,1285,696,39,39,0,0,36,3,9721,0.0,0.06681386195641739,0.058068986568986736
unsw,unsw,17,True,forest,random10,0,cap,0.01,10417,1285,101,39,29,7,3,36,3,10316,0.0009693679720822024,0.009695689737928385,
unsw,unsw,17,True,forest,random10,0,random,0.01,10417,1285,101,39,0,36,3,36,3,10316,0.003780535091120589,0.009695689737928385,
unsw,unsw,17,True,forest,random10,0,frozen,0.05,10417,1285,1715,39,39,0,0,36,3,8702,0.0,0.16463473168858597,0.009047619047618971
unsw,unsw,17,True,forest,random10,0,cap,0.05,10417,1285,518,39,39,0,0,36,3,9899,0.0,0.04972640875491984,
unsw,unsw,17,True,forest,random10,0,random,0.05,10417,1285,518,39,0,36,3,36,3,9899,0.003939791898171533,0.04972640875491984,
unsw,unsw,17,True,forest,random10,0,frozen,0.1,10417,1285,3813,39,39,0,0,36,3,6604,0.0,0.36603628683882117,0.0
unsw,unsw,17,True,forest,random10,0,cap,0.1,10417,1285,1040,39,39,0,0,36,3,9377,0.0,0.09983680522223289,
unsw,unsw,17,True,forest,random10,0,random,0.1,10417,1285,1040,39,2,34,3,36,3,9377,0.003945824890689986,0.09983680522223289,
unsw,ton,17,True,forest,clean,0,forced,0.0,9367,7534,0,5010,0,3716,1294,3716,1294,9367,0.534856410803886,0.0,
unsw,ton,17,True,forest,clean,0,frozen,0.01,9367,7534,9366,5010,5009,1,0,3716,1294,1,1.0,0.9998932422333725,0.058068986568986736
unsw,ton,17,True,forest,clean,0,cap,0.01,9367,7534,78,5010,7,3714,1289,3716,1294,9289,0.5385940359565077,0.008327105796946729,
unsw,ton,17,True,forest,clean,0,random,0.01,9367,7534,78,5010,40,3684,1286,3716,1294,9289,0.5350414468726451,0.008327105796946729,
unsw,ton,17,True,forest,clean,0,frozen,0.05,9367,7534,9367,5010,5010,0,0,3716,1294,0,,1.0,0.009047619047618971
unsw,ton,17,True,forest,clean,0,cap,0.05,9367,7534,454,5010,201,3565,1244,3716,1294,8913,0.5395489734096264,0.04846802604889506,
unsw,ton,17,True,forest,clean,0,random,0.05,9367,7534,454,5010,236,3536,1238,3716,1294,8913,0.5356221249859755,0.04846802604889506,
unsw,ton,17,True,forest,clean,0,frozen,0.1,9367,7534,9367,5010,5010,0,0,3716,1294,0,,1.0,0.0
unsw,ton,17,True,forest,clean,0,cap,0.1,9367,7534,921,5010,488,3344,1178,3716,1294,8446,0.5354013734312101,0.0983239030639479,
unsw,ton,17,True,forest,clean,0,random,0.1,9367,7534,921,5010,491,3349,1170,3716,1294,8446,0.5350461757044755,0.0983239030639479,
unsw,ton,17,True,forest,temporal,0,forced,0.0,9367,7534,0,3734,0,2371,1363,2371,1363,9367,0.39863350058716773,0.0,
unsw,ton,17,True,forest,temporal,0,frozen,0.01,9367,7534,9366,3734,3733,1,0,2371,1363,1,1.0,0.9998932422333725,0.058068986568986736
unsw,ton,17,True,forest,temporal,0,cap,0.01,9367,7534,78,3734,19,2355,1360,2371,1363,9289,0.3999354074712025,0.008327105796946729,
unsw,ton,17,True,forest,temporal,0,random,0.01,9367,7534,78,3734,29,2350,1355,2371,1363,9289,0.3988588653245775,0.008327105796946729,
unsw,ton,17,True,forest,temporal,0,frozen,0.05,9367,7534,9367,3734,3734,0,0,2371,1363,0,,1.0,0.009047619047618971
unsw,ton,17,True,forest,temporal,0,cap,0.05,9367,7534,454,3734,210,2200,1324,2371,1363,8913,0.39537753842701673,0.04846802604889506,
unsw,ton,17,True,forest,temporal,0,random,0.05,9367,7534,454,3734,172,2259,1303,2371,1363,8913,0.3996409738584091,0.04846802604889506,
unsw,ton,17,True,forest,temporal,0,frozen,0.1,9367,7534,9367,3734,3734,0,0,2371,1363,0,,1.0,0.0
unsw,ton,17,True,forest,temporal,0,cap,0.1,9367,7534,921,3734,349,2129,1256,2371,1363,8446,0.400781434998816,0.0983239030639479,
unsw,ton,17,True,forest,temporal,0,random,0.1,9367,7534,921,3734,366,2137,1231,2371,1363,8446,0.3987686478806536,0.0983239030639479,
unsw,ton,17,True,forest,size,0,forced,0.0,9367,7534,0,3100,0,1692,1408,1692,1408,9367,0.3309490765453187,0.0,
unsw,ton,17,True,forest,size,0,frozen,0.01,9367,7534,9360,3100,3097,3,0,1692,1408,7,0.42857142857142855,0.9992526956336073,0.058068986568986736
unsw,ton,17,True,forest,size,0,cap,0.01,9367,7534,78,3100,52,1692,1356,1692,1408,9289,0.3281300462913123,0.008327105796946729,
unsw,ton,17,True,forest,size,0,random,0.01,9367,7534,78,3100,24,1676,1400,1692,1408,9289,0.3311443643018624,0.008327105796946729,
unsw,ton,17,True,forest,size,0,frozen,0.05,9367,7534,9367,3100,3100,0,0,1692,1408,0,,1.0,0.009047619047618971
unsw,ton,17,True,forest,size,0,cap,0.05,9367,7534,454,3100,169,1692,1239,1692,1408,8913,0.32884550656344663,0.04846802604889506,
unsw,ton,17,True,forest,size,0,random,0.05,9367,7534,454,3100,147,1608,1345,1692,1408,8913,0.3313138112868843,0.04846802604889506,
unsw,ton,17,True,forest,size,0,frozen,0.1,9367,7534,9367,3100,3100,0,0,1692,1408,0,,1.0,0.0
unsw,ton,17,True,forest,size,0,cap,0.1,9367,7534,921,3100,251,1692,1157,1692,1408,8446,0.3373194411555766,0.0983239030639479,
unsw,ton,17,True,forest,size,0,random,0.1,9367,7534,921,3100,303,1528,1269,1692,1408,8446,0.3311626805588444,0.0983239030639479,
unsw,ton,17,True,forest,tcp,0,forced,0.0,9367,7534,0,4910,0,3648,1262,3648,1262,9367,0.5241806341411338,0.0,
unsw,ton,17,True,forest,tcp,0,frozen,0.01,9367,7534,9363,4910,4909,1,0,3648,1262,4,0.25,0.9995729689334899,0.058068986568986736
unsw,ton,17,True,forest,tcp,0,cap,0.01,9367,7534,78,4910,37,3617,1256,3648,1262,9289,0.5245989880503822,0.008327105796946729,
unsw,ton,17,True,forest,tcp,0,random,0.01,9367,7534,78,4910,43,3613,1254,3648,1262,9289,0.5239530627624072,0.008327105796946729,
unsw,ton,17,True,forest,tcp,0,frozen,0.05,9367,7534,9367,4910,4910,0,0,3648,1262,0,,1.0,0.009047619047618971
unsw,ton,17,True,forest,tcp,0,cap,0.05,9367,7534,454,4910,212,3474,1224,3648,1262,8913,0.5270952541231908,0.04846802604889506,
unsw,ton,17,True,forest,tcp,0,random,0.05,9367,7534,454,4910,234,3470,1206,3648,1262,8913,0.5246269493997532,0.04846802604889506,
unsw,ton,17,True,forest,tcp,0,frozen,0.1,9367,7534,9367,4910,4910,0,0,3648,1262,0,,1.0,0.0
unsw,ton,17,True,forest,tcp,0,cap,0.1,9367,7534,921,4910,434,3306,1170,3648,1262,8446,0.529955008287947,0.0983239030639479,
unsw,ton,17,True,forest,tcp,0,random,0.1,9367,7534,921,4910,481,3286,1143,3648,1262,8446,0.524390243902439,0.0983239030639479,
unsw,ton,17,True,forest,temporal+tcp,0,forced,0.0,9367,7534,0,3568,0,2215,1353,2215,1353,9367,0.380911711326999,0.0,
unsw,ton,17,True,forest,temporal+tcp,0,frozen,0.01,9367,7534,9366,3568,3567,1,0,2215,1353,1,1.0,0.9998932422333725,0.058068986568986736
unsw,ton,17,True,forest,temporal+tcp,0,cap,0.01,9367,7534,78,3568,7,2214,1347,2215,1353,9289,0.3833566584131769,0.008327105796946729,
unsw,ton,17,True,forest,temporal+tcp,0,random,0.01,9367,7534,78,3568,25,2198,1345,2215,1353,9289,0.3814188825492518,0.008327105796946729,
unsw,ton,17,True,forest,temporal+tcp,0,frozen,0.05,9367,7534,9367,3568,3568,0,0,2215,1353,0,,1.0,0.009047619047618971
unsw,ton,17,True,forest,temporal+tcp,0,cap,0.05,9367,7534,454,3568,95,2158,1315,2215,1353,8913,0.3896555592954112,0.04846802604889506,
unsw,ton,17,True,forest,temporal+tcp,0,random,0.05,9367,7534,454,3568,165,2111,1292,2215,1353,8913,0.3818018624481095,0.04846802604889506,
unsw,ton,17,True,forest,temporal+tcp,0,frozen,0.1,9367,7534,9367,3568,3568,0,0,2215,1353,0,,1.0,0.0
unsw,ton,17,True,forest,temporal+tcp,0,cap,0.1,9367,7534,921,3568,256,2046,1266,2215,1353,8446,0.39213829031494196,0.0983239030639479,
unsw,ton,17,True,forest,temporal+tcp,0,random,0.1,9367,7534,921,3568,344,2003,1221,2215,1353,8446,0.3817191569973952,0.0983239030639479,
unsw,ton,17,True,forest,random10,0,forced,0.0,9367,7534,0,4765,0,3560,1205,3560,1205,9367,0.508700757980143,0.0,
unsw,ton,17,True,forest,random10,0,frozen,0.01,9367,7534,9196,4765,4603,161,1,3560,1205,171,0.9473684210526315,0.9817444219066938,0.058068986568986736
unsw,ton,17,True,forest,random10,0,cap,0.01,9367,7534,78,4765,42,3519,1204,3560,1205,9289,0.5084508558510066,0.008327105796946729,
unsw,ton,17,True,forest,random10,0,random,0.01,9367,7534,78,4765,37,3529,1199,3560,1205,9289,0.5089891269243191,0.008327105796946729,
unsw,ton,17,True,forest,random10,0,frozen,0.05,9367,7534,9364,4765,4762,3,0,3560,1205,3,1.0,0.9996797267001174,0.009047619047618971
unsw,ton,17,True,forest,random10,0,cap,0.05,9367,7534,454,4765,238,3354,1173,3560,1205,8913,0.5079097946819253,0.04846802604889506,
unsw,ton,17,True,forest,random10,0,random,0.05,9367,7534,454,4765,226,3388,1151,3560,1205,8913,0.5092561427128913,0.04846802604889506,
unsw,ton,17,True,forest,random10,0,frozen,0.1,9367,7534,9367,4765,4765,0,0,3560,1205,0,,1.0,0.0
unsw,ton,17,True,forest,random10,0,cap,0.1,9367,7534,921,4765,473,3181,1111,3560,1205,8446,0.5081695477148946,0.0983239030639479,
unsw,ton,17,True,forest,random10,0,random,0.1,9367,7534,921,4765,469,3209,1087,3560,1205,8446,0.5086431446838741,0.0983239030639479,
unsw,cic,17,True,forest,clean,0,forced,0.0,12192,306,0,10402,0,61,10341,61,10341,12192,0.8531824146981627,0.0,
unsw,cic,17,True,forest,clean,0,frozen,0.01,12192,306,12186,10402,10402,0,0,61,10341,6,0.0,0.999507874015748,0.058068986568986736
unsw,cic,17,True,forest,clean,0,cap,0.01,12192,306,110,10402,97,61,10244,61,10341,12082,0.8529217017050157,0.00902230971128609,
unsw,cic,17,True,forest,clean,0,random,0.01,12192,306,110,10402,94,61,10247,61,10341,12082,0.8531700049660652,0.00902230971128609,
unsw,cic,17,True,forest,clean,0,frozen,0.05,12192,306,12192,10402,10402,0,0,61,10341,0,,1.0,0.009047619047618971
unsw,cic,17,True,forest,clean,0,cap,0.05,12192,306,599,10402,555,61,9786,61,10341,11593,0.8493918744069697,0.04913057742782152,
unsw,cic,17,True,forest,clean,0,random,0.05,12192,306,599,10402,505,59,9838,61,10341,11593,0.8537048218752695,0.04913057742782152,
unsw,cic,17,True,forest,clean,0,frozen,0.1,12192,306,12192,10402,10402,0,0,61,10341,0,,1.0,0.0
unsw,cic,17,True,forest,clean,0,cap,0.1,12192,306,1210,10402,1118,59,9225,61,10341,10982,0.8453833545802222,0.09924540682414698,
unsw,cic,17,True,forest,clean,0,random,0.1,12192,306,1210,10402,1034,58,9310,61,10341,10982,0.8530322345656529,0.09924540682414698,
unsw,cic,17,True,forest,temporal,0,forced,0.0,12192,306,0,10406,0,60,10346,60,10346,12192,0.853510498687664,0.0,
unsw,cic,17,True,forest,temporal,0,frozen,0.01,12192,306,12192,10406,10406,0,0,60,10346,0,,1.0,0.058068986568986736
unsw,cic,17,True,forest,temporal,0,cap,0.01,12192,306,110,10406,79,59,10268,60,10346,12082,0.8547425922860453,0.00902230971128609,
unsw,cic,17,True,forest,temporal,0,random,0.01,12192,306,110,10406,94,60,10252,60,10346,12082,0.8535010759807978,0.00902230971128609,
unsw,cic,17,True,forest,temporal,0,frozen,0.05,12192,306,12192,10406,10406,0,0,60,10346,0,,1.0,0.009047619047618971
unsw,cic,17,True,forest,temporal,0,cap,0.05,12192,306,599,10406,531,57,9818,60,10346,11593,0.8518071249892176,0.04913057742782152,
unsw,cic,17,True,forest,temporal,0,random,0.05,12192,306,599,10406,505,58,9843,60,10346,11593,0.8540498576727336,0.04913057742782152,
unsw,cic,17,True,forest,temporal,0,frozen,0.1,12192,306,12192,10406,10406,0,0,60,10346,0,,1.0,0.0
unsw,cic,17,True,forest,temporal,0,cap,0.1,12192,306,1210,10406,1049,54,9303,60,10346,10982,0.8520305955199418,0.09924540682414698,
unsw,cic,17,True,forest,temporal,0,random,0.1,12192,306,1210,10406,1034,57,9315,60,10346,10982,0.8533964669459115,0.09924540682414698,
unsw,cic,17,True,forest,size,0,forced,0.0,12192,306,0,10406,0,57,10349,57,10349,12192,0.853510498687664,0.0,
unsw,cic,17,True,forest,size,0,frozen,0.01,12192,306,12143,10406,10406,0,0,57,10349,49,0.0,0.995980971128609,0.058068986568986736
unsw,cic,17,True,forest,size,0,cap,0.01,12192,306,110,10406,97,56,10253,57,10349,12082,0.8532527727197484,0.00902230971128609,
unsw,cic,17,True,forest,size,0,random,0.01,12192,306,110,10406,94,57,10255,57,10349,12082,0.8535010759807978,0.00902230971128609,
unsw,cic,17,True,forest,size,0,frozen,0.05,12192,306,12192,10406,10406,0,0,57,10349,0,,1.0,0.009047619047618971
unsw,cic,17,True,forest,size,0,cap,0.05,12192,306,599,10406,570,55,9781,57,10349,11593,0.8484430259639437,0.04913057742782152,
unsw,cic,17,True,forest,size,0,random,0.05,12192,306,599,10406,506,55,9845,57,10349,11593,0.8539635987233676,0.04913057742782152,
unsw,cic,17,True,forest,size,0,frozen,0.1,12192,306,12192,10406,10406,0,0,57,10349,0,,1.0,0.0
unsw,cic,17,True,forest,size,0,cap,0.1,12192,306,1210,10406,1144,55,9207,57,10349,10982,0.8433800764887999,0.09924540682414698,
unsw,cic,17,True,forest,size,0,random,0.1,12192,306,1210,10406,1035,54,9317,57,10349,10982,0.8533054088508468,0.09924540682414698,
unsw,cic,17,True,forest,tcp,0,forced,0.0,12192,306,0,9871,0,70,9801,70,9801,12192,0.8096292650918635,0.0,
unsw,cic,17,True,forest,tcp,0,frozen,0.01,12192,306,12129,9871,9868,3,0,70,9801,63,0.047619047619047616,0.9948326771653543,0.058068986568986736
unsw,cic,17,True,forest,tcp,0,cap,0.01,12192,306,110,9871,66,70,9735,70,9801,12082,0.8115378248634332,0.00902230971128609,
unsw,cic,17,True,forest,tcp,0,random,0.01,12192,306,110,9871,90,70,9711,70,9801,12082,0.8095513987750372,0.00902230971128609,
unsw,cic,17,True,forest,tcp,0,frozen,0.05,12192,306,12192,9871,9871,0,0,70,9801,0,,1.0,0.009047619047618971
unsw,cic,17,True,forest,tcp,0,cap,0.05,12192,306,599,9871,305,65,9501,70,9801,11593,0.8251531096351247,0.04913057742782152,
unsw,cic,17,True,forest,tcp,0,random,0.05,12192,306,599,9871,478,67,9326,70,9801,11593,0.8102303113948072,0.04913057742782152,
unsw,cic,17,True,forest,tcp,0,frozen,0.1,12192,306,12192,9871,9871,0,0,70,9801,0,,1.0,0.0
unsw,cic,17,True,forest,tcp,0,cap,0.1,12192,306,1210,9871,680,60,9131,70,9801,10982,0.8369149517392096,0.09924540682414698,
unsw,cic,17,True,forest,tcp,0,random,0.1,12192,306,1210,9871,988,65,8818,70,9801,10982,0.808869058459297,0.09924540682414698,
unsw,cic,17,True,forest,temporal+tcp,0,forced,0.0,12192,306,0,10397,0,59,10338,59,10338,12192,0.852772309711286,0.0,
unsw,cic,17,True,forest,temporal+tcp,0,frozen,0.01,12192,306,12192,10397,10397,0,0,59,10338,0,,1.0,0.058068986568986736
unsw,cic,17,True,forest,temporal+tcp,0,cap,0.01,12192,306,110,10397,92,58,10247,59,10338,12082,0.8529217017050157,0.00902230971128609,
unsw,cic,17,True,forest,temporal+tcp,0,random,0.01,12192,306,110,10397,94,59,10244,59,10338,12082,0.8527561661976494,0.00902230971128609,
unsw,cic,17,True,forest,temporal+tcp,0,frozen,0.05,12192,306,12192,10397,10397,0,0,59,10338,0,,1.0,0.009047619047618971
unsw,cic,17,True,forest,temporal+tcp,0,cap,0.05,12192,306,599,10397,557,58,9782,59,10338,11593,0.8487880617614078,0.04913057742782152,
unsw,cic,17,True,forest,temporal+tcp,0,random,0.05,12192,306,599,10397,505,57,9835,59,10338,11593,0.8532735271284396,0.04913057742782152,
unsw,cic,17,True,forest,temporal+tcp,0,frozen,0.1,12192,306,12192,10397,10397,0,0,59,10338,0,,1.0,0.0
unsw,cic,17,True,forest,temporal+tcp,0,cap,0.1,12192,306,1210,10397,1117,58,9222,59,10338,10982,0.8450191221999636,0.09924540682414698,
unsw,cic,17,True,forest,temporal+tcp,0,random,0.1,12192,306,1210,10397,1033,56,9308,59,10338,10982,0.8526680021853943,0.09924540682414698,
unsw,cic,17,True,forest,random10,0,forced,0.0,12192,306,0,9679,0,87,9592,87,9592,12192,0.7938812335958005,0.0,
unsw,cic,17,True,forest,random10,0,frozen,0.01,12192,306,12169,9679,9679,0,0,87,9592,23,0.0,0.9981135170603674,0.058068986568986736
unsw,cic,17,True,forest,random10,0,cap,0.01,12192,306,110,9679,59,87,9533,87,9592,12082,0.7962257904320477,0.00902230971128609,
unsw,cic,17,True,forest,random10,0,random,0.01,12192,306,110,9679,86,86,9507,87,9592,12082,0.7939910610826022,0.00902230971128609,
unsw,cic,17,True,forest,random10,0,frozen,0.05,12192,306,12192,9679,9679,0,0,87,9592,0,,1.0,0.009047619047618971
unsw,cic,17,True,forest,random10,0,cap,0.05,12192,306,599,9679,452,82,9145,87,9592,11593,0.7959113258000517,0.04913057742782152,
unsw,cic,17,True,forest,random10,0,random,0.05,12192,306,599,9679,474,84,9121,87,9592,11593,0.7940136289139998,0.04913057742782152,
unsw,cic,17,True,forest,random10,0,frozen,0.1,12192,306,12192,9679,9679,0,0,87,9592,0,,1.0,0.0
unsw,cic,17,True,forest,random10,0,cap,0.1,12192,306,1210,9679,973,79,8627,87,9592,10982,0.7927517756328537,0.09924540682414698,
unsw,cic,17,True,forest,random10,0,random,0.1,12192,306,1210,9679,969,82,8628,87,9592,10982,0.7931160080131123,0.09924540682414698,
unsw,unsw,29,False,logistic,clean,0,forced,0.0,10417,1285,0,11,0,9,2,9,2,10417,0.0010559662090813093,0.0,
unsw,unsw,29,False,logistic,clean,0,frozen,0.01,10417,1285,92,11,7,2,2,9,2,10325,0.000387409200968523,0.008831717385043679,0.1661806910609145
unsw,unsw,29,False,logistic,clean,0,cap,0.01,10417,1285,101,11,7,2,2,9,2,10316,0.00038774718883288094,0.009695689737928385,
unsw,unsw,29,False,logistic,clean,0,random,0.01,10417,1285,101,11,0,9,2,9,2,10316,0.0010663047692904227,0.009695689737928385,
unsw,unsw,29,False,logistic,clean,0,frozen,0.05,10417,1285,576,11,10,0,1,9,2,9841,0.000101615689462453,0.055294230584621296,0.009840849172354948
unsw,unsw,29,False,logistic,clean,0,cap,0.05,10417,1285,518,11,10,0,1,9,2,9899,0.00010102030508132135,0.04972640875491984,
unsw,unsw,29,False,logistic,clean,0,random,0.05,10417,1285,518,11,0,9,2,9,2,9899,0.0011112233558945347,0.04972640875491984,
unsw,unsw,29,False,logistic,clean,0,frozen,0.1,10417,1285,1153,11,10,0,1,9,2,9264,0.0001079447322970639,0.11068445809734088,0.004877863942679417
unsw,unsw,29,False,logistic,clean,0,cap,0.1,10417,1285,1040,11,10,0,1,9,2,9377,0.00010664391596459421,0.09983680522223289,
unsw,unsw,29,False,logistic,clean,0,random,0.1,10417,1285,1040,11,0,9,2,9,2,9377,0.0011730830756105364,0.09983680522223289,
unsw,unsw,29,False,logistic,temporal,0,forced,0.0,10417,1285,0,83,0,82,1,82,1,10417,0.007967745032158972,0.0,
unsw,unsw,29,False,logistic,temporal,0,frozen,0.01,10417,1285,402,83,76,6,1,82,1,10015,0.0006989515726410385,0.03859076509551694,0.1661806910609145
unsw,unsw,29,False,logistic,temporal,0,cap,0.01,10417,1285,101,83,39,43,1,82,1,10316,0.004265219077161691,0.009695689737928385,
unsw,unsw,29,False,logistic,temporal,0,random,0.01,10417,1285,101,83,2,80,1,82,1,10316,0.007851880573865839,0.009695689737928385,
unsw,unsw,29,False,logistic,temporal,0,frozen,0.05,10417,1285,888,83,80,2,1,82,1,9529,0.000314828418511911,0.08524527215129116,0.009840849172354948
unsw,unsw,29,False,logistic,temporal,0,cap,0.05,10417,1285,518,83,76,6,1,82,1,9899,0.0007071421355692494,0.04972640875491984,
unsw,unsw,29,False,logistic,temporal,0,random,0.05,10417,1285,518,83,5,77,1,82,1,9899,0.007879583796343065,0.04972640875491984,
unsw,unsw,29,False,logistic,temporal,0,frozen,0.1,10417,1285,1085,83,80,2,1,82,1,9332,0.0003214744963566224,0.10415666698665643,0.004877863942679417
unsw,unsw,29,False,logistic,temporal,0,cap,0.1,10417,1285,1040,83,80,2,1,82,1,9377,0.0003199317478937827,0.09983680522223289,
unsw,unsw,29,False,logistic,temporal,0,random,0.1,10417,1285,1040,83,11,71,1,82,1,9377,0.0076783619494507835,0.09983680522223289,
unsw,unsw,29,False,logistic,size,0,forced,0.0,10417,1285,0,315,0,311,4,311,4,10417,0.03023903235096477,0.0,
unsw,unsw,29,False,logistic,size,0,frozen,0.01,10417,1285,406,315,266,47,2,311,4,10011,0.004894615922485266,0.03897475280791015,0.1661806910609145
unsw,unsw,29,False,logistic,size,0,cap,0.01,10417,1285,101,315,67,246,2,311,4,10316,0.02404032570763862,0.009695689737928385,
unsw,unsw,29,False,logistic,size,0,random,0.01,10417,1285,101,315,5,306,4,311,4,10316,0.030050407134548273,0.009695689737928385,
unsw,unsw,29,False,logistic,size,0,frozen,0.05,10417,1285,479,315,312,2,1,311,4,9938,0.00030187160394445564,0.04598252855908611,0.009840849172354948
unsw,unsw,29,False,logistic,size,0,cap,0.05,10417,1285,518,315,300,14,1,311,4,9899,0.0015153045762198202,0.04972640875491984,
unsw,unsw,29,False,logistic,size,0,random,0.05,10417,1285,518,315,16,295,4,311,4,9899,0.030205071219315083,0.04972640875491984,
unsw,unsw,29,False,logistic,size,0,frozen,0.1,10417,1285,555,315,312,2,1,311,4,9862,0.0003041979314540661,0.05327829509455698,0.004877863942679417
unsw,unsw,29,False,logistic,size,0,cap,0.1,10417,1285,1040,315,312,2,1,311,4,9377,0.0003199317478937827,0.09983680522223289,
unsw,unsw,29,False,logistic,size,0,random,0.1,10417,1285,1040,315,37,274,4,311,4,9377,0.029647008638157193,0.09983680522223289,
unsw,unsw,29,False,logistic,tcp,0,forced,0.0,10417,1285,0,99,0,97,2,97,2,10417,0.009503695881731784,0.0,
unsw,unsw,29,False,logistic,tcp,0,frozen,0.01,10417,1285,444,99,83,14,2,97,2,9973,0.0016043316955780607,0.04262263607564558,0.1661806910609145
unsw,unsw,29,False,logistic,tcp,0,cap,0.01,10417,1285,101,99,35,62,2,97,2,10316,0.006203955021326095,0.009695689737928385,
unsw,unsw,29,False,logistic,tcp,0,random,0.01,10417,1285,101,99,2,95,2,97,2,10316,0.009402869329197363,0.009695689737928385,
unsw,unsw,29,False,logistic,tcp,0,frozen,0.05,10417,1285,1116,99,90,8,1,97,2,9301,0.0009676378883990968,0.10713257175770376,0.009840849172354948
unsw,unsw,29,False,logistic,tcp,0,cap,0.05,10417,1285,518,99,89,9,1,97,2,9899,0.0010102030508132135,0.04972640875491984,
unsw,unsw,29,False,logistic,tcp,0,random,0.05,10417,1285,518,99,4,93,2,97,2,9899,0.009596928982725527,0.04972640875491984,
unsw,unsw,29,False,logistic,tcp,0,frozen,0.1,10417,1285,1307,99,90,8,1,97,2,9110,0.0009879253567508233,0.12546798502447923,0.004877863942679417
unsw,unsw,29,False,logistic,tcp,0,cap,0.1,10417,1285,1040,99,90,8,1,97,2,9377,0.0009597952436813479,0.09983680522223289,
unsw,unsw,29,False,logistic,tcp,0,random,0.1,10417,1285,1040,99,10,87,2,97,2,9377,0.009491308520848885,0.09983680522223289,
unsw,unsw,29,False,logistic,temporal+tcp,0,forced,0.0,10417,1285,0,416,0,415,1,415,1,10417,0.039934722088893156,0.0,
unsw,unsw,29,False,logistic,temporal+tcp,0,frozen,0.01,10417,1285,390,416,268,147,1,415,1,10027,0.014760147601476014,0.037438801958337334,0.1661806910609145
unsw,unsw,29,False,logistic,temporal+tcp,0,cap,0.01,10417,1285,101,416,63,352,1,415,1,10316,0.03421868941450174,0.009695689737928385,
unsw,unsw,29,False,logistic,temporal+tcp,0,random,0.01,10417,1285,101,416,5,410,1,415,1,10316,0.03984102365257852,0.009695689737928385,
unsw,unsw,29,False,logistic,temporal+tcp,0,frozen,0.05,10417,1285,1005,416,408,8,0,415,1,9412,0.0008499787505312367,0.09647691273879236,0.009840849172354948
unsw,unsw,29,False,logistic,temporal+tcp,0,cap,0.05,10417,1285,518,416,346,69,1,415,1,9899,0.007071421355692494,0.04972640875491984,
unsw,unsw,29,False,logistic,temporal+tcp,0,random,0.05,10417,1285,518,416,23,392,1,415,1,9899,0.03970097989695929,0.04972640875491984,
unsw,unsw,29,False,logistic,temporal+tcp,0,frozen,0.1,10417,1285,1390,416,408,8,0,415,1,9027,0.0008862301982940069,0.1334357300566382,0.004877863942679417
unsw,unsw,29,False,logistic,temporal+tcp,0,cap,0.1,10417,1285,1040,416,407,8,1,415,1,9377,0.0009597952436813479,0.09983680522223289,
unsw,unsw,29,False,logistic,temporal+tcp,0,random,0.1,10417,1285,1040,416,51,364,1,415,1,9377,0.03892502932707689,0.09983680522223289,
unsw,unsw,29,False,logistic,random10,0,forced,0.0,10417,1285,0,194,0,146,48,146,48,10417,0.018623404051070366,0.0,
unsw,unsw,29,False,logistic,random10,0,frozen,0.01,10417,1285,295,194,94,62,38,146,48,10122,0.009879470460383323,0.028319093788998752,0.1661806910609145
unsw,unsw,29,False,logistic,random10,0,cap,0.01,10417,1285,101,194,47,106,41,146,48,10316,0.014249709189608375,0.009695689737928385,
unsw,unsw,29,False,logistic,random10,0,random,0.01,10417,1285,101,194,3,143,48,146,48,10316,0.018514928266770064,0.009695689737928385,
unsw,unsw,29,False,logistic,random10,0,frozen,0.05,10417,1285,1075,194,138,27,29,146,48,9342,0.00599443374009848,0.10319669770567341,0.009840849172354948
unsw,unsw,29,False,logistic,random10,0,cap,0.05,10417,1285,518,194,117,43,34,146,48,9899,0.007778563491261744,0.04972640875491984,
unsw,unsw,29,False,logistic,random10,0,random,0.05,10417,1285,518,194,13,137,44,146,48,9899,0.018284675219719163,0.04972640875491984,
unsw,unsw,29,False,logistic,random10,0,frozen,0.1,10417,1285,1568,194,152,20,22,146,48,8849,0.004746299016838061,0.15052318325813574,0.004877863942679417
unsw,unsw,29,False,logistic,random10,0,cap,0.1,10417,1285,1040,194,136,30,28,146,48,9377,0.006185347125946465,0.09983680522223289,
unsw,unsw,29,False,logistic,random10,0,random,0.1,10417,1285,1040,194,26,128,40,146,48,9377,0.01791617788205183,0.09983680522223289,
unsw,ton,29,False,logistic,clean,0,forced,0.0,9367,7534,0,7553,0,7505,48,7505,48,9367,0.8063414113376748,0.0,
unsw,ton,29,False,logistic,clean,0,frozen,0.01,9367,7534,197,7553,44,7489,20,7505,48,9170,0.81886586695747,0.021031280025621865,0.1661806910609145
unsw,ton,29,False,logistic,clean,0,cap,0.01,9367,7534,78,7553,37,7472,44,7505,48,9289,0.8091290774033804,0.008327105796946729,
unsw,ton,29,False,logistic,clean,0,random,0.01,9367,7534,78,7553,70,7435,48,7505,48,9289,0.8055764883195177,0.008327105796946729,
unsw,ton,29,False,logistic,clean,0,frozen,0.05,9367,7534,270,7553,67,7472,14,7505,48,9097,0.8229086512036935,0.028824596989430983,0.009840849172354948
unsw,ton,29,False,logistic,clean,0,cap,0.05,9367,7534,454,7553,284,7241,28,7505,48,8913,0.8155503197576573,0.04846802604889506,
unsw,ton,29,False,logistic,clean,0,random,0.05,9367,7534,454,7553,377,7129,47,7505,48,8913,0.8051161225176708,0.04846802604889506,
unsw,ton,29,False,logistic,clean,0,frozen,0.1,9367,7534,297,7553,72,7468,13,7505,48,9070,0.8248070562293275,0.03170705668837408,0.004877863942679417
unsw,ton,29,False,logistic,clean,0,cap,0.1,9367,7534,921,7553,632,6900,21,7505,48,8446,0.8194411555766044,0.0983239030639479,
unsw,ton,29,False,logistic,clean,0,random,0.1,9367,7534,921,7553,750,6757,46,7505,48,8446,0.805470044991712,0.0983239030639479,
unsw,ton,29,False,logistic,temporal,0,forced,0.0,9367,7534,0,7544,0,7527,17,7527,17,9367,0.8053805914380271,0.0,
unsw,ton,29,False,logistic,temporal,0,frozen,0.01,9367,7534,45,7544,33,7497,14,7527,17,9322,0.8057283844668526,0.0048040994982384965,0.1661806910609145
unsw,ton,29,False,logistic,temporal,0,cap,0.01,9367,7534,78,7544,51,7477,16,7527,17,9289,0.8066530304661428,0.008327105796946729,
unsw,ton,29,False,logistic,temporal,0,random,0.01,9367,7534,78,7544,70,7457,17,7527,17,9289,0.8046076003875552,0.008327105796946729,
unsw,ton,29,False,logistic,temporal,0,frozen,0.05,9367,7534,80,7544,50,7482,12,7527,17,9287,0.806934424464305,0.008540621330201772,0.009840849172354948
unsw,ton,29,False,logistic,temporal,0,cap,0.05,9367,7534,454,7544,276,7255,13,7527,17,8913,0.8154381240884102,0.04846802604889506,
unsw,ton,29,False,logistic,temporal,0,random,0.05,9367,7534,454,7544,377,7150,17,7527,17,8913,0.8041063614944464,0.04846802604889506,
unsw,ton,29,False,logistic,temporal,0,frozen,0.1,9367,7534,94,7544,52,7480,12,7527,17,9273,0.8079370214601531,0.010035230062987082,0.004877863942679417
unsw,ton,29,False,logistic,temporal,0,cap,0.1,9367,7534,921,7544,617,6917,10,7527,17,8446,0.8201515510300734,0.0983239030639479,
unsw,ton,29,False,logistic,temporal,0,random,0.1,9367,7534,921,7544,748,6779,17,7527,17,8446,0.8046412502959981,0.0983239030639479,
unsw,ton,29,False,logistic,size,0,forced,0.0,9367,7534,0,7575,0,7523,52,7523,52,9367,0.8086900822034803,0.0,
unsw,ton,29,False,logistic,size,0,frozen,0.01,9367,7534,207,7575,52,7485,38,7523,52,9160,0.8212882096069869,0.022098857691897084,0.1661806910609145
unsw,ton,29,False,logistic,size,0,cap,0.01,9367,7534,78,7575,45,7478,52,7523,52,9289,0.8106362364086555,0.008327105796946729,
unsw,ton,29,False,logistic,size,0,random,0.01,9367,7534,78,7575,70,7453,52,7523,52,9289,0.8079448810420928,0.008327105796946729,
unsw,ton,29,False,logistic,size,0,frozen,0.05,9367,7534,492,7575,98,7463,14,7523,52,8875,0.8424788732394366,0.0525248211807409,0.009840849172354948
unsw,ton,29,False,logistic,size,0,cap,0.05,9367,7534,454,7575,288,7241,46,7523,52,8913,0.8175698418041064,0.04846802604889506,
unsw,ton,29,False,logistic,size,0,random,0.05,9367,7534,454,7575,379,7146,50,7523,52,8913,0.8073600359026142,0.04846802604889506,
unsw,ton,29,False,logistic,size,0,frozen,0.1,9367,7534,594,7575,114,7447,14,7523,52,8773,0.8504502450701015,0.06341411337674815,0.004877863942679417
unsw,ton,29,False,logistic,size,0,cap,0.1,9367,7534,921,7575,641,6895,39,7523,52,8446,0.8209803457257874,0.0983239030639479,
unsw,ton,29,False,logistic,size,0,random,0.1,9367,7534,921,7575,750,6777,48,7523,52,8446,0.8080748283210988,0.0983239030639479,
unsw,ton,29,False,logistic,tcp,0,forced,0.0,9367,7534,0,7303,0,7259,44,7259,44,9367,0.7796519696807943,0.0,
unsw,ton,29,False,logistic,tcp,0,frozen,0.01,9367,7534,97,7303,56,7229,18,7259,44,9270,0.7817691477885652,0.01035550336286965,0.1661806910609145
unsw,ton,29,False,logistic,tcp,0,cap,0.01,9367,7534,78,7303,42,7223,38,7259,44,9289,0.7816772526644418,0.008327105796946729,
unsw,ton,29,False,logistic,tcp,0,random,0.01,9367,7534,78,7303,70,7189,44,7259,44,9289,0.7786629346538917,0.008327105796946729,
unsw,ton,29,False,logistic,tcp,0,frozen,0.05,9367,7534,309,7303,91,7199,13,7259,44,9058,0.7962022521527932,0.03298814988790434,0.009840849172354948
unsw,ton,29,False,logistic,tcp,0,cap,0.05,9367,7534,454,7303,289,6988,26,7259,44,8913,0.7869404240996297,0.04846802604889506,
unsw,ton,29,False,logistic,tcp,0,random,0.05,9367,7534,454,7303,371,6889,43,7259,44,8913,0.7777403792213621,0.04846802604889506,
unsw,ton,29,False,logistic,tcp,0,frozen,0.1,9367,7534,466,7303,102,7189,12,7259,44,8901,0.8090102235703853,0.04974911924842532,0.004877863942679417
unsw,ton,29,False,logistic,tcp,0,cap,0.1,9367,7534,921,7303,682,6607,14,7259,44,8446,0.7839213829031494,0.0983239030639479,
unsw,ton,29,False,logistic,tcp,0,random,0.1,9367,7534,921,7303,729,6532,42,7259,44,8446,0.7783566185176415,0.0983239030639479,
unsw,ton,29,False,logistic,temporal+tcp,0,forced,0.0,9367,7534,0,7265,0,7250,15,7250,15,9367,0.7755951745489484,0.0,
unsw,ton,29,False,logistic,temporal+tcp,0,frozen,0.01,9367,7534,287,7265,13,7239,13,7250,15,9080,0.7986784140969163,0.030639479022098858,0.1661806910609145
unsw,ton,29,False,logistic,temporal+tcp,0,cap,0.01,9367,7534,78,7265,48,7202,15,7250,15,9289,0.7769404672192917,0.008327105796946729,
unsw,ton,29,False,logistic,temporal+tcp,0,random,0.01,9367,7534,78,7265,70,7180,15,7250,15,9289,0.7745720744967165,0.008327105796946729,
unsw,ton,29,False,logistic,temporal+tcp,0,frozen,0.05,9367,7534,360,7265,53,7201,11,7250,15,9007,0.8007105584545353,0.03843279598590797,0.009840849172354948
unsw,ton,29,False,logistic,temporal+tcp,0,cap,0.05,9367,7534,454,7265,231,7023,11,7250,15,8913,0.7891843374845731,0.04846802604889506,
unsw,ton,29,False,logistic,temporal+tcp,0,random,0.05,9367,7534,454,7265,368,6882,15,7250,15,8913,0.7738135307977112,0.04846802604889506,
unsw,ton,29,False,logistic,temporal+tcp,0,frozen,0.1,9367,7534,390,7265,58,7198,9,7250,15,8977,0.8028294530466749,0.04163552898473364,0.004877863942679417
unsw,ton,29,False,logistic,temporal+tcp,0,cap,0.1,9367,7534,921,7265,573,6686,6,7250,15,8446,0.7923277291025338,0.0983239030639479,
unsw,ton,29,False,logistic,temporal+tcp,0,random,0.1,9367,7534,921,7265,725,6525,15,7250,15,8446,0.7743310442813166,0.0983239030639479,
unsw,ton,29,False,logistic,random10,0,forced,0.0,9367,7534,0,7235,0,7074,161,7074,161,9367,0.7723924415501228,0.0,
unsw,ton,29,False,logistic,random10,0,frozen,0.01,9367,7534,417,7235,179,6947,109,7074,161,8950,0.7883798882681564,0.044517988683676735,0.1661806910609145
unsw,ton,29,False,logistic,random10,0,cap,0.01,9367,7534,78,7235,43,7035,157,7074,161,9289,0.774249111852729,0.008327105796946729,
unsw,ton,29,False,logistic,random10,0,random,0.01,9367,7534,78,7235,66,7008,161,7074,161,9289,0.7717730649154915,0.008327105796946729,
unsw,ton,29,False,logistic,random10,0,frozen,0.05,9367,7534,894,7235,405,6748,82,7074,161,8473,0.8060899327274873,0.0954414433650048,0.009840849172354948
unsw,ton,29,False,logistic,random10,0,cap,0.05,9367,7534,454,7235,213,6899,123,7074,161,8913,0.7878379894536071,0.04846802604889506,
unsw,ton,29,False,logistic,random10,0,random,0.05,9367,7534,454,7235,362,6721,152,7074,161,8913,0.7711208347357792,0.04846802604889506,
unsw,ton,29,False,logistic,random10,0,frozen,0.1,9367,7534,1017,7235,474,6689,72,7074,161,8350,0.8097005988023952,0.10857264866019004,0.004877863942679417
unsw,ton,29,False,logistic,random10,0,cap,0.1,9367,7534,921,7235,468,6675,92,7074,161,8446,0.8012076722708975,0.0983239030639479,
unsw,ton,29,False,logistic,random10,0,random,0.1,9367,7534,921,7235,719,6368,148,7074,161,8446,0.7714894624674402,0.0983239030639479,
unsw,cic,29,False,logistic,clean,0,forced,0.0,12192,306,0,2811,0,247,2564,247,2564,12192,0.23056102362204725,0.0,
unsw,cic,29,False,logistic,clean,0,frozen,0.01,12192,306,309,2811,151,242,2418,247,2564,11883,0.22384919633089287,0.025344488188976378,0.1661806910609145
unsw,cic,29,False,logistic,clean,0,cap,0.01,12192,306,110,2811,54,244,2513,247,2564,12082,0.228190696904486,0.00902230971128609,
unsw,cic,29,False,logistic,clean,0,random,0.01,12192,306,110,2811,19,243,2549,247,2564,12082,0.2310875682833968,0.00902230971128609,
unsw,cic,29,False,logistic,clean,0,frozen,0.05,12192,306,848,2811,349,239,2223,247,2564,11344,0.21703102961918194,0.06955380577427822,0.009840849172354948
unsw,cic,29,False,logistic,clean,0,cap,0.05,12192,306,599,2811,241,239,2331,247,2564,11593,0.22168549987061156,0.04913057742782152,
unsw,cic,29,False,logistic,clean,0,random,0.05,12192,306,599,2811,130,228,2453,247,2564,11593,0.23126024325023722,0.04913057742782152,
unsw,cic,29,False,logistic,clean,0,frozen,0.1,12192,306,1294,2811,469,233,2109,247,2564,10898,0.21490181684712792,0.10613517060367454,0.004877863942679417
unsw,cic,29,False,logistic,clean,0,cap,0.1,12192,306,1210,2811,452,234,2125,247,2564,10982,0.2148060462575123,0.09924540682414698,
unsw,cic,29,False,logistic,clean,0,random,0.1,12192,306,1210,2811,256,212,2343,247,2564,10982,0.23265343289018395,0.09924540682414698,
unsw,cic,29,False,logistic,temporal,0,forced,0.0,12192,306,0,2977,0,251,2726,251,2726,12192,0.2441765091863517,0.0,
unsw,cic,29,False,logistic,temporal,0,frozen,0.01,12192,306,977,2977,813,250,1914,251,2726,11215,0.1929558626839055,0.08013451443569554,0.1661806910609145
unsw,cic,29,False,logistic,temporal,0,cap,0.01,12192,306,110,2977,81,250,2646,251,2726,12082,0.23969541466644595,0.00902230971128609,
unsw,cic,29,False,logistic,temporal,0,random,0.01,12192,306,110,2977,22,247,2708,251,2726,12082,0.24457871213375268,0.00902230971128609,
unsw,cic,29,False,logistic,temporal,0,frozen,0.05,12192,306,1627,2977,1241,246,1490,251,2726,10565,0.16431613819214388,0.1334481627296588,0.009840849172354948
unsw,cic,29,False,logistic,temporal,0,cap,0.05,12192,306,599,2977,500,250,2227,251,2726,11593,0.21366341757957388,0.04913057742782152,
unsw,cic,29,False,logistic,temporal,0,random,0.05,12192,306,599,2977,138,232,2607,251,2726,11593,0.2448891572500647,0.04913057742782152,
unsw,cic,29,False,logistic,temporal,0,frozen,0.1,12192,306,1769,2977,1354,246,1377,251,2726,10423,0.15571332629761106,0.1450951443569554,0.004877863942679417
unsw,cic,29,False,logistic,temporal,0,cap,0.1,12192,306,1210,2977,991,249,1737,251,2726,10982,0.18084137679839737,0.09924540682414698,
unsw,cic,29,False,logistic,temporal,0,random,0.1,12192,306,1210,2977,279,215,2483,251,2726,10982,0.24567474048442905,0.09924540682414698,
unsw,cic,29,False,logistic,size,0,forced,0.0,12192,306,0,2740,0,246,2494,246,2494,12192,0.22473753280839895,0.0,
unsw,cic,29,False,logistic,size,0,frozen,0.01,12192,306,552,2740,188,239,2313,246,2494,11640,0.21924398625429553,0.045275590551181105,0.1661806910609145
unsw,cic,29,False,logistic,size,0,cap,0.01,12192,306,110,2740,74,246,2420,246,2494,12082,0.220658831319318,0.00902230971128609,
unsw,cic,29,False,logistic,size,0,random,0.01,12192,306,110,2740,19,242,2479,246,2494,12082,0.22521105777189207,0.00902230971128609,
unsw,cic,29,False,logistic,size,0,frozen,0.05,12192,306,2274,2740,743,215,1782,246,2494,9918,0.20135107884654163,0.18651574803149606,0.009840849172354948
unsw,cic,29,False,logistic,size,0,cap,0.05,12192,306,599,2740,194,237,2309,246,2494,11593,0.21961528508582764,0.04913057742782152,
unsw,cic,29,False,logistic,size,0,random,0.05,12192,306,599,2740,127,227,2386,246,2494,11593,0.22539463469334944,0.04913057742782152,
unsw,cic,29,False,logistic,size,0,frozen,0.1,12192,306,2894,2740,896,186,1658,246,2494,9298,0.19832221983222198,0.2373687664041995,0.004877863942679417
unsw,cic,29,False,logistic,size,0,cap,0.1,12192,306,1210,2740,344,227,2169,246,2494,10982,0.21817519577490438,0.09924540682414698,
unsw,cic,29,False,logistic,size,0,random,0.1,12192,306,1210,2740,253,211,2276,246,2494,10982,0.22646148242578765,0.09924540682414698,
unsw,cic,29,False,logistic,tcp,0,forced,0.0,12192,306,0,2796,0,247,2549,247,2549,12192,0.22933070866141733,0.0,
unsw,cic,29,False,logistic,tcp,0,frozen,0.01,12192,306,264,2796,141,243,2412,247,2549,11928,0.22258551307847083,0.021653543307086614,0.1661806910609145
unsw,cic,29,False,logistic,tcp,0,cap,0.01,12192,306,110,2796,63,245,2488,247,2549,12082,0.22620427081609004,0.00902230971128609,
unsw,cic,29,False,logistic,tcp,0,random,0.01,12192,306,110,2796,19,243,2534,247,2549,12082,0.2298460519781493,0.00902230971128609,
unsw,cic,29,False,logistic,tcp,0,frozen,0.05,12192,306,1042,2796,484,236,2076,247,2549,11150,0.2073542600896861,0.08546587926509186,0.009840849172354948
unsw,cic,29,False,logistic,tcp,0,cap,0.05,12192,306,599,2796,293,239,2264,247,2549,11593,0.2159061502630898,0.04913057742782152,
unsw,cic,29,False,logistic,tcp,0,random,0.05,12192,306,599,2796,128,227,2441,247,2549,11593,0.23013887690847926,0.04913057742782152,
unsw,cic,29,False,logistic,tcp,0,frozen,0.1,12192,306,1490,2796,757,231,1808,247,2549,10702,0.1905251354886937,0.12221128608923884,0.004877863942679417
unsw,cic,29,False,logistic,tcp,0,cap,0.1,12192,306,1210,2796,592,236,1968,247,2549,10982,0.20069204152249134,0.09924540682414698,
unsw,cic,29,False,logistic,tcp,0,random,0.1,12192,306,1210,2796,257,211,2328,247,2549,10982,0.23119650336914951,0.09924540682414698,
unsw,cic,29,False,logistic,temporal+tcp,0,forced,0.0,12192,306,0,3051,0,252,2799,252,2799,12192,0.250246062992126,0.0,
unsw,cic,29,False,logistic,temporal+tcp,0,frozen,0.01,12192,306,1376,3051,1158,248,1645,252,2799,10816,0.17501849112426035,0.11286089238845144,0.1661806910609145
unsw,cic,29,False,logistic,temporal+tcp,0,cap,0.01,12192,306,110,3051,60,251,2740,252,2799,12082,0.24755835126634662,0.00902230971128609,
unsw,cic,29,False,logistic,temporal+tcp,0,random,0.01,12192,306,110,3051,21,248,2782,252,2799,12082,0.25078629365999006,0.00902230971128609,
unsw,cic,29,False,logistic,temporal+tcp,0,frozen,0.05,12192,306,2021,3051,1671,246,1134,252,2799,10171,0.13567987415200078,0.16576443569553806,0.009840849172354948
unsw,cic,29,False,logistic,temporal+tcp,0,cap,0.05,12192,306,599,3051,470,250,2331,252,2799,11593,0.22263434831363754,0.04913057742782152,
unsw,cic,29,False,logistic,temporal+tcp,0,random,0.05,12192,306,599,3051,140,232,2679,252,2799,11593,0.2510998016044165,0.04913057742782152,
unsw,cic,29,False,logistic,temporal+tcp,0,frozen,0.1,12192,306,2322,3051,1915,246,890,252,2799,9870,0.11509625126646403,0.1904527559055118,0.004877863942679417
unsw,cic,29,False,logistic,temporal+tcp,0,cap,0.1,12192,306,1210,3051,1008,248,1795,252,2799,10982,0.1860316882170825,0.09924540682414698,
unsw,cic,29,False,logistic,temporal+tcp,0,random,0.1,12192,306,1210,3051,286,215,2550,252,2799,10982,0.2517756328537607,0.09924540682414698,
unsw,cic,29,False,logistic,random10,0,forced,0.0,12192,306,0,2880,0,247,2633,247,2633,12192,0.23622047244094488,0.0,
unsw,cic,29,False,logistic,random10,0,frozen,0.01,12192,306,778,2880,360,236,2284,247,2633,11414,0.2207814964079201,0.06381233595800526,0.1661806910609145
unsw,cic,29,False,logistic,random10,0,cap,0.01,12192,306,110,2880,48,247,2585,247,2633,12082,0.2343982784307234,0.00902230971128609,
unsw,cic,29,False,logistic,random10,0,random,0.01,12192,306,110,2880,20,243,2617,247,2633,12082,0.236715775533852,0.00902230971128609,
unsw,cic,29,False,logistic,random10,0,frozen,0.05,12192,306,1948,2880,811,224,1845,247,2633,10244,0.20197188598203827,0.1597769028871391,0.009840849172354948
unsw,cic,29,False,logistic,random10,0,cap,0.05,12192,306,599,2880,284,239,2357,247,2633,11593,0.2239282325541275,0.04913057742782152,
unsw,cic,29,False,logistic,random10,0,random,0.05,12192,306,599,2880,153,229,2498,247,2633,11593,0.23522815492107307,0.04913057742782152,
unsw,cic,29,False,logistic,random10,0,frozen,0.1,12192,306,2286,2880,946,215,1719,247,2633,9906,0.19523521098324248,0.1875,0.004877863942679417
unsw,cic,29,False,logistic,random10,0,cap,0.1,12192,306,1210,2880,520,234,2126,247,2633,10982,0.21489710435257695,0.09924540682414698,
unsw,cic,29,False,logistic,random10,0,random,0.1,12192,306,1210,2880,276,213,2391,247,2633,10982,0.23711527954835185,0.09924540682414698,
unsw,unsw,29,False,forest,clean,0,forced,0.0,10417,1285,0,11,0,6,5,6,5,10417,0.0010559662090813093,0.0,
unsw,unsw,29,False,forest,clean,0,frozen,0.01,10417,1285,93,11,11,0,0,6,5,10324,0.0,0.00892771431314198,0.0848736349388799
unsw,unsw,29,False,forest,clean,0,cap,0.01,10417,1285,101,11,10,0,1,6,5,10316,9.693679720822024e-05,0.009695689737928385,
unsw,unsw,29,False,forest,clean,0,random,0.01,10417,1285,101,11,0,6,5,6,5,10316,0.0010663047692904227,0.009695689737928385,
unsw,unsw,29,False,forest,clean,0,frozen,0.05,10417,1285,493,11,11,0,0,6,5,9924,0.0,0.04732648555246232,0.028909645795073935
unsw,unsw,29,False,forest,clean,0,cap,0.05,10417,1285,518,11,11,0,0,6,5,9899,0.0,0.04972640875491984,
unsw,unsw,29,False,forest,clean,0,random,0.05,10417,1285,518,11,0,6,5,6,5,9899,0.0011112233558945347,0.04972640875491984,
unsw,unsw,29,False,forest,clean,0,frozen,0.1,10417,1285,888,11,11,0,0,6,5,9529,0.0,0.08524527215129116,0.011691857964324592
unsw,unsw,29,False,forest,clean,0,cap,0.1,10417,1285,1040,11,11,0,0,6,5,9377,0.0,0.09983680522223289,
unsw,unsw,29,False,forest,clean,0,random,0.1,10417,1285,1040,11,0,6,5,6,5,9377,0.0011730830756105364,0.09983680522223289,
unsw,unsw,29,False,forest,temporal,0,forced,0.0,10417,1285,0,11,0,7,4,7,4,10417,0.0010559662090813093,0.0,
unsw,unsw,29,False,forest,temporal,0,frozen,0.01,10417,1285,1131,11,11,0,0,7,4,9286,0.0,0.10857252567917827,0.0848736349388799
unsw,unsw,29,False,forest,temporal,0,cap,0.01,10417,1285,101,11,10,0,1,7,4,10316,9.693679720822024e-05,0.009695689737928385,
unsw,unsw,29,False,forest,temporal,0,random,0.01,10417,1285,101,11,0,7,4,7,4,10316,0.0010663047692904227,0.009695689737928385,
unsw,unsw,29,False,forest,temporal,0,frozen,0.05,10417,1285,1391,11,11,0,0,7,4,9026,0.0,0.13353172698473648,0.028909645795073935
unsw,unsw,29,False,forest,temporal,0,cap,0.05,10417,1285,518,11,11,0,0,7,4,9899,0.0,0.04972640875491984,
unsw,unsw,29,False,forest,temporal,0,random,0.05,10417,1285,518,11,0,7,4,7,4,9899,0.0011112233558945347,0.04972640875491984,
unsw,unsw,29,False,forest,temporal,0,frozen,0.1,10417,1285,2002,11,11,0,0,7,4,8415,0.0,0.1921858500527983,0.011691857964324592
unsw,unsw,29,False,forest,temporal,0,cap,0.1,10417,1285,1040,11,11,0,0,7,4,9377,0.0,0.09983680522223289,
unsw,unsw,29,False,forest,temporal,0,random,0.1,10417,1285,1040,11,0,7,4,7,4,9377,0.0011730830756105364,0.09983680522223289,
unsw,unsw,29,False,forest,size,0,forced,0.0,10417,1285,0,148,0,146,2,146,2,10417,0.014207545358548526,0.0,
unsw,unsw,29,False,forest,size,0,frozen,0.01,10417,1285,1551,148,148,0,0,146,2,8866,0.0,0.14889123548046462,0.0848736349388799
unsw,unsw,29,False,forest,size,0,cap,0.01,10417,1285,101,148,49,98,1,146,2,10316,0.009596742923613804,0.009695689737928385,
unsw,unsw,29,False,forest,size,0,random,0.01,10417,1285,101,148,1,145,2,146,2,10316,0.014249709189608375,0.009695689737928385,
unsw,unsw,29,False,forest,size,0,frozen,0.05,10417,1285,2000,148,148,0,0,146,2,8417,0.0,0.1919938561966017,0.028909645795073935
unsw,unsw,29,False,forest,size,0,cap,0.05,10417,1285,518,148,146,1,1,146,2,9899,0.0002020406101626427,0.04972640875491984,
unsw,unsw,29,False,forest,size,0,random,0.05,10417,1285,518,148,5,141,2,146,2,9899,0.014445903626628953,0.04972640875491984,
unsw,unsw,29,False,forest,size,0,frozen,0.1,10417,1285,2195,148,148,0,0,146,2,8222,0.0,0.21071325717577039,0.011691857964324592
unsw,unsw,29,False,forest,size,0,cap,0.1,10417,1285,1040,148,148,0,0,146,2,9377,0.0,0.09983680522223289,
unsw,unsw,29,False,forest,size,0,random,0.1,10417,1285,1040,148,16,130,2,146,2,9377,0.014076996907326438,0.09983680522223289,
unsw,unsw,29,False,forest,tcp,0,forced,0.0,10417,1285,0,13,0,8,5,8,5,10417,0.0012479600652779111,0.0,
unsw,unsw,29,False,forest,tcp,0,frozen,0.01,10417,1285,1327,13,13,0,0,8,5,9090,0.0,0.12738792358644524,0.0848736349388799
unsw,unsw,29,False,forest,tcp,0,cap,0.01,10417,1285,101,13,12,0,1,8,5,10316,9.693679720822024e-05,0.009695689737928385,
unsw,unsw,29,False,forest,tcp,0,random,0.01,10417,1285,101,13,0,8,5,8,5,10316,0.001260178363706863,0.009695689737928385,
unsw,unsw,29,False,forest,tcp,0,frozen,0.05,10417,1285,1599,13,13,0,0,8,5,8818,0.0,0.15349908802918308,0.028909645795073935
unsw,unsw,29,False,forest,tcp,0,cap,0.05,10417,1285,518,13,13,0,0,8,5,9899,0.0,0.04972640875491984,
unsw,unsw,29,False,forest,tcp,0,random,0.05,10417,1285,518,13,0,8,5,8,5,9899,0.0013132639660571775,0.04972640875491984,
unsw,unsw,29,False,forest,tcp,0,frozen,0.1,10417,1285,1963,13,13,0,0,8,5,8454,0.0,0.18844196985696457,0.011691857964324592
unsw,unsw,29,False,forest,tcp,0,cap,0.1,10417,1285,1040,13,13,0,0,8,5,9377,0.0,0.09983680522223289,
unsw,unsw,29,False,forest,tcp,0,random,0.1,10417,1285,1040,13,0,8,5,8,5,9377,0.0013863709075397248,0.09983680522223289,
unsw,unsw,29,False,forest,temporal+tcp,0,forced,0.0,10417,1285,0,13,0,9,4,9,4,10417,0.0012479600652779111,0.0,
unsw,unsw,29,False,forest,temporal+tcp,0,frozen,0.01,10417,1285,1327,13,13,0,0,9,4,9090,0.0,0.12738792358644524,0.0848736349388799
unsw,unsw,29,False,forest,temporal+tcp,0,cap,0.01,10417,1285,101,13,12,0,1,9,4,10316,9.693679720822024e-05,0.009695689737928385,
unsw,unsw,29,False,forest,temporal+tcp,0,random,0.01,10417,1285,101,13,0,9,4,9,4,10316,0.001260178363706863,0.009695689737928385,
unsw,unsw,29,False,forest,temporal+tcp,0,frozen,0.05,10417,1285,1536,13,13,0,0,9,4,8881,0.0,0.14745128155899012,0.028909645795073935
unsw,unsw,29,False,forest,temporal+tcp,0,cap,0.05,10417,1285,518,13,13,0,0,9,4,9899,0.0,0.04972640875491984,
unsw,unsw,29,False,forest,temporal+tcp,0,random,0.05,10417,1285,518,13,0,9,4,9,4,9899,0.0013132639660571775,0.04972640875491984,
unsw,unsw,29,False,forest,temporal+tcp,0,frozen,0.1,10417,1285,2470,13,13,0,0,9,4,7947,0.0,0.23711241240280312,0.011691857964324592
unsw,unsw,29,False,forest,temporal+tcp,0,cap,0.1,10417,1285,1040,13,13,0,0,9,4,9377,0.0,0.09983680522223289,
unsw,unsw,29,False,forest,temporal+tcp,0,random,0.1,10417,1285,1040,13,0,9,4,9,4,9377,0.0013863709075397248,0.09983680522223289,
unsw,unsw,29,False,forest,random10,0,forced,0.0,10417,1285,0,39,0,35,4,35,4,10417,0.003743880195833733,0.0,
unsw,unsw,29,False,forest,random10,0,frozen,0.01,10417,1285,765,39,39,0,0,35,4,9652,0.0,0.07343764999520015,0.0848736349388799
unsw,unsw,29,False,forest,random10,0,cap,0.01,10417,1285,101,39,32,4,3,35,4,10316,0.0006785575804575417,0.009695689737928385,
unsw,unsw,29,False,forest,random10,0,random,0.01,10417,1285,101,39,0,35,4,35,4,10316,0.003780535091120589,0.009695689737928385,
unsw,unsw,29,False,forest,random10,0,frozen,0.05,10417,1285,1355,39,39,0,0,35,4,9062,0.0,0.13007583757319766,0.028909645795073935
unsw,unsw,29,False,forest,random10,0,cap,0.05,10417,1285,518,39,38,0,1,35,4,9899,0.00010102030508132135,0.04972640875491984,
unsw,unsw,29,False,forest,random10,0,random,0.05,10417,1285,518,39,0,35,4,35,4,9899,0.003939791898171533,0.04972640875491984,
unsw,unsw,29,False,forest,random10,0,frozen,0.1,10417,1285,1831,39,39,0,0,35,4,8586,0.0,0.17577037534798887,0.011691857964324592
unsw,unsw,29,False,forest,random10,0,cap,0.1,10417,1285,1040,39,39,0,0,35,4,9377,0.0,0.09983680522223289,
unsw,unsw,29,False,forest,random10,0,random,0.1,10417,1285,1040,39,1,34,4,35,4,9377,0.00405246880665458,0.09983680522223289,
unsw,ton,29,False,forest,clean,0,forced,0.0,9367,7534,0,6821,0,5871,950,5871,950,9367,0.7281947261663286,0.0,
unsw,ton,29,False,forest,clean,0,frozen,0.01,9367,7534,8745,6821,6215,606,0,5871,950,622,0.9742765273311897,0.9335966691576812,0.0848736349388799
unsw,ton,29,False,forest,clean,0,cap,0.01,9367,7534,78,6821,46,5835,940,5871,950,9289,0.7293573043384648,0.008327105796946729,
unsw,ton,29,False,forest,clean,0,random,0.01,9367,7534,78,6821,61,5814,946,5871,950,9289,0.7277424911185273,0.008327105796946729,
unsw,ton,29,False,forest,clean,0,frozen,0.05,9367,7534,9367,6821,6821,0,0,5871,950,0,,1.0,0.028909645795073935
unsw,ton,29,False,forest,clean,0,cap,0.05,9367,7534,454,6821,382,5534,905,5871,950,8913,0.7224279142825087,0.04846802604889506,
unsw,ton,29,False,forest,clean,0,random,0.05,9367,7534,454,6821,342,5568,911,5871,950,8913,0.7269157410523954,0.04846802604889506,
unsw,ton,29,False,forest,clean,0,frozen,0.1,9367,7534,9367,6821,6821,0,0,5871,950,0,,1.0,0.011691857964324592
unsw,ton,29,False,forest,clean,0,cap,0.1,9367,7534,921,6821,785,5171,865,5871,950,8446,0.7146578261899124,0.0983239030639479,
unsw,ton,29,False,forest,clean,0,random,0.1,9367,7534,921,6821,670,5286,865,5871,950,8446,0.7282737390480701,0.0983239030639479,
unsw,ton,29,False,forest,temporal,0,forced,0.0,9367,7534,0,6842,0,5903,939,5903,939,9367,0.7304366392655066,0.0,
unsw,ton,29,False,forest,temporal,0,frozen,0.01,9367,7534,9202,6842,6682,160,0,5903,939,165,0.9696969696969697,0.9823849685064588,0.0848736349388799
unsw,ton,29,False,forest,temporal,0,cap,0.01,9367,7534,78,6842,35,5871,936,5903,939,9289,0.732802239207665,0.008327105796946729,
unsw,ton,29,False,forest,temporal,0,random,0.01,9367,7534,78,6842,64,5843,935,5903,939,9289,0.7296802669824524,0.008327105796946729,
unsw,ton,29,False,forest,temporal,0,frozen,0.05,9367,7534,9366,6842,6841,1,0,5903,939,1,1.0,0.9998932422333725,0.028909645795073935
unsw,ton,29,False,forest,temporal,0,cap,0.05,9367,7534,454,6842,357,5582,903,5903,939,8913,0.7275889150678784,0.04846802604889506,
unsw,ton,29,False,forest,temporal,0,random,0.05,9367,7534,454,6842,345,5596,901,5903,939,8913,0.7289352630988444,0.04846802604889506,
unsw,ton,29,False,forest,temporal,0,frozen,0.1,9367,7534,9367,6842,6842,0,0,5903,939,0,,1.0,0.011691857964324592
unsw,ton,29,False,forest,temporal,0,cap,0.1,9367,7534,921,6842,781,5198,863,5903,939,8446,0.7176178072460336,0.0983239030639479,
unsw,ton,29,False,forest,temporal,0,random,0.1,9367,7534,921,6842,673,5314,855,5903,939,8446,0.7304049254084773,0.0983239030639479,
unsw,ton,29,False,forest,size,0,forced,0.0,9367,7534,0,7394,0,7191,203,7191,203,9367,0.7893669264438988,0.0,
unsw,ton,29,False,forest,size,0,frozen,0.01,9367,7534,9361,7394,7391,3,0,7191,203,6,0.5,0.9993594534002349,0.0848736349388799
unsw,ton,29,False,forest,size,0,cap,0.01,9367,7534,78,7394,51,7172,171,7191,203,9289,0.7905048982667672,0.008327105796946729,
unsw,ton,29,False,forest,size,0,random,0.01,9367,7534,78,7394,69,7122,203,7191,203,9289,0.7885671224028421,0.008327105796946729,
unsw,ton,29,False,forest,size,0,frozen,0.05,9367,7534,9365,7394,7393,1,0,7191,203,2,0.5,0.999786484466745,0.028909645795073935
unsw,ton,29,False,forest,size,0,cap,0.05,9367,7534,454,7394,240,6998,156,7191,203,8913,0.8026478177942331,0.04846802604889506,
unsw,ton,29,False,forest,size,0,random,0.05,9367,7534,454,7394,370,6827,197,7191,203,8913,0.7880623807921014,0.04846802604889506,
unsw,ton,29,False,forest,size,0,frozen,0.1,9367,7534,9367,7394,7394,0,0,7191,203,0,,1.0,0.011691857964324592
unsw,ton,29,False,forest,size,0,cap,0.1,9367,7534,921,7394,638,6615,141,7191,203,8446,0.7999052806062041,0.0983239030639479,
unsw,ton,29,False,forest,size,0,random,0.1,9367,7534,921,7394,739,6471,184,7191,203,8446,0.7879469571394743,0.0983239030639479,
unsw,ton,29,False,forest,tcp,0,forced,0.0,9367,7534,0,6850,0,5894,956,5894,956,9367,0.7312907013985267,0.0,
unsw,ton,29,False,forest,tcp,0,frozen,0.01,9367,7534,8693,6850,6194,656,0,5894,956,674,0.973293768545994,0.9280452652930501,0.0848736349388799
unsw,ton,29,False,forest,tcp,0,cap,0.01,9367,7534,78,6850,59,5843,948,5894,956,9289,0.7310797717730649,0.008327105796946729,
unsw,ton,29,False,forest,tcp,0,random,0.01,9367,7534,78,6850,61,5837,952,5894,956,9289,0.7308644633437399,0.008327105796946729,
unsw,ton,29,False,forest,tcp,0,frozen,0.05,9367,7534,9367,6850,6850,0,0,5894,956,0,,1.0,0.028909645795073935
unsw,ton,29,False,forest,tcp,0,cap,0.05,9367,7534,454,6850,405,5534,911,5894,956,8913,0.7231010882979917,0.04846802604889506,
unsw,ton,29,False,forest,tcp,0,random,0.05,9367,7534,454,6850,344,5589,917,5894,956,8913,0.7299450241220689,0.04846802604889506,
unsw,ton,29,False,forest,tcp,0,frozen,0.1,9367,7534,9367,6850,6850,0,0,5894,956,0,,1.0,0.011691857964324592
unsw,ton,29,False,forest,tcp,0,cap,0.1,9367,7534,921,6850,814,5172,864,5894,956,8446,0.7146578261899124,0.0983239030639479,
unsw,ton,29,False,forest,tcp,0,random,0.1,9367,7534,921,6850,672,5307,871,5894,956,8446,0.7314705185886811,0.0983239030639479,
unsw,ton,29,False,forest,temporal+tcp,0,forced,0.0,9367,7534,0,6853,0,5916,937,5916,937,9367,0.7316109746984093,0.0,
unsw,ton,29,False,forest,temporal+tcp,0,frozen,0.01,9367,7534,9196,6853,6693,160,0,5916,937,171,0.935672514619883,0.9817444219066938,0.0848736349388799
unsw,ton,29,False,forest,temporal+tcp,0,cap,0.01,9367,7534,78,6853,31,5886,936,5916,937,9289,0.7344170524276026,0.008327105796946729,
unsw,ton,29,False,forest,temporal+tcp,0,random,0.01,9367,7534,78,6853,62,5858,933,5916,937,9289,0.7310797717730649,0.008327105796946729,
unsw,ton,29,False,forest,temporal+tcp,0,frozen,0.05,9367,7534,9367,6853,6853,0,0,5916,937,0,,1.0,0.028909645795073935
unsw,ton,29,False,forest,temporal+tcp,0,cap,0.05,9367,7534,454,6853,371,5580,902,5916,937,8913,0.7272523280601368,0.04846802604889506,
unsw,ton,29,False,forest,temporal+tcp,0,random,0.05,9367,7534,454,6853,344,5610,899,5916,937,8913,0.7302816111298104,0.04846802604889506,
unsw,ton,29,False,forest,temporal+tcp,0,frozen,0.1,9367,7534,9367,6853,6853,0,0,5916,937,0,,1.0,0.011691857964324592
unsw,ton,29,False,forest,temporal+tcp,0,cap,0.1,9367,7534,921,6853,799,5192,862,5916,937,8446,0.7167890125503197,0.0983239030639479,
unsw,ton,29,False,forest,temporal+tcp,0,random,0.1,9367,7534,921,6853,671,5328,854,5916,937,8446,0.7319441155576605,0.0983239030639479,
unsw,ton,29,False,forest,random10,0,forced,0.0,9367,7534,0,6897,0,6050,847,6050,847,9367,0.7363083164300203,0.0,
unsw,ton,29,False,forest,random10,0,frozen,0.01,9367,7534,9071,6897,6614,283,0,6050,847,296,0.956081081081081,0.9683997010782535,0.0848736349388799
unsw,ton,29,False,forest,random10,0,cap,0.01,9367,7534,78,6897,42,6011,844,6050,847,9289,0.7379696415114652,0.008327105796946729,
unsw,ton,29,False,forest,random10,0,random,0.01,9367,7534,78,6897,61,5993,843,6050,847,9289,0.7359242114328776,0.008327105796946729,
unsw,ton,29,False,forest,random10,0,frozen,0.05,9367,7534,9352,6897,6884,13,0,6050,847,15,0.8666666666666667,0.9983986335005872,0.028909645795073935
unsw,ton,29,False,forest,random10,0,cap,0.05,9367,7534,454,6897,307,5793,797,6050,847,8913,0.7393694603388309,0.04846802604889506,
unsw,ton,29,False,forest,random10,0,random,0.05,9367,7534,454,6897,346,5740,811,6050,847,8913,0.7349938292381915,0.04846802604889506,
unsw,ton,29,False,forest,random10,0,frozen,0.1,9367,7534,9365,6897,6895,2,0,6050,847,2,1.0,0.999786484466745,0.011691857964324592
unsw,ton,29,False,forest,random10,0,cap,0.1,9367,7534,921,6897,678,5462,757,6050,847,8446,0.7363248875207199,0.0983239030639479,
unsw,ton,29,False,forest,random10,0,random,0.1,9367,7534,921,6897,681,5445,771,6050,847,8446,0.7359696897939854,0.0983239030639479,
unsw,cic,29,False,forest,clean,0,forced,0.0,12192,306,0,9510,0,81,9429,81,9429,12192,0.78001968503937,0.0,
unsw,cic,29,False,forest,clean,0,frozen,0.01,12192,306,12067,9510,9506,4,0,81,9429,125,0.032,0.989747375328084,0.0848736349388799
unsw,cic,29,False,forest,clean,0,cap,0.01,12192,306,110,9510,59,78,9373,81,9429,12082,0.7822380400595927,0.00902230971128609,
unsw,cic,29,False,forest,clean,0,random,0.01,12192,306,110,9510,87,78,9345,81,9429,12082,0.7799205429564642,0.00902230971128609,
unsw,cic,29,False,forest,clean,0,frozen,0.05,12192,306,12192,9510,9510,0,0,81,9429,0,,1.0,0.028909645795073935
unsw,cic,29,False,forest,clean,0,cap,0.05,12192,306,599,9510,389,76,9045,81,9429,11593,0.7867678771672562,0.04913057742782152,
unsw,cic,29,False,forest,clean,0,random,0.05,12192,306,599,9510,470,74,8966,81,9429,11593,0.7797809022686104,0.04913057742782152,
unsw,cic,29,False,forest,clean,0,frozen,0.1,12192,306,12192,9510,9510,0,0,81,9429,0,,1.0,0.011691857964324592
unsw,cic,29,False,forest,clean,0,cap,0.1,12192,306,1210,9510,692,70,8748,81,9429,10982,0.8029502822800947,0.09924540682414698,
unsw,cic,29,False,forest,clean,0,random,0.1,12192,306,1210,9510,949,71,8490,81,9429,10982,0.7795483518484794,0.09924540682414698,
unsw,cic,29,False,forest,temporal,0,forced,0.0,12192,306,0,9531,0,83,9448,83,9448,12192,0.781742125984252,0.0,
unsw,cic,29,False,forest,temporal,0,frozen,0.01,12192,306,12182,9531,9530,1,0,83,9448,10,0.1,0.9991797900262467,0.0848736349388799
unsw,cic,29,False,forest,temporal,0,cap,0.01,12192,306,110,9531,58,78,9395,83,9448,12082,0.7840589306406224,0.00902230971128609,
unsw,cic,29,False,forest,temporal,0,random,0.01,12192,306,110,9531,88,80,9363,83,9448,12082,0.7815758980301275,0.00902230971128609,
unsw,cic,29,False,forest,temporal,0,frozen,0.05,12192,306,12192,9531,9531,0,0,83,9448,0,,1.0,0.028909645795073935
unsw,cic,29,False,forest,temporal,0,cap,0.05,12192,306,599,9531,366,75,9090,83,9448,11593,0.79056327093936,0.04913057742782152,
unsw,cic,29,False,forest,temporal,0,random,0.05,12192,306,599,9531,472,76,8983,83,9448,11593,0.7814198223065643,0.04913057742782152,
unsw,cic,29,False,forest,temporal,0,frozen,0.1,12192,306,12192,9531,9531,0,0,83,9448,0,,1.0,0.011691857964324592
unsw,cic,29,False,forest,temporal,0,cap,0.1,12192,306,1210,9531,660,70,8801,83,9448,10982,0.8077763613185213,0.09924540682414698,
unsw,cic,29,False,forest,temporal,0,random,0.1,12192,306,1210,9531,952,73,8506,83,9448,10982,0.7811873975596431,0.09924540682414698,
unsw,cic,29,False,forest,size,0,forced,0.0,12192,306,0,406,0,304,102,304,102,12192,0.0333005249343832,0.0,
unsw,cic,29,False,forest,size,0,frozen,0.01,12192,306,12093,406,404,2,0,304,102,99,0.020202020202020204,0.9918799212598425,0.0848736349388799
unsw,cic,29,False,forest,size,0,cap,0.01,12192,306,110,406,7,304,95,304,102,12082,0.03302433371958285,0.00902230971128609,
unsw,cic,29,False,forest,size,0,random,0.01,12192,306,110,406,7,298,101,304,102,12082,0.03302433371958285,0.00902230971128609,
unsw,cic,29,False,forest,size,0,frozen,0.05,12192,306,12131,406,404,2,0,304,102,61,0.03278688524590164,0.994996719160105,0.028909645795073935
unsw,cic,29,False,forest,size,0,cap,0.05,12192,306,599,406,24,298,84,304,102,11593,0.032950918657810746,0.04913057742782152,
unsw,cic,29,False,forest,size,0,random,0.05,12192,306,599,406,29,280,97,304,102,11593,0.03251962391098077,0.04913057742782152,
unsw,cic,29,False,forest,size,0,frozen,0.1,12192,306,12158,406,404,2,0,304,102,34,0.058823529411764705,0.9972112860892388,0.011691857964324592
unsw,cic,29,False,forest,size,0,cap,0.1,12192,306,1210,406,91,291,24,304,102,10982,0.028683299945365143,0.09924540682414698,
unsw,cic,29,False,forest,size,0,random,0.1,12192,306,1210,406,53,261,92,304,102,10982,0.03214350755782189,0.09924540682414698,
unsw,cic,29,False,forest,tcp,0,forced,0.0,12192,306,0,8878,0,102,8776,102,8776,12192,0.7281824146981627,0.0,
unsw,cic,29,False,forest,tcp,0,frozen,0.01,12192,306,11920,8878,8868,10,0,102,8776,272,0.03676470588235294,0.9776902887139107,0.0848736349388799
unsw,cic,29,False,forest,tcp,0,cap,0.01,12192,306,110,8878,48,98,8732,102,8776,12082,0.7308392650223473,0.00902230971128609,
unsw,cic,29,False,forest,tcp,0,random,0.01,12192,306,110,8878,82,98,8698,102,8776,12082,0.7280251613971197,0.00902230971128609,
unsw,cic,29,False,forest,tcp,0,frozen,0.05,12192,306,12192,8878,8878,0,0,102,8776,0,,1.0,0.028909645795073935
unsw,cic,29,False,forest,tcp,0,cap,0.05,12192,306,599,8878,147,87,8644,102,8776,11593,0.7531268869145173,0.04913057742782152,
unsw,cic,29,False,forest,tcp,0,random,0.05,12192,306,599,8878,444,94,8340,102,8776,11593,0.7275079789528164,0.04913057742782152,
unsw,cic,29,False,forest,tcp,0,frozen,0.1,12192,306,12192,8878,8878,0,0,102,8776,0,,1.0,0.011691857964324592
unsw,cic,29,False,forest,tcp,0,cap,0.1,12192,306,1210,8878,209,71,8598,102,8776,10982,0.7893826261154616,0.09924540682414698,
unsw,cic,29,False,forest,tcp,0,random,0.1,12192,306,1210,8878,894,90,7894,102,8776,10982,0.7270078309961756,0.09924540682414698,
unsw,cic,29,False,forest,temporal+tcp,0,forced,0.0,12192,306,0,8831,0,103,8728,103,8728,12192,0.7243274278215223,0.0,
unsw,cic,29,False,forest,temporal+tcp,0,frozen,0.01,12192,306,12157,8831,8829,2,0,103,8728,35,0.05714285714285714,0.9971292650918635,0.0848736349388799
unsw,cic,29,False,forest,temporal+tcp,0,cap,0.01,12192,306,110,8831,44,98,8689,103,8728,12082,0.7272802516139713,0.00902230971128609,
unsw,cic,29,False,forest,temporal+tcp,0,random,0.01,12192,306,110,8831,82,99,8650,103,8728,12082,0.7241350769740109,0.00902230971128609,
unsw,cic,29,False,forest,temporal+tcp,0,frozen,0.05,12192,306,12192,8831,8831,0,0,103,8728,0,,1.0,0.028909645795073935
unsw,cic,29,False,forest,temporal+tcp,0,cap,0.05,12192,306,599,8831,121,85,8625,103,8728,11593,0.7513154489778314,0.04913057742782152,
unsw,cic,29,False,forest,temporal+tcp,0,random,0.05,12192,306,599,8831,443,94,8294,103,8728,11593,0.7235400672819805,0.04913057742782152,
unsw,cic,29,False,forest,temporal+tcp,0,frozen,0.1,12192,306,12192,8831,8831,0,0,103,8728,0,,1.0,0.011691857964324592
unsw,cic,29,False,forest,temporal+tcp,0,cap,0.1,12192,306,1210,8831,168,71,8592,103,8728,10982,0.7888362775450738,0.09924540682414698,
unsw,cic,29,False,forest,temporal+tcp,0,random,0.1,12192,306,1210,8831,888,90,7853,103,8728,10982,0.7232744490985249,0.09924540682414698,
unsw,cic,29,False,forest,random10,0,forced,0.0,12192,306,0,8324,0,120,8204,120,8204,12192,0.6827427821522309,0.0,
unsw,cic,29,False,forest,random10,0,frozen,0.01,12192,306,12115,8324,8322,2,0,120,8204,77,0.025974025974025976,0.9936843832020997,0.0848736349388799
unsw,cic,29,False,forest,random10,0,cap,0.01,12192,306,110,8324,59,120,8145,120,8204,12082,0.684075484191359,0.00902230971128609,
unsw,cic,29,False,forest,random10,0,random,0.01,12192,306,110,8324,79,117,8128,120,8204,12082,0.6824201291176958,0.00902230971128609,
unsw,cic,29,False,forest,random10,0,frozen,0.05,12192,306,12192,8324,8324,0,0,120,8204,0,,1.0,0.028909645795073935
unsw,cic,29,False,forest,random10,0,cap,0.05,12192,306,599,8324,311,114,7899,120,8204,11593,0.6911929612697317,0.04913057742782152,
unsw,cic,29,False,forest,random10,0,random,0.05,12192,306,599,8324,411,112,7801,120,8204,11593,0.682567066333132,0.04913057742782152,
unsw,cic,29,False,forest,random10,0,frozen,0.1,12192,306,12192,8324,8324,0,0,120,8204,0,,1.0,0.011691857964324592
unsw,cic,29,False,forest,random10,0,cap,0.1,12192,306,1210,8324,645,104,7575,120,8204,10982,0.6992351120014569,0.09924540682414698,
unsw,cic,29,False,forest,random10,0,random,0.1,12192,306,1210,8324,833,103,7388,120,8204,10982,0.6821161901293025,0.09924540682414698,
unsw,unsw,29,True,logistic,clean,0,forced,0.0,10417,1285,0,11,0,8,3,8,3,10417,0.0010559662090813093,0.0,
unsw,unsw,29,True,logistic,clean,0,frozen,0.01,10417,1285,97,11,7,2,2,8,3,10320,0.0003875968992248062,0.009311702025535183,0.10021309581669935
unsw,unsw,29,True,logistic,clean,0,cap,0.01,10417,1285,101,11,7,2,2,8,3,10316,0.00038774718883288094,0.009695689737928385,
unsw,unsw,29,True,logistic,clean,0,random,0.01,10417,1285,101,11,0,8,3,8,3,10316,0.0010663047692904227,0.009695689737928385,
unsw,unsw,29,True,logistic,clean,0,frozen,0.05,10417,1285,543,11,8,2,1,8,3,9874,0.00030382823577071097,0.05212633195737736,0.005132755569159375
unsw,unsw,29,True,logistic,clean,0,cap,0.05,10417,1285,518,11,8,2,1,8,3,9899,0.000303060915243964,0.04972640875491984,
unsw,unsw,29,True,logistic,clean,0,random,0.05,10417,1285,518,11,0,8,3,8,3,9899,0.0011112233558945347,0.04972640875491984,
unsw,unsw,29,True,logistic,clean,0,frozen,0.1,10417,1285,1161,11,8,2,1,8,3,9256,0.00032411408815903196,0.11145243352212729,0.0021471212075538926
unsw,unsw,29,True,logistic,clean,0,cap,0.1,10417,1285,1040,11,8,2,1,8,3,9377,0.0003199317478937827,0.09983680522223289,
unsw,unsw,29,True,logistic,clean,0,random,0.1,10417,1285,1040,11,0,8,3,8,3,9377,0.0011730830756105364,0.09983680522223289,
unsw,unsw,29,True,logistic,temporal,0,forced,0.0,10417,1285,0,11,0,8,3,8,3,10417,0.0010559662090813093,0.0,
unsw,unsw,29,True,logistic,temporal,0,frozen,0.01,10417,1285,241,11,7,3,1,8,3,10176,0.00039308176100628933,0.023135259671690507,0.10021309581669935
unsw,unsw,29,True,logistic,temporal,0,cap,0.01,10417,1285,101,11,6,3,2,8,3,10316,0.0004846839860411012,0.009695689737928385,
unsw,unsw,29,True,logistic,temporal,0,random,0.01,10417,1285,101,11,0,8,3,8,3,10316,0.0010663047692904227,0.009695689737928385,
unsw,unsw,29,True,logistic,temporal,0,frozen,0.05,10417,1285,953,11,8,2,1,8,3,9464,0.00031699070160608623,0.09148507247768072,0.005132755569159375
unsw,unsw,29,True,logistic,temporal,0,cap,0.05,10417,1285,518,11,8,2,1,8,3,9899,0.000303060915243964,0.04972640875491984,
unsw,unsw,29,True,logistic,temporal,0,random,0.05,10417,1285,518,11,0,8,3,8,3,9899,0.0011112233558945347,0.04972640875491984,
unsw,unsw,29,True,logistic,temporal,0,frozen,0.1,10417,1285,2083,11,8,2,1,8,3,8334,0.0003599712023038157,0.19996160122876067,0.0021471212075538926
unsw,unsw,29,True,logistic,temporal,0,cap,0.1,10417,1285,1040,11,8,2,1,8,3,9377,0.0003199317478937827,0.09983680522223289,
unsw,unsw,29,True,logistic,temporal,0,random,0.1,10417,1285,1040,11,0,8,3,8,3,9377,0.0011730830756105364,0.09983680522223289,
unsw,unsw,29,True,logistic,size,0,forced,0.0,10417,1285,0,11,0,8,3,8,3,10417,0.0010559662090813093,0.0,
unsw,unsw,29,True,logistic,size,0,frozen,0.01,10417,1285,223,11,6,3,2,8,3,10194,0.0004904845987835982,0.02140731496592109,0.10021309581669935
unsw,unsw,29,True,logistic,size,0,cap,0.01,10417,1285,101,11,2,6,3,8,3,10316,0.0008724311748739822,0.009695689737928385,
unsw,unsw,29,True,logistic,size,0,random,0.01,10417,1285,101,11,0,8,3,8,3,10316,0.0010663047692904227,0.009695689737928385,
unsw,unsw,29,True,logistic,size,0,frozen,0.05,10417,1285,1248,11,8,2,1,8,3,9169,0.000327189442687316,0.11980416626667946,0.005132755569159375
unsw,unsw,29,True,logistic,size,0,cap,0.05,10417,1285,518,11,7,3,1,8,3,9899,0.0004040812203252854,0.04972640875491984,
unsw,unsw,29,True,logistic,size,0,random,0.05,10417,1285,518,11,0,8,3,8,3,9899,0.0011112233558945347,0.04972640875491984,
unsw,unsw,29,True,logistic,size,0,frozen,0.1,10417,1285,2414,11,8,2,1,8,3,8003,0.000374859427714607,0.23173658442929826,0.0021471212075538926
unsw,unsw,29,True,logistic,size,0,cap,0.1,10417,1285,1040,11,8,2,1,8,3,9377,0.0003199317478937827,0.09983680522223289,
unsw,unsw,29,True,logistic,size,0,random,0.1,10417,1285,1040,11,0,8,3,8,3,9377,0.0011730830756105364,0.09983680522223289,
unsw,unsw,29,True,logistic,tcp,0,forced,0.0,10417,1285,0,23,0,20,3,20,3,10417,0.0022079293462609196,0.0,
unsw,unsw,29,True,logistic,tcp,0,frozen,0.01,10417,1285,300,23,13,8,2,20,3,10117,0.0009884353069091628,0.028799078429490255,0.10021309581669935
unsw,unsw,29,True,logistic,tcp,0,cap,0.01,10417,1285,101,23,12,8,3,20,3,10316,0.0010663047692904227,0.009695689737928385,
unsw,unsw,29,True,logistic,tcp,0,random,0.01,10417,1285,101,23,0,20,3,20,3,10316,0.0022295463357890656,0.009695689737928385,
unsw,unsw,29,True,logistic,tcp,0,frozen,0.05,10417,1285,1451,23,13,8,2,20,3,8966,0.001115324559446799,0.13929154267063454,0.005132755569159375
unsw,unsw,29,True,logistic,tcp,0,cap,0.05,10417,1285,518,23,13,8,2,20,3,9899,0.0010102030508132135,0.04972640875491984,
unsw,unsw,29,True,logistic,tcp,0,random,0.05,10417,1285,518,23,0,20,3,20,3,9899,0.002323467016870391,0.04972640875491984,
unsw,unsw,29,True,logistic,tcp,0,frozen,0.1,10417,1285,1875,23,13,8,2,20,3,8542,0.0011706860220088973,0.1799942401843141,0.0021471212075538926
unsw,unsw,29,True,logistic,tcp,0,cap,0.1,10417,1285,1040,23,13,8,2,20,3,9377,0.0010664391596459423,0.09983680522223289,
unsw,unsw,29,True,logistic,tcp,0,random,0.1,10417,1285,1040,23,1,19,3,20,3,9377,0.0023461661512210728,0.09983680522223289,
unsw,unsw,29,True,logistic,temporal+tcp,0,forced,0.0,10417,1285,0,24,0,21,3,21,3,10417,0.0023039262743592206,0.0,
unsw,unsw,29,True,logistic,temporal+tcp,0,frozen,0.01,10417,1285,395,24,14,8,2,21,3,10022,0.000997804829375374,0.03791878659882884,0.10021309581669935
unsw,unsw,29,True,logistic,temporal+tcp,0,cap,0.01,10417,1285,101,24,9,12,3,21,3,10316,0.0014540519581233036,0.009695689737928385,
unsw,unsw,29,True,logistic,temporal+tcp,0,random,0.01,10417,1285,101,24,0,21,3,21,3,10316,0.0023264831329972858,0.009695689737928385,
unsw,unsw,29,True,logistic,temporal+tcp,0,frozen,0.05,10417,1285,1884,24,15,8,1,21,3,8533,0.001054728700339857,0.1808582125371988,0.005132755569159375
unsw,unsw,29,True,logistic,temporal+tcp,0,cap,0.05,10417,1285,518,24,14,8,2,21,3,9899,0.0010102030508132135,0.04972640875491984,
unsw,unsw,29,True,logistic,temporal+tcp,0,random,0.05,10417,1285,518,24,0,21,3,21,3,9899,0.002424487321951712,0.04972640875491984,
unsw,unsw,29,True,logistic,temporal+tcp,0,frozen,0.1,10417,1285,2684,24,15,8,1,21,3,7733,0.001163843269106427,0.2576557550158395,0.0021471212075538926
unsw,unsw,29,True,logistic,temporal+tcp,0,cap,0.1,10417,1285,1040,24,15,8,1,21,3,9377,0.0009597952436813479,0.09983680522223289,
unsw,unsw,29,True,logistic,temporal+tcp,0,random,0.1,10417,1285,1040,24,2,19,3,21,3,9377,0.0023461661512210728,0.09983680522223289,
unsw,unsw,29,True,logistic,random10,0,forced,0.0,10417,1285,0,147,0,92,55,92,55,10417,0.014111548430450226,0.0,
unsw,unsw,29,True,logistic,random10,0,frozen,0.01,10417,1285,292,147,58,45,44,92,55,10125,0.008790123456790123,0.02803110300470385,0.10021309581669935
unsw,unsw,29,True,logistic,random10,0,cap,0.01,10417,1285,101,147,28,69,50,92,55,10316,0.011535478867778209,0.009695689737928385,
unsw,unsw,29,True,logistic,random10,0,random,0.01,10417,1285,101,147,2,90,55,92,55,10316,0.014055835595191935,0.009695689737928385,
unsw,unsw,29,True,logistic,random10,0,frozen,0.05,10417,1285,1254,147,97,18,32,92,55,9163,0.005456728145803776,0.12038014783526928,0.005132755569159375
unsw,unsw,29,True,logistic,random10,0,cap,0.05,10417,1285,518,147,74,34,39,92,55,9899,0.007374482270936458,0.04972640875491984,
unsw,unsw,29,True,logistic,random10,0,random,0.05,10417,1285,518,147,9,87,51,92,55,9899,0.013940802101222345,0.04972640875491984,
unsw,unsw,29,True,logistic,random10,0,frozen,0.1,10417,1285,1787,147,101,16,30,92,55,8630,0.005330243337195829,0.1715465105116636,0.0021471212075538926
unsw,unsw,29,True,logistic,random10,0,cap,0.1,10417,1285,1040,147,92,21,34,92,55,9377,0.005865415378052682,0.09983680522223289,
unsw,unsw,29,True,logistic,random10,0,random,0.1,10417,1285,1040,147,18,82,47,92,55,9377,0.013757065159432655,0.09983680522223289,
unsw,ton,29,True,logistic,clean,0,forced,0.0,9367,7534,0,7534,0,7502,32,7502,32,9367,0.8043130137717519,0.0,
unsw,ton,29,True,logistic,clean,0,frozen,0.01,9367,7534,95,7534,34,7481,19,7502,32,9272,0.8088869715271786,0.010141987829614604,0.10021309581669935
unsw,ton,29,True,logistic,clean,0,cap,0.01,9367,7534,78,7534,29,7477,28,7502,32,9289,0.8079448810420928,0.008327105796946729,
unsw,ton,29,True,logistic,clean,0,random,0.01,9367,7534,78,7534,70,7432,32,7502,32,9289,0.8035310582409302,0.008327105796946729,
unsw,ton,29,True,logistic,clean,0,frozen,0.05,9367,7534,267,7534,48,7470,16,7502,32,9100,0.8226373626373626,0.028504323689548413,0.005132755569159375
unsw,ton,29,True,logistic,clean,0,cap,0.05,9367,7534,454,7534,293,7218,23,7502,32,8913,0.8124088410187367,0.04846802604889506,
unsw,ton,29,True,logistic,clean,0,random,0.05,9367,7534,454,7534,377,7125,32,7502,32,8913,0.8029844048019746,0.04846802604889506,
unsw,ton,29,True,logistic,clean,0,frozen,0.1,9367,7534,391,7534,145,7374,15,7502,32,8976,0.8231951871657754,0.041742286751361164,0.0021471212075538926
unsw,ton,29,True,logistic,clean,0,cap,0.1,9367,7534,921,7534,672,6845,17,7502,32,8446,0.8124556002841582,0.0983239030639479,
unsw,ton,29,True,logistic,clean,0,random,0.1,9367,7534,921,7534,747,6755,32,7502,32,8446,0.8035756571157945,0.0983239030639479,
unsw,ton,29,True,logistic,temporal,0,forced,0.0,9367,7534,0,7532,0,7500,32,7500,32,9367,0.8040994982384968,0.0,
unsw,ton,29,True,logistic,temporal,0,frozen,0.01,9367,7534,118,7532,38,7478,16,7500,32,9249,0.8102497567304573,0.012597416462047614,0.10021309581669935
unsw,ton,29,True,logistic,temporal,0,cap,0.01,9367,7534,78,7532,27,7475,30,7500,32,9289,0.8079448810420928,0.008327105796946729,
unsw,ton,29,True,logistic,temporal,0,random,0.01,9367,7534,78,7532,70,7430,32,7500,32,9289,0.8033157498116051,0.008327105796946729,
unsw,ton,29,True,logistic,temporal,0,frozen,0.05,9367,7534,287,7532,46,7471,15,7500,32,9080,0.8244493392070484,0.030639479022098858,0.005132755569159375
unsw,ton,29,True,logistic,temporal,0,cap,0.05,9367,7534,454,7532,260,7251,21,7500,32,8913,0.8158869067653989,0.04846802604889506,
unsw,ton,29,True,logistic,temporal,0,random,0.05,9367,7534,454,7532,376,7124,32,7500,32,8913,0.8028722091327275,0.04846802604889506,
unsw,ton,29,True,logistic,temporal,0,frozen,0.1,9367,7534,320,7532,47,7470,15,7500,32,9047,0.8273460815740025,0.03416248532080709,0.0021471212075538926
unsw,ton,29,True,logistic,temporal,0,cap,0.1,9367,7534,921,7532,621,6895,16,7500,32,8446,0.8182571631541559,0.0983239030639479,
unsw,ton,29,True,logistic,temporal,0,random,0.1,9367,7534,921,7532,747,6753,32,7500,32,8446,0.8033388586313047,0.0983239030639479,
unsw,ton,29,True,logistic,size,0,forced,0.0,9367,7534,0,7532,0,7485,47,7485,47,9367,0.8040994982384968,0.0,
unsw,ton,29,True,logistic,size,0,frozen,0.01,9367,7534,187,7532,29,7479,24,7485,47,9180,0.8173202614379085,0.019963702359346643,0.10021309581669935
unsw,ton,29,True,logistic,size,0,cap,0.01,9367,7534,78,7532,10,7478,44,7485,47,9289,0.8097750026913554,0.008327105796946729,
unsw,ton,29,True,logistic,size,0,random,0.01,9367,7534,78,7532,70,7415,47,7485,47,9289,0.8033157498116051,0.008327105796946729,
unsw,ton,29,True,logistic,size,0,frozen,0.05,9367,7534,469,7532,53,7466,13,7485,47,8898,0.8405259608900877,0.05006939254830789,0.005132755569159375
unsw,ton,29,True,logistic,size,0,cap,0.05,9367,7534,454,7532,252,7243,37,7485,47,8913,0.8167844721193762,0.04846802604889506,
unsw,ton,29,True,logistic,size,0,random,0.05,9367,7534,454,7532,379,7108,45,7485,47,8913,0.802535622124986,0.04846802604889506,
unsw,ton,29,True,logistic,size,0,frozen,0.1,9367,7534,529,7532,69,7451,12,7485,47,8838,0.8444218148902467,0.05647485854595922,0.0021471212075538926
unsw,ton,29,True,logistic,size,0,cap,0.1,9367,7534,921,7532,628,6873,31,7485,47,8446,0.8174283684584419,0.0983239030639479,
unsw,ton,29,True,logistic,size,0,random,0.1,9367,7534,921,7532,749,6740,43,7485,47,8446,0.8031020601468151,0.0983239030639479,
unsw,ton,29,True,logistic,tcp,0,forced,0.0,9367,7534,0,7302,0,7238,64,7238,64,9367,0.7795452119141667,0.0,
unsw,ton,29,True,logistic,tcp,0,frozen,0.01,9367,7534,132,7302,70,7205,27,7238,64,9235,0.7831077422847862,0.014092025194832923,0.10021309581669935
unsw,ton,29,True,logistic,tcp,0,cap,0.01,9367,7534,78,7302,44,7205,53,7238,64,9289,0.7813542900204543,0.008327105796946729,
unsw,ton,29,True,logistic,tcp,0,random,0.01,9367,7534,78,7302,70,7168,64,7238,64,9289,0.7785552804392292,0.008327105796946729,
unsw,ton,29,True,logistic,tcp,0,frozen,0.05,9367,7534,199,7302,85,7200,17,7238,64,9168,0.787194589877836,0.021244795558876907,0.005132755569159375
unsw,ton,29,True,logistic,tcp,0,cap,0.05,9367,7534,454,7302,326,6947,29,7238,64,8913,0.7826769886682374,0.04846802604889506,
unsw,ton,29,True,logistic,tcp,0,random,0.05,9367,7534,454,7302,368,6871,63,7238,64,8913,0.7779647705598564,0.04846802604889506,
unsw,ton,29,True,logistic,tcp,0,frozen,0.1,9367,7534,327,7302,101,7184,17,7238,64,9040,0.796570796460177,0.034909789687199745,0.0021471212075538926
unsw,ton,29,True,logistic,tcp,0,cap,0.1,9367,7534,921,7302,695,6590,17,7238,64,8446,0.7822637935117215,0.0983239030639479,
unsw,ton,29,True,logistic,tcp,0,random,0.1,9367,7534,921,7302,724,6516,62,7238,64,8446,0.7788302154866209,0.0983239030639479,
unsw,ton,29,True,logistic,temporal+tcp,0,forced,0.0,9367,7534,0,7278,0,7225,53,7225,53,9367,0.7769830255151062,0.0,
unsw,ton,29,True,logistic,temporal+tcp,0,frozen,0.01,9367,7534,145,7278,64,7191,23,7225,53,9222,0.7822598134894817,0.015479876160990712,0.10021309581669935
unsw,ton,29,True,logistic,temporal+tcp,0,cap,0.01,9367,7534,78,7278,36,7196,46,7225,53,9289,0.7796318225858543,0.008327105796946729,
unsw,ton,29,True,logistic,temporal+tcp,0,random,0.01,9367,7534,78,7278,70,7155,53,7225,53,9289,0.7759715792873291,0.008327105796946729,
unsw,ton,29,True,logistic,temporal+tcp,0,frozen,0.05,9367,7534,228,7278,73,7189,16,7225,53,9139,0.7883794725899989,0.02434077079107505,0.005132755569159375
unsw,ton,29,True,logistic,temporal+tcp,0,cap,0.05,9367,7534,454,7278,238,7011,29,7225,53,8913,0.7898575115000561,0.04846802604889506,
unsw,ton,29,True,logistic,temporal+tcp,0,random,0.05,9367,7534,454,7278,369,6858,51,7225,53,8913,0.7751598788286772,0.04846802604889506,
unsw,ton,29,True,logistic,temporal+tcp,0,frozen,0.1,9367,7534,258,7278,75,7187,16,7225,53,9109,0.790756394774399,0.027543503789900715,0.0021471212075538926
unsw,ton,29,True,logistic,temporal+tcp,0,cap,0.1,9367,7534,921,7278,615,6645,18,7225,53,8446,0.7888941510774331,0.0983239030639479,
unsw,ton,29,True,logistic,temporal+tcp,0,random,0.1,9367,7534,921,7278,725,6502,51,7225,53,8446,0.7758702344304996,0.0983239030639479,
unsw,ton,29,True,logistic,random10,0,forced,0.0,9367,7534,0,7142,0,6959,183,6959,183,9367,0.7624639692537633,0.0,
unsw,ton,29,True,logistic,random10,0,frozen,0.01,9367,7534,275,7142,143,6861,138,6959,183,9092,0.7697976242850858,0.02935838582256859,0.10021309581669935
unsw,ton,29,True,logistic,random10,0,cap,0.01,9367,7534,78,7142,40,6926,176,6959,183,9289,0.7645602325331037,0.008327105796946729,
unsw,ton,29,True,logistic,random10,0,random,0.01,9367,7534,78,7142,65,6894,183,6959,183,9289,0.7618688771665411,0.008327105796946729,
unsw,ton,29,True,logistic,random10,0,frozen,0.05,9367,7534,672,7142,334,6691,117,6959,183,8695,0.7829787234042553,0.07174121917369489,0.005132755569159375
unsw,ton,29,True,logistic,random10,0,cap,0.05,9367,7534,454,7142,241,6753,148,6959,183,8913,0.7742623134746999,0.04846802604889506,
unsw,ton,29,True,logistic,random10,0,random,0.05,9367,7534,454,7142,357,6612,173,6959,183,8913,0.7612476158420285,0.04846802604889506,
unsw,ton,29,True,logistic,random10,0,frozen,0.1,9367,7534,859,7142,443,6595,104,6959,183,8508,0.78737658674189,0.09170492153304152,0.0021471212075538926
unsw,ton,29,True,logistic,random10,0,cap,0.1,9367,7534,921,7142,521,6502,119,6959,183,8446,0.7839213829031494,0.0983239030639479,
unsw,ton,29,True,logistic,random10,0,random,0.1,9367,7534,921,7142,714,6261,167,6959,183,8446,0.7610703291498935,0.0983239030639479,
unsw,cic,29,True,logistic,clean,0,forced,0.0,12192,306,0,2999,0,248,2751,248,2751,12192,0.24598097112860892,0.0,
unsw,cic,29,True,logistic,clean,0,frozen,0.01,12192,306,706,2999,169,230,2600,248,2751,11486,0.24638690579836323,0.057906824146981624,0.10021309581669935
unsw,cic,29,True,logistic,clean,0,cap,0.01,12192,306,110,2999,38,248,2713,248,2751,12082,0.2450753186558517,0.00902230971128609,
unsw,cic,29,True,logistic,clean,0,random,0.01,12192,306,110,2999,20,244,2735,248,2751,12082,0.24656513822214865,0.00902230971128609,
unsw,cic,29,True,logistic,clean,0,frozen,0.05,12192,306,1693,2999,432,216,2351,248,2751,10499,0.24449947614058481,0.13886154855643046,0.005132755569159375
unsw,cic,29,True,logistic,clean,0,cap,0.05,12192,306,599,2999,151,236,2612,248,2751,11593,0.24566548779435868,0.04913057742782152,
unsw,cic,29,True,logistic,clean,0,random,0.05,12192,306,599,2999,141,228,2630,248,2751,11593,0.24652807728801862,0.04913057742782152,
unsw,cic,29,True,logistic,clean,0,frozen,0.1,12192,306,2088,2999,527,210,2262,248,2751,10104,0.24465558194774348,0.17125984251968504,0.0021471212075538926
unsw,cic,29,True,logistic,clean,0,cap,0.1,12192,306,1210,2999,309,222,2468,248,2751,10982,0.24494627572391187,0.09924540682414698,
unsw,cic,29,True,logistic,clean,0,random,0.1,12192,306,1210,2999,278,212,2509,248,2751,10982,0.24776907667091605,0.09924540682414698,
unsw,cic,29,True,logistic,temporal,0,forced,0.0,12192,306,0,3304,0,247,3057,247,3057,12192,0.270997375328084,0.0,
unsw,cic,29,True,logistic,temporal,0,frozen,0.01,12192,306,391,3304,240,246,2818,247,3057,11801,0.25963901364291164,0.03207020997375328,0.10021309581669935
unsw,cic,29,True,logistic,temporal,0,cap,0.01,12192,306,110,3304,57,247,3000,247,3057,12082,0.26874689620923686,0.00902230971128609,
unsw,cic,29,True,logistic,temporal,0,random,0.01,12192,306,110,3304,27,243,3034,247,3057,12082,0.27122992881973185,0.00902230971128609,
unsw,cic,29,True,logistic,temporal,0,frozen,0.05,12192,306,1905,3304,482,229,2593,247,3057,10287,0.2743268202585788,0.15625,0.005132755569159375
unsw,cic,29,True,logistic,temporal,0,cap,0.05,12192,306,599,3304,283,245,2776,247,3057,11593,0.2605882860346761,0.04913057742782152,
unsw,cic,29,True,logistic,temporal,0,random,0.05,12192,306,599,3304,158,228,2918,247,3057,11593,0.2713706547054257,0.04913057742782152,
unsw,cic,29,True,logistic,temporal,0,frozen,0.1,12192,306,2937,3304,708,211,2385,247,3057,9255,0.2804970286331713,0.24089566929133857,0.0021471212075538926
unsw,cic,29,True,logistic,temporal,0,cap,0.1,12192,306,1210,3304,403,239,2662,247,3057,10982,0.26415953378255325,0.09924540682414698,
unsw,cic,29,True,logistic,temporal,0,random,0.1,12192,306,1210,3304,320,212,2772,247,3057,10982,0.2717173556729193,0.09924540682414698,
unsw,cic,29,True,logistic,size,0,forced,0.0,12192,306,0,3704,0,230,3474,230,3474,12192,0.3038057742782152,0.0,
unsw,cic,29,True,logistic,size,0,frozen,0.01,12192,306,1404,3704,782,185,2737,230,3474,10788,0.27085650723025584,0.11515748031496063,0.10021309581669935
unsw,cic,29,True,logistic,size,0,cap,0.01,12192,306,110,3704,55,230,3419,230,3474,12082,0.30201953318986924,0.00902230971128609,
unsw,cic,29,True,logistic,size,0,random,0.01,12192,306,110,3704,29,227,3448,230,3474,12082,0.3041714947856315,0.00902230971128609,
unsw,cic,29,True,logistic,size,0,frozen,0.05,12192,306,2714,3704,1395,126,2183,230,3474,9478,0.24361679679257228,0.22260498687664043,0.005132755569159375
unsw,cic,29,True,logistic,size,0,cap,0.05,12192,306,599,3704,368,227,3109,230,3474,11593,0.28775985508496504,0.04913057742782152,
unsw,cic,29,True,logistic,size,0,random,0.05,12192,306,599,3704,181,212,3311,230,3474,11593,0.30389027861640644,0.04913057742782152,
unsw,cic,29,True,logistic,size,0,frozen,0.1,12192,306,3047,3704,1507,122,2075,230,3474,9145,0.24024056861673046,0.24991797900262466,0.0021471212075538926
unsw,cic,29,True,logistic,size,0,cap,0.1,12192,306,1210,3704,652,211,2841,230,3474,10982,0.2779093061373156,0.09924540682414698,
unsw,cic,29,True,logistic,size,0,random,0.1,12192,306,1210,3704,349,198,3157,230,3474,10982,0.30549990894190493,0.09924540682414698,
unsw,cic,29,True,logistic,tcp,0,forced,0.0,12192,306,0,2938,0,244,2694,244,2694,12192,0.2409776902887139,0.0,
unsw,cic,29,True,logistic,tcp,0,frozen,0.01,12192,306,526,2938,177,242,2519,244,2694,11666,0.23667066689525115,0.043143044619422574,0.10021309581669935
unsw,cic,29,True,logistic,tcp,0,cap,0.01,12192,306,110,2938,54,244,2640,244,2694,12082,0.23870220162224798,0.00902230971128609,
unsw,cic,29,True,logistic,tcp,0,random,0.01,12192,306,110,2938,20,240,2678,244,2694,12082,0.24151630524747558,0.00902230971128609,
unsw,cic,29,True,logistic,tcp,0,frozen,0.05,12192,306,2009,2938,350,217,2371,244,2694,10183,0.2541490719827163,0.16478018372703412,0.005132755569159375
unsw,cic,29,True,logistic,tcp,0,cap,0.05,12192,306,599,2938,187,240,2511,244,2694,11593,0.237298369705857,0.04913057742782152,
unsw,cic,29,True,logistic,tcp,0,random,0.05,12192,306,599,2938,137,225,2576,244,2694,11593,0.24161131717415682,0.04913057742782152,
unsw,cic,29,True,logistic,tcp,0,frozen,0.1,12192,306,2357,2938,444,210,2284,244,2694,9835,0.25358413828164716,0.1933234908136483,0.0021471212075538926
unsw,cic,29,True,logistic,tcp,0,cap,0.1,12192,306,1210,2938,251,231,2456,244,2694,10982,0.2446731014387179,0.09924540682414698,
unsw,cic,29,True,logistic,tcp,0,random,0.1,12192,306,1210,2938,274,209,2455,244,2694,10982,0.24257876525223093,0.09924540682414698,
unsw,cic,29,True,logistic,temporal+tcp,0,forced,0.0,12192,306,0,3390,0,244,3146,244,3146,12192,0.2780511811023622,0.0,
unsw,cic,29,True,logistic,temporal+tcp,0,frozen,0.01,12192,306,237,3390,143,242,3005,244,3146,11955,0.27160184023421163,0.019438976377952756,0.10021309581669935
unsw,cic,29,True,logistic,temporal+tcp,0,cap,0.01,12192,306,110,3390,46,242,3102,244,3146,12082,0.2767753683165039,0.00902230971128609,
unsw,cic,29,True,logistic,temporal+tcp,0,random,0.01,12192,306,110,3390,27,240,3123,244,3146,12082,0.278347955636484,0.00902230971128609,
unsw,cic,29,True,logistic,temporal+tcp,0,frozen,0.05,12192,306,1018,3390,565,225,2600,244,3146,11174,0.2528190442097727,0.08349737532808399,0.005132755569159375
unsw,cic,29,True,logistic,temporal+tcp,0,cap,0.05,12192,306,599,3390,308,232,2850,244,3146,11593,0.2658500819460019,0.04913057742782152,
unsw,cic,29,True,logistic,temporal+tcp,0,random,0.05,12192,306,599,3390,158,225,3007,244,3146,11593,0.2787889243509014,0.04913057742782152,
unsw,cic,29,True,logistic,temporal+tcp,0,frozen,0.1,12192,306,2336,3390,1021,221,2148,244,3146,9856,0.2403612012987013,0.19160104986876642,0.0021471212075538926
unsw,cic,29,True,logistic,temporal+tcp,0,cap,0.1,12192,306,1210,3390,645,226,2519,244,3146,10982,0.24995447095246767,0.09924540682414698,
unsw,cic,29,True,logistic,temporal+tcp,0,random,0.1,12192,306,1210,3390,324,209,2857,244,3146,10982,0.27918411946822075,0.09924540682414698,
unsw,cic,29,True,logistic,random10,0,forced,0.0,12192,306,0,3422,0,238,3184,238,3184,12192,0.2806758530183727,0.0,
unsw,cic,29,True,logistic,random10,0,frozen,0.01,12192,306,1056,3422,477,216,2729,238,3184,11136,0.26445761494252873,0.08661417322834646,0.10021309581669935
unsw,cic,29,True,logistic,random10,0,cap,0.01,12192,306,110,3422,52,235,3135,238,3184,12082,0.2789273299122662,0.00902230971128609,
unsw,cic,29,True,logistic,random10,0,random,0.01,12192,306,110,3422,26,234,3162,238,3184,12082,0.28107929150802846,0.00902230971128609,
unsw,cic,29,True,logistic,random10,0,frozen,0.05,12192,306,2180,3422,910,194,2318,238,3184,10012,0.2508989212944467,0.17880577427821523,0.005132755569159375
unsw,cic,29,True,logistic,random10,0,cap,0.05,12192,306,599,3422,276,227,2919,238,3184,11593,0.2713706547054257,0.04913057742782152,
unsw,cic,29,True,logistic,random10,0,random,0.05,12192,306,599,3422,175,220,3027,238,3184,11593,0.28008280859139134,0.04913057742782152,
unsw,cic,29,True,logistic,random10,0,frozen,0.1,12192,306,2552,3422,1058,189,2175,238,3184,9640,0.24522821576763484,0.20931758530183728,0.0021471212075538926
unsw,cic,29,True,logistic,random10,0,cap,0.1,12192,306,1210,3422,548,211,2663,238,3184,10982,0.2617009652158077,0.09924540682414698,
unsw,cic,29,True,logistic,random10,0,random,0.1,12192,306,1210,3422,327,205,2890,238,3184,10982,0.2818248042250956,0.09924540682414698,
unsw,unsw,29,True,forest,clean,0,forced,0.0,10417,1285,0,3,0,0,3,0,3,10417,0.0002879907842949026,0.0,
unsw,unsw,29,True,forest,clean,0,frozen,0.01,10417,1285,98,3,3,0,0,0,3,10319,0.0,0.009407698953633484,0.0520900093370682
unsw,unsw,29,True,forest,clean,0,cap,0.01,10417,1285,101,3,3,0,0,0,3,10316,0.0,0.009695689737928385,
unsw,unsw,29,True,forest,clean,0,random,0.01,10417,1285,101,3,0,0,3,0,3,10316,0.0002908103916246607,0.009695689737928385,
unsw,unsw,29,True,forest,clean,0,frozen,0.05,10417,1285,466,3,3,0,0,0,3,9951,0.0,0.0447345684938082,0.009166666666666545
unsw,unsw,29,True,forest,clean,0,cap,0.05,10417,1285,518,3,3,0,0,0,3,9899,0.0,0.04972640875491984,
unsw,unsw,29,True,forest,clean,0,random,0.05,10417,1285,518,3,0,0,3,0,3,9899,0.000303060915243964,0.04972640875491984,
unsw,unsw,29,True,forest,clean,0,frozen,0.1,10417,1285,855,3,3,0,0,0,3,9562,0.0,0.08207737352404723,0.0
unsw,unsw,29,True,forest,clean,0,cap,0.1,10417,1285,1040,3,3,0,0,0,3,9377,0.0,0.09983680522223289,
unsw,unsw,29,True,forest,clean,0,random,0.1,10417,1285,1040,3,0,0,3,0,3,9377,0.0003199317478937827,0.09983680522223289,
unsw,unsw,29,True,forest,temporal,0,forced,0.0,10417,1285,0,4,0,1,3,1,3,10417,0.0003839877123932034,0.0,
unsw,unsw,29,True,forest,temporal,0,frozen,0.01,10417,1285,137,4,4,0,0,1,3,10280,0.0,0.013151579149467216,0.0520900093370682
unsw,unsw,29,True,forest,temporal,0,cap,0.01,10417,1285,101,4,4,0,0,1,3,10316,0.0,0.009695689737928385,
unsw,unsw,29,True,forest,temporal,0,random,0.01,10417,1285,101,4,0,1,3,1,3,10316,0.00038774718883288094,0.009695689737928385,
unsw,unsw,29,True,forest,temporal,0,frozen,0.05,10417,1285,546,4,4,0,0,1,3,9871,0.0,0.052414322741672265,0.009166666666666545
unsw,unsw,29,True,forest,temporal,0,cap,0.05,10417,1285,518,4,4,0,0,1,3,9899,0.0,0.04972640875491984,
unsw,unsw,29,True,forest,temporal,0,random,0.05,10417,1285,518,4,0,1,3,1,3,9899,0.0004040812203252854,0.04972640875491984,
unsw,unsw,29,True,forest,temporal,0,frozen,0.1,10417,1285,1081,4,4,0,0,1,3,9336,0.0,0.10377267927426323,0.0
unsw,unsw,29,True,forest,temporal,0,cap,0.1,10417,1285,1040,4,4,0,0,1,3,9377,0.0,0.09983680522223289,
unsw,unsw,29,True,forest,temporal,0,random,0.1,10417,1285,1040,4,0,1,3,1,3,9377,0.00042657566385837685,0.09983680522223289,
unsw,unsw,29,True,forest,size,0,forced,0.0,10417,1285,0,4,0,0,4,0,4,10417,0.0003839877123932034,0.0,
unsw,unsw,29,True,forest,size,0,frozen,0.01,10417,1285,323,4,3,0,1,0,4,10094,9.906875371507826e-05,0.031007007775751175,0.0520900093370682
unsw,unsw,29,True,forest,size,0,cap,0.01,10417,1285,101,4,3,0,1,0,4,10316,9.693679720822024e-05,0.009695689737928385,
unsw,unsw,29,True,forest,size,0,random,0.01,10417,1285,101,4,0,0,4,0,4,10316,0.00038774718883288094,0.009695689737928385,
unsw,unsw,29,True,forest,size,0,frozen,0.05,10417,1285,1041,4,4,0,0,0,4,9376,0.0,0.0999328021503312,0.009166666666666545
unsw,unsw,29,True,forest,size,0,cap,0.05,10417,1285,518,4,3,0,1,0,4,9899,0.00010102030508132135,0.04972640875491984,
unsw,unsw,29,True,forest,size,0,random,0.05,10417,1285,518,4,0,0,4,0,4,9899,0.0004040812203252854,0.04972640875491984,
unsw,unsw,29,True,forest,size,0,frozen,0.1,10417,1285,10067,4,4,0,0,0,4,350,0.0,0.9664010751655947,0.0
unsw,unsw,29,True,forest,size,0,cap,0.1,10417,1285,1040,4,4,0,0,0,4,9377,0.0,0.09983680522223289,
unsw,unsw,29,True,forest,size,0,random,0.1,10417,1285,1040,4,0,0,4,0,4,9377,0.00042657566385837685,0.09983680522223289,
unsw,unsw,29,True,forest,tcp,0,forced,0.0,10417,1285,0,4,0,0,4,0,4,10417,0.0003839877123932034,0.0,
unsw,unsw,29,True,forest,tcp,0,frozen,0.01,10417,1285,212,4,4,0,0,0,4,10205,0.0,0.02035134875683978,0.0520900093370682
unsw,unsw,29,True,forest,tcp,0,cap,0.01,10417,1285,101,4,4,0,0,0,4,10316,0.0,0.009695689737928385,
unsw,unsw,29,True,forest,tcp,0,random,0.01,10417,1285,101,4,0,0,4,0,4,10316,0.00038774718883288094,0.009695689737928385,
unsw,unsw,29,True,forest,tcp,0,frozen,0.05,10417,1285,964,4,4,0,0,0,4,9453,0.0,0.09254103868676203,0.009166666666666545
unsw,unsw,29,True,forest,tcp,0,cap,0.05,10417,1285,518,4,4,0,0,0,4,9899,0.0,0.04972640875491984,
unsw,unsw,29,True,forest,tcp,0,random,0.05,10417,1285,518,4,0,0,4,0,4,9899,0.0004040812203252854,0.04972640875491984,
unsw,unsw,29,True,forest,tcp,0,frozen,0.1,10417,1285,3361,4,4,0,0,0,4,7056,0.0,0.32264567533838917,0.0
unsw,unsw,29,True,forest,tcp,0,cap,0.1,10417,1285,1040,4,4,0,0,0,4,9377,0.0,0.09983680522223289,
unsw,unsw,29,True,forest,tcp,0,random,0.1,10417,1285,1040,4,0,0,4,0,4,9377,0.00042657566385837685,0.09983680522223289,
unsw,unsw,29,True,forest,temporal+tcp,0,forced,0.0,10417,1285,0,5,0,0,5,0,5,10417,0.00047998464049150427,0.0,
unsw,unsw,29,True,forest,temporal+tcp,0,frozen,0.01,10417,1285,853,5,5,0,0,0,5,9564,0.0,0.08188537966785063,0.0520900093370682
unsw,unsw,29,True,forest,temporal+tcp,0,cap,0.01,10417,1285,101,5,5,0,0,0,5,10316,0.0,0.009695689737928385,
unsw,unsw,29,True,forest,temporal+tcp,0,random,0.01,10417,1285,101,5,0,0,5,0,5,10316,0.0004846839860411012,0.009695689737928385,
unsw,unsw,29,True,forest,temporal+tcp,0,frozen,0.05,10417,1285,1397,5,5,0,0,0,5,9020,0.0,0.1341077085533263,0.009166666666666545
unsw,unsw,29,True,forest,temporal+tcp,0,cap,0.05,10417,1285,518,5,5,0,0,0,5,9899,0.0,0.04972640875491984,
unsw,unsw,29,True,forest,temporal+tcp,0,random,0.05,10417,1285,518,5,0,0,5,0,5,9899,0.0005051015254066068,0.04972640875491984,
unsw,unsw,29,True,forest,temporal+tcp,0,frozen,0.1,10417,1285,3677,5,5,0,0,0,5,6740,0.0,0.35298070461745223,0.0
unsw,unsw,29,True,forest,temporal+tcp,0,cap,0.1,10417,1285,1040,5,5,0,0,0,5,9377,0.0,0.09983680522223289,
unsw,unsw,29,True,forest,temporal+tcp,0,random,0.1,10417,1285,1040,5,0,0,5,0,5,9377,0.0005332195798229711,0.09983680522223289,
unsw,unsw,29,True,forest,random10,0,forced,0.0,10417,1285,0,31,0,28,3,28,3,10417,0.0029759047710473264,0.0,
unsw,unsw,29,True,forest,random10,0,frozen,0.01,10417,1285,755,31,31,0,0,28,3,9662,0.0,0.07247768071421715,0.0520900093370682
unsw,unsw,29,True,forest,random10,0,cap,0.01,10417,1285,101,31,24,4,3,28,3,10316,0.0006785575804575417,0.009695689737928385,
unsw,unsw,29,True,forest,random10,0,random,0.01,10417,1285,101,31,0,28,3,28,3,10316,0.0030050407134548274,0.009695689737928385,
unsw,unsw,29,True,forest,random10,0,frozen,0.05,10417,1285,1633,31,31,0,0,28,3,8784,0.0,0.15676298358452528,0.009166666666666545
unsw,unsw,29,True,forest,random10,0,cap,0.05,10417,1285,518,31,31,0,0,28,3,9899,0.0,0.04972640875491984,
unsw,unsw,29,True,forest,random10,0,random,0.05,10417,1285,518,31,0,28,3,28,3,9899,0.0031316294575209616,0.04972640875491984,
unsw,unsw,29,True,forest,random10,0,frozen,0.1,10417,1285,3598,31,31,0,0,28,3,6819,0.0,0.3453969472976865,0.0
unsw,unsw,29,True,forest,random10,0,cap,0.1,10417,1285,1040,31,31,0,0,28,3,9377,0.0,0.09983680522223289,
unsw,unsw,29,True,forest,random10,0,random,0.1,10417,1285,1040,31,0,28,3,28,3,9377,0.0033059613949024207,0.09983680522223289,
unsw,ton,29,True,forest,clean,0,forced,0.0,9367,7534,0,4568,0,3269,1299,3269,1299,9367,0.4876694779545212,0.0,
unsw,ton,29,True,forest,clean,0,frozen,0.01,9367,7534,9187,4568,4392,176,0,3269,1299,180,0.9777777777777777,0.9807836020070461,0.0520900093370682
unsw,ton,29,True,forest,clean,0,cap,0.01,9367,7534,78,4568,17,3256,1295,3269,1299,9289,0.48993433092905586,0.008327105796946729,
unsw,ton,29,True,forest,clean,0,random,0.01,9367,7534,78,4568,38,3237,1293,3269,1299,9289,0.4876735924211433,0.008327105796946729,
unsw,ton,29,True,forest,clean,0,frozen,0.05,9367,7534,9367,4568,4568,0,0,3269,1299,0,,1.0,0.009166666666666545
unsw,ton,29,True,forest,clean,0,cap,0.05,9367,7534,454,4568,148,3191,1229,3269,1299,8913,0.4959048580724784,0.04846802604889506,
unsw,ton,29,True,forest,clean,0,random,0.05,9367,7534,454,4568,230,3098,1240,3269,1299,8913,0.4867048131942107,0.04846802604889506,
unsw,ton,29,True,forest,clean,0,frozen,0.1,9367,7534,9367,4568,4568,0,0,3269,1299,0,,1.0,0.0
unsw,ton,29,True,forest,clean,0,cap,0.1,9367,7534,921,4568,236,3163,1169,3269,1299,8446,0.5129055174046886,0.0983239030639479,
unsw,ton,29,True,forest,clean,0,random,0.1,9367,7534,921,4568,466,2926,1176,3269,1299,8446,0.4856736916883732,0.0983239030639479,
unsw,ton,29,True,forest,temporal,0,forced,0.0,9367,7534,0,5448,0,4277,1171,4277,1171,9367,0.5816163125867407,0.0,
unsw,ton,29,True,forest,temporal,0,frozen,0.01,9367,7534,9367,5448,5448,0,0,4277,1171,0,,1.0,0.0520900093370682
unsw,ton,29,True,forest,temporal,0,cap,0.01,9367,7534,78,5448,34,4250,1164,4277,1171,9289,0.5828399181827969,0.008327105796946729,
unsw,ton,29,True,forest,temporal,0,random,0.01,9367,7534,78,5448,53,4229,1166,4277,1171,9289,0.5807944881042093,0.008327105796946729,
unsw,ton,29,True,forest,temporal,0,frozen,0.05,9367,7534,9367,5448,5448,0,0,4277,1171,0,,1.0,0.009166666666666545
unsw,ton,29,True,forest,temporal,0,cap,0.05,9367,7534,454,5448,89,4235,1124,4277,1171,8913,0.6012565914955683,0.04846802604889506,
unsw,ton,29,True,forest,temporal,0,random,0.05,9367,7534,454,5448,277,4049,1122,4277,1171,8913,0.5801638056771009,0.04846802604889506,
unsw,ton,29,True,forest,temporal,0,frozen,0.1,9367,7534,9367,5448,5448,0,0,4277,1171,0,,1.0,0.0
unsw,ton,29,True,forest,temporal,0,cap,0.1,9367,7534,921,5448,143,4219,1086,4277,1171,8446,0.6281079801089273,0.0983239030639479,
unsw,ton,29,True,forest,temporal,0,random,0.1,9367,7534,921,5448,555,3829,1064,4277,1171,8446,0.5793274923040492,0.0983239030639479,
unsw,ton,29,True,forest,size,0,forced,0.0,9367,7534,0,3092,0,1692,1400,1692,1400,9367,0.3300950144122985,0.0,
unsw,ton,29,True,forest,size,0,frozen,0.01,9367,7534,9366,3092,3091,1,0,1692,1400,1,1.0,0.9998932422333725,0.0520900093370682
unsw,ton,29,True,forest,size,0,cap,0.01,9367,7534,78,3092,27,1692,1373,1692,1400,9289,0.32996016794057487,0.008327105796946729,
unsw,ton,29,True,forest,size,0,random,0.01,9367,7534,78,3092,24,1675,1393,1692,1400,9289,0.3302831305845624,0.008327105796946729,
unsw,ton,29,True,forest,size,0,frozen,0.05,9367,7534,9367,3092,3092,0,0,1692,1400,0,,1.0,0.009166666666666545
unsw,ton,29,True,forest,size,0,cap,0.05,9367,7534,454,3092,102,1692,1298,1692,1400,8913,0.3354650510490295,0.04846802604889506,
unsw,ton,29,True,forest,size,0,random,0.05,9367,7534,454,3092,149,1607,1336,1692,1400,8913,0.33019185459441264,0.04846802604889506,
unsw,ton,29,True,forest,size,0,frozen,0.1,9367,7534,9367,3092,3092,0,0,1692,1400,0,,1.0,0.0
unsw,ton,29,True,forest,size,0,cap,0.1,9367,7534,921,3092,197,1692,1203,1692,1400,8446,0.3427658062988397,0.0983239030639479,
unsw,ton,29,True,forest,size,0,random,0.1,9367,7534,921,3092,307,1517,1268,1692,1400,8446,0.3297418896519062,0.0983239030639479,
unsw,ton,29,True,forest,tcp,0,forced,0.0,9367,7534,0,3594,0,2228,1366,2228,1366,9367,0.3836874132593146,0.0,
unsw,ton,29,True,forest,tcp,0,frozen,0.01,9367,7534,9366,3594,3593,1,0,2228,1366,1,1.0,0.9998932422333725,0.0520900093370682
unsw,ton,29,True,forest,tcp,0,cap,0.01,9367,7534,78,3594,19,2211,1364,2228,1366,9289,0.38486381741845194,0.008327105796946729,
unsw,ton,29,True,forest,tcp,0,random,0.01,9367,7534,78,3594,31,2204,1359,2228,1366,9289,0.3835719668425019,0.008327105796946729,
unsw,ton,29,True,forest,tcp,0,frozen,0.05,9367,7534,9367,3594,3594,0,0,2228,1366,0,,1.0,0.009166666666666545
unsw,ton,29,True,forest,tcp,0,cap,0.05,9367,7534,454,3594,187,2086,1321,2228,1366,8913,0.38225064512509815,0.04846802604889506,
unsw,ton,29,True,forest,tcp,0,random,0.05,9367,7534,454,3594,180,2111,1303,2228,1366,8913,0.38303601480982835,0.04846802604889506,
unsw,ton,29,True,forest,tcp,0,frozen,0.1,9367,7534,9367,3594,3594,0,0,2228,1366,0,,1.0,0.0
unsw,ton,29,True,forest,tcp,0,cap,0.1,9367,7534,921,3594,453,1895,1246,2228,1366,8446,0.3718920198910727,0.0983239030639479,
unsw,ton,29,True,forest,tcp,0,random,0.1,9367,7534,921,3594,362,1997,1235,2228,1366,8446,0.382666350935354,0.0983239030639479,
unsw,ton,29,True,forest,temporal+tcp,0,forced,0.0,9367,7534,0,5108,0,3847,1261,3847,1261,9367,0.5453186719333831,0.0,
unsw,ton,29,True,forest,temporal+tcp,0,frozen,0.01,9367,7534,9367,5108,5108,0,0,3847,1261,0,,1.0,0.0520900093370682
unsw,ton,29,True,forest,temporal+tcp,0,cap,0.01,9367,7534,78,5108,14,3835,1259,3847,1261,9289,0.5483905694907956,0.008327105796946729,
unsw,ton,29,True,forest,temporal+tcp,0,random,0.01,9367,7534,78,5108,48,3805,1255,3847,1261,9289,0.5447303261922705,0.008327105796946729,
unsw,ton,29,True,forest,temporal+tcp,0,frozen,0.05,9367,7534,9367,5108,5108,0,0,3847,1261,0,,1.0,0.009166666666666545
unsw,ton,29,True,forest,temporal+tcp,0,cap,0.05,9367,7534,454,5108,335,3539,1234,3847,1261,8913,0.5355099293167284,0.04846802604889506,
unsw,ton,29,True,forest,temporal+tcp,0,random,0.05,9367,7534,454,5108,261,3640,1207,3847,1261,8913,0.5438124088410188,0.04846802604889506,
unsw,ton,29,True,forest,temporal+tcp,0,frozen,0.1,9367,7534,9367,5108,5108,0,0,3847,1261,0,,1.0,0.0
unsw,ton,29,True,forest,temporal+tcp,0,cap,0.1,9367,7534,921,5108,745,3184,1179,3847,1261,8446,0.5165758939142789,0.0983239030639479,
unsw,ton,29,True,forest,temporal+tcp,0,random,0.1,9367,7534,921,5108,527,3440,1141,3847,1261,8446,0.5423869287236561,0.0983239030639479,
unsw,ton,29,True,forest,random10,0,forced,0.0,9367,7534,0,4685,0,3481,1204,3481,1204,9367,0.5001601366499413,0.0,
unsw,ton,29,True,forest,random10,0,frozen,0.01,9367,7534,9305,4685,4623,62,0,3481,1204,62,1.0,0.9933810184690937,0.0520900093370682
unsw,ton,29,True,forest,random10,0,cap,0.01,9367,7534,78,4685,36,3451,1198,3481,1204,9289,0.5004844439659812,0.008327105796946729,
unsw,ton,29,True,forest,random10,0,random,0.01,9367,7534,78,4685,41,3447,1197,3481,1204,9289,0.49994617289266874,0.008327105796946729,
unsw,ton,29,True,forest,random10,0,frozen,0.05,9367,7534,9366,4685,4684,1,0,3481,1204,1,1.0,0.9998932422333725,0.009166666666666545
unsw,ton,29,True,forest,random10,0,cap,0.05,9367,7534,454,4685,221,3305,1159,3481,1204,8913,0.5008414675193538,0.04846802604889506,
unsw,ton,29,True,forest,random10,0,random,0.05,9367,7534,454,4685,247,3291,1147,3481,1204,8913,0.4979243801189274,0.04846802604889506,
unsw,ton,29,True,forest,random10,0,frozen,0.1,9367,7534,9367,4685,4685,0,0,3481,1204,0,,1.0,0.0
unsw,ton,29,True,forest,random10,0,cap,0.1,9367,7534,921,4685,444,3146,1095,3481,1204,8446,0.5021311863604073,0.0983239030639479,
unsw,ton,29,True,forest,random10,0,random,0.1,9367,7534,921,4685,488,3108,1089,3481,1204,8446,0.4969216197016339,0.0983239030639479,
unsw,cic,29,True,forest,clean,0,forced,0.0,12192,306,0,10397,0,61,10336,61,10336,12192,0.852772309711286,0.0,
unsw,cic,29,True,forest,clean,0,frozen,0.01,12192,306,12188,10397,10397,0,0,61,10336,4,0.0,0.9996719160104987,0.0520900093370682
unsw,cic,29,True,forest,clean,0,cap,0.01,12192,306,110,10397,91,61,10245,61,10336,12082,0.8530044694586989,0.00902230971128609,
unsw,cic,29,True,forest,clean,0,random,0.01,12192,306,110,10397,92,59,10246,61,10336,12082,0.8529217017050157,0.00902230971128609,
unsw,cic,29,True,forest,clean,0,frozen,0.05,12192,306,12192,10397,10397,0,0,61,10336,0,,1.0,0.009166666666666545
unsw,cic,29,True,forest,clean,0,cap,0.05,12192,306,599,10397,561,61,9775,61,10336,11593,0.8484430259639437,0.04913057742782152,
unsw,cic,29,True,forest,clean,0,random,0.05,12192,306,599,10397,502,55,9840,61,10336,11593,0.8535323039765376,0.04913057742782152,
unsw,cic,29,True,forest,clean,0,frozen,0.1,12192,306,12192,10397,10397,0,0,61,10336,0,,1.0,0.0
unsw,cic,29,True,forest,clean,0,cap,0.1,12192,306,1210,10397,1155,59,9183,61,10336,10982,0.8415589145875069,0.09924540682414698,
unsw,cic,29,True,forest,clean,0,random,0.1,12192,306,1210,10397,1018,53,9326,61,10336,10982,0.8540338736113641,0.09924540682414698,
unsw,cic,29,True,forest,temporal,0,forced,0.0,12192,306,0,10382,0,61,10321,61,10321,12192,0.8515419947506562,0.0,
unsw,cic,29,True,forest,temporal,0,frozen,0.01,12192,306,12192,10382,10382,0,0,61,10321,0,,1.0,0.0520900093370682
unsw,cic,29,True,forest,temporal,0,cap,0.01,12192,306,110,10382,83,61,10238,61,10321,12082,0.8524250951829168,0.00902230971128609,
unsw,cic,29,True,forest,temporal,0,random,0.01,12192,306,110,10382,92,59,10231,61,10321,12082,0.8516801853997682,0.00902230971128609,
unsw,cic,29,True,forest,temporal,0,frozen,0.05,12192,306,12192,10382,10382,0,0,61,10321,0,,1.0,0.009166666666666545
unsw,cic,29,True,forest,temporal,0,cap,0.05,12192,306,599,10382,550,61,9771,61,10321,11593,0.8480979901664798,0.04913057742782152,
unsw,cic,29,True,forest,temporal,0,random,0.05,12192,306,599,10382,501,55,9826,61,10321,11593,0.8523246786854136,0.04913057742782152,
unsw,cic,29,True,forest,temporal,0,frozen,0.1,12192,306,12192,10382,10382,0,0,61,10321,0,,1.0,0.0
unsw,cic,29,True,forest,temporal,0,cap,0.1,12192,306,1210,10382,1144,59,9179,61,10321,10982,0.8411946822072482,0.09924540682414698,
unsw,cic,29,True,forest,temporal,0,random,0.1,12192,306,1210,10382,1016,53,9313,61,10321,10982,0.8528501183755236,0.09924540682414698,
unsw,cic,29,True,forest,size,0,forced,0.0,12192,306,0,10364,0,62,10302,62,10302,12192,0.8500656167979003,0.0,
unsw,cic,29,True,forest,size,0,frozen,0.01,12192,306,12161,10364,10363,1,0,62,10302,31,0.03225806451612903,0.9974573490813649,0.0520900093370682
unsw,cic,29,True,forest,size,0,cap,0.01,12192,306,110,10364,64,59,10241,62,10302,12082,0.8525078629365999,0.00902230971128609,
unsw,cic,29,True,forest,size,0,random,0.01,12192,306,110,10364,92,60,10212,62,10302,12082,0.8501903658334713,0.00902230971128609,
unsw,cic,29,True,forest,size,0,frozen,0.05,12192,306,12192,10364,10364,0,0,62,10302,0,,1.0,0.009166666666666545
unsw,cic,29,True,forest,size,0,cap,0.05,12192,306,599,10364,455,56,9853,62,10302,11593,0.8547399292676615,0.04913057742782152,
unsw,cic,29,True,forest,size,0,random,0.05,12192,306,599,10364,500,56,9808,62,10302,11593,0.8508582765461916,0.04913057742782152,
unsw,cic,29,True,forest,size,0,frozen,0.1,12192,306,12192,10364,10364,0,0,62,10302,0,,1.0,0.0
unsw,cic,29,True,forest,size,0,cap,0.1,12192,306,1210,10364,1042,56,9266,62,10302,10982,0.848843562192679,0.09924540682414698,
unsw,cic,29,True,forest,size,0,random,0.1,12192,306,1210,10364,1015,54,9295,62,10302,10982,0.8513021307594245,0.09924540682414698,
unsw,cic,29,True,forest,tcp,0,forced,0.0,12192,306,0,10410,0,59,10351,59,10351,12192,0.8538385826771654,0.0,
unsw,cic,29,True,forest,tcp,0,frozen,0.01,12192,306,12192,10410,10410,0,0,59,10351,0,,1.0,0.0520900093370682
unsw,cic,29,True,forest,tcp,0,cap,0.01,12192,306,110,10410,104,58,10248,59,10351,12082,0.8530044694586989,0.00902230971128609,
unsw,cic,29,True,forest,tcp,0,random,0.01,12192,306,110,10410,92,57,10261,59,10351,12082,0.8539976825028969,0.00902230971128609,
unsw,cic,29,True,forest,tcp,0,frozen,0.05,12192,306,12192,10410,10410,0,0,59,10351,0,,1.0,0.009166666666666545
unsw,cic,29,True,forest,tcp,0,cap,0.05,12192,306,599,10410,576,58,9776,59,10351,11593,0.8482705080652118,0.04913057742782152,
unsw,cic,29,True,forest,tcp,0,random,0.05,12192,306,599,10410,502,53,9855,59,10351,11593,0.8546536703182955,0.04913057742782152,
unsw,cic,29,True,forest,tcp,0,frozen,0.1,12192,306,12192,10410,10410,0,0,59,10351,0,,1.0,0.0
unsw,cic,29,True,forest,tcp,0,cap,0.1,12192,306,1210,10410,1172,58,9180,59,10351,10982,0.8411946822072482,0.09924540682414698,
unsw,cic,29,True,forest,tcp,0,random,0.1,12192,306,1210,10410,1019,51,9340,59,10351,10982,0.8551265707521398,0.09924540682414698,
unsw,cic,29,True,forest,temporal+tcp,0,forced,0.0,12192,306,0,10385,0,61,10324,61,10324,12192,0.8517880577427821,0.0,
unsw,cic,29,True,forest,temporal+tcp,0,frozen,0.01,12192,306,12192,10385,10385,0,0,61,10324,0,,1.0,0.0520900093370682
unsw,cic,29,True,forest,temporal+tcp,0,cap,0.01,12192,306,110,10385,103,58,10224,61,10324,12082,0.851018043370303,0.00902230971128609,
unsw,cic,29,True,forest,temporal+tcp,0,random,0.01,12192,306,110,10385,92,59,10234,61,10324,12082,0.8519284886608177,0.00902230971128609,
unsw,cic,29,True,forest,temporal+tcp,0,frozen,0.05,12192,306,12192,10385,10385,0,0,61,10324,0,,1.0,0.009166666666666545
unsw,cic,29,True,forest,temporal+tcp,0,cap,0.05,12192,306,599,10385,562,58,9765,61,10324,11593,0.8473216596221858,0.04913057742782152,
unsw,cic,29,True,forest,temporal+tcp,0,random,0.05,12192,306,599,10385,501,55,9829,61,10324,11593,0.8525834555335116,0.04913057742782152,
unsw,cic,29,True,forest,temporal+tcp,0,frozen,0.1,12192,306,12192,10385,10385,0,0,61,10324,0,,1.0,0.0
unsw,cic,29,True,forest,temporal+tcp,0,cap,0.1,12192,306,1210,10385,1148,58,9179,61,10324,10982,0.8411036241121835,0.09924540682414698,
unsw,cic,29,True,forest,temporal+tcp,0,random,0.1,12192,306,1210,10385,1016,53,9316,61,10324,10982,0.8531232926607175,0.09924540682414698,
unsw,cic,29,True,forest,random10,0,forced,0.0,12192,306,0,9655,0,79,9576,79,9576,12192,0.7919127296587927,0.0,
unsw,cic,29,True,forest,random10,0,frozen,0.01,12192,306,12190,9655,9655,0,0,79,9576,2,0.0,0.9998359580052494,0.0520900093370682
unsw,cic,29,True,forest,random10,0,cap,0.01,12192,306,110,9655,79,79,9497,79,9576,12082,0.7925840092699884,0.00902230971128609,
unsw,cic,29,True,forest,random10,0,random,0.01,12192,306,110,9655,87,77,9491,79,9576,12082,0.791921867240523,0.00902230971128609,
unsw,cic,29,True,forest,random10,0,frozen,0.05,12192,306,12192,9655,9655,0,0,79,9576,0,,1.0,0.009166666666666545
unsw,cic,29,True,forest,random10,0,cap,0.05,12192,306,599,9655,477,76,9102,79,9576,11593,0.7916846372811179,0.04913057742782152,
unsw,cic,29,True,forest,random10,0,random,0.05,12192,306,599,9655,463,73,9119,79,9576,11593,0.7928922625722419,0.04913057742782152,
unsw,cic,29,True,forest,random10,0,frozen,0.1,12192,306,12192,9655,9655,0,0,79,9576,0,,1.0,0.0
unsw,cic,29,True,forest,random10,0,cap,0.1,12192,306,1210,9655,991,74,8590,79,9576,10982,0.7889273356401384,0.09924540682414698,
unsw,cic,29,True,forest,random10,0,random,0.1,12192,306,1210,9655,945,70,8640,79,9576,10982,0.7931160080131123,0.09924540682414698,
unsw,unsw,43,False,logistic,clean,0,forced,0.0,10417,1285,0,11,0,9,2,9,2,10417,0.0010559662090813093,0.0,
unsw,unsw,43,False,logistic,clean,0,frozen,0.01,10417,1285,92,11,7,2,2,9,2,10325,0.000387409200968523,0.008831717385043679,0.1661806910609145
unsw,unsw,43,False,logistic,clean,0,cap,0.01,10417,1285,101,11,7,2,2,9,2,10316,0.00038774718883288094,0.009695689737928385,
unsw,unsw,43,False,logistic,clean,0,random,0.01,10417,1285,101,11,0,9,2,9,2,10316,0.0010663047692904227,0.009695689737928385,
unsw,unsw,43,False,logistic,clean,0,frozen,0.05,10417,1285,576,11,10,0,1,9,2,9841,0.000101615689462453,0.055294230584621296,0.009840849172354948
unsw,unsw,43,False,logistic,clean,0,cap,0.05,10417,1285,518,11,10,0,1,9,2,9899,0.00010102030508132135,0.04972640875491984,
unsw,unsw,43,False,logistic,clean,0,random,0.05,10417,1285,518,11,0,9,2,9,2,9899,0.0011112233558945347,0.04972640875491984,
unsw,unsw,43,False,logistic,clean,0,frozen,0.1,10417,1285,1153,11,10,0,1,9,2,9264,0.0001079447322970639,0.11068445809734088,0.004877863942679417
unsw,unsw,43,False,logistic,clean,0,cap,0.1,10417,1285,1040,11,10,0,1,9,2,9377,0.00010664391596459421,0.09983680522223289,
unsw,unsw,43,False,logistic,clean,0,random,0.1,10417,1285,1040,11,0,9,2,9,2,9377,0.0011730830756105364,0.09983680522223289,
unsw,unsw,43,False,logistic,temporal,0,forced,0.0,10417,1285,0,83,0,82,1,82,1,10417,0.007967745032158972,0.0,
unsw,unsw,43,False,logistic,temporal,0,frozen,0.01,10417,1285,402,83,76,6,1,82,1,10015,0.0006989515726410385,0.03859076509551694,0.1661806910609145
unsw,unsw,43,False,logistic,temporal,0,cap,0.01,10417,1285,101,83,39,43,1,82,1,10316,0.004265219077161691,0.009695689737928385,
unsw,unsw,43,False,logistic,temporal,0,random,0.01,10417,1285,101,83,0,82,1,82,1,10316,0.00804575416828228,0.009695689737928385,
unsw,unsw,43,False,logistic,temporal,0,frozen,0.05,10417,1285,888,83,80,2,1,82,1,9529,0.000314828418511911,0.08524527215129116,0.009840849172354948
unsw,unsw,43,False,logistic,temporal,0,cap,0.05,10417,1285,518,83,76,6,1,82,1,9899,0.0007071421355692494,0.04972640875491984,
unsw,unsw,43,False,logistic,temporal,0,random,0.05,10417,1285,518,83,1,81,1,82,1,9899,0.00828366501666835,0.04972640875491984,
unsw,unsw,43,False,logistic,temporal,0,frozen,0.1,10417,1285,1085,83,80,2,1,82,1,9332,0.0003214744963566224,0.10415666698665643,0.004877863942679417
unsw,unsw,43,False,logistic,temporal,0,cap,0.1,10417,1285,1040,83,80,2,1,82,1,9377,0.0003199317478937827,0.09983680522223289,
unsw,unsw,43,False,logistic,temporal,0,random,0.1,10417,1285,1040,83,6,76,1,82,1,9377,0.008211581529273754,0.09983680522223289,
unsw,unsw,43,False,logistic,size,0,forced,0.0,10417,1285,0,315,0,311,4,311,4,10417,0.03023903235096477,0.0,
unsw,unsw,43,False,logistic,size,0,frozen,0.01,10417,1285,406,315,266,47,2,311,4,10011,0.004894615922485266,0.03897475280791015,0.1661806910609145
unsw,unsw,43,False,logistic,size,0,cap,0.01,10417,1285,101,315,67,246,2,311,4,10316,0.02404032570763862,0.009695689737928385,
unsw,unsw,43,False,logistic,size,0,random,0.01,10417,1285,101,315,6,305,4,311,4,10316,0.029953470337340055,0.009695689737928385,
unsw,unsw,43,False,logistic,size,0,frozen,0.05,10417,1285,479,315,312,2,1,311,4,9938,0.00030187160394445564,0.04598252855908611,0.009840849172354948
unsw,unsw,43,False,logistic,size,0,cap,0.05,10417,1285,518,315,300,14,1,311,4,9899,0.0015153045762198202,0.04972640875491984,
unsw,unsw,43,False,logistic,size,0,random,0.05,10417,1285,518,315,22,289,4,311,4,9899,0.029598949388827154,0.04972640875491984,
unsw,unsw,43,False,logistic,size,0,frozen,0.1,10417,1285,555,315,312,2,1,311,4,9862,0.0003041979314540661,0.05327829509455698,0.004877863942679417
unsw,unsw,43,False,logistic,size,0,cap,0.1,10417,1285,1040,315,312,2,1,311,4,9377,0.0003199317478937827,0.09983680522223289,
unsw,unsw,43,False,logistic,size,0,random,0.1,10417,1285,1040,315,39,272,4,311,4,9377,0.029433720806228005,0.09983680522223289,
unsw,unsw,43,False,logistic,tcp,0,forced,0.0,10417,1285,0,99,0,97,2,97,2,10417,0.009503695881731784,0.0,
unsw,unsw,43,False,logistic,tcp,0,frozen,0.01,10417,1285,444,99,83,14,2,97,2,9973,0.0016043316955780607,0.04262263607564558,0.1661806910609145
unsw,unsw,43,False,logistic,tcp,0,cap,0.01,10417,1285,101,99,35,62,2,97,2,10316,0.006203955021326095,0.009695689737928385,
unsw,unsw,43,False,logistic,tcp,0,random,0.01,10417,1285,101,99,1,96,2,97,2,10316,0.009499806126405583,0.009695689737928385,
unsw,unsw,43,False,logistic,tcp,0,frozen,0.05,10417,1285,1116,99,90,8,1,97,2,9301,0.0009676378883990968,0.10713257175770376,0.009840849172354948
unsw,unsw,43,False,logistic,tcp,0,cap,0.05,10417,1285,518,99,89,9,1,97,2,9899,0.0010102030508132135,0.04972640875491984,
unsw,unsw,43,False,logistic,tcp,0,random,0.05,10417,1285,518,99,5,92,2,97,2,9899,0.009495908677644207,0.04972640875491984,
unsw,unsw,43,False,logistic,tcp,0,frozen,0.1,10417,1285,1307,99,90,8,1,97,2,9110,0.0009879253567508233,0.12546798502447923,0.004877863942679417
unsw,unsw,43,False,logistic,tcp,0,cap,0.1,10417,1285,1040,99,90,8,1,97,2,9377,0.0009597952436813479,0.09983680522223289,
unsw,unsw,43,False,logistic,tcp,0,random,0.1,10417,1285,1040,99,10,87,2,97,2,9377,0.009491308520848885,0.09983680522223289,
unsw,unsw,43,False,logistic,temporal+tcp,0,forced,0.0,10417,1285,0,416,0,415,1,415,1,10417,0.039934722088893156,0.0,
unsw,unsw,43,False,logistic,temporal+tcp,0,frozen,0.01,10417,1285,390,416,268,147,1,415,1,10027,0.014760147601476014,0.037438801958337334,0.1661806910609145
unsw,unsw,43,False,logistic,temporal+tcp,0,cap,0.01,10417,1285,101,416,63,352,1,415,1,10316,0.03421868941450174,0.009695689737928385,
unsw,unsw,43,False,logistic,temporal+tcp,0,random,0.01,10417,1285,101,416,6,409,1,415,1,10316,0.0397440868553703,0.009695689737928385,
unsw,unsw,43,False,logistic,temporal+tcp,0,frozen,0.05,10417,1285,1005,416,408,8,0,415,1,9412,0.0008499787505312367,0.09647691273879236,0.009840849172354948
unsw,unsw,43,False,logistic,temporal+tcp,0,cap,0.05,10417,1285,518,416,346,69,1,415,1,9899,0.007071421355692494,0.04972640875491984,
unsw,unsw,43,False,logistic,temporal+tcp,0,random,0.05,10417,1285,518,416,23,392,1,415,1,9899,0.03970097989695929,0.04972640875491984,
unsw,unsw,43,False,logistic,temporal+tcp,0,frozen,0.1,10417,1285,1390,416,408,8,0,415,1,9027,0.0008862301982940069,0.1334357300566382,0.004877863942679417
unsw,unsw,43,False,logistic,temporal+tcp,0,cap,0.1,10417,1285,1040,416,407,8,1,415,1,9377,0.0009597952436813479,0.09983680522223289,
unsw,unsw,43,False,logistic,temporal+tcp,0,random,0.1,10417,1285,1040,416,44,371,1,415,1,9377,0.03967153673882905,0.09983680522223289,
unsw,unsw,43,False,logistic,random10,0,forced,0.0,10417,1285,0,220,0,168,52,168,52,10417,0.021119324181626188,0.0,
unsw,unsw,43,False,logistic,random10,0,frozen,0.01,10417,1285,324,220,110,71,39,168,52,10093,0.010898642623600515,0.031103004703849475,0.1661806910609145
unsw,unsw,43,False,logistic,random10,0,cap,0.01,10417,1285,101,220,48,124,48,168,52,10316,0.016673129119813883,0.009695689737928385,
unsw,unsw,43,False,logistic,random10,0,random,0.01,10417,1285,101,220,3,166,51,168,52,10316,0.021035284994183792,0.009695689737928385,
unsw,unsw,43,False,logistic,random10,0,frozen,0.05,10417,1285,1084,220,163,34,23,168,52,9333,0.006107360977177756,0.10406067005855812,0.009840849172354948
unsw,unsw,43,False,logistic,random10,0,cap,0.05,10417,1285,518,220,130,54,36,168,52,9899,0.00909182745731892,0.04972640875491984,
unsw,unsw,43,False,logistic,random10,0,random,0.05,10417,1285,518,220,13,158,49,168,52,9899,0.020911203151833518,0.04972640875491984,
unsw,unsw,43,False,logistic,random10,0,frozen,0.1,10417,1285,1533,220,170,31,19,168,52,8884,0.005628095452498875,0.1471632907746952,0.004877863942679417
unsw,unsw,43,False,logistic,random10,0,cap,0.1,10417,1285,1040,220,161,34,25,168,52,9377,0.006291991041911059,0.09983680522223289,
unsw,unsw,43,False,logistic,random10,0,random,0.1,10417,1285,1040,220,23,150,47,168,52,9377,0.02100885144502506,0.09983680522223289,
unsw,ton,43,False,logistic,clean,0,forced,0.0,9367,7534,0,7553,0,7505,48,7505,48,9367,0.8063414113376748,0.0,
unsw,ton,43,False,logistic,clean,0,frozen,0.01,9367,7534,197,7553,44,7489,20,7505,48,9170,0.81886586695747,0.021031280025621865,0.1661806910609145
unsw,ton,43,False,logistic,clean,0,cap,0.01,9367,7534,78,7553,37,7472,44,7505,48,9289,0.8091290774033804,0.008327105796946729,
unsw,ton,43,False,logistic,clean,0,random,0.01,9367,7534,78,7553,73,7432,48,7505,48,9289,0.8052535256755302,0.008327105796946729,
unsw,ton,43,False,logistic,clean,0,frozen,0.05,9367,7534,270,7553,67,7472,14,7505,48,9097,0.8229086512036935,0.028824596989430983,0.009840849172354948
unsw,ton,43,False,logistic,clean,0,cap,0.05,9367,7534,454,7553,284,7241,28,7505,48,8913,0.8155503197576573,0.04846802604889506,
unsw,ton,43,False,logistic,clean,0,random,0.05,9367,7534,454,7553,382,7124,47,7505,48,8913,0.804555144171435,0.04846802604889506,
unsw,ton,43,False,logistic,clean,0,frozen,0.1,9367,7534,297,7553,72,7468,13,7505,48,9070,0.8248070562293275,0.03170705668837408,0.004877863942679417
unsw,ton,43,False,logistic,clean,0,cap,0.1,9367,7534,921,7553,632,6900,21,7505,48,8446,0.8194411555766044,0.0983239030639479,
unsw,ton,43,False,logistic,clean,0,random,0.1,9367,7534,921,7553,768,6743,42,7505,48,8446,0.8033388586313047,0.0983239030639479,
unsw,ton,43,False,logistic,temporal,0,forced,0.0,9367,7534,0,7544,0,7527,17,7527,17,9367,0.8053805914380271,0.0,
unsw,ton,43,False,logistic,temporal,0,frozen,0.01,9367,7534,45,7544,33,7497,14,7527,17,9322,0.8057283844668526,0.0048040994982384965,0.1661806910609145
unsw,ton,43,False,logistic,temporal,0,cap,0.01,9367,7534,78,7544,51,7477,16,7527,17,9289,0.8066530304661428,0.008327105796946729,
unsw,ton,43,False,logistic,temporal,0,random,0.01,9367,7534,78,7544,73,7454,17,7527,17,9289,0.8042846377435676,0.008327105796946729,
unsw,ton,43,False,logistic,temporal,0,frozen,0.05,9367,7534,80,7544,50,7482,12,7527,17,9287,0.806934424464305,0.008540621330201772,0.009840849172354948
unsw,ton,43,False,logistic,temporal,0,cap,0.05,9367,7534,454,7544,276,7255,13,7527,17,8913,0.8154381240884102,0.04846802604889506,
unsw,ton,43,False,logistic,temporal,0,random,0.05,9367,7534,454,7544,381,7146,17,7527,17,8913,0.8036575788174577,0.04846802604889506,
unsw,ton,43,False,logistic,temporal,0,frozen,0.1,9367,7534,94,7544,52,7480,12,7527,17,9273,0.8079370214601531,0.010035230062987082,0.004877863942679417
unsw,ton,43,False,logistic,temporal,0,cap,0.1,9367,7534,921,7544,617,6917,10,7527,17,8446,0.8201515510300734,0.0983239030639479,
unsw,ton,43,False,logistic,temporal,0,random,0.1,9367,7534,921,7544,766,6763,15,7527,17,8446,0.8025100639355908,0.0983239030639479,
unsw,ton,43,False,logistic,size,0,forced,0.0,9367,7534,0,7575,0,7523,52,7523,52,9367,0.8086900822034803,0.0,
unsw,ton,43,False,logistic,size,0,frozen,0.01,9367,7534,207,7575,52,7485,38,7523,52,9160,0.8212882096069869,0.022098857691897084,0.1661806910609145
unsw,ton,43,False,logistic,size,0,cap,0.01,9367,7534,78,7575,45,7478,52,7523,52,9289,0.8106362364086555,0.008327105796946729,
unsw,ton,43,False,logistic,size,0,random,0.01,9367,7534,78,7575,73,7450,52,7523,52,9289,0.8076219183981053,0.008327105796946729,
unsw,ton,43,False,logistic,size,0,frozen,0.05,9367,7534,492,7575,98,7463,14,7523,52,8875,0.8424788732394366,0.0525248211807409,0.009840849172354948
unsw,ton,43,False,logistic,size,0,cap,0.05,9367,7534,454,7575,288,7241,46,7523,52,8913,0.8175698418041064,0.04846802604889506,
unsw,ton,43,False,logistic,size,0,random,0.05,9367,7534,454,7575,382,7142,51,7523,52,8913,0.8070234488948727,0.04846802604889506,
unsw,ton,43,False,logistic,size,0,frozen,0.1,9367,7534,594,7575,114,7447,14,7523,52,8773,0.8504502450701015,0.06341411337674815,0.004877863942679417
unsw,ton,43,False,logistic,size,0,cap,0.1,9367,7534,921,7575,641,6895,39,7523,52,8446,0.8209803457257874,0.0983239030639479,
unsw,ton,43,False,logistic,size,0,random,0.1,9367,7534,921,7575,768,6759,48,7523,52,8446,0.8059436419606915,0.0983239030639479,
unsw,ton,43,False,logistic,tcp,0,forced,0.0,9367,7534,0,7303,0,7259,44,7259,44,9367,0.7796519696807943,0.0,
unsw,ton,43,False,logistic,tcp,0,frozen,0.01,9367,7534,97,7303,56,7229,18,7259,44,9270,0.7817691477885652,0.01035550336286965,0.1661806910609145
unsw,ton,43,False,logistic,tcp,0,cap,0.01,9367,7534,78,7303,42,7223,38,7259,44,9289,0.7816772526644418,0.008327105796946729,
unsw,ton,43,False,logistic,tcp,0,random,0.01,9367,7534,78,7303,73,7186,44,7259,44,9289,0.7783399720099042,0.008327105796946729,
unsw,ton,43,False,logistic,tcp,0,frozen,0.05,9367,7534,309,7303,91,7199,13,7259,44,9058,0.7962022521527932,0.03298814988790434,0.009840849172354948
unsw,ton,43,False,logistic,tcp,0,cap,0.05,9367,7534,454,7303,289,6988,26,7259,44,8913,0.7869404240996297,0.04846802604889506,
unsw,ton,43,False,logistic,tcp,0,random,0.05,9367,7534,454,7303,370,6889,44,7259,44,8913,0.7778525748906092,0.04846802604889506,
unsw,ton,43,False,logistic,tcp,0,frozen,0.1,9367,7534,466,7303,102,7189,12,7259,44,8901,0.8090102235703853,0.04974911924842532,0.004877863942679417
unsw,ton,43,False,logistic,tcp,0,cap,0.1,9367,7534,921,7303,682,6607,14,7259,44,8446,0.7839213829031494,0.0983239030639479,
unsw,ton,43,False,logistic,tcp,0,random,0.1,9367,7534,921,7303,743,6522,38,7259,44,8446,0.7766990291262136,0.0983239030639479,
unsw,ton,43,False,logistic,temporal+tcp,0,forced,0.0,9367,7534,0,7265,0,7250,15,7250,15,9367,0.7755951745489484,0.0,
unsw,ton,43,False,logistic,temporal+tcp,0,frozen,0.01,9367,7534,287,7265,13,7239,13,7250,15,9080,0.7986784140969163,0.030639479022098858,0.1661806910609145
unsw,ton,43,False,logistic,temporal+tcp,0,cap,0.01,9367,7534,78,7265,48,7202,15,7250,15,9289,0.7769404672192917,0.008327105796946729,
unsw,ton,43,False,logistic,temporal+tcp,0,random,0.01,9367,7534,78,7265,73,7177,15,7250,15,9289,0.774249111852729,0.008327105796946729,
unsw,ton,43,False,logistic,temporal+tcp,0,frozen,0.05,9367,7534,360,7265,53,7201,11,7250,15,9007,0.8007105584545353,0.03843279598590797,0.009840849172354948
unsw,ton,43,False,logistic,temporal+tcp,0,cap,0.05,9367,7534,454,7265,231,7023,11,7250,15,8913,0.7891843374845731,0.04846802604889506,
unsw,ton,43,False,logistic,temporal+tcp,0,random,0.05,9367,7534,454,7265,371,6879,15,7250,15,8913,0.7734769437899697,0.04846802604889506,
unsw,ton,43,False,logistic,temporal+tcp,0,frozen,0.1,9367,7534,390,7265,58,7198,9,7250,15,8977,0.8028294530466749,0.04163552898473364,0.004877863942679417
unsw,ton,43,False,logistic,temporal+tcp,0,cap,0.1,9367,7534,921,7265,573,6686,6,7250,15,8446,0.7923277291025338,0.0983239030639479,
unsw,ton,43,False,logistic,temporal+tcp,0,random,0.1,9367,7534,921,7265,741,6511,13,7250,15,8446,0.772436656405399,0.0983239030639479,
unsw,ton,43,False,logistic,random10,0,forced,0.0,9367,7534,0,7216,0,7085,131,7085,131,9367,0.7703640439841999,0.0,
unsw,ton,43,False,logistic,random10,0,frozen,0.01,9367,7534,415,7216,168,6947,101,7085,131,8952,0.7873100983020554,0.04430447315042169,0.1661806910609145
unsw,ton,43,False,logistic,random10,0,cap,0.01,9367,7534,78,7216,42,7046,128,7085,131,9289,0.772311335988804,0.008327105796946729,
unsw,ton,43,False,logistic,random10,0,random,0.01,9367,7534,78,7216,70,7015,131,7085,131,9289,0.7692970179782539,0.008327105796946729,
unsw,ton,43,False,logistic,random10,0,frozen,0.05,9367,7534,900,7216,373,6766,77,7085,131,8467,0.80819652769576,0.09608198996476994,0.009840849172354948
unsw,ton,43,False,logistic,random10,0,cap,0.05,9367,7534,454,7216,209,6899,108,7085,131,8913,0.7861550544148996,0.04846802604889506,
unsw,ton,43,False,logistic,random10,0,random,0.05,9367,7534,454,7216,356,6732,128,7085,131,8913,0.769662291035566,0.04846802604889506,
unsw,ton,43,False,logistic,random10,0,frozen,0.1,9367,7534,1027,7216,459,6688,69,7085,131,8340,0.8101918465227818,0.10964022632646525,0.004877863942679417
unsw,ton,43,False,logistic,random10,0,cap,0.1,9367,7534,921,7216,447,6682,87,7085,131,8446,0.8014444707553872,0.0983239030639479,
unsw,ton,43,False,logistic,random10,0,random,0.1,9367,7534,921,7216,724,6373,119,7085,131,8446,0.7686478806535638,0.0983239030639479,
unsw,cic,43,False,logistic,clean,0,forced,0.0,12192,306,0,2811,0,247,2564,247,2564,12192,0.23056102362204725,0.0,
unsw,cic,43,False,logistic,clean,0,frozen,0.01,12192,306,309,2811,151,242,2418,247,2564,11883,0.22384919633089287,0.025344488188976378,0.1661806910609145
unsw,cic,43,False,logistic,clean,0,cap,0.01,12192,306,110,2811,54,244,2513,247,2564,12082,0.228190696904486,0.00902230971128609,
unsw,cic,43,False,logistic,clean,0,random,0.01,12192,306,110,2811,31,243,2537,247,2564,12082,0.2300943552391988,0.00902230971128609,
unsw,cic,43,False,logistic,clean,0,frozen,0.05,12192,306,848,2811,349,239,2223,247,2564,11344,0.21703102961918194,0.06955380577427822,0.009840849172354948
unsw,cic,43,False,logistic,clean,0,cap,0.05,12192,306,599,2811,241,239,2331,247,2564,11593,0.22168549987061156,0.04913057742782152,
unsw,cic,43,False,logistic,clean,0,random,0.05,12192,306,599,2811,135,240,2436,247,2564,11593,0.23082894850340724,0.04913057742782152,
unsw,cic,43,False,logistic,clean,0,frozen,0.1,12192,306,1294,2811,469,233,2109,247,2564,10898,0.21490181684712792,0.10613517060367454,0.004877863942679417
unsw,cic,43,False,logistic,clean,0,cap,0.1,12192,306,1210,2811,452,234,2125,247,2564,10982,0.2148060462575123,0.09924540682414698,
unsw,cic,43,False,logistic,clean,0,random,0.1,12192,306,1210,2811,270,231,2310,247,2564,10982,0.23137861955927883,0.09924540682414698,
unsw,cic,43,False,logistic,temporal,0,forced,0.0,12192,306,0,2977,0,251,2726,251,2726,12192,0.2441765091863517,0.0,
unsw,cic,43,False,logistic,temporal,0,frozen,0.01,12192,306,977,2977,813,250,1914,251,2726,11215,0.1929558626839055,0.08013451443569554,0.1661806910609145
unsw,cic,43,False,logistic,temporal,0,cap,0.01,12192,306,110,2977,81,250,2646,251,2726,12082,0.23969541466644595,0.00902230971128609,
unsw,cic,43,False,logistic,temporal,0,random,0.01,12192,306,110,2977,34,247,2696,251,2726,12082,0.2435854990895547,0.00902230971128609,
unsw,cic,43,False,logistic,temporal,0,frozen,0.05,12192,306,1627,2977,1241,246,1490,251,2726,10565,0.16431613819214388,0.1334481627296588,0.009840849172354948
unsw,cic,43,False,logistic,temporal,0,cap,0.05,12192,306,599,2977,500,250,2227,251,2726,11593,0.21366341757957388,0.04913057742782152,
unsw,cic,43,False,logistic,temporal,0,random,0.05,12192,306,599,2977,147,244,2586,251,2726,11593,0.24411282670577072,0.04913057742782152,
unsw,cic,43,False,logistic,temporal,0,frozen,0.1,12192,306,1769,2977,1354,246,1377,251,2726,10423,0.15571332629761106,0.1450951443569554,0.004877863942679417
unsw,cic,43,False,logistic,temporal,0,cap,0.1,12192,306,1210,2977,991,249,1737,251,2726,10982,0.18084137679839737,0.09924540682414698,
unsw,cic,43,False,logistic,temporal,0,random,0.1,12192,306,1210,2977,291,234,2452,251,2726,10982,0.24458204334365324,0.09924540682414698,
unsw,cic,43,False,logistic,size,0,forced,0.0,12192,306,0,2740,0,246,2494,246,2494,12192,0.22473753280839895,0.0,
unsw,cic,43,False,logistic,size,0,frozen,0.01,12192,306,552,2740,188,239,2313,246,2494,11640,0.21924398625429553,0.045275590551181105,0.1661806910609145
unsw,cic,43,False,logistic,size,0,cap,0.01,12192,306,110,2740,74,246,2420,246,2494,12082,0.220658831319318,0.00902230971128609,
unsw,cic,43,False,logistic,size,0,random,0.01,12192,306,110,2740,31,242,2467,246,2494,12082,0.2242178447276941,0.00902230971128609,
unsw,cic,43,False,logistic,size,0,frozen,0.05,12192,306,2274,2740,743,215,1782,246,2494,9918,0.20135107884654163,0.18651574803149606,0.009840849172354948
unsw,cic,43,False,logistic,size,0,cap,0.05,12192,306,599,2740,194,237,2309,246,2494,11593,0.21961528508582764,0.04913057742782152,
unsw,cic,43,False,logistic,size,0,random,0.05,12192,306,599,2740,134,239,2367,246,2494,11593,0.22479082204778747,0.04913057742782152,
unsw,cic,43,False,logistic,size,0,frozen,0.1,12192,306,2894,2740,896,186,1658,246,2494,9298,0.19832221983222198,0.2373687664041995,0.004877863942679417
unsw,cic,43,False,logistic,size,0,cap,0.1,12192,306,1210,2740,344,227,2169,246,2494,10982,0.21817519577490438,0.09924540682414698,
unsw,cic,43,False,logistic,size,0,random,0.1,12192,306,1210,2740,269,230,2241,246,2494,10982,0.22500455290475324,0.09924540682414698,
unsw,cic,43,False,logistic,tcp,0,forced,0.0,12192,306,0,2796,0,247,2549,247,2549,12192,0.22933070866141733,0.0,
unsw,cic,43,False,logistic,tcp,0,frozen,0.01,12192,306,264,2796,141,243,2412,247,2549,11928,0.22258551307847083,0.021653543307086614,0.1661806910609145
unsw,cic,43,False,logistic,tcp,0,cap,0.01,12192,306,110,2796,63,245,2488,247,2549,12082,0.22620427081609004,0.00902230971128609,
unsw,cic,43,False,logistic,tcp,0,random,0.01,12192,306,110,2796,31,243,2522,247,2549,12082,0.22885283893395134,0.00902230971128609,
unsw,cic,43,False,logistic,tcp,0,frozen,0.05,12192,306,1042,2796,484,236,2076,247,2549,11150,0.2073542600896861,0.08546587926509186,0.009840849172354948
unsw,cic,43,False,logistic,tcp,0,cap,0.05,12192,306,599,2796,293,239,2264,247,2549,11593,0.2159061502630898,0.04913057742782152,
unsw,cic,43,False,logistic,tcp,0,random,0.05,12192,306,599,2796,135,240,2421,247,2549,11593,0.22953506426291728,0.04913057742782152,
unsw,cic,43,False,logistic,tcp,0,frozen,0.1,12192,306,1490,2796,757,231,1808,247,2549,10702,0.1905251354886937,0.12221128608923884,0.004877863942679417
unsw,cic,43,False,logistic,tcp,0,cap,0.1,12192,306,1210,2796,592,236,1968,247,2549,10982,0.20069204152249134,0.09924540682414698,
unsw,cic,43,False,logistic,tcp,0,random,0.1,12192,306,1210,2796,268,231,2297,247,2549,10982,0.23019486432343836,0.09924540682414698,
unsw,cic,43,False,logistic,temporal+tcp,0,forced,0.0,12192,306,0,3051,0,252,2799,252,2799,12192,0.250246062992126,0.0,
unsw,cic,43,False,logistic,temporal+tcp,0,frozen,0.01,12192,306,1376,3051,1158,248,1645,252,2799,10816,0.17501849112426035,0.11286089238845144,0.1661806910609145
unsw,cic,43,False,logistic,temporal+tcp,0,cap,0.01,12192,306,110,3051,60,251,2740,252,2799,12082,0.24755835126634662,0.00902230971128609,
unsw,cic,43,False,logistic,temporal+tcp,0,random,0.01,12192,306,110,3051,35,248,2768,252,2799,12082,0.24962754510842575,0.00902230971128609,
unsw,cic,43,False,logistic,temporal+tcp,0,frozen,0.05,12192,306,2021,3051,1671,246,1134,252,2799,10171,0.13567987415200078,0.16576443569553806,0.009840849172354948
unsw,cic,43,False,logistic,temporal+tcp,0,cap,0.05,12192,306,599,3051,470,250,2331,252,2799,11593,0.22263434831363754,0.04913057742782152,
unsw,cic,43,False,logistic,temporal+tcp,0,random,0.05,12192,306,599,3051,149,245,2657,252,2799,11593,0.2503234710601225,0.04913057742782152,
unsw,cic,43,False,logistic,temporal+tcp,0,frozen,0.1,12192,306,2322,3051,1915,246,890,252,2799,9870,0.11509625126646403,0.1904527559055118,0.004877863942679417
unsw,cic,43,False,logistic,temporal+tcp,0,cap,0.1,12192,306,1210,3051,1008,248,1795,252,2799,10982,0.1860316882170825,0.09924540682414698,
unsw,cic,43,False,logistic,temporal+tcp,0,random,0.1,12192,306,1210,3051,290,236,2525,252,2799,10982,0.2514114004735021,0.09924540682414698,
unsw,cic,43,False,logistic,random10,0,forced,0.0,12192,306,0,2880,0,245,2635,245,2635,12192,0.23622047244094488,0.0,
unsw,cic,43,False,logistic,random10,0,frozen,0.01,12192,306,803,2880,379,235,2266,245,2635,11389,0.21959785758187725,0.06586286089238845,0.1661806910609145
unsw,cic,43,False,logistic,random10,0,cap,0.01,12192,306,110,2880,55,243,2582,245,2635,12082,0.23381890415494125,0.00902230971128609,
unsw,cic,43,False,logistic,random10,0,random,0.01,12192,306,110,2880,30,241,2609,245,2635,12082,0.23588809799702037,0.00902230971128609,
unsw,cic,43,False,logistic,random10,0,frozen,0.05,12192,306,1969,2880,881,219,1780,245,2635,10223,0.19553946982294826,0.161499343832021,0.009840849172354948
unsw,cic,43,False,logistic,random10,0,cap,0.05,12192,306,599,2880,290,239,2351,245,2635,11593,0.2234106788579315,0.04913057742782152,
unsw,cic,43,False,logistic,random10,0,random,0.05,12192,306,599,2880,140,237,2503,245,2635,11593,0.236349521262831,0.04913057742782152,
unsw,cic,43,False,logistic,random10,0,frozen,0.1,12192,306,2309,2880,1000,214,1666,245,2635,9883,0.19022563998785794,0.18938648293963253,0.004877863942679417
unsw,cic,43,False,logistic,random10,0,cap,0.1,12192,306,1210,2880,554,229,2097,245,2635,10982,0.2118011291203788,0.09924540682414698,
unsw,cic,43,False,logistic,random10,0,random,0.1,12192,306,1210,2880,285,227,2368,245,2635,10982,0.23629575669276998,0.09924540682414698,
unsw,unsw,43,False,forest,clean,0,forced,0.0,10417,1285,0,7,0,3,4,3,4,10417,0.000671978496688106,0.0,
unsw,unsw,43,False,forest,clean,0,frozen,0.01,10417,1285,118,7,7,0,0,3,4,10299,0.0,0.0113276375155995,0.0715557775557778
unsw,unsw,43,False,forest,clean,0,cap,0.01,10417,1285,101,7,6,0,1,3,4,10316,9.693679720822024e-05,0.009695689737928385,
unsw,unsw,43,False,forest,clean,0,random,0.01,10417,1285,101,7,0,3,4,3,4,10316,0.0006785575804575417,0.009695689737928385,
unsw,unsw,43,False,forest,clean,0,frozen,0.05,10417,1285,472,7,7,0,0,3,4,9945,0.0,0.045310550062398,0.0159445680385617
unsw,unsw,43,False,forest,clean,0,cap,0.05,10417,1285,518,7,7,0,0,3,4,9899,0.0,0.04972640875491984,
unsw,unsw,43,False,forest,clean,0,random,0.05,10417,1285,518,7,1,3,3,3,4,9899,0.000606121830487928,0.04972640875491984,
unsw,unsw,43,False,forest,clean,0,frozen,0.1,10417,1285,1020,7,7,0,0,3,4,9397,0.0,0.09791686666026687,0.0011112975107715473
unsw,unsw,43,False,forest,clean,0,cap,0.1,10417,1285,1040,7,7,0,0,3,4,9377,0.0,0.09983680522223289,
unsw,unsw,43,False,forest,clean,0,random,0.1,10417,1285,1040,7,1,3,3,3,4,9377,0.0006398634957875654,0.09983680522223289,
unsw,unsw,43,False,forest,temporal,0,forced,0.0,10417,1285,0,11,0,6,5,6,5,10417,0.0010559662090813093,0.0,
unsw,unsw,43,False,forest,temporal,0,frozen,0.01,10417,1285,836,11,11,0,0,6,5,9581,0.0,0.08025343189017951,0.0715557775557778
unsw,unsw,43,False,forest,temporal,0,cap,0.01,10417,1285,101,11,10,0,1,6,5,10316,9.693679720822024e-05,0.009695689737928385,
unsw,unsw,43,False,forest,temporal,0,random,0.01,10417,1285,101,11,0,6,5,6,5,10316,0.0010663047692904227,0.009695689737928385,
unsw,unsw,43,False,forest,temporal,0,frozen,0.05,10417,1285,1653,11,11,0,0,6,5,8764,0.0,0.15868292214649132,0.0159445680385617
unsw,unsw,43,False,forest,temporal,0,cap,0.05,10417,1285,518,11,10,0,1,6,5,9899,0.00010102030508132135,0.04972640875491984,
unsw,unsw,43,False,forest,temporal,0,random,0.05,10417,1285,518,11,1,6,4,6,5,9899,0.0010102030508132135,0.04972640875491984,
unsw,unsw,43,False,forest,temporal,0,frozen,0.1,10417,1285,3121,11,11,0,0,6,5,7296,0.0,0.299606412594797,0.0011112975107715473
unsw,unsw,43,False,forest,temporal,0,cap,0.1,10417,1285,1040,11,11,0,0,6,5,9377,0.0,0.09983680522223289,
unsw,unsw,43,False,forest,temporal,0,random,0.1,10417,1285,1040,11,2,5,4,6,5,9377,0.0009597952436813479,0.09983680522223289,
unsw,unsw,43,False,forest,size,0,forced,0.0,10417,1285,0,4,0,0,4,0,4,10417,0.0003839877123932034,0.0,
unsw,unsw,43,False,forest,size,0,frozen,0.01,10417,1285,1844,4,4,0,0,0,4,8573,0.0,0.17701833541326678,0.0715557775557778
unsw,unsw,43,False,forest,size,0,cap,0.01,10417,1285,101,4,2,0,2,0,4,10316,0.00019387359441644047,0.009695689737928385,
unsw,unsw,43,False,forest,size,0,random,0.01,10417,1285,101,4,0,0,4,0,4,10316,0.00038774718883288094,0.009695689737928385,
unsw,unsw,43,False,forest,size,0,frozen,0.05,10417,1285,2214,4,4,0,0,0,4,8203,0.0,0.2125371988096381,0.0159445680385617
unsw,unsw,43,False,forest,size,0,cap,0.05,10417,1285,518,4,3,0,1,0,4,9899,0.00010102030508132135,0.04972640875491984,
unsw,unsw,43,False,forest,size,0,random,0.05,10417,1285,518,4,1,0,3,0,4,9899,0.000303060915243964,0.04972640875491984,
unsw,unsw,43,False,forest,size,0,frozen,0.1,10417,1285,10417,4,4,0,0,0,4,0,,1.0,0.0011112975107715473
unsw,unsw,43,False,forest,size,0,cap,0.1,10417,1285,1040,4,3,0,1,0,4,9377,0.00010664391596459421,0.09983680522223289,
unsw,unsw,43,False,forest,size,0,random,0.1,10417,1285,1040,4,1,0,3,0,4,9377,0.0003199317478937827,0.09983680522223289,
unsw,unsw,43,False,forest,tcp,0,forced,0.0,10417,1285,0,10,0,6,4,6,4,10417,0.0009599692809830085,0.0,
unsw,unsw,43,False,forest,tcp,0,frozen,0.01,10417,1285,1333,10,10,0,0,6,4,9084,0.0,0.12796390515503503,0.0715557775557778
unsw,unsw,43,False,forest,tcp,0,cap,0.01,10417,1285,101,10,9,0,1,6,4,10316,9.693679720822024e-05,0.009695689737928385,
unsw,unsw,43,False,forest,tcp,0,random,0.01,10417,1285,101,10,0,6,4,6,4,10316,0.0009693679720822024,0.009695689737928385,
unsw,unsw,43,False,forest,tcp,0,frozen,0.05,10417,1285,2358,10,10,0,0,6,4,8059,0.0,0.22636075645579343,0.0159445680385617
unsw,unsw,43,False,forest,tcp,0,cap,0.05,10417,1285,518,10,10,0,0,6,4,9899,0.0,0.04972640875491984,
unsw,unsw,43,False,forest,tcp,0,random,0.05,10417,1285,518,10,1,6,3,6,4,9899,0.0009091827457318921,0.04972640875491984,
unsw,unsw,43,False,forest,tcp,0,frozen,0.1,10417,1285,3051,10,10,0,0,6,4,7366,0.0,0.2928866276279159,0.0011112975107715473
unsw,unsw,43,False,forest,tcp,0,cap,0.1,10417,1285,1040,10,10,0,0,6,4,9377,0.0,0.09983680522223289,
unsw,unsw,43,False,forest,tcp,0,random,0.1,10417,1285,1040,10,1,6,3,6,4,9377,0.0009597952436813479,0.09983680522223289,
unsw,unsw,43,False,forest,temporal+tcp,0,forced,0.0,10417,1285,0,14,0,9,5,9,5,10417,0.001343956993376212,0.0,
unsw,unsw,43,False,forest,temporal+tcp,0,frozen,0.01,10417,1285,1511,14,14,0,0,9,5,8906,0.0,0.1450513583565326,0.0715557775557778
unsw,unsw,43,False,forest,temporal+tcp,0,cap,0.01,10417,1285,101,14,13,0,1,9,5,10316,9.693679720822024e-05,0.009695689737928385,
unsw,unsw,43,False,forest,temporal+tcp,0,random,0.01,10417,1285,101,14,0,9,5,9,5,10316,0.0013571151609150834,0.009695689737928385,
unsw,unsw,43,False,forest,temporal+tcp,0,frozen,0.05,10417,1285,2789,14,14,0,0,9,5,7628,0.0,0.2677354324661611,0.0159445680385617
unsw,unsw,43,False,forest,temporal+tcp,0,cap,0.05,10417,1285,518,14,14,0,0,9,5,9899,0.0,0.04972640875491984,
unsw,unsw,43,False,forest,temporal+tcp,0,random,0.05,10417,1285,518,14,1,9,4,9,5,9899,0.0013132639660571775,0.04972640875491984,
unsw,unsw,43,False,forest,temporal+tcp,0,frozen,0.1,10417,1285,3775,14,14,0,0,9,5,6642,0.0,0.3623884035710857,0.0011112975107715473
unsw,unsw,43,False,forest,temporal+tcp,0,cap,0.1,10417,1285,1040,14,14,0,0,9,5,9377,0.0,0.09983680522223289,
unsw,unsw,43,False,forest,temporal+tcp,0,random,0.1,10417,1285,1040,14,2,8,4,9,5,9377,0.0012797269915751307,0.09983680522223289,
unsw,unsw,43,False,forest,random10,0,forced,0.0,10417,1285,0,33,0,28,5,28,5,10417,0.0031678986272439284,0.0,
unsw,unsw,43,False,forest,random10,0,frozen,0.01,10417,1285,912,33,32,1,0,28,5,9505,0.00010520778537611783,0.08754919842565038,0.0715557775557778
unsw,unsw,43,False,forest,random10,0,cap,0.01,10417,1285,101,33,24,6,3,28,5,10316,0.0008724311748739822,0.009695689737928385,
unsw,unsw,43,False,forest,random10,0,random,0.01,10417,1285,101,33,0,28,5,28,5,10316,0.0031989143078712677,0.009695689737928385,
unsw,unsw,43,False,forest,random10,0,frozen,0.05,10417,1285,1884,33,33,0,0,28,5,8533,0.0,0.1808582125371988,0.0159445680385617
unsw,unsw,43,False,forest,random10,0,cap,0.05,10417,1285,518,33,32,1,0,28,5,9899,0.00010102030508132135,0.04972640875491984,
unsw,unsw,43,False,forest,random10,0,random,0.05,10417,1285,518,33,2,27,4,28,5,9899,0.0031316294575209616,0.04972640875491984,
unsw,unsw,43,False,forest,random10,0,frozen,0.1,10417,1285,3343,33,33,0,0,28,5,7074,0.0,0.32091773063261975,0.0011112975107715473
unsw,unsw,43,False,forest,random10,0,cap,0.1,10417,1285,1040,33,32,1,0,28,5,9377,0.00010664391596459421,0.09983680522223289,
unsw,unsw,43,False,forest,random10,0,random,0.1,10417,1285,1040,33,4,25,4,28,5,9377,0.0030926735629732325,0.09983680522223289,
unsw,ton,43,False,forest,clean,0,forced,0.0,9367,7534,0,6875,0,5826,1049,5826,1049,9367,0.7339596455642148,0.0,
unsw,ton,43,False,forest,clean,0,frozen,0.01,9367,7534,9203,6875,6715,160,0,5826,1049,164,0.975609756097561,0.9824917262730863,0.0715557775557778
unsw,ton,43,False,forest,clean,0,cap,0.01,9367,7534,78,6875,57,5773,1045,5826,1049,9289,0.7339864355689525,0.008327105796946729,
unsw,ton,43,False,forest,clean,0,random,0.01,9367,7534,78,6875,68,5759,1048,5826,1049,9289,0.732802239207665,0.008327105796946729,
unsw,ton,43,False,forest,clean,0,frozen,0.05,9367,7534,9367,6875,6875,0,0,5826,1049,0,,1.0,0.0159445680385617
unsw,ton,43,False,forest,clean,0,cap,0.05,9367,7534,454,6875,401,5478,996,5826,1049,8913,0.7263547627061595,0.04846802604889506,
unsw,ton,43,False,forest,clean,0,random,0.05,9367,7534,454,6875,335,5531,1009,5826,1049,8913,0.7337596768764726,0.04846802604889506,
unsw,ton,43,False,forest,clean,0,frozen,0.1,9367,7534,9367,6875,6875,0,0,5826,1049,0,,1.0,0.0011112975107715473
unsw,ton,43,False,forest,clean,0,cap,0.1,9367,7534,921,6875,829,5095,951,5826,1049,8446,0.7158418186123608,0.0983239030639479,
unsw,ton,43,False,forest,clean,0,random,0.1,9367,7534,921,6875,686,5226,963,5826,1049,8446,0.7327729102533744,0.0983239030639479,
unsw,ton,43,False,forest,temporal,0,forced,0.0,9367,7534,0,6868,0,5815,1053,5815,1053,9367,0.7332123411978222,0.0,
unsw,ton,43,False,forest,temporal,0,frozen,0.01,9367,7534,9366,6868,6867,1,0,5815,1053,1,1.0,0.9998932422333725,0.0715557775557778
unsw,ton,43,False,forest,temporal,0,cap,0.01,9367,7534,78,6868,35,5808,1025,5815,1053,9289,0.7356012487888901,0.008327105796946729,
unsw,ton,43,False,forest,temporal,0,random,0.01,9367,7534,78,6868,69,5748,1051,5815,1053,9289,0.7319410054903649,0.008327105796946729,
unsw,ton,43,False,forest,temporal,0,frozen,0.05,9367,7534,9367,6868,6868,0,0,5815,1053,0,,1.0,0.0159445680385617
unsw,ton,43,False,forest,temporal,0,cap,0.05,9367,7534,454,6868,313,5569,986,5815,1053,8913,0.7354426119151801,0.04846802604889506,
unsw,ton,43,False,forest,temporal,0,random,0.05,9367,7534,454,6868,337,5520,1011,5815,1053,8913,0.7327499158532481,0.04846802604889506,
unsw,ton,43,False,forest,temporal,0,frozen,0.1,9367,7534,9367,6868,6868,0,0,5815,1053,0,,1.0,0.0011112975107715473
unsw,ton,43,False,forest,temporal,0,cap,0.1,9367,7534,921,6868,741,5193,934,5815,1053,8446,0.7254321572341937,0.0983239030639479,
unsw,ton,43,False,forest,temporal,0,random,0.1,9367,7534,921,6868,688,5216,964,5815,1053,8446,0.7317073170731707,0.0983239030639479,
unsw,ton,43,False,forest,size,0,forced,0.0,9367,7534,0,7654,0,7045,609,7045,609,9367,0.8171239457670546,0.0,
unsw,ton,43,False,forest,size,0,frozen,0.01,9367,7534,9360,7654,7651,3,0,7045,609,7,0.42857142857142855,0.9992526956336073,0.0715557775557778
unsw,ton,43,False,forest,size,0,cap,0.01,9367,7534,78,7654,44,7027,583,7045,609,9289,0.8192485735816557,0.008327105796946729,
unsw,ton,43,False,forest,size,0,random,0.01,9367,7534,78,7654,75,6972,607,7045,609,9289,0.8159112929271181,0.008327105796946729,
unsw,ton,43,False,forest,size,0,frozen,0.05,9367,7534,9366,7654,7653,1,0,7045,609,1,1.0,0.9998932422333725,0.0159445680385617
unsw,ton,43,False,forest,size,0,cap,0.05,9367,7534,454,7654,318,6819,517,7045,609,8913,0.8230674295972176,0.04846802604889506,
unsw,ton,43,False,forest,size,0,random,0.05,9367,7534,454,7654,382,6685,587,7045,609,8913,0.8158869067653989,0.04846802604889506,
unsw,ton,43,False,forest,size,0,frozen,0.1,9367,7534,9367,7654,7654,0,0,7045,609,0,,1.0,0.0011112975107715473
unsw,ton,43,False,forest,size,0,cap,0.1,9367,7534,921,7654,749,6476,429,7045,609,8446,0.8175467677006867,0.0983239030639479,
unsw,ton,43,False,forest,size,0,random,0.1,9367,7534,921,7654,767,6324,563,7045,609,8446,0.8154155813402795,0.0983239030639479,
unsw,ton,43,False,forest,tcp,0,forced,0.0,9367,7534,0,6557,0,5570,987,5570,987,9367,0.7000106757766628,0.0,
unsw,ton,43,False,forest,tcp,0,frozen,0.01,9367,7534,8295,6557,5551,1006,0,5570,987,1072,0.9384328358208955,0.8855556741752962,0.0715557775557778
unsw,ton,43,False,forest,tcp,0,cap,0.01,9367,7534,78,6557,75,5496,986,5570,987,9289,0.6978146194423511,0.008327105796946729,
unsw,ton,43,False,forest,tcp,0,random,0.01,9367,7534,78,6557,67,5504,986,5570,987,9289,0.6986758531596512,0.008327105796946729,
unsw,ton,43,False,forest,tcp,0,frozen,0.05,9367,7534,9367,6557,6557,0,0,5570,987,0,,1.0,0.0159445680385617
unsw,ton,43,False,forest,tcp,0,cap,0.05,9367,7534,454,6557,256,5362,939,5570,987,8913,0.7069449119263996,0.04846802604889506,
unsw,ton,43,False,forest,tcp,0,random,0.05,9367,7534,454,6557,325,5284,948,5570,987,8913,0.6992034107483451,0.04846802604889506,
unsw,ton,43,False,forest,tcp,0,frozen,0.1,9367,7534,9367,6557,6557,0,0,5570,987,0,,1.0,0.0011112975107715473
unsw,ton,43,False,forest,tcp,0,cap,0.1,9367,7534,921,6557,510,5172,875,5570,987,8446,0.7159602178546057,0.0983239030639479,
unsw,ton,43,False,forest,tcp,0,random,0.1,9367,7534,921,6557,659,4995,903,5570,987,8446,0.6983187307601232,0.0983239030639479,
unsw,ton,43,False,forest,temporal+tcp,0,forced,0.0,9367,7534,0,6885,0,5943,942,5943,942,9367,0.73502722323049,0.0,
unsw,ton,43,False,forest,temporal+tcp,0,frozen,0.01,9367,7534,9367,6885,6885,0,0,5943,942,0,,1.0,0.0715557775557778
unsw,ton,43,False,forest,temporal+tcp,0,cap,0.01,9367,7534,78,6885,65,5878,942,5943,942,9289,0.7342017439982775,0.008327105796946729,
unsw,ton,43,False,forest,temporal+tcp,0,random,0.01,9367,7534,78,6885,68,5876,941,5943,942,9289,0.73387878135429,0.008327105796946729,
unsw,ton,43,False,forest,temporal+tcp,0,frozen,0.05,9367,7534,9367,6885,6885,0,0,5943,942,0,,1.0,0.0159445680385617
unsw,ton,43,False,forest,temporal+tcp,0,cap,0.05,9367,7534,454,6885,404,5570,911,5943,942,8913,0.7271401323908897,0.04846802604889506,
unsw,ton,43,False,forest,temporal+tcp,0,random,0.05,9367,7534,454,6885,339,5643,903,5943,942,8913,0.7344328508919555,0.04846802604889506,
unsw,ton,43,False,forest,temporal+tcp,0,frozen,0.1,9367,7534,9367,6885,6885,0,0,5943,942,0,,1.0,0.0011112975107715473
unsw,ton,43,False,forest,temporal+tcp,0,cap,0.1,9367,7534,921,6885,805,5208,872,5943,942,8446,0.7198673928486857,0.0983239030639479,
unsw,ton,43,False,forest,temporal+tcp,0,random,0.1,9367,7534,921,6885,688,5336,861,5943,942,8446,0.7337201041913332,0.0983239030639479,
unsw,ton,43,False,forest,random10,0,forced,0.0,9367,7534,0,6746,0,5758,988,5758,988,9367,0.7201878936692644,0.0,
unsw,ton,43,False,forest,random10,0,frozen,0.01,9367,7534,9241,6746,6630,116,0,5758,988,126,0.9206349206349206,0.9865485214049322,0.0715557775557778
unsw,ton,43,False,forest,random10,0,cap,0.01,9367,7534,78,6746,35,5726,985,5758,988,9289,0.7224674346000646,0.008327105796946729,
unsw,ton,43,False,forest,random10,0,random,0.01,9367,7534,78,6746,68,5691,987,5758,988,9289,0.718914845516202,0.008327105796946729,
unsw,ton,43,False,forest,random10,0,frozen,0.05,9367,7534,9366,6746,6745,1,0,5758,988,1,1.0,0.9998932422333725,0.0159445680385617
unsw,ton,43,False,forest,random10,0,cap,0.05,9367,7534,454,6746,259,5550,937,5758,988,8913,0.7278133064063728,0.04846802604889506,
unsw,ton,43,False,forest,random10,0,random,0.05,9367,7534,454,6746,329,5464,953,5758,988,8913,0.719959609559071,0.04846802604889506,
unsw,ton,43,False,forest,random10,0,frozen,0.1,9367,7534,9367,6746,6746,0,0,5758,988,0,,1.0,0.0011112975107715473
unsw,ton,43,False,forest,random10,0,cap,0.1,9367,7534,921,6746,621,5235,890,5758,988,8446,0.725195358749704,0.0983239030639479,
unsw,ton,43,False,forest,random10,0,random,0.1,9367,7534,921,6746,671,5162,913,5758,988,8446,0.7192753966374615,0.0983239030639479,
unsw,cic,43,False,forest,clean,0,forced,0.0,12192,306,0,10406,0,59,10347,59,10347,12192,0.853510498687664,0.0,
unsw,cic,43,False,forest,clean,0,frozen,0.01,12192,306,12154,10406,10405,1,0,59,10347,38,0.02631578947368421,0.9968832020997376,0.0715557775557778
unsw,cic,43,False,forest,clean,0,cap,0.01,12192,306,110,10406,99,59,10248,59,10347,12082,0.8530872372123821,0.00902230971128609,
unsw,cic,43,False,forest,clean,0,random,0.01,12192,306,110,10406,91,59,10256,59,10347,12082,0.8537493792418474,0.00902230971128609,
unsw,cic,43,False,forest,clean,0,frozen,0.05,12192,306,12192,10406,10406,0,0,59,10347,0,,1.0,0.0159445680385617
unsw,cic,43,False,forest,clean,0,cap,0.05,12192,306,599,10406,579,59,9768,59,10347,11593,0.8476666954196498,0.04913057742782152,
unsw,cic,43,False,forest,clean,0,random,0.05,12192,306,599,10406,487,58,9861,59,10347,11593,0.8556025187613215,0.04913057742782152,
unsw,cic,43,False,forest,clean,0,frozen,0.1,12192,306,12192,10406,10406,0,0,59,10347,0,,1.0,0.0011112975107715473
unsw,cic,43,False,forest,clean,0,cap,0.1,12192,306,1210,10406,1170,58,9178,59,10347,10982,0.8410125660171189,0.09924540682414698,
unsw,cic,43,False,forest,clean,0,random,0.1,12192,306,1210,10406,1014,55,9337,59,10347,10982,0.8552176288472045,0.09924540682414698,
unsw,cic,43,False,forest,temporal,0,forced,0.0,12192,306,0,9932,0,71,9861,71,9861,12192,0.8146325459317585,0.0,
unsw,cic,43,False,forest,temporal,0,frozen,0.01,12192,306,12192,9932,9932,0,0,71,9861,0,,1.0,0.0715557775557778
unsw,cic,43,False,forest,temporal,0,cap,0.01,12192,306,110,9932,47,67,9818,71,9861,12082,0.8181592451580864,0.00902230971128609,
unsw,cic,43,False,forest,temporal,0,random,0.01,12192,306,110,9932,80,71,9781,71,9861,12082,0.815427909286542,0.00902230971128609,
unsw,cic,43,False,forest,temporal,0,frozen,0.05,12192,306,12192,9932,9932,0,0,71,9861,0,,1.0,0.0159445680385617
unsw,cic,43,False,forest,temporal,0,cap,0.05,12192,306,599,9932,248,61,9623,71,9861,11593,0.8353316656603123,0.04913057742782152,
unsw,cic,43,False,forest,temporal,0,random,0.05,12192,306,599,9932,464,68,9400,71,9861,11593,0.8166997325972569,0.04913057742782152,
unsw,cic,43,False,forest,temporal,0,frozen,0.1,12192,306,12192,9932,9932,0,0,71,9861,0,,1.0,0.0011112975107715473
unsw,cic,43,False,forest,temporal,0,cap,0.1,12192,306,1210,9932,710,56,9166,71,9861,10982,0.8397377526862138,0.09924540682414698,
unsw,cic,43,False,forest,temporal,0,random,0.1,12192,306,1210,9932,964,65,8903,71,9861,10982,0.8166089965397924,0.09924540682414698,
unsw,cic,43,False,forest,size,0,forced,0.0,12192,306,0,2300,0,252,2048,252,2048,12192,0.18864829396325458,0.0,
unsw,cic,43,False,forest,size,0,frozen,0.01,12192,306,12121,2300,2298,2,0,252,2048,71,0.028169014084507043,0.9941765091863517,0.0715557775557778
unsw,cic,43,False,forest,size,0,cap,0.01,12192,306,110,2300,19,250,2031,252,2048,12082,0.18879324615129944,0.00902230971128609,
unsw,cic,43,False,forest,size,0,random,0.01,12192,306,110,2300,27,248,2025,252,2048,12082,0.18813110412183412,0.00902230971128609,
unsw,cic,43,False,forest,size,0,frozen,0.05,12192,306,12166,2300,2299,1,0,252,2048,26,0.038461538461538464,0.9978674540682415,0.0159445680385617
unsw,cic,43,False,forest,size,0,cap,0.05,12192,306,599,2300,54,244,2002,252,2048,11593,0.19373760027602863,0.04913057742782152,
unsw,cic,43,False,forest,size,0,random,0.05,12192,306,599,2300,107,245,1948,252,2048,11593,0.1891658759596308,0.04913057742782152,
unsw,cic,43,False,forest,size,0,frozen,0.1,12192,306,12192,2300,2300,0,0,252,2048,0,,1.0,0.0011112975107715473
unsw,cic,43,False,forest,size,0,cap,0.1,12192,306,1210,2300,62,238,2000,252,2048,10982,0.2037880167546895,0.09924540682414698,
unsw,cic,43,False,forest,size,0,random,0.1,12192,306,1210,2300,214,238,1848,252,2048,10982,0.18994718630486251,0.09924540682414698,
unsw,cic,43,False,forest,tcp,0,forced,0.0,12192,306,0,9278,0,82,9196,82,9196,12192,0.760990813648294,0.0,
unsw,cic,43,False,forest,tcp,0,frozen,0.01,12192,306,12039,9278,9271,7,0,82,9196,153,0.0457516339869281,0.9874507874015748,0.0715557775557778
unsw,cic,43,False,forest,tcp,0,cap,0.01,12192,306,110,9278,46,82,9150,82,9196,12082,0.7641119020029796,0.00902230971128609,
unsw,cic,43,False,forest,tcp,0,random,0.01,12192,306,110,9278,76,81,9121,82,9196,12082,0.7616288693924846,0.00902230971128609,
unsw,cic,43,False,forest,tcp,0,frozen,0.05,12192,306,12192,9278,9278,0,0,82,9196,0,,1.0,0.0159445680385617
unsw,cic,43,False,forest,tcp,0,cap,0.05,12192,306,599,9278,233,71,8974,82,9196,11593,0.7802121970154403,0.04913057742782152,
unsw,cic,43,False,forest,tcp,0,random,0.05,12192,306,599,9278,426,79,8773,82,9196,11593,0.763564219787803,0.04913057742782152,
unsw,cic,43,False,forest,tcp,0,frozen,0.1,12192,306,12192,9278,9278,0,0,82,9196,0,,1.0,0.0011112975107715473
unsw,cic,43,False,forest,tcp,0,cap,0.1,12192,306,1210,9278,484,67,8727,82,9196,10982,0.8007648879985431,0.09924540682414698,
unsw,cic,43,False,forest,tcp,0,random,0.1,12192,306,1210,9278,892,75,8311,82,9196,10982,0.7636131852121654,0.09924540682414698,
unsw,cic,43,False,forest,temporal+tcp,0,forced,0.0,12192,306,0,8769,0,103,8666,103,8666,12192,0.719242125984252,0.0,
unsw,cic,43,False,forest,temporal+tcp,0,frozen,0.01,12192,306,12192,8769,8769,0,0,103,8666,0,,1.0,0.0715557775557778
unsw,cic,43,False,forest,temporal+tcp,0,cap,0.01,12192,306,110,8769,21,101,8647,103,8666,12082,0.7240523092203277,0.00902230971128609,
unsw,cic,43,False,forest,temporal+tcp,0,random,0.01,12192,306,110,8769,73,102,8594,103,8666,12082,0.7197483860288032,0.00902230971128609,
unsw,cic,43,False,forest,temporal+tcp,0,frozen,0.05,12192,306,12192,8769,8769,0,0,103,8666,0,,1.0,0.0159445680385617
unsw,cic,43,False,forest,temporal+tcp,0,cap,0.05,12192,306,599,8769,47,86,8636,103,8666,11593,0.7523505563702234,0.04913057742782152,
unsw,cic,43,False,forest,temporal+tcp,0,random,0.05,12192,306,599,8769,403,97,8269,103,8666,11593,0.7216423703959286,0.04913057742782152,
unsw,cic,43,False,forest,temporal+tcp,0,frozen,0.1,12192,306,12192,8769,8769,0,0,103,8666,0,,1.0,0.0011112975107715473
unsw,cic,43,False,forest,temporal+tcp,0,cap,0.1,12192,306,1210,8769,67,67,8635,103,8666,10982,0.7923875432525952,0.09924540682414698,
unsw,cic,43,False,forest,temporal+tcp,0,random,0.1,12192,306,1210,8769,850,92,7827,103,8666,10982,0.7210890548169733,0.09924540682414698,
unsw,cic,43,False,forest,random10,0,forced,0.0,12192,306,0,9484,0,95,9389,95,9389,12192,0.7778871391076115,0.0,
unsw,cic,43,False,forest,random10,0,frozen,0.01,12192,306,12155,9484,9481,3,0,95,9389,37,0.08108108108108109,0.9969652230971129,0.0715557775557778
unsw,cic,43,False,forest,random10,0,cap,0.01,12192,306,110,9484,59,95,9330,95,9389,12082,0.7800860784638305,0.00902230971128609,
unsw,cic,43,False,forest,random10,0,random,0.01,12192,306,110,9484,83,95,9306,95,9389,12082,0.7780996523754345,0.00902230971128609,
unsw,cic,43,False,forest,random10,0,frozen,0.05,12192,306,12192,9484,9484,0,0,95,9389,0,,1.0,0.0159445680385617
unsw,cic,43,False,forest,random10,0,cap,0.05,12192,306,599,9484,411,91,8982,95,9389,11593,0.7826274475976882,0.04913057742782152,
unsw,cic,43,False,forest,random10,0,random,0.05,12192,306,599,9484,446,93,8945,95,9389,11593,0.7796083843698783,0.04913057742782152,
unsw,cic,43,False,forest,random10,0,frozen,0.1,12192,306,12192,9484,9484,0,0,95,9389,0,,1.0,0.0011112975107715473
unsw,cic,43,False,forest,random10,0,cap,0.1,12192,306,1210,9484,893,86,8505,95,9389,10982,0.7822800947004188,0.09924540682414698,
unsw,cic,43,False,forest,random10,0,random,0.1,12192,306,1210,9484,929,89,8466,95,9389,10982,0.7790020032780914,0.09924540682414698,
unsw,unsw,43,True,logistic,clean,0,forced,0.0,10417,1285,0,9,0,6,3,6,3,10417,0.0008639723528847077,0.0,
unsw,unsw,43,True,logistic,clean,0,frozen,0.01,10417,1285,90,9,5,2,2,6,3,10327,0.00038733417255737385,0.008639723528847077,0.09834582199774622
unsw,unsw,43,True,logistic,clean,0,cap,0.01,10417,1285,101,9,5,2,2,6,3,10316,0.00038774718883288094,0.009695689737928385,
unsw,unsw,43,True,logistic,clean,0,random,0.01,10417,1285,101,9,0,6,3,6,3,10316,0.0008724311748739822,0.009695689737928385,
unsw,unsw,43,True,logistic,clean,0,frozen,0.05,10417,1285,575,9,5,2,2,6,3,9842,0.000406421459053038,0.05519823365652299,0.006114998505895142
unsw,unsw,43,True,logistic,clean,0,cap,0.05,10417,1285,518,9,5,2,2,6,3,9899,0.0004040812203252854,0.04972640875491984,
unsw,unsw,43,True,logistic,clean,0,random,0.05,10417,1285,518,9,1,6,2,6,3,9899,0.0008081624406505708,0.04972640875491984,
unsw,unsw,43,True,logistic,clean,0,frozen,0.1,10417,1285,1126,9,5,2,2,6,3,9291,0.00043052416316865784,0.10809254103868676,0.002410653500134252
unsw,unsw,43,True,logistic,clean,0,cap,0.1,10417,1285,1040,9,5,2,2,6,3,9377,0.00042657566385837685,0.09983680522223289,
unsw,unsw,43,True,logistic,clean,0,random,0.1,10417,1285,1040,9,1,6,2,6,3,9377,0.0008531513277167537,0.09983680522223289,
unsw,unsw,43,True,logistic,temporal,0,forced,0.0,10417,1285,0,9,0,6,3,6,3,10417,0.0008639723528847077,0.0,
unsw,unsw,43,True,logistic,temporal,0,frozen,0.01,10417,1285,231,9,5,2,2,6,3,10186,0.00039269585705870805,0.022175290390707498,0.09834582199774622
unsw,unsw,43,True,logistic,temporal,0,cap,0.01,10417,1285,101,9,5,2,2,6,3,10316,0.00038774718883288094,0.009695689737928385,
unsw,unsw,43,True,logistic,temporal,0,random,0.01,10417,1285,101,9,0,6,3,6,3,10316,0.0008724311748739822,0.009695689737928385,
unsw,unsw,43,True,logistic,temporal,0,frozen,0.05,10417,1285,928,9,6,2,1,6,3,9489,0.0003161555485298767,0.0890851492752232,0.006114998505895142
unsw,unsw,43,True,logistic,temporal,0,cap,0.05,10417,1285,518,9,6,2,1,6,3,9899,0.000303060915243964,0.04972640875491984,
unsw,unsw,43,True,logistic,temporal,0,random,0.05,10417,1285,518,9,1,6,2,6,3,9899,0.0008081624406505708,0.04972640875491984,
unsw,unsw,43,True,logistic,temporal,0,frozen,0.1,10417,1285,1711,9,6,2,1,6,3,8706,0.00034458993797381116,0.16425074397619277,0.002410653500134252
unsw,unsw,43,True,logistic,temporal,0,cap,0.1,10417,1285,1040,9,6,2,1,6,3,9377,0.0003199317478937827,0.09983680522223289,
unsw,unsw,43,True,logistic,temporal,0,random,0.1,10417,1285,1040,9,1,6,2,6,3,9377,0.0008531513277167537,0.09983680522223289,
unsw,unsw,43,True,logistic,size,0,forced,0.0,10417,1285,0,28,0,25,3,25,3,10417,0.002687913986752424,0.0,
unsw,unsw,43,True,logistic,size,0,frozen,0.01,10417,1285,340,28,24,3,1,25,3,10077,0.0003969435347821772,0.03263895555342229,0.09834582199774622
unsw,unsw,43,True,logistic,size,0,cap,0.01,10417,1285,101,28,20,6,2,25,3,10316,0.0007754943776657619,0.009695689737928385,
unsw,unsw,43,True,logistic,size,0,random,0.01,10417,1285,101,28,0,25,3,25,3,10316,0.002714230321830167,0.009695689737928385,
unsw,unsw,43,True,logistic,size,0,frozen,0.05,10417,1285,1094,28,24,3,1,25,3,9323,0.00042904644427759305,0.10502063933954113,0.006114998505895142
unsw,unsw,43,True,logistic,size,0,cap,0.05,10417,1285,518,28,24,3,1,25,3,9899,0.0004040812203252854,0.04972640875491984,
unsw,unsw,43,True,logistic,size,0,random,0.05,10417,1285,518,28,0,25,3,25,3,9899,0.0028285685422769977,0.04972640875491984,
unsw,unsw,43,True,logistic,size,0,frozen,0.1,10417,1285,2557,28,25,2,1,25,3,7860,0.0003816793893129771,0.2454641451473553,0.002410653500134252
unsw,unsw,43,True,logistic,size,0,cap,0.1,10417,1285,1040,28,25,2,1,25,3,9377,0.0003199317478937827,0.09983680522223289,
unsw,unsw,43,True,logistic,size,0,random,0.1,10417,1285,1040,28,2,23,3,25,3,9377,0.0027727418150794497,0.09983680522223289,
unsw,unsw,43,True,logistic,tcp,0,forced,0.0,10417,1285,0,15,0,12,3,12,3,10417,0.001439953921474513,0.0,
unsw,unsw,43,True,logistic,tcp,0,frozen,0.01,10417,1285,240,15,5,8,2,12,3,10177,0.000982607841210573,0.023039262743592206,0.09834582199774622
unsw,unsw,43,True,logistic,tcp,0,cap,0.01,10417,1285,101,15,5,8,2,12,3,10316,0.0009693679720822024,0.009695689737928385,
unsw,unsw,43,True,logistic,tcp,0,random,0.01,10417,1285,101,15,0,12,3,12,3,10316,0.0014540519581233036,0.009695689737928385,
unsw,unsw,43,True,logistic,tcp,0,frozen,0.05,10417,1285,1448,15,5,8,2,12,3,8969,0.001114951499609767,0.13900355188633964,0.006114998505895142
unsw,unsw,43,True,logistic,tcp,0,cap,0.05,10417,1285,518,15,5,8,2,12,3,9899,0.0010102030508132135,0.04972640875491984,
unsw,unsw,43,True,logistic,tcp,0,random,0.05,10417,1285,518,15,1,12,2,12,3,9899,0.0014142842711384988,0.04972640875491984,
unsw,unsw,43,True,logistic,tcp,0,frozen,0.1,10417,1285,1899,15,8,5,2,12,3,8518,0.0008217891523831885,0.18229816645867333,0.002410653500134252
unsw,unsw,43,True,logistic,tcp,0,cap,0.1,10417,1285,1040,15,5,8,2,12,3,9377,0.0010664391596459423,0.09983680522223289,
unsw,unsw,43,True,logistic,tcp,0,random,0.1,10417,1285,1040,15,2,11,2,12,3,9377,0.0013863709075397248,0.09983680522223289,
unsw,unsw,43,True,logistic,temporal+tcp,0,forced,0.0,10417,1285,0,18,0,15,3,15,3,10417,0.0017279447057694155,0.0,
unsw,unsw,43,True,logistic,temporal+tcp,0,frozen,0.01,10417,1285,343,18,8,8,2,15,3,10074,0.0009926543577526306,0.03292694633771719,0.09834582199774622
unsw,unsw,43,True,logistic,temporal+tcp,0,cap,0.01,10417,1285,101,18,7,8,3,15,3,10316,0.0010663047692904227,0.009695689737928385,
unsw,unsw,43,True,logistic,temporal+tcp,0,random,0.01,10417,1285,101,18,0,15,3,15,3,10316,0.0017448623497479643,0.009695689737928385,
unsw,unsw,43,True,logistic,temporal+tcp,0,frozen,0.05,10417,1285,1744,18,9,8,1,15,3,8673,0.0010377032168799724,0.1674186426034367,0.006114998505895142
unsw,unsw,43,True,logistic,temporal+tcp,0,cap,0.05,10417,1285,518,18,8,8,2,15,3,9899,0.0010102030508132135,0.04972640875491984,
unsw,unsw,43,True,logistic,temporal+tcp,0,random,0.05,10417,1285,518,18,1,15,2,15,3,9899,0.001717345186382463,0.04972640875491984,
unsw,unsw,43,True,logistic,temporal+tcp,0,frozen,0.1,10417,1285,2455,18,9,8,1,15,3,7962,0.0011303692539562924,0.2356724584813286,0.002410653500134252
unsw,unsw,43,True,logistic,temporal+tcp,0,cap,0.1,10417,1285,1040,18,8,8,2,15,3,9377,0.0010664391596459423,0.09983680522223289,
unsw,unsw,43,True,logistic,temporal+tcp,0,random,0.1,10417,1285,1040,18,4,12,2,15,3,9377,0.0014930148235043192,0.09983680522223289,
unsw,unsw,43,True,logistic,random10,0,forced,0.0,10417,1285,0,180,0,118,62,118,62,10417,0.017279447057694155,0.0,
unsw,unsw,43,True,logistic,random10,0,frozen,0.01,10417,1285,328,180,85,46,49,118,62,10089,0.009416195856873822,0.03148699241624268,0.09834582199774622
unsw,unsw,43,True,logistic,random10,0,cap,0.01,10417,1285,101,180,39,85,56,118,62,10316,0.013668088406359054,0.009695689737928385,
unsw,unsw,43,True,logistic,random10,0,random,0.01,10417,1285,101,180,3,116,61,118,62,10316,0.017157813105854982,0.009695689737928385,
unsw,unsw,43,True,logistic,random10,0,frozen,0.05,10417,1285,1175,180,114,26,40,118,62,9242,0.00714131140445791,0.1127963905155035,0.006114998505895142
unsw,unsw,43,True,logistic,random10,0,cap,0.05,10417,1285,518,180,98,38,44,118,62,9899,0.00828366501666835,0.04972640875491984,
unsw,unsw,43,True,logistic,random10,0,random,0.05,10417,1285,518,180,14,109,57,118,62,9899,0.016769370643499343,0.04972640875491984,
unsw,unsw,43,True,logistic,random10,0,frozen,0.1,10417,1285,1795,180,123,23,34,118,62,8622,0.006610995128740431,0.17231448593645005,0.002410653500134252
unsw,unsw,43,True,logistic,random10,0,cap,0.1,10417,1285,1040,180,113,26,41,118,62,9377,0.007145142369627813,0.09983680522223289,
unsw,unsw,43,True,logistic,random10,0,random,0.1,10417,1285,1040,180,24,103,53,118,62,9377,0.0166364508904767,0.09983680522223289,
unsw,ton,43,True,logistic,clean,0,forced,0.0,9367,7534,0,7529,0,7496,33,7496,33,9367,0.8037792249386143,0.0,
unsw,ton,43,True,logistic,clean,0,frozen,0.01,9367,7534,89,7529,33,7478,18,7496,33,9278,0.8079327441258892,0.009501441229849472,0.09834582199774622
unsw,ton,43,True,logistic,clean,0,cap,0.01,9367,7534,78,7529,29,7472,28,7496,33,9289,0.8074066099687803,0.008327105796946729,
unsw,ton,43,True,logistic,clean,0,random,0.01,9367,7534,78,7529,73,7423,33,7496,33,9289,0.8026698245236301,0.008327105796946729,
unsw,ton,43,True,logistic,clean,0,frozen,0.05,9367,7534,362,7529,136,7377,16,7496,33,9005,0.820988339811216,0.03864631151916302,0.006114998505895142
unsw,ton,43,True,logistic,clean,0,cap,0.05,9367,7534,454,7529,286,7219,24,7496,33,8913,0.8126332323572311,0.04846802604889506,
unsw,ton,43,True,logistic,clean,0,random,0.05,9367,7534,454,7529,380,7116,33,7496,33,8913,0.8020868394479973,0.04846802604889506,
unsw,ton,43,True,logistic,clean,0,frozen,0.1,9367,7534,527,7529,273,7240,16,7496,33,8840,0.820814479638009,0.056261343012704176,0.002410653500134252
unsw,ton,43,True,logistic,clean,0,cap,0.1,9367,7534,921,7529,661,6851,17,7496,33,8446,0.8131659957376273,0.0983239030639479,
unsw,ton,43,True,logistic,clean,0,random,0.1,9367,7534,921,7529,766,6735,28,7496,33,8446,0.8007340753019181,0.0983239030639479,
unsw,ton,43,True,logistic,temporal,0,forced,0.0,9367,7534,0,7523,0,7491,32,7491,32,9367,0.8031386783388491,0.0,
unsw,ton,43,True,logistic,temporal,0,frozen,0.01,9367,7534,104,7523,30,7476,17,7491,32,9263,0.8089171974522293,0.011102807729262304,0.09834582199774622
unsw,ton,43,True,logistic,temporal,0,cap,0.01,9367,7534,78,7523,23,7473,27,7491,32,9289,0.8074066099687803,0.008327105796946729,
unsw,ton,43,True,logistic,temporal,0,random,0.01,9367,7534,78,7523,73,7418,32,7491,32,9289,0.8020238992356551,0.008327105796946729,
unsw,ton,43,True,logistic,temporal,0,frozen,0.05,9367,7534,290,7523,37,7471,15,7491,32,9077,0.8247218243913187,0.030959752321981424,0.006114998505895142
unsw,ton,43,True,logistic,temporal,0,cap,0.05,9367,7534,454,7523,250,7253,20,7491,32,8913,0.815999102434646,0.04846802604889506,
unsw,ton,43,True,logistic,temporal,0,random,0.05,9367,7534,454,7523,380,7111,32,7491,32,8913,0.8014136654325144,0.04846802604889506,
unsw,ton,43,True,logistic,temporal,0,frozen,0.1,9367,7534,328,7523,53,7456,14,7491,32,9039,0.8264188516428809,0.03501654745382726,0.002410653500134252
unsw,ton,43,True,logistic,temporal,0,cap,0.1,9367,7534,921,7523,606,6901,16,7491,32,8446,0.8189675586076249,0.0983239030639479,
unsw,ton,43,True,logistic,temporal,0,random,0.1,9367,7534,921,7523,765,6730,28,7491,32,8446,0.8001420790906938,0.0983239030639479,
unsw,ton,43,True,logistic,size,0,forced,0.0,9367,7534,0,7533,0,7486,47,7486,47,9367,0.8042062560051244,0.0,
unsw,ton,43,True,logistic,size,0,frozen,0.01,9367,7534,177,7533,27,7480,26,7486,47,9190,0.8167573449401523,0.01889612469307142,0.09834582199774622
unsw,ton,43,True,logistic,size,0,cap,0.01,9367,7534,78,7533,9,7480,44,7486,47,9289,0.8099903111206804,0.008327105796946729,
unsw,ton,43,True,logistic,size,0,random,0.01,9367,7534,78,7533,73,7413,47,7486,47,9289,0.8031004413822801,0.008327105796946729,
unsw,ton,43,True,logistic,size,0,frozen,0.05,9367,7534,448,7533,47,7474,12,7486,47,8919,0.8393317636506334,0.04782747944912993,0.006114998505895142
unsw,ton,43,True,logistic,size,0,cap,0.05,9367,7534,454,7533,248,7246,39,7486,47,8913,0.817345450465612,0.04846802604889506,
unsw,ton,43,True,logistic,size,0,random,0.05,9367,7534,454,7533,380,7107,46,7486,47,8913,0.802535622124986,0.04846802604889506,
unsw,ton,43,True,logistic,size,0,frozen,0.1,9367,7534,512,7533,59,7462,12,7486,47,8855,0.844042913608131,0.05465997651329134,0.002410653500134252
unsw,ton,43,True,logistic,size,0,cap,0.1,9367,7534,921,7533,616,6884,33,7486,47,8446,0.8189675586076249,0.0983239030639479,
unsw,ton,43,True,logistic,size,0,random,0.1,9367,7534,921,7533,764,6726,43,7486,47,8446,0.8014444707553872,0.0983239030639479,
unsw,ton,43,True,logistic,tcp,0,forced,0.0,9367,7534,0,7293,0,7228,65,7228,65,9367,0.778584392014519,0.0,
unsw,ton,43,True,logistic,tcp,0,frozen,0.01,9367,7534,132,7293,61,7204,28,7228,65,9235,0.7831077422847862,0.014092025194832923,0.09834582199774622
unsw,ton,43,True,logistic,tcp,0,cap,0.01,9367,7534,78,7293,38,7201,54,7228,65,9289,0.7810313273764667,0.008327105796946729,
unsw,ton,43,True,logistic,tcp,0,random,0.01,9367,7534,78,7293,73,7155,65,7228,65,9289,0.7772634298632791,0.008327105796946729,
unsw,ton,43,True,logistic,tcp,0,frozen,0.05,9367,7534,251,7293,87,7187,19,7228,65,9116,0.7904782799473453,0.02679619942350806,0.006114998505895142
unsw,ton,43,True,logistic,tcp,0,cap,0.05,9367,7534,454,7293,303,6959,31,7228,65,8913,0.7842477280376977,0.04846802604889506,
unsw,ton,43,True,logistic,tcp,0,random,0.05,9367,7534,454,7293,368,6860,65,7228,65,8913,0.7769550095366319,0.04846802604889506,
unsw,ton,43,True,logistic,tcp,0,frozen,0.1,9367,7534,386,7293,104,7172,17,7228,65,8981,0.8004676539360873,0.04120849791822355,0.002410653500134252
unsw,ton,43,True,logistic,tcp,0,cap,0.1,9367,7534,921,7293,688,6585,20,7228,65,8446,0.7820269950272318,0.0983239030639479,
unsw,ton,43,True,logistic,tcp,0,random,0.1,9367,7534,921,7293,742,6494,57,7228,65,8446,0.77563343594601,0.0983239030639479,
unsw,ton,43,True,logistic,temporal+tcp,0,forced,0.0,9367,7534,0,7284,0,7214,70,7214,70,9367,0.7776235721148713,0.0,
unsw,ton,43,True,logistic,temporal+tcp,0,frozen,0.01,9367,7534,146,7284,72,7190,22,7214,70,9221,0.7821277518707298,0.015586633927618235,0.09834582199774622
unsw,ton,43,True,logistic,temporal+tcp,0,cap,0.01,9367,7534,78,7284,37,7191,56,7214,70,9289,0.7801700936591668,0.008327105796946729,
unsw,ton,43,True,logistic,temporal+tcp,0,random,0.01,9367,7534,78,7284,73,7141,70,7214,70,9289,0.7762945419313166,0.008327105796946729,
unsw,ton,43,True,logistic,temporal+tcp,0,frozen,0.05,9367,7534,224,7284,79,7188,17,7214,70,9143,0.7880345619599693,0.023913739724564963,0.006114998505895142
unsw,ton,43,True,logistic,temporal+tcp,0,cap,0.05,9367,7534,454,7284,245,7010,29,7214,70,8913,0.789745315830809,0.04846802604889506,
unsw,ton,43,True,logistic,temporal+tcp,0,random,0.05,9367,7534,454,7284,368,6846,70,7214,70,8913,0.7759452485134074,0.04846802604889506,
unsw,ton,43,True,logistic,temporal+tcp,0,frozen,0.1,9367,7534,254,7284,82,7186,16,7214,70,9113,0.7902995720399429,0.027116472723390628,0.002410653500134252
unsw,ton,43,True,logistic,temporal+tcp,0,cap,0.1,9367,7534,921,7284,624,6642,18,7214,70,8446,0.7885389533506986,0.0983239030639479,
unsw,ton,43,True,logistic,temporal+tcp,0,random,0.1,9367,7534,921,7284,740,6480,64,7214,70,8446,0.774804641250296,0.0983239030639479,
unsw,ton,43,True,logistic,random10,0,forced,0.0,9367,7534,0,7118,0,6952,166,6952,166,9367,0.7599017828547027,0.0,
unsw,ton,43,True,logistic,random10,0,frozen,0.01,9367,7534,324,7118,156,6834,128,6952,166,9043,0.7698772531239633,0.03458951638731718,0.09834582199774622
unsw,ton,43,True,logistic,random10,0,cap,0.01,9367,7534,78,7118,46,6909,163,6952,166,9289,0.7613306060932286,0.008327105796946729,
unsw,ton,43,True,logistic,random10,0,random,0.01,9367,7534,78,7118,69,6883,166,6952,166,9289,0.758854559155991,0.008327105796946729,
unsw,ton,43,True,logistic,random10,0,frozen,0.05,9367,7534,740,7118,362,6652,104,6952,166,8627,0.7831227541439666,0.07900074730436639,0.006114998505895142
unsw,ton,43,True,logistic,random10,0,cap,0.05,9367,7534,454,7118,221,6759,138,6952,166,8913,0.7738135307977112,0.04846802604889506,
unsw,ton,43,True,logistic,random10,0,random,0.05,9367,7534,454,7118,349,6606,163,6952,166,8913,0.7594524851340738,0.04846802604889506,
unsw,ton,43,True,logistic,random10,0,frozen,0.1,9367,7534,917,7118,476,6551,91,6952,166,8450,0.7860355029585799,0.09789687199743781,0.002410653500134252
unsw,ton,43,True,logistic,random10,0,cap,0.1,9367,7534,921,7118,485,6520,113,6952,166,8446,0.7853421738100876,0.0983239030639479,
unsw,ton,43,True,logistic,random10,0,random,0.1,9367,7534,921,7118,705,6260,153,6952,166,8446,0.7592943405162207,0.0983239030639479,
unsw,cic,43,True,logistic,clean,0,forced,0.0,12192,306,0,2941,0,248,2693,248,2693,12192,0.2412237532808399,0.0,
unsw,cic,43,True,logistic,clean,0,frozen,0.01,12192,306,466,2941,196,243,2502,248,2693,11726,0.23409517311956338,0.038221784776902884,0.09834582199774622
unsw,cic,43,True,logistic,clean,0,cap,0.01,12192,306,110,2941,66,246,2629,248,2693,12082,0.2379572918390995,0.00902230971128609,
unsw,cic,43,True,logistic,clean,0,random,0.01,12192,306,110,2941,32,244,2665,248,2693,12082,0.2407713954643271,0.00902230971128609,
unsw,cic,43,True,logistic,clean,0,frozen,0.05,12192,306,1755,2941,390,224,2327,248,2693,10437,0.2444188943182907,0.14394685039370078,0.006114998505895142
unsw,cic,43,True,logistic,clean,0,cap,0.05,12192,306,599,2941,214,241,2486,248,2693,11593,0.23522815492107307,0.04913057742782152,
unsw,cic,43,True,logistic,clean,0,random,0.05,12192,306,599,2941,143,241,2557,248,2693,11593,0.24135254032605882,0.04913057742782152,
unsw,cic,43,True,logistic,clean,0,frozen,0.1,12192,306,2108,2941,514,220,2207,248,2693,10084,0.24067830226100753,0.1729002624671916,0.002410653500134252
unsw,cic,43,True,logistic,clean,0,cap,0.1,12192,306,1210,2941,303,229,2409,248,2693,10982,0.24021125478055,0.09924540682414698,
unsw,cic,43,True,logistic,clean,0,random,0.1,12192,306,1210,2941,287,232,2422,248,2693,10982,0.2416681843015844,0.09924540682414698,
unsw,cic,43,True,logistic,temporal,0,forced,0.0,12192,306,0,3301,0,247,3054,247,3054,12192,0.270751312335958,0.0,
unsw,cic,43,True,logistic,temporal,0,frozen,0.01,12192,306,391,3301,210,245,2846,247,3054,11801,0.26192695534276755,0.03207020997375328,0.09834582199774622
unsw,cic,43,True,logistic,temporal,0,cap,0.01,12192,306,110,3301,59,246,2996,247,3054,12082,0.26833305744082103,0.00902230971128609,
unsw,cic,43,True,logistic,temporal,0,random,0.01,12192,306,110,3301,35,243,3023,247,3054,12082,0.27031948352921703,0.00902230971128609,
unsw,cic,43,True,logistic,temporal,0,frozen,0.05,12192,306,906,3301,381,237,2683,247,3054,11286,0.2587276271486798,0.07431102362204725,0.006114998505895142
unsw,cic,43,True,logistic,temporal,0,cap,0.05,12192,306,599,3301,272,242,2787,247,3054,11593,0.26127835762960405,0.04913057742782152,
unsw,cic,43,True,logistic,temporal,0,random,0.05,12192,306,599,3301,159,240,2902,247,3054,11593,0.2710256189079617,0.04913057742782152,
unsw,cic,43,True,logistic,temporal,0,frozen,0.1,12192,306,1718,3301,499,234,2568,247,3054,10474,0.2675195722742028,0.14091207349081364,0.002410653500134252
unsw,cic,43,True,logistic,temporal,0,cap,0.1,12192,306,1210,3301,438,234,2629,247,3054,10982,0.2606993261700965,0.09924540682414698,
unsw,cic,43,True,logistic,temporal,0,random,0.1,12192,306,1210,3301,323,231,2747,247,3054,10982,0.2711710071025314,0.09924540682414698,
unsw,cic,43,True,logistic,size,0,forced,0.0,12192,306,0,3081,0,242,2839,242,2839,12192,0.2527066929133858,0.0,
unsw,cic,43,True,logistic,size,0,frozen,0.01,12192,306,1440,3081,494,229,2358,242,2839,10752,0.2406063988095238,0.11811023622047244,0.09834582199774622
unsw,cic,43,True,logistic,size,0,cap,0.01,12192,306,110,3081,66,242,2773,242,2839,12082,0.2495447773547426,0.00902230971128609,
unsw,cic,43,True,logistic,size,0,random,0.01,12192,306,110,3081,35,238,2808,242,2839,12082,0.2521105777189207,0.00902230971128609,
unsw,cic,43,True,logistic,size,0,frozen,0.05,12192,306,2596,3081,861,130,2090,242,2839,9596,0.23134639433097123,0.2129265091863517,0.006114998505895142
unsw,cic,43,True,logistic,size,0,cap,0.05,12192,306,599,3081,312,239,2530,242,2839,11593,0.23885103079444492,0.04913057742782152,
unsw,cic,43,True,logistic,size,0,random,0.05,12192,306,599,3081,153,235,2693,242,2839,11593,0.2525662037436384,0.04913057742782152,
unsw,cic,43,True,logistic,size,0,frozen,0.1,12192,306,3014,3081,996,128,1957,242,2839,9178,0.22717367618217477,0.24721128608923884,0.002410653500134252
unsw,cic,43,True,logistic,size,0,cap,0.1,12192,306,1210,3081,466,232,2383,242,2839,10982,0.238116918594063,0.09924540682414698,
unsw,cic,43,True,logistic,size,0,random,0.1,12192,306,1210,3081,309,225,2547,242,2839,10982,0.25241303951921323,0.09924540682414698,
unsw,cic,43,True,logistic,tcp,0,forced,0.0,12192,306,0,2892,0,246,2646,246,2646,12192,0.2372047244094488,0.0,
unsw,cic,43,True,logistic,tcp,0,frozen,0.01,12192,306,523,2892,125,242,2525,246,2646,11669,0.23712400377067444,0.04289698162729659,0.09834582199774622
unsw,cic,43,True,logistic,tcp,0,cap,0.01,12192,306,110,2892,44,244,2604,246,2646,12082,0.23572256248965404,0.00902230971128609,
unsw,cic,43,True,logistic,tcp,0,random,0.01,12192,306,110,2892,32,242,2618,246,2646,12082,0.236715775533852,0.00902230971128609,
unsw,cic,43,True,logistic,tcp,0,frozen,0.05,12192,306,1974,2892,297,216,2379,246,2646,10218,0.25396359365825016,0.16190944881889763,0.006114998505895142
unsw,cic,43,True,logistic,tcp,0,cap,0.05,12192,306,599,2892,131,242,2519,246,2646,11593,0.23816095919951694,0.04913057742782152,
unsw,cic,43,True,logistic,tcp,0,random,0.05,12192,306,599,2892,142,239,2511,246,2646,11593,0.23721211075649098,0.04913057742782152,
unsw,cic,43,True,logistic,tcp,0,frozen,0.1,12192,306,2341,2892,361,208,2323,246,2646,9851,0.2569282306364836,0.19201115485564305,0.002410653500134252
unsw,cic,43,True,logistic,tcp,0,cap,0.1,12192,306,1210,2892,190,231,2471,246,2646,10982,0.24603897286468768,0.09924540682414698,
unsw,cic,43,True,logistic,tcp,0,random,0.1,12192,306,1210,2892,282,230,2380,246,2646,10982,0.23766162811873975,0.09924540682414698,
unsw,cic,43,True,logistic,temporal+tcp,0,forced,0.0,12192,306,0,3413,0,244,3169,244,3169,12192,0.27993766404199477,0.0,
unsw,cic,43,True,logistic,temporal+tcp,0,frozen,0.01,12192,306,226,3413,121,240,3052,244,3169,11966,0.2751128196556911,0.018536745406824148,0.09834582199774622
unsw,cic,43,True,logistic,temporal+tcp,0,cap,0.01,12192,306,110,3413,33,241,3139,244,3169,12082,0.2797550074490978,0.00902230971128609,
unsw,cic,43,True,logistic,temporal+tcp,0,random,0.01,12192,306,110,3413,37,240,3136,244,3169,12082,0.2794239364343652,0.00902230971128609,
unsw,cic,43,True,logistic,temporal+tcp,0,frozen,0.05,12192,306,1264,3413,288,225,2900,244,3169,10928,0.2859626647144949,0.1036745406824147,0.006114998505895142
unsw,cic,43,True,logistic,temporal+tcp,0,cap,0.05,12192,306,599,3413,172,231,3010,244,3169,11593,0.2795652548951954,0.04913057742782152,
unsw,cic,43,True,logistic,temporal+tcp,0,random,0.05,12192,306,599,3413,163,237,3013,244,3169,11593,0.28034158543948934,0.04913057742782152,
unsw,cic,43,True,logistic,temporal+tcp,0,frozen,0.1,12192,306,2306,3413,618,221,2574,244,3169,9886,0.28272304268662757,0.18914041994750655,0.002410653500134252
unsw,cic,43,True,logistic,temporal+tcp,0,cap,0.1,12192,306,1210,3413,296,225,2892,244,3169,10982,0.28382808231651796,0.09924540682414698,
unsw,cic,43,True,logistic,temporal+tcp,0,random,0.1,12192,306,1210,3413,329,229,2855,244,3169,10982,0.28082316517938444,0.09924540682414698,
unsw,cic,43,True,logistic,random10,0,forced,0.0,12192,306,0,3251,0,235,3016,235,3016,12192,0.2666502624671916,0.0,
unsw,cic,43,True,logistic,random10,0,frozen,0.01,12192,306,1029,3251,476,226,2549,235,3016,11163,0.2485890889545821,0.0843996062992126,0.09834582199774622
unsw,cic,43,True,logistic,random10,0,cap,0.01,12192,306,110,3251,52,235,2964,235,3016,12082,0.264774044032445,0.00902230971128609,
unsw,cic,43,True,logistic,random10,0,random,0.01,12192,306,110,3251,36,231,2984,235,3016,12082,0.2660983280913756,0.00902230971128609,
unsw,cic,43,True,logistic,random10,0,frozen,0.05,12192,306,2227,3251,903,211,2137,235,3016,9965,0.23562468640240844,0.18266076115485563,0.006114998505895142
unsw,cic,43,True,logistic,random10,0,cap,0.05,12192,306,599,3251,280,230,2741,235,3016,11593,0.25627533856637624,0.04913057742782152,
unsw,cic,43,True,logistic,random10,0,random,0.05,12192,306,599,3251,157,227,2867,235,3016,11593,0.26688518933839384,0.04913057742782152,
unsw,cic,43,True,logistic,random10,0,frozen,0.1,12192,306,2606,3251,1029,206,2016,235,3016,9586,0.231796369705821,0.213746719160105,0.002410653500134252
unsw,cic,43,True,logistic,random10,0,cap,0.1,12192,306,1210,3251,542,223,2486,235,3016,10982,0.24667637953014024,0.09924540682414698,
unsw,cic,43,True,logistic,random10,0,random,0.1,12192,306,1210,3251,314,217,2720,235,3016,10982,0.26743762520488074,0.09924540682414698,
unsw,unsw,43,True,forest,clean,0,forced,0.0,10417,1285,0,4,0,0,4,0,4,10417,0.0003839877123932034,0.0,
unsw,unsw,43,True,forest,clean,0,frozen,0.01,10417,1285,91,4,4,0,0,0,4,10326,0.0,0.008735720456945378,0.06312762406675465
unsw,unsw,43,True,forest,clean,0,cap,0.01,10417,1285,101,4,3,0,1,0,4,10316,9.693679720822024e-05,0.009695689737928385,
unsw,unsw,43,True,forest,clean,0,random,0.01,10417,1285,101,4,0,0,4,0,4,10316,0.00038774718883288094,0.009695689737928385,
unsw,unsw,43,True,forest,clean,0,frozen,0.05,10417,1285,512,4,4,0,0,0,4,9905,0.0,0.04915042718633004,0.00848484848484854
unsw,unsw,43,True,forest,clean,0,cap,0.05,10417,1285,518,4,4,0,0,0,4,9899,0.0,0.04972640875491984,
unsw,unsw,43,True,forest,clean,0,random,0.05,10417,1285,518,4,1,0,3,0,4,9899,0.000303060915243964,0.04972640875491984,
unsw,unsw,43,True,forest,clean,0,frozen,0.1,10417,1285,872,4,4,0,0,0,4,9545,0.0,0.08370932130171835,0.0
unsw,unsw,43,True,forest,clean,0,cap,0.1,10417,1285,1040,4,4,0,0,0,4,9377,0.0,0.09983680522223289,
unsw,unsw,43,True,forest,clean,0,random,0.1,10417,1285,1040,4,1,0,3,0,4,9377,0.0003199317478937827,0.09983680522223289,
unsw,unsw,43,True,forest,temporal,0,forced,0.0,10417,1285,0,5,0,0,5,0,5,10417,0.00047998464049150427,0.0,
unsw,unsw,43,True,forest,temporal,0,frozen,0.01,10417,1285,90,5,5,0,0,0,5,10327,0.0,0.008639723528847077,0.06312762406675465
unsw,unsw,43,True,forest,temporal,0,cap,0.01,10417,1285,101,5,5,0,0,0,5,10316,0.0,0.009695689737928385,
unsw,unsw,43,True,forest,temporal,0,random,0.01,10417,1285,101,5,0,0,5,0,5,10316,0.0004846839860411012,0.009695689737928385,
unsw,unsw,43,True,forest,temporal,0,frozen,0.05,10417,1285,473,5,5,0,0,0,5,9944,0.0,0.0454065469904963,0.00848484848484854
unsw,unsw,43,True,forest,temporal,0,cap,0.05,10417,1285,518,5,5,0,0,0,5,9899,0.0,0.04972640875491984,
unsw,unsw,43,True,forest,temporal,0,random,0.05,10417,1285,518,5,1,0,4,0,5,9899,0.0004040812203252854,0.04972640875491984,
unsw,unsw,43,True,forest,temporal,0,frozen,0.1,10417,1285,1077,5,5,0,0,0,5,9340,0.0,0.10338869156187001,0.0
unsw,unsw,43,True,forest,temporal,0,cap,0.1,10417,1285,1040,5,5,0,0,0,5,9377,0.0,0.09983680522223289,
unsw,unsw,43,True,forest,temporal,0,random,0.1,10417,1285,1040,5,1,0,4,0,5,9377,0.00042657566385837685,0.09983680522223289,
unsw,unsw,43,True,forest,size,0,forced,0.0,10417,1285,0,4,0,0,4,0,4,10417,0.0003839877123932034,0.0,
unsw,unsw,43,True,forest,size,0,frozen,0.01,10417,1285,568,4,4,0,0,0,4,9849,0.0,0.054526255159834884,0.06312762406675465
unsw,unsw,43,True,forest,size,0,cap,0.01,10417,1285,101,4,4,0,0,0,4,10316,0.0,0.009695689737928385,
unsw,unsw,43,True,forest,size,0,random,0.01,10417,1285,101,4,0,0,4,0,4,10316,0.00038774718883288094,0.009695689737928385,
unsw,unsw,43,True,forest,size,0,frozen,0.05,10417,1285,1207,4,4,0,0,0,4,9210,0.0,0.11586829221464913,0.00848484848484854
unsw,unsw,43,True,forest,size,0,cap,0.05,10417,1285,518,4,4,0,0,0,4,9899,0.0,0.04972640875491984,
unsw,unsw,43,True,forest,size,0,random,0.05,10417,1285,518,4,1,0,3,0,4,9899,0.000303060915243964,0.04972640875491984,
unsw,unsw,43,True,forest,size,0,frozen,0.1,10417,1285,10416,4,4,0,0,0,4,1,0.0,0.9999040030719017,0.0
unsw,unsw,43,True,forest,size,0,cap,0.1,10417,1285,1040,4,4,0,0,0,4,9377,0.0,0.09983680522223289,
unsw,unsw,43,True,forest,size,0,random,0.1,10417,1285,1040,4,1,0,3,0,4,9377,0.0003199317478937827,0.09983680522223289,
unsw,unsw,43,True,forest,tcp,0,forced,0.0,10417,1285,0,5,0,0,5,0,5,10417,0.00047998464049150427,0.0,
unsw,unsw,43,True,forest,tcp,0,frozen,0.01,10417,1285,239,5,5,0,0,0,5,10178,0.0,0.022943265815493906,0.06312762406675465
unsw,unsw,43,True,forest,tcp,0,cap,0.01,10417,1285,101,5,4,0,1,0,5,10316,9.693679720822024e-05,0.009695689737928385,
unsw,unsw,43,True,forest,tcp,0,random,0.01,10417,1285,101,5,0,0,5,0,5,10316,0.0004846839860411012,0.009695689737928385,
unsw,unsw,43,True,forest,tcp,0,frozen,0.05,10417,1285,913,5,5,0,0,0,5,9504,0.0,0.08764519535374868,0.00848484848484854
unsw,unsw,43,True,forest,tcp,0,cap,0.05,10417,1285,518,5,5,0,0,0,5,9899,0.0,0.04972640875491984,
unsw,unsw,43,True,forest,tcp,0,random,0.05,10417,1285,518,5,1,0,4,0,5,9899,0.0004040812203252854,0.04972640875491984,
unsw,unsw,43,True,forest,tcp,0,frozen,0.1,10417,1285,9385,5,5,0,0,0,5,1032,0.0,0.9009311702025535,0.0
unsw,unsw,43,True,forest,tcp,0,cap,0.1,10417,1285,1040,5,5,0,0,0,5,9377,0.0,0.09983680522223289,
unsw,unsw,43,True,forest,tcp,0,random,0.1,10417,1285,1040,5,1,0,4,0,5,9377,0.00042657566385837685,0.09983680522223289,
unsw,unsw,43,True,forest,temporal+tcp,0,forced,0.0,10417,1285,0,4,0,0,4,0,4,10417,0.0003839877123932034,0.0,
unsw,unsw,43,True,forest,temporal+tcp,0,frozen,0.01,10417,1285,532,4,4,0,0,0,4,9885,0.0,0.05107036574829606,0.06312762406675465
unsw,unsw,43,True,forest,temporal+tcp,0,cap,0.01,10417,1285,101,4,4,0,0,0,4,10316,0.0,0.009695689737928385,
unsw,unsw,43,True,forest,temporal+tcp,0,random,0.01,10417,1285,101,4,0,0,4,0,4,10316,0.00038774718883288094,0.009695689737928385,
unsw,unsw,43,True,forest,temporal+tcp,0,frozen,0.05,10417,1285,1349,4,4,0,0,0,4,9068,0.0,0.12949985600460787,0.00848484848484854
unsw,unsw,43,True,forest,temporal+tcp,0,cap,0.05,10417,1285,518,4,4,0,0,0,4,9899,0.0,0.04972640875491984,
unsw,unsw,43,True,forest,temporal+tcp,0,random,0.05,10417,1285,518,4,1,0,3,0,4,9899,0.000303060915243964,0.04972640875491984,
unsw,unsw,43,True,forest,temporal+tcp,0,frozen,0.1,10417,1285,9406,4,4,0,0,0,4,1011,0.0,0.9029471056926178,0.0
unsw,unsw,43,True,forest,temporal+tcp,0,cap,0.1,10417,1285,1040,4,4,0,0,0,4,9377,0.0,0.09983680522223289,
unsw,unsw,43,True,forest,temporal+tcp,0,random,0.1,10417,1285,1040,4,1,0,3,0,4,9377,0.0003199317478937827,0.09983680522223289,
unsw,unsw,43,True,forest,random10,0,forced,0.0,10417,1285,0,28,0,24,4,24,4,10417,0.002687913986752424,0.0,
unsw,unsw,43,True,forest,random10,0,frozen,0.01,10417,1285,734,28,28,0,0,24,4,9683,0.0,0.07046174522415283,0.06312762406675465
unsw,unsw,43,True,forest,random10,0,cap,0.01,10417,1285,101,28,21,4,3,24,4,10316,0.0006785575804575417,0.009695689737928385,
unsw,unsw,43,True,forest,random10,0,random,0.01,10417,1285,101,28,0,24,4,24,4,10316,0.002714230321830167,0.009695689737928385,
unsw,unsw,43,True,forest,random10,0,frozen,0.05,10417,1285,1937,28,28,0,0,24,4,8480,0.0,0.18594604972640877,0.00848484848484854
unsw,unsw,43,True,forest,random10,0,cap,0.05,10417,1285,518,28,27,1,0,24,4,9899,0.00010102030508132135,0.04972640875491984,
unsw,unsw,43,True,forest,random10,0,random,0.05,10417,1285,518,28,4,21,3,24,4,9899,0.002424487321951712,0.04972640875491984,
unsw,unsw,43,True,forest,random10,0,frozen,0.1,10417,1285,4163,28,28,0,0,24,4,6254,0.0,0.39963521167322646,0.0
unsw,unsw,43,True,forest,random10,0,cap,0.1,10417,1285,1040,28,28,0,0,24,4,9377,0.0,0.09983680522223289,
unsw,unsw,43,True,forest,random10,0,random,0.1,10417,1285,1040,28,4,21,3,24,4,9377,0.0025594539831502615,0.09983680522223289,
unsw,ton,43,True,forest,clean,0,forced,0.0,9367,7534,0,3112,0,1716,1396,1716,1396,9367,0.3322301697448489,0.0,
unsw,ton,43,True,forest,clean,0,frozen,0.01,9367,7534,8786,3112,2543,569,0,1716,1396,581,0.9793459552495697,0.9379737375894096,0.06312762406675465
unsw,ton,43,True,forest,clean,0,cap,0.01,9367,7534,78,3112,27,1698,1387,1716,1396,9289,0.33211325223382493,0.008327105796946729,
unsw,ton,43,True,forest,clean,0,random,0.01,9367,7534,78,3112,28,1691,1393,1716,1396,9289,0.33200559801916246,0.008327105796946729,
unsw,ton,43,True,forest,clean,0,frozen,0.05,9367,7534,9367,3112,3112,0,0,1716,1396,0,,1.0,0.00848484848484854
unsw,ton,43,True,forest,clean,0,cap,0.05,9367,7534,454,3112,101,1694,1317,1716,1396,8913,0.33782116010322,0.04846802604889506,
unsw,ton,43,True,forest,clean,0,random,0.05,9367,7534,454,3112,152,1617,1343,1716,1396,8913,0.3320991809716145,0.04846802604889506,
unsw,ton,43,True,forest,clean,0,frozen,0.1,9367,7534,9367,3112,3112,0,0,1716,1396,0,,1.0,0.0
unsw,ton,43,True,forest,clean,0,cap,0.1,9367,7534,921,3112,176,1694,1242,1716,1396,8446,0.3476201752308785,0.0983239030639479,
unsw,ton,43,True,forest,clean,0,random,0.1,9367,7534,921,3112,300,1531,1281,1716,1396,8446,0.3329386691925172,0.0983239030639479,
unsw,ton,43,True,forest,temporal,0,forced,0.0,9367,7534,0,3090,0,1693,1397,1693,1397,9367,0.32988149887904344,0.0,
unsw,ton,43,True,forest,temporal,0,frozen,0.01,9367,7534,9367,3090,3090,0,0,1693,1397,0,,1.0,0.06312762406675465
unsw,ton,43,True,forest,temporal,0,cap,0.01,9367,7534,78,3090,2,1693,1395,1693,1397,9289,0.33243621487781244,0.008327105796946729,
unsw,ton,43,True,forest,temporal,0,random,0.01,9367,7534,78,3090,28,1668,1394,1693,1397,9289,0.32963720529658735,0.008327105796946729,
unsw,ton,43,True,forest,temporal,0,frozen,0.05,9367,7534,9367,3090,3090,0,0,1693,1397,0,,1.0,0.00848484848484854
unsw,ton,43,True,forest,temporal,0,cap,0.05,9367,7534,454,3090,64,1692,1334,1693,1397,8913,0.33950409514192753,0.04846802604889506,
unsw,ton,43,True,forest,temporal,0,random,0.05,9367,7534,454,3090,152,1594,1344,1693,1397,8913,0.32963087624817683,0.04846802604889506,
unsw,ton,43,True,forest,temporal,0,frozen,0.1,9367,7534,9367,3090,3090,0,0,1693,1397,0,,1.0,0.0
unsw,ton,43,True,forest,temporal,0,cap,0.1,9367,7534,921,3090,144,1692,1254,1693,1397,8446,0.348804167653327,0.0983239030639479,
unsw,ton,43,True,forest,temporal,0,random,0.1,9367,7534,921,3090,297,1512,1281,1693,1397,8446,0.33068908358986504,0.0983239030639479,
unsw,ton,43,True,forest,size,0,forced,0.0,9367,7534,0,3092,0,1692,1400,1692,1400,9367,0.3300950144122985,0.0,
unsw,ton,43,True,forest,size,0,frozen,0.01,9367,7534,9365,3092,3091,1,0,1692,1400,2,0.5,0.999786484466745,0.06312762406675465
unsw,ton,43,True,forest,size,0,cap,0.01,9367,7534,78,3092,44,1692,1356,1692,1400,9289,0.3281300462913123,0.008327105796946729,
unsw,ton,43,True,forest,size,0,random,0.01,9367,7534,78,3092,28,1667,1397,1692,1400,9289,0.32985251372591234,0.008327105796946729,
unsw,ton,43,True,forest,size,0,frozen,0.05,9367,7534,9367,3092,3092,0,0,1692,1400,0,,1.0,0.00848484848484854
unsw,ton,43,True,forest,size,0,cap,0.05,9367,7534,454,3092,157,1692,1243,1692,1400,8913,0.3292942892404353,0.04846802604889506,
unsw,ton,43,True,forest,size,0,random,0.05,9367,7534,454,3092,152,1593,1347,1692,1400,8913,0.32985526758667116,0.04846802604889506,
unsw,ton,43,True,forest,size,0,frozen,0.1,9367,7534,9367,3092,3092,0,0,1692,1400,0,,1.0,0.0
unsw,ton,43,True,forest,size,0,cap,0.1,9367,7534,921,3092,243,1692,1157,1692,1400,8446,0.3373194411555766,0.0983239030639479,
unsw,ton,43,True,forest,size,0,random,0.1,9367,7534,921,3092,297,1511,1284,1692,1400,8446,0.33092588207435475,0.0983239030639479,
unsw,ton,43,True,forest,tcp,0,forced,0.0,9367,7534,0,3095,0,1695,1400,1695,1400,9367,0.33041528771218104,0.0,
unsw,ton,43,True,forest,tcp,0,frozen,0.01,9367,7534,9367,3095,3095,0,0,1695,1400,0,,1.0,0.06312762406675465
unsw,ton,43,True,forest,tcp,0,cap,0.01,9367,7534,78,3095,15,1692,1388,1695,1400,9289,0.3315749811605124,0.008327105796946729,
unsw,ton,43,True,forest,tcp,0,random,0.01,9367,7534,78,3095,28,1670,1397,1695,1400,9289,0.33017547636989986,0.008327105796946729,
unsw,ton,43,True,forest,tcp,0,frozen,0.05,9367,7534,9367,3095,3095,0,0,1695,1400,0,,1.0,0.00848484848484854
unsw,ton,43,True,forest,tcp,0,cap,0.05,9367,7534,454,3095,65,1690,1340,1695,1400,8913,0.3399528778189162,0.04846802604889506,
unsw,ton,43,True,forest,tcp,0,random,0.05,9367,7534,454,3095,152,1596,1347,1695,1400,8913,0.33019185459441264,0.04846802604889506,
unsw,ton,43,True,forest,tcp,0,frozen,0.1,9367,7534,9367,3095,3095,0,0,1695,1400,0,,1.0,0.0
unsw,ton,43,True,forest,tcp,0,cap,0.1,9367,7534,921,3095,142,1690,1263,1695,1400,8446,0.34963296234904095,0.0983239030639479,
unsw,ton,43,True,forest,tcp,0,random,0.1,9367,7534,921,3095,297,1514,1284,1695,1400,8446,0.3312810798010893,0.0983239030639479,
unsw,ton,43,True,forest,temporal+tcp,0,forced,0.0,9367,7534,0,3092,0,1692,1400,1692,1400,9367,0.3300950144122985,0.0,
unsw,ton,43,True,forest,temporal+tcp,0,frozen,0.01,9367,7534,9367,3092,3092,0,0,1692,1400,0,,1.0,0.06312762406675465
unsw,ton,43,True,forest,temporal+tcp,0,cap,0.01,9367,7534,78,3092,12,1692,1388,1692,1400,9289,0.3315749811605124,0.008327105796946729,
unsw,ton,43,True,forest,temporal+tcp,0,random,0.01,9367,7534,78,3092,28,1667,1397,1692,1400,9289,0.32985251372591234,0.008327105796946729,
unsw,ton,43,True,forest,temporal+tcp,0,frozen,0.05,9367,7534,9367,3092,3092,0,0,1692,1400,0,,1.0,0.00848484848484854
unsw,ton,43,True,forest,temporal+tcp,0,cap,0.05,9367,7534,454,3092,62,1690,1340,1692,1400,8913,0.3399528778189162,0.04846802604889506,
unsw,ton,43,True,forest,temporal+tcp,0,random,0.05,9367,7534,454,3092,152,1593,1347,1692,1400,8913,0.32985526758667116,0.04846802604889506,
unsw,ton,43,True,forest,temporal+tcp,0,frozen,0.1,9367,7534,9367,3092,3092,0,0,1692,1400,0,,1.0,0.0
unsw,ton,43,True,forest,temporal+tcp,0,cap,0.1,9367,7534,921,3092,136,1690,1266,1692,1400,8446,0.3499881600757755,0.0983239030639479,
unsw,ton,43,True,forest,temporal+tcp,0,random,0.1,9367,7534,921,3092,297,1511,1284,1692,1400,8446,0.33092588207435475,0.0983239030639479,
unsw,ton,43,True,forest,random10,0,forced,0.0,9367,7534,0,3851,0,2612,1239,2612,1239,9367,0.41112415928258783,0.0,
unsw,ton,43,True,forest,random10,0,frozen,0.01,9367,7534,9206,3851,3699,152,0,2612,1239,161,0.9440993788819876,0.9828119995729689,0.06312762406675465
unsw,ton,43,True,forest,random10,0,cap,0.01,9367,7534,78,3851,28,2589,1234,2612,1239,9289,0.4115620626547529,0.008327105796946729,
unsw,ton,43,True,forest,random10,0,random,0.01,9367,7534,78,3851,36,2577,1238,2612,1239,9289,0.4107008289374529,0.008327105796946729,
unsw,ton,43,True,forest,random10,0,frozen,0.05,9367,7534,9367,3851,3851,0,0,2612,1239,0,,1.0,0.00848484848484854
unsw,ton,43,True,forest,random10,0,cap,0.05,9367,7534,454,3851,107,2560,1184,2612,1239,8913,0.4200605856613935,0.04846802604889506,
unsw,ton,43,True,forest,random10,0,random,0.05,9367,7534,454,3851,186,2470,1195,2612,1239,8913,0.41119712779086726,0.04846802604889506,
unsw,ton,43,True,forest,random10,0,frozen,0.1,9367,7534,9367,3851,3851,0,0,2612,1239,0,,1.0,0.0
unsw,ton,43,True,forest,random10,0,cap,0.1,9367,7534,921,3851,181,2551,1119,2612,1239,8446,0.43452521903859814,0.0983239030639479,
unsw,ton,43,True,forest,random10,0,random,0.1,9367,7534,921,3851,361,2348,1142,2612,1239,8446,0.4132133554345252,0.0983239030639479,
unsw,cic,43,True,forest,clean,0,forced,0.0,12192,306,0,10228,0,61,10167,61,10167,12192,0.8389107611548556,0.0,
unsw,cic,43,True,forest,clean,0,frozen,0.01,12192,306,12187,10228,10228,0,0,61,10167,5,0.0,0.9995898950131233,0.06312762406675465
unsw,cic,43,True,forest,clean,0,cap,0.01,12192,306,110,10228,84,61,10083,61,10167,12082,0.8395960933620261,0.00902230971128609,
unsw,cic,43,True,forest,clean,0,random,0.01,12192,306,110,10228,90,61,10077,61,10167,12082,0.8390994868399272,0.00902230971128609,
unsw,cic,43,True,forest,clean,0,frozen,0.05,12192,306,12192,10228,10228,0,0,61,10167,0,,1.0,0.00848484848484854
unsw,cic,43,True,forest,clean,0,cap,0.05,12192,306,599,10228,460,61,9707,61,10167,11593,0.8425774174070559,0.04913057742782152,
unsw,cic,43,True,forest,clean,0,random,0.05,12192,306,599,10228,479,60,9689,61,10167,11593,0.8409384973691021,0.04913057742782152,
unsw,cic,43,True,forest,clean,0,frozen,0.1,12192,306,12192,10228,10228,0,0,61,10167,0,,1.0,0.0
unsw,cic,43,True,forest,clean,0,cap,0.1,12192,306,1210,10228,995,60,9173,61,10167,10982,0.840739391731925,0.09924540682414698,
unsw,cic,43,True,forest,clean,0,random,0.1,12192,306,1210,10228,995,57,9176,61,10167,10982,0.840739391731925,0.09924540682414698,
unsw,cic,43,True,forest,temporal,0,forced,0.0,12192,306,0,10327,0,61,10266,61,10266,12192,0.8470308398950132,0.0,
unsw,cic,43,True,forest,temporal,0,frozen,0.01,12192,306,12192,10327,10327,0,0,61,10266,0,,1.0,0.06312762406675465
unsw,cic,43,True,forest,temporal,0,cap,0.01,12192,306,110,10327,86,61,10180,61,10266,12082,0.8476245654692932,0.00902230971128609,
unsw,cic,43,True,forest,temporal,0,random,0.01,12192,306,110,10327,91,61,10175,61,10266,12082,0.8472107267008774,0.00902230971128609,
unsw,cic,43,True,forest,temporal,0,frozen,0.05,12192,306,12192,10327,10327,0,0,61,10266,0,,1.0,0.00848484848484854
unsw,cic,43,True,forest,temporal,0,cap,0.05,12192,306,599,10327,517,60,9750,61,10266,11593,0.8462002932804279,0.04913057742782152,
unsw,cic,43,True,forest,temporal,0,random,0.05,12192,306,599,10327,484,60,9783,61,10266,11593,0.8490468386095057,0.04913057742782152,
unsw,cic,43,True,forest,temporal,0,frozen,0.1,12192,306,12192,10327,10327,0,0,61,10266,0,,1.0,0.0
unsw,cic,43,True,forest,temporal,0,cap,0.1,12192,306,1210,10327,1091,59,9177,61,10266,10982,0.8410125660171189,0.09924540682414698,
unsw,cic,43,True,forest,temporal,0,random,0.1,12192,306,1210,10327,1009,57,9261,61,10266,10982,0.8484793298124204,0.09924540682414698,
unsw,cic,43,True,forest,size,0,forced,0.0,12192,306,0,10362,0,62,10300,62,10300,12192,0.8499015748031497,0.0,
unsw,cic,43,True,forest,size,0,frozen,0.01,12192,306,12146,10362,10362,0,0,62,10300,46,0.0,0.9962270341207349,0.06312762406675465
unsw,cic,43,True,forest,size,0,cap,0.01,12192,306,110,10362,89,60,10213,62,10300,12082,0.8502731335871544,0.00902230971128609,
unsw,cic,43,True,forest,size,0,random,0.01,12192,306,110,10362,91,62,10209,62,10300,12082,0.8501075980797881,0.00902230971128609,
unsw,cic,43,True,forest,size,0,frozen,0.05,12192,306,12192,10362,10362,0,0,62,10300,0,,1.0,0.00848484848484854
unsw,cic,43,True,forest,size,0,cap,0.05,12192,306,599,10362,568,59,9735,62,10300,11593,0.8448201500905719,0.04913057742782152,
unsw,cic,43,True,forest,size,0,random,0.05,12192,306,599,10362,485,61,9816,62,10300,11593,0.8519796428879496,0.04913057742782152,
unsw,cic,43,True,forest,size,0,frozen,0.1,12192,306,12192,10362,10362,0,0,62,10300,0,,1.0,0.0
unsw,cic,43,True,forest,size,0,cap,0.1,12192,306,1210,10362,1133,58,9171,62,10300,10982,0.8403751593516664,0.09924540682414698,
unsw,cic,43,True,forest,size,0,random,0.1,12192,306,1210,10362,1011,58,9293,62,10300,10982,0.8514842469495538,0.09924540682414698,
unsw,cic,43,True,forest,tcp,0,forced,0.0,12192,306,0,10391,0,61,10330,61,10330,12192,0.8522801837270341,0.0,
unsw,cic,43,True,forest,tcp,0,frozen,0.01,12192,306,12192,10391,10391,0,0,61,10330,0,,1.0,0.06312762406675465
unsw,cic,43,True,forest,tcp,0,cap,0.01,12192,306,110,10391,84,60,10247,61,10330,12082,0.8530872372123821,0.00902230971128609,
unsw,cic,43,True,forest,tcp,0,random,0.01,12192,306,110,10391,91,61,10239,61,10330,12082,0.8525078629365999,0.00902230971128609,
unsw,cic,43,True,forest,tcp,0,frozen,0.05,12192,306,12192,10391,10391,0,0,61,10330,0,,1.0,0.00848484848484854
unsw,cic,43,True,forest,tcp,0,cap,0.05,12192,306,599,10391,527,60,9804,61,10330,11593,0.8508582765461916,0.04913057742782152,
unsw,cic,43,True,forest,tcp,0,random,0.05,12192,306,599,10391,487,60,9844,61,10330,11593,0.8543086345208315,0.04913057742782152,
unsw,cic,43,True,forest,tcp,0,frozen,0.1,12192,306,12192,10391,10391,0,0,61,10330,0,,1.0,0.0
unsw,cic,43,True,forest,tcp,0,cap,0.1,12192,306,1210,10391,1095,56,9240,61,10330,10982,0.846476051720998,0.09924540682414698,
unsw,cic,43,True,forest,tcp,0,random,0.1,12192,306,1210,10391,1013,57,9321,61,10330,10982,0.8539428155162994,0.09924540682414698,
unsw,cic,43,True,forest,temporal+tcp,0,forced,0.0,12192,306,0,10384,0,61,10323,61,10323,12192,0.8517060367454068,0.0,
unsw,cic,43,True,forest,temporal+tcp,0,frozen,0.01,12192,306,12192,10384,10384,0,0,61,10323,0,,1.0,0.06312762406675465
unsw,cic,43,True,forest,temporal+tcp,0,cap,0.01,12192,306,110,10384,76,59,10249,61,10323,12082,0.8531700049660652,0.00902230971128609,
unsw,cic,43,True,forest,temporal+tcp,0,random,0.01,12192,306,110,10384,91,61,10232,61,10323,12082,0.8519284886608177,0.00902230971128609,
unsw,cic,43,True,forest,temporal+tcp,0,frozen,0.05,12192,306,12192,10384,10384,0,0,61,10323,0,,1.0,0.00848484848484854
unsw,cic,43,True,forest,temporal+tcp,0,cap,0.05,12192,306,599,10384,552,58,9774,61,10323,11593,0.8480979901664798,0.04913057742782152,
unsw,cic,43,True,forest,temporal+tcp,0,random,0.05,12192,306,599,10384,486,60,9838,61,10323,11593,0.8537910808246355,0.04913057742782152,
unsw,cic,43,True,forest,temporal+tcp,0,frozen,0.1,12192,306,12192,10384,10384,0,0,61,10323,0,,1.0,0.0
unsw,cic,43,True,forest,temporal+tcp,0,cap,0.1,12192,306,1210,10384,1140,58,9186,61,10323,10982,0.8417410307776362,0.09924540682414698,
unsw,cic,43,True,forest,temporal+tcp,0,random,0.1,12192,306,1210,10384,1013,57,9314,61,10323,10982,0.8533054088508468,0.09924540682414698,
unsw,cic,43,True,forest,random10,0,forced,0.0,12192,306,0,9386,0,96,9290,96,9290,12192,0.7698490813648294,0.0,
unsw,cic,43,True,forest,random10,0,frozen,0.01,12192,306,12187,9386,9386,0,0,96,9290,5,0.0,0.9995898950131233,0.06312762406675465
unsw,cic,43,True,forest,random10,0,cap,0.01,12192,306,110,9386,59,96,9231,96,9290,12082,0.7719748386028803,0.00902230971128609,
unsw,cic,43,True,forest,random10,0,random,0.01,12192,306,110,9386,84,96,9206,96,9290,12082,0.7699056447608011,0.00902230971128609,
unsw,cic,43,True,forest,random10,0,frozen,0.05,12192,306,12192,9386,9386,0,0,96,9290,0,,1.0,0.00848484848484854
unsw,cic,43,True,forest,random10,0,cap,0.05,12192,306,599,9386,354,94,8938,96,9290,11593,0.7790908306736823,0.04913057742782152,
unsw,cic,43,True,forest,random10,0,random,0.05,12192,306,599,9386,442,95,8849,96,9290,11593,0.7715000431294747,0.04913057742782152,
unsw,cic,43,True,forest,random10,0,frozen,0.1,12192,306,12192,9386,9386,0,0,96,9290,0,,1.0,0.0
unsw,cic,43,True,forest,random10,0,cap,0.1,12192,306,1210,9386,835,92,8459,96,9290,10982,0.7786377708978328,0.09924540682414698,
unsw,cic,43,True,forest,random10,0,random,0.1,12192,306,1210,9386,918,91,8377,96,9290,10982,0.7710799490074668,0.09924540682414698,
ton,unsw,17,False,logistic,clean,0,forced,0.0,10417,1285,0,9054,0,272,8782,272,8782,10417,0.8691561870020159,0.0,
ton,unsw,17,False,logistic,clean,0,frozen,0.01,10417,1285,29,9054,16,271,8767,272,8782,10388,0.8700423565652676,0.002783910914850725,0.9200681536728931
ton,unsw,17,False,logistic,clean,0,cap,0.01,10417,1285,101,9054,64,254,8736,272,8782,10316,0.8714618069019,0.009695689737928385,
ton,unsw,17,False,logistic,clean,0,random,0.01,10417,1285,101,9054,94,268,8692,272,8782,10316,0.8685537029856534,0.009695689737928385,
ton,unsw,17,False,logistic,clean,0,frozen,0.05,10417,1285,157,9054,103,237,8714,272,8782,10260,0.8724171539961013,0.015071517711433235,0.6754597306313073
ton,unsw,17,False,logistic,clean,0,cap,0.05,10417,1285,518,9054,369,209,8476,272,8782,9899,0.8773613496312759,0.04972640875491984,
ton,unsw,17,False,logistic,clean,0,random,0.05,10417,1285,518,9054,453,256,8345,272,8782,9899,0.868875644004445,0.04972640875491984,
ton,unsw,17,False,logistic,clean,0,frozen,0.1,10417,1285,225,9054,154,230,8670,272,8782,10192,0.8732339089481946,0.02159930882211769,0.5745883164676029
ton,unsw,17,False,logistic,clean,0,cap,0.1,10417,1285,1040,9054,659,138,8257,272,8782,9377,0.8952756745227685,0.09983680522223289,
ton,unsw,17,False,logistic,clean,0,random,0.1,10417,1285,1040,9054,914,245,7895,272,8782,9377,0.868081475951797,0.09983680522223289,
ton,unsw,17,False,logistic,temporal,0,forced,0.0,10417,1285,0,9083,0,725,8358,725,8358,10417,0.8719400979168667,0.0,
ton,unsw,17,False,logistic,temporal,0,frozen,0.01,10417,1285,245,9083,123,652,8308,725,8358,10172,0.8808493904836807,0.02351924738408371,0.9200681536728931
ton,unsw,17,False,logistic,temporal,0,cap,0.01,10417,1285,101,9083,59,690,8334,725,8358,10316,0.8747576580069795,0.009695689737928385,
ton,unsw,17,False,logistic,temporal,0,random,0.01,10417,1285,101,9083,90,720,8273,725,8358,10316,0.8717526172935246,0.009695689737928385,
ton,unsw,17,False,logistic,temporal,0,frozen,0.05,10417,1285,882,9083,467,443,8173,725,8358,9535,0.9036182485579444,0.08466929058270135,0.6754597306313073
ton,unsw,17,False,logistic,temporal,0,cap,0.05,10417,1285,518,9083,265,567,8251,725,8358,9899,0.8907970502070917,0.04972640875491984,
ton,unsw,17,False,logistic,temporal,0,random,0.05,10417,1285,518,9083,453,685,7945,725,8358,9899,0.8718052328518032,0.04972640875491984,
ton,unsw,17,False,logistic,temporal,0,frozen,0.1,10417,1285,1047,9083,570,368,8145,725,8358,9370,0.908537886872999,0.100508783718921,0.5745883164676029
ton,unsw,17,False,logistic,temporal,0,cap,0.1,10417,1285,1040,9083,573,368,8142,725,8358,9377,0.9075397248586968,0.09983680522223289,
ton,unsw,17,False,logistic,temporal,0,random,0.1,10417,1285,1040,9083,911,656,7516,725,8358,9377,0.8714940812626639,0.09983680522223289,
ton,unsw,17,False,logistic,size,0,forced,0.0,10417,1285,0,4428,0,257,4171,257,4171,10417,0.4250743976192762,0.0,
ton,unsw,17,False,logistic,size,0,frozen,0.01,10417,1285,317,4428,145,256,4027,257,4171,10100,0.42405940594059405,0.03043102620716137,0.9200681536728931
ton,unsw,17,False,logistic,size,0,cap,0.01,10417,1285,101,4428,54,256,4118,257,4171,10316,0.4240015509887553,0.009695689737928385,
ton,unsw,17,False,logistic,size,0,random,0.01,10417,1285,101,4428,40,253,4135,257,4171,10316,0.42535866614967044,0.009695689737928385,
ton,unsw,17,False,logistic,size,0,frozen,0.05,10417,1285,1477,4428,529,254,3645,257,4171,8940,0.4361297539149888,0.14178746280119037,0.6754597306313073
ton,unsw,17,False,logistic,size,0,cap,0.05,10417,1285,518,4428,218,256,3954,257,4171,9899,0.42529548439236287,0.04972640875491984,
ton,unsw,17,False,logistic,size,0,random,0.05,10417,1285,518,4428,220,243,3965,257,4171,9899,0.4250934437822002,0.04972640875491984,
ton,unsw,17,False,logistic,size,0,frozen,0.1,10417,1285,2048,4428,706,254,3468,257,4171,8369,0.4447365276616083,0.19660170874532015,0.5745883164676029
ton,unsw,17,False,logistic,size,0,cap,0.1,10417,1285,1040,4428,390,254,3784,257,4171,9377,0.43062813266503147,0.09983680522223289,
ton,unsw,17,False,logistic,size,0,random,0.1,10417,1285,1040,4428,458,230,3740,257,4171,9377,0.42337634637943905,0.09983680522223289,
ton,unsw,17,False,logistic,tcp,0,forced,0.0,10417,1285,0,9047,0,275,8772,275,8772,10417,0.8684842085053278,0.0,
ton,unsw,17,False,logistic,tcp,0,frozen,0.01,10417,1285,35,9047,13,269,8765,275,8772,10382,0.8701598921209787,0.00335989248344053,0.9200681536728931
ton,unsw,17,False,logistic,tcp,0,cap,0.01,10417,1285,101,9047,58,255,8734,275,8772,10316,0.8713648701046918,0.009695689737928385,
ton,unsw,17,False,logistic,tcp,0,random,0.01,10417,1285,101,9047,93,271,8683,275,8772,10316,0.8679720822024041,0.009695689737928385,
ton,unsw,17,False,logistic,tcp,0,frozen,0.05,10417,1285,151,9047,88,247,8712,275,8772,10266,0.8726865380868888,0.01449553614284343,0.6754597306313073
ton,unsw,17,False,logistic,tcp,0,cap,0.05,10417,1285,518,9047,332,216,8499,275,8772,9899,0.8803919587837156,0.04972640875491984,
ton,unsw,17,False,logistic,tcp,0,random,0.05,10417,1285,518,9047,451,259,8337,275,8772,9899,0.8683705424790383,0.04972640875491984,
ton,unsw,17,False,logistic,tcp,0,frozen,0.1,10417,1285,221,9047,133,241,8673,275,8772,10196,0.8742644174185955,0.02121532110972449,0.5745883164676029
ton,unsw,17,False,logistic,tcp,0,cap,0.1,10417,1285,1040,9047,598,182,8267,275,8772,9377,0.9010344459848566,0.09983680522223289,
ton,unsw,17,False,logistic,tcp,0,random,0.1,10417,1285,1040,9047,912,248,7887,275,8772,9377,0.867548256371974,0.09983680522223289,
ton,unsw,17,False,logistic,temporal+tcp,0,forced,0.0,10417,1285,0,9161,0,806,8355,806,8355,10417,0.8794278583085341,0.0,
ton,unsw,17,False,logistic,temporal+tcp,0,frozen,0.01,10417,1285,215,9161,122,734,8305,806,8355,10202,0.8860027445598903,0.020639339541134685,0.9200681536728931
ton,unsw,17,False,logistic,temporal+tcp,0,cap,0.01,10417,1285,101,9161,56,777,8328,806,8355,10316,0.8826095385808453,0.009695689737928385,
ton,unsw,17,False,logistic,temporal+tcp,0,random,0.01,10417,1285,101,9161,90,801,8270,806,8355,10316,0.8793136874757658,0.009695689737928385,
ton,unsw,17,False,logistic,temporal+tcp,0,frozen,0.05,10417,1285,820,9161,467,524,8170,806,8355,9597,0.9059080962800875,0.0787174810406067,0.6754597306313073
ton,unsw,17,False,logistic,temporal+tcp,0,cap,0.05,10417,1285,518,9161,301,629,8231,806,8355,9899,0.8950399030205072,0.04972640875491984,
ton,unsw,17,False,logistic,temporal+tcp,0,random,0.05,10417,1285,518,9161,456,763,7942,806,8355,9899,0.8793817557329023,0.04972640875491984,
ton,unsw,17,False,logistic,temporal+tcp,0,frozen,0.1,10417,1285,1039,9161,594,425,8142,806,8355,9378,0.9135210066112177,0.09974080829413459,0.5745883164676029
ton,unsw,17,False,logistic,temporal+tcp,0,cap,0.1,10417,1285,1040,9161,593,434,8134,806,8355,9377,0.9137250719846433,0.09983680522223289,
ton,unsw,17,False,logistic,temporal+tcp,0,random,0.1,10417,1285,1040,9161,921,727,7513,806,8355,9377,0.8787458675482563,0.09983680522223289,
ton,unsw,17,False,logistic,random10,0,forced,0.0,10417,1285,0,8228,0,378,7850,378,7850,10417,0.7898627243928195,0.0,
ton,unsw,17,False,logistic,random10,0,frozen,0.01,10417,1285,66,8228,30,367,7831,378,7850,10351,0.7920007728721863,0.006335797254487857,0.9200681536728931
ton,unsw,17,False,logistic,random10,0,cap,0.01,10417,1285,101,8228,51,362,7815,378,7850,10316,0.7926521907716169,0.009695689737928385,
ton,unsw,17,False,logistic,random10,0,random,0.01,10417,1285,101,8228,83,374,7771,378,7850,10316,0.7895502132609539,0.009695689737928385,
ton,unsw,17,False,logistic,random10,0,frozen,0.05,10417,1285,325,8228,166,329,7733,378,7850,10092,0.7988505747126436,0.03119900163194778,0.6754597306313073
ton,unsw,17,False,logistic,random10,0,cap,0.05,10417,1285,518,8228,267,299,7662,378,7850,9899,0.8042226487523992,0.04972640875491984,
ton,unsw,17,False,logistic,random10,0,random,0.05,10417,1285,518,8228,403,360,7465,378,7850,9899,0.7904838872613396,0.04972640875491984,
ton,unsw,17,False,logistic,random10,0,frozen,0.1,10417,1285,434,8228,224,310,7694,378,7850,9983,0.8017629970950616,0.04166266679466257,0.5745883164676029
ton,unsw,17,False,logistic,random10,0,cap,0.1,10417,1285,1040,8228,546,237,7445,378,7850,9377,0.8192385624400128,0.09983680522223289,
ton,unsw,17,False,logistic,random10,0,random,0.1,10417,1285,1040,8228,820,345,7063,378,7850,9377,0.790018129465714,0.09983680522223289,
ton,ton,17,False,logistic,clean,0,forced,0.0,9367,7534,0,1633,0,816,817,816,817,9367,0.17433543290274367,0.0,
ton,ton,17,False,logistic,clean,0,frozen,0.01,9367,7534,508,1633,202,647,784,816,817,8859,0.16153064679986454,0.054232945446781256,0.9200681536728931
ton,ton,17,False,logistic,clean,0,cap,0.01,9367,7534,78,1633,28,789,816,816,817,9289,0.172785014533319,0.008327105796946729,
ton,ton,17,False,logistic,clean,0,random,0.01,9367,7534,78,1633,11,810,812,816,817,9289,0.17461513618258154,0.008327105796946729,
ton,ton,17,False,logistic,clean,0,frozen,0.05,9367,7534,2830,1633,662,342,629,816,817,6537,0.14853908520728162,0.30212447955588767,0.6754597306313073
ton,ton,17,False,logistic,clean,0,cap,0.05,9367,7534,454,1633,178,669,786,816,817,8913,0.16324469875462808,0.04846802604889506,
ton,ton,17,False,logistic,clean,0,random,0.05,9367,7534,454,1633,76,776,781,816,817,8913,0.17468865701783912,0.04846802604889506,
ton,ton,17,False,logistic,clean,0,frozen,0.1,9367,7534,3809,1633,853,222,558,816,817,5558,0.14033825116948542,0.40664033308423186,0.5745883164676029
ton,ton,17,False,logistic,clean,0,cap,0.1,9367,7534,921,1633,319,561,753,816,817,8446,0.1555766043097324,0.0983239030639479,
ton,ton,17,False,logistic,clean,0,random,0.1,9367,7534,921,1633,173,732,728,816,817,8446,0.17286289367748045,0.0983239030639479,
ton,ton,17,False,logistic,temporal,0,forced,0.0,9367,7534,0,4696,0,3944,752,3944,752,9367,0.501334472082844,0.0,
ton,ton,17,False,logistic,temporal,0,frozen,0.01,9367,7534,425,4696,215,3756,725,3944,752,8942,0.5011183180496533,0.045372050816696916,0.9200681536728931
ton,ton,17,False,logistic,temporal,0,cap,0.01,9367,7534,78,4696,36,3913,747,3944,752,9289,0.5016686403272688,0.008327105796946729,
ton,ton,17,False,logistic,temporal,0,random,0.01,9367,7534,78,4696,34,3913,749,3944,752,9289,0.5018839487565938,0.008327105796946729,
ton,ton,17,False,logistic,temporal,0,frozen,0.05,9367,7534,2102,4696,1232,2848,616,3944,752,7265,0.4768066070199587,0.22440482545105156,0.6754597306313073
ton,ton,17,False,logistic,temporal,0,cap,0.05,9367,7534,454,4696,241,3744,711,3944,752,8913,0.49983170649612924,0.04846802604889506,
ton,ton,17,False,logistic,temporal,0,random,0.05,9367,7534,454,4696,230,3751,715,3944,752,8913,0.501065858857848,0.04846802604889506,
ton,ton,17,False,logistic,temporal,0,frozen,0.1,9367,7534,3221,4696,2088,2044,564,3944,752,6146,0.4243410348193947,0.34386676630724883,0.5745883164676029
ton,ton,17,False,logistic,temporal,0,cap,0.1,9367,7534,921,4696,453,3570,673,3944,752,8446,0.502367984844897,0.0983239030639479,
ton,ton,17,False,logistic,temporal,0,random,0.1,9367,7534,921,4696,482,3543,671,3944,752,8446,0.49893440681979634,0.0983239030639479,
ton,ton,17,False,logistic,size,0,forced,0.0,9367,7534,0,3496,0,2241,1255,2241,1255,9367,0.37322515212981744,0.0,
ton,ton,17,False,logistic,size,0,frozen,0.01,9367,7534,177,3496,68,2186,1242,2241,1255,9190,0.3730141458106638,0.01889612469307142,0.9200681536728931
ton,ton,17,False,logistic,size,0,cap,0.01,9367,7534,78,3496,35,2212,1249,2241,1255,9289,0.3725912369469265,0.008327105796946729,
ton,ton,17,False,logistic,size,0,random,0.01,9367,7534,78,3496,29,2220,1247,2241,1255,9289,0.3732371622349015,0.008327105796946729,
ton,ton,17,False,logistic,size,0,frozen,0.05,9367,7534,805,3496,237,2102,1157,2241,1255,8562,0.38063536556879235,0.08594000213515533,0.6754597306313073
ton,ton,17,False,logistic,size,0,cap,0.05,9367,7534,454,3496,151,2142,1203,2241,1255,8913,0.3752945136317738,0.04846802604889506,
ton,ton,17,False,logistic,size,0,random,0.05,9367,7534,454,3496,171,2126,1199,2241,1255,8913,0.37305060024683045,0.04846802604889506,
ton,ton,17,False,logistic,size,0,frozen,0.1,9367,7534,1239,3496,389,2057,1050,2241,1255,8128,0.38225885826771655,0.13227287285149994,0.5745883164676029
ton,ton,17,False,logistic,size,0,cap,0.1,9367,7534,921,3496,269,2093,1134,2241,1255,8446,0.38207435472412976,0.0983239030639479,
ton,ton,17,False,logistic,size,0,random,0.1,9367,7534,921,3496,345,2019,1132,2241,1255,8446,0.37307601231352117,0.0983239030639479,
ton,ton,17,False,logistic,tcp,0,forced,0.0,9367,7534,0,1671,0,862,809,862,809,9367,0.1783922280345895,0.0,
ton,ton,17,False,logistic,tcp,0,frozen,0.01,9367,7534,580,1671,255,654,762,862,809,8787,0.1611471491976784,0.06191950464396285,0.9200681536728931
ton,ton,17,False,logistic,tcp,0,cap,0.01,9367,7534,78,1671,41,825,805,862,809,9289,0.17547636989988158,0.008327105796946729,
ton,ton,17,False,logistic,tcp,0,random,0.01,9367,7534,78,1671,12,855,804,862,809,9289,0.1785983421250942,0.008327105796946729,
ton,ton,17,False,logistic,tcp,0,frozen,0.05,9367,7534,3114,1671,732,358,581,862,809,6253,0.15016791939868862,0.332443685278104,0.6754597306313073
ton,ton,17,False,logistic,tcp,0,cap,0.05,9367,7534,454,1671,210,694,767,862,809,8913,0.16391787277011108,0.04846802604889506,
ton,ton,17,False,logistic,tcp,0,random,0.05,9367,7534,454,1671,79,818,774,862,809,8913,0.17861550544148996,0.04846802604889506,
ton,ton,17,False,logistic,tcp,0,frozen,0.1,9367,7534,4256,1671,917,240,514,862,809,5111,0.14752494619448248,0.4543610547667343,0.5745883164676029
ton,ton,17,False,logistic,tcp,0,cap,0.1,9367,7534,921,1671,359,590,722,862,809,8446,0.1553398058252427,0.0983239030639479,
ton,ton,17,False,logistic,tcp,0,random,0.1,9367,7534,921,1671,175,776,720,862,809,8446,0.17712526639829504,0.0983239030639479,
ton,ton,17,False,logistic,temporal+tcp,0,forced,0.0,9367,7534,0,4838,0,4100,738,4100,738,9367,0.5164940749439522,0.0,
ton,ton,17,False,logistic,temporal+tcp,0,frozen,0.01,9367,7534,480,4838,209,3924,705,4100,738,8887,0.5208731855519297,0.051243727981210636,0.9200681536728931
ton,ton,17,False,logistic,temporal+tcp,0,cap,0.01,9367,7534,78,4838,48,4058,732,4100,738,9289,0.5156636882333944,0.008327105796946729,
ton,ton,17,False,logistic,temporal+tcp,0,random,0.01,9367,7534,78,4838,40,4063,735,4100,738,9289,0.5165249219506943,0.008327105796946729,
ton,ton,17,False,logistic,temporal+tcp,0,frozen,0.05,9367,7534,1800,4838,984,3245,609,4100,738,7567,0.5093167701863354,0.19216397992953987,0.6754597306313073
ton,ton,17,False,logistic,temporal+tcp,0,cap,0.05,9367,7534,454,4838,202,3933,703,4100,738,8913,0.5201391226298665,0.04846802604889506,
ton,ton,17,False,logistic,temporal+tcp,0,random,0.05,9367,7534,454,4838,245,3893,700,4100,738,8913,0.5153147088522383,0.04846802604889506,
ton,ton,17,False,logistic,temporal+tcp,0,frozen,0.1,9367,7534,2833,4838,1748,2533,557,4100,738,6534,0.472910927456382,0.30244475285577027,0.5745883164676029
ton,ton,17,False,logistic,temporal+tcp,0,cap,0.1,9367,7534,921,4838,449,3726,663,4100,738,8446,0.519654274212645,0.0983239030639479,
ton,ton,17,False,logistic,temporal+tcp,0,random,0.1,9367,7534,921,4838,505,3677,656,4100,738,8446,0.5130239166469335,0.0983239030639479,
ton,ton,17,False,logistic,random10,0,forced,0.0,9367,7534,0,3086,0,2230,856,2230,856,9367,0.32945446781253335,0.0,
ton,ton,17,False,logistic,random10,0,frozen,0.01,9367,7534,477,3086,219,2049,818,2230,856,8890,0.32249718785151854,0.05092345468132806,0.9200681536728931
ton,ton,17,False,logistic,random10,0,cap,0.01,9367,7534,78,3086,34,2197,855,2230,856,9289,0.3285606631499623,0.008327105796946729,
ton,ton,17,False,logistic,random10,0,random,0.01,9367,7534,78,3086,22,2213,851,2230,856,9289,0.32985251372591234,0.008327105796946729,
ton,ton,17,False,logistic,random10,0,frozen,0.05,9367,7534,2276,3086,895,1493,698,2230,856,7091,0.3089832181638697,0.2429806768442404,0.6754597306313073
ton,ton,17,False,logistic,random10,0,cap,0.05,9367,7534,454,3086,204,2062,820,2230,856,8913,0.3233479187703355,0.04846802604889506,
ton,ton,17,False,logistic,random10,0,random,0.05,9367,7534,454,3086,137,2130,819,2230,856,8913,0.33086502860989564,0.04846802604889506,
ton,ton,17,False,logistic,random10,0,frozen,0.1,9367,7534,3012,3086,1145,1298,643,2230,856,6355,0.3054287962234461,0.3215543930820967,0.5745883164676029
ton,ton,17,False,logistic,random10,0,cap,0.1,9367,7534,921,3086,398,1905,783,2230,856,8446,0.3182571631541558,0.0983239030639479,
ton,ton,17,False,logistic,random10,0,random,0.1,9367,7534,921,3086,295,2024,767,2230,856,8446,0.33045228510537533,0.0983239030639479,
ton,cic,17,False,logistic,clean,4,forced,0.0,12188,306,0,9173,0,124,9049,124,9049,12188,0.7526255333114539,0.0,
ton,cic,17,False,logistic,clean,4,frozen,0.01,12188,306,607,9173,314,83,8776,124,9049,11581,0.7649598480269407,0.049803085001640955,0.9200681536728931
ton,cic,17,False,logistic,clean,4,cap,0.01,12188,306,110,9173,59,118,8996,124,9049,12078,0.754595131644312,0.009025270758122744,
ton,cic,17,False,logistic,clean,4,random,0.01,12188,306,110,9173,78,124,8971,124,9049,12078,0.7530220235138267,0.009025270758122744,
ton,cic,17,False,logistic,clean,4,frozen,0.05,12188,306,3129,9173,1670,39,7464,124,9049,9059,0.8282371122640468,0.2567279291106006,0.6754597306313073
ton,cic,17,False,logistic,clean,4,cap,0.05,12188,306,598,9173,302,93,8778,124,9049,11590,0.7654012079378775,0.04906465375779455,
ton,cic,17,False,logistic,clean,4,random,0.05,12188,306,598,9173,442,119,8612,124,9049,11590,0.7533218291630717,0.04906465375779455,
ton,cic,17,False,logistic,clean,4,frozen,0.1,12188,306,4543,9173,2666,32,6475,124,9049,7645,0.8511445389143231,0.37274368231046934,0.5745883164676029
ton,cic,17,False,logistic,clean,4,cap,0.1,12188,306,1209,9173,593,71,8509,124,9049,10979,0.7814919391565717,0.09919593042336725,
ton,cic,17,False,logistic,clean,4,random,0.1,12188,306,1209,9173,914,115,8144,124,9049,10979,0.7522543036706439,0.09919593042336725,
ton,cic,17,False,logistic,temporal,4,forced,0.0,12188,306,0,3220,0,158,3062,158,3062,12188,0.2641942894650476,0.0,
ton,cic,17,False,logistic,temporal,4,frozen,0.01,12188,306,270,3220,137,146,2937,158,3062,11918,0.25868434301057225,0.02215293731539219,0.9200681536728931
ton,cic,17,False,logistic,temporal,4,cap,0.01,12188,306,110,3220,61,157,3002,158,3062,12078,0.2615499254843517,0.009025270758122744,
ton,cic,17,False,logistic,temporal,4,random,0.01,12188,306,110,3220,28,156,3036,158,3062,12078,0.26428216592151016,0.009025270758122744,
ton,cic,17,False,logistic,temporal,4,frozen,0.05,12188,306,1274,3220,606,125,2489,158,3062,10914,0.23950888766721642,0.10452904496225796,0.6754597306313073
ton,cic,17,False,logistic,temporal,4,cap,0.05,12188,306,598,3220,329,136,2755,158,3062,11590,0.24943917169974117,0.04906465375779455,
ton,cic,17,False,logistic,temporal,4,random,0.05,12188,306,598,3220,158,147,2915,158,3062,11590,0.2641932700603969,0.04906465375779455,
ton,cic,17,False,logistic,temporal,4,frozen,0.1,12188,306,1669,3220,815,124,2281,158,3062,10519,0.2286339005608898,0.1369379717755169,0.5745883164676029
ton,cic,17,False,logistic,temporal,4,cap,0.1,12188,306,1209,3220,589,128,2503,158,3062,10979,0.23963931141269695,0.09919593042336725,
ton,cic,17,False,logistic,temporal,4,random,0.1,12188,306,1209,3220,321,137,2762,158,3062,10979,0.26404954913926587,0.09919593042336725,
ton,cic,17,False,logistic,size,4,forced,0.0,12188,306,0,9456,0,155,9301,155,9301,12188,0.7758450935346243,0.0,
ton,cic,17,False,logistic,size,4,frozen,0.01,12188,306,375,9456,190,146,9120,155,9301,11813,0.7843900787268264,0.03076796849360026,0.9200681536728931
ton,cic,17,False,logistic,size,4,cap,0.01,12188,306,110,9456,45,153,9258,155,9301,12078,0.7791852955787382,0.009025270758122744,
ton,cic,17,False,logistic,size,4,random,0.01,12188,306,110,9456,84,152,9220,155,9301,12078,0.7759562841530054,0.009025270758122744,
ton,cic,17,False,logistic,size,4,frozen,0.05,12188,306,1208,9456,680,122,8654,155,9301,10980,0.7992714025500911,0.09911388250738432,0.6754597306313073
ton,cic,17,False,logistic,size,4,cap,0.05,12188,306,598,9456,316,145,8995,155,9301,11590,0.7886108714408974,0.04906465375779455,
ton,cic,17,False,logistic,size,4,random,0.05,12188,306,598,9456,467,146,8843,155,9301,11590,0.7755823986194995,0.04906465375779455,
ton,cic,17,False,logistic,size,4,frozen,0.1,12188,306,1474,9456,821,102,8533,155,9301,10714,0.8059548254620124,0.12093862815884476,0.5745883164676029
ton,cic,17,False,logistic,size,4,cap,0.1,12188,306,1209,9456,678,127,8651,155,9301,10979,0.7995263685217233,0.09919593042336725,
ton,cic,17,False,logistic,size,4,random,0.1,12188,306,1209,9456,946,142,8368,155,9301,10979,0.7751161307951544,0.09919593042336725,
ton,cic,17,False,logistic,tcp,4,forced,0.0,12188,306,0,9758,0,48,9710,48,9710,12188,0.8006235641614703,0.0,
ton,cic,17,False,logistic,tcp,4,frozen,0.01,12188,306,541,9758,250,44,9464,48,9710,11647,0.8163475573108955,0.044387922546767315,0.9200681536728931
ton,cic,17,False,logistic,tcp,4,cap,0.01,12188,306,110,9758,45,48,9665,48,9710,12078,0.8041894353369763,0.009025270758122744,
ton,cic,17,False,logistic,tcp,4,random,0.01,12188,306,110,9758,85,48,9625,48,9710,12078,0.8008776287464812,0.009025270758122744,
ton,cic,17,False,logistic,tcp,4,frozen,0.05,12188,306,2412,9758,1320,29,8409,48,9710,9776,0.8631342062193126,0.19789957335083688,0.6754597306313073
ton,cic,17,False,logistic,tcp,4,cap,0.05,12188,306,598,9758,281,41,9436,48,9710,11590,0.8176876617773943,0.04906465375779455,
ton,cic,17,False,logistic,tcp,4,random,0.05,12188,306,598,9758,471,44,9243,48,9710,11590,0.8012942191544434,0.04906465375779455,
ton,cic,17,False,logistic,tcp,4,frozen,0.1,12188,306,3265,9758,1861,25,7872,48,9710,8923,0.8850162501400874,0.2678864456842796,0.5745883164676029
ton,cic,17,False,logistic,tcp,4,cap,0.1,12188,306,1209,9758,601,36,9121,48,9710,10979,0.8340468166499682,0.09919593042336725,
ton,cic,17,False,logistic,tcp,4,random,0.1,12188,306,1209,9758,976,43,8739,48,9710,10979,0.79989070042809,0.09919593042336725,
ton,cic,17,False,logistic,temporal+tcp,4,forced,0.0,12188,306,0,3265,0,128,3137,128,3137,12188,0.2678864456842796,0.0,
ton,cic,17,False,logistic,temporal+tcp,4,frozen,0.01,12188,306,224,3265,116,125,3024,128,3137,11964,0.2632062855232364,0.018378733180177225,0.9200681536728931
ton,cic,17,False,logistic,temporal+tcp,4,cap,0.01,12188,306,110,3265,64,127,3074,128,3137,12078,0.2650273224043716,0.009025270758122744,
ton,cic,17,False,logistic,temporal+tcp,4,random,0.01,12188,306,110,3265,27,127,3111,128,3137,12078,0.26809074350057954,0.009025270758122744,
ton,cic,17,False,logistic,temporal+tcp,4,frozen,0.05,12188,306,1228,3265,626,113,2526,128,3137,10960,0.24078467153284672,0.10075484082704299,0.6754597306313073
ton,cic,17,False,logistic,temporal+tcp,4,cap,0.05,12188,306,598,3265,355,118,2792,128,3137,11590,0.25107851596203623,0.04906465375779455,
ton,cic,17,False,logistic,temporal+tcp,4,random,0.05,12188,306,598,3265,158,119,2988,128,3137,11590,0.26807592752372733,0.04906465375779455,
ton,cic,17,False,logistic,temporal+tcp,4,frozen,0.1,12188,306,1749,3265,847,108,2310,128,3137,10439,0.23163138231631383,0.14350180505415164,0.5745883164676029
ton,cic,17,False,logistic,temporal+tcp,4,cap,0.1,12188,306,1209,3265,620,112,2533,128,3137,10979,0.24091447308498043,0.09919593042336725,
ton,cic,17,False,logistic,temporal+tcp,4,random,0.1,12188,306,1209,3265,321,111,2833,128,3137,10979,0.2681482830858912,0.09919593042336725,
ton,cic,17,False,logistic,random10,4,forced,0.0,12188,306,0,7443,0,127,7316,127,7316,12188,0.610682638660978,0.0,
ton,cic,17,False,logistic,random10,4,frozen,0.01,12188,306,644,7443,326,117,7000,127,7316,11544,0.6165107415107415,0.052838857893009517,0.9200681536728931
ton,cic,17,False,logistic,random10,4,cap,0.01,12188,306,110,7443,59,126,7258,127,7316,12078,0.6113594966053982,0.009025270758122744,
ton,cic,17,False,logistic,random10,4,random,0.01,12188,306,110,7443,68,126,7249,127,7316,12078,0.6106143401225368,0.009025270758122744,
ton,cic,17,False,logistic,random10,4,frozen,0.05,12188,306,2551,7443,1283,85,6075,127,7316,9637,0.6392030714952787,0.20930423367246473,0.6754597306313073
ton,cic,17,False,logistic,random10,4,cap,0.05,12188,306,598,7443,301,119,7023,127,7316,11590,0.616220880069025,0.04906465375779455,
ton,cic,17,False,logistic,random10,4,random,0.05,12188,306,598,7443,364,116,6963,127,7316,11590,0.6107851596203624,0.04906465375779455,
ton,cic,17,False,logistic,random10,4,frozen,0.1,12188,306,3385,7443,1738,73,5632,127,7316,8803,0.648074520049983,0.2777321956022317,0.5745883164676029
ton,cic,17,False,logistic,random10,4,cap,0.1,12188,306,1209,7443,595,109,6739,127,7316,10979,0.6237362236997905,0.09919593042336725,
ton,cic,17,False,logistic,random10,4,random,0.1,12188,306,1209,7443,757,113,6573,127,7316,10979,0.6089807814919391,0.09919593042336725,
ton,unsw,17,False,forest,clean,0,forced,0.0,10417,1285,0,9308,0,1006,8302,1006,8302,10417,0.8935394067389844,0.0,
ton,unsw,17,False,forest,clean,0,frozen,0.01,10417,1285,157,9308,73,1003,8232,1006,8302,10260,0.9000974658869396,0.015071517711433235,0.9904723142886409
ton,unsw,17,False,forest,clean,0,cap,0.01,10417,1285,101,9308,44,1006,8258,1006,8302,10316,0.8980224893369523,0.009695689737928385,
ton,unsw,17,False,forest,clean,0,random,0.01,10417,1285,101,9308,93,998,8217,1006,8302,10316,0.8932725862737495,0.009695689737928385,
ton,unsw,17,False,forest,clean,0,frozen,0.05,10417,1285,1685,9308,1353,963,6992,1006,8302,8732,0.9110169491525424,0.16175482384563694,0.9206909759878725
ton,unsw,17,False,forest,clean,0,cap,0.05,10417,1285,518,9308,330,991,7987,1006,8302,9899,0.906960299020103,0.04972640875491984,
ton,unsw,17,False,forest,clean,0,random,0.05,10417,1285,518,9308,456,955,7897,1006,8302,9899,0.8942317405798565,0.04972640875491984,
ton,unsw,17,False,forest,clean,0,frozen,0.1,10417,1285,4732,9308,4298,906,4104,1006,8302,5685,0.8812664907651715,0.45425746376115966,0.8347958133396896
ton,unsw,17,False,forest,clean,0,cap,0.1,10417,1285,1040,9308,748,978,7582,1006,8302,9377,0.9128719206569266,0.09983680522223289,
ton,unsw,17,False,forest,clean,0,random,0.1,10417,1285,1040,9308,921,906,7481,1006,8302,9377,0.8944225231950518,0.09983680522223289,
ton,unsw,17,False,forest,temporal,0,forced,0.0,10417,1285,0,8209,0,1184,7025,1184,7025,10417,0.7880387827589517,0.0,
ton,unsw,17,False,forest,temporal,0,frozen,0.01,10417,1285,430,8209,171,1170,6868,1184,7025,9987,0.8048463001902473,0.04127867908226937,0.9904723142886409
ton,unsw,17,False,forest,temporal,0,cap,0.01,10417,1285,101,8209,52,1178,6979,1184,7025,10316,0.7907134548274525,0.009695689737928385,
ton,unsw,17,False,forest,temporal,0,random,0.01,10417,1285,101,8209,77,1177,6955,1184,7025,10316,0.788290034897247,0.009695689737928385,
ton,unsw,17,False,forest,temporal,0,frozen,0.05,10417,1285,3137,8209,1631,1028,5550,1184,7025,7280,0.9035714285714286,0.3011423634443698,0.9206909759878725
ton,unsw,17,False,forest,temporal,0,cap,0.05,10417,1285,518,8209,210,1167,6832,1184,7025,9899,0.8080614203454894,0.04972640875491984,
ton,unsw,17,False,forest,temporal,0,random,0.05,10417,1285,518,8209,404,1128,6677,1184,7025,9899,0.7884634811597131,0.04972640875491984,
ton,unsw,17,False,forest,temporal,0,frozen,0.1,10417,1285,7154,8209,5488,885,1836,1184,7025,3263,0.8338951884768618,0.6867620236152443,0.8347958133396896
ton,unsw,17,False,forest,temporal,0,cap,0.1,10417,1285,1040,8209,392,1157,6660,1184,7025,9377,0.833635491095233,0.09983680522223289,
ton,unsw,17,False,forest,temporal,0,random,0.1,10417,1285,1040,8209,813,1075,6321,1184,7025,9377,0.7887384024741388,0.09983680522223289,
ton,unsw,17,False,forest,size,0,forced,0.0,10417,1285,0,9048,0,897,8151,897,8151,10417,0.8685802054334262,0.0,
ton,unsw,17,False,forest,size,0,frozen,0.01,10417,1285,562,9048,319,890,7839,897,8151,9855,0.8857432775240994,0.05395027359124508,0.9904723142886409
ton,unsw,17,False,forest,size,0,cap,0.01,10417,1285,101,9048,59,896,8093,897,8151,10316,0.8713648701046918,0.009695689737928385,
ton,unsw,17,False,forest,size,0,random,0.01,10417,1285,101,9048,89,889,8070,897,8151,10316,0.8684567661884451,0.009695689737928385,
ton,unsw,17,False,forest,size,0,frozen,0.05,10417,1285,3598,9048,2991,854,5203,897,8151,6819,0.8882534095908491,0.3453969472976865,0.9206909759878725
ton,unsw,17,False,forest,size,0,cap,0.05,10417,1285,518,9048,296,891,7861,897,8151,9899,0.8841297100717244,0.04972640875491984,
ton,unsw,17,False,forest,size,0,random,0.05,10417,1285,518,9048,445,851,7752,897,8151,9899,0.8690776846146075,0.04972640875491984,
ton,unsw,17,False,forest,size,0,frozen,0.1,10417,1285,5643,9048,4763,846,3439,897,8151,4774,0.8975701717637201,0.5417106652587117,0.8347958133396896
ton,unsw,17,False,forest,size,0,cap,0.1,10417,1285,1040,9048,700,887,7461,897,8151,9377,0.8902634104724325,0.09983680522223289,
ton,unsw,17,False,forest,size,0,random,0.1,10417,1285,1040,9048,903,805,7340,897,8151,9377,0.86861469553162,0.09983680522223289,
ton,unsw,17,False,forest,tcp,0,forced,0.0,10417,1285,0,8345,0,1083,7262,1083,7262,10417,0.8010943649803206,0.0,
ton,unsw,17,False,forest,tcp,0,frozen,0.01,10417,1285,430,8345,309,1079,6957,1083,7262,9987,0.8046460398518074,0.04127867908226937,0.9904723142886409
ton,unsw,17,False,forest,tcp,0,cap,0.01,10417,1285,101,8345,62,1081,7202,1083,7262,10316,0.8029274912756883,0.009695689737928385,
ton,unsw,17,False,forest,tcp,0,random,0.01,10417,1285,101,8345,79,1075,7191,1083,7262,10316,0.8012795657231485,0.009695689737928385,
ton,unsw,17,False,forest,tcp,0,frozen,0.05,10417,1285,4084,8345,3127,1035,4183,1083,7262,6333,0.8239381020053687,0.39205145435346067,0.9206909759878725
ton,unsw,17,False,forest,tcp,0,cap,0.05,10417,1285,518,8345,372,1078,6895,1083,7262,9899,0.8054348924133751,0.04972640875491984,
ton,unsw,17,False,forest,tcp,0,random,0.05,10417,1285,518,8345,408,1030,6907,1083,7262,9899,0.8017981614304475,0.04972640875491984,
ton,unsw,17,False,forest,tcp,0,frozen,0.1,10417,1285,8294,8345,6713,915,717,1083,7262,2123,0.7687235044747998,0.7961985216473073,0.8347958133396896
ton,unsw,17,False,forest,tcp,0,cap,0.1,10417,1285,1040,8345,776,1066,6503,1083,7262,9377,0.8071877999360136,0.09983680522223289,
ton,unsw,17,False,forest,tcp,0,random,0.1,10417,1285,1040,8345,822,979,6544,1083,7262,9377,0.8022821798016423,0.09983680522223289,
ton,unsw,17,False,forest,temporal+tcp,0,forced,0.0,10417,1285,0,7162,0,1189,5973,1189,5973,10417,0.6875299990400308,0.0,
ton,unsw,17,False,forest,temporal+tcp,0,frozen,0.01,10417,1285,669,7162,462,1177,5523,1189,5973,9748,0.687320475995076,0.06422194489776327,0.9904723142886409
ton,unsw,17,False,forest,temporal+tcp,0,cap,0.01,10417,1285,101,7162,87,1189,5886,1189,5973,10316,0.6858278402481582,0.009695689737928385,
ton,unsw,17,False,forest,temporal+tcp,0,random,0.01,10417,1285,101,7162,63,1181,5918,1189,5973,10316,0.6881543233811555,0.009695689737928385,
ton,unsw,17,False,forest,temporal+tcp,0,frozen,0.05,10417,1285,5655,7162,3872,1073,2217,1189,5973,4762,0.6908861822763545,0.5428626283958913,0.9206909759878725
ton,unsw,17,False,forest,temporal+tcp,0,cap,0.05,10417,1285,518,7162,353,1179,5630,1189,5973,9899,0.6878472572987171,0.04972640875491984,
ton,unsw,17,False,forest,temporal+tcp,0,random,0.05,10417,1285,518,7162,341,1129,5692,1189,5973,9899,0.6890595009596929,0.04972640875491984,
ton,unsw,17,False,forest,temporal+tcp,0,frozen,0.1,10417,1285,8421,7162,5662,910,590,1189,5973,1996,0.751503006012024,0.8083901315157915,0.8347958133396896
ton,unsw,17,False,forest,temporal+tcp,0,cap,0.1,10417,1285,1040,7162,684,1166,5312,1189,5973,9377,0.6908392876186413,0.09983680522223289,
ton,unsw,17,False,forest,temporal+tcp,0,random,0.1,10417,1285,1040,7162,705,1076,5381,1189,5973,9377,0.6885997653833849,0.09983680522223289,
ton,unsw,17,False,forest,random10,0,forced,0.0,10417,1285,0,9010,0,1032,7978,1032,7978,10417,0.8649323221656907,0.0,
ton,unsw,17,False,forest,random10,0,frozen,0.01,10417,1285,251,9010,131,1024,7855,1032,7978,10166,0.8734015345268542,0.024095228952673513,0.9904723142886409
ton,unsw,17,False,forest,random10,0,cap,0.01,10417,1285,101,9010,45,1029,7936,1032,7978,10316,0.8690383869716944,0.009695689737928385,
ton,unsw,17,False,forest,random10,0,random,0.01,10417,1285,101,9010,91,1024,7895,1032,7978,10316,0.8645792943001164,0.009695689737928385,
ton,unsw,17,False,forest,random10,0,frozen,0.05,10417,1285,2326,9010,1713,974,6323,1032,7978,8091,0.9018662711654926,0.22328885475664778,0.9206909759878725
ton,unsw,17,False,forest,random10,0,cap,0.05,10417,1285,518,9010,295,1017,7698,1032,7978,9899,0.8803919587837156,0.04972640875491984,
ton,unsw,17,False,forest,random10,0,random,0.05,10417,1285,518,9010,450,979,7581,1032,7978,9899,0.8647338114961107,0.04972640875491984,
ton,unsw,17,False,forest,random10,0,frozen,0.1,10417,1285,5301,9010,4484,878,3648,1032,7978,5116,0.8846755277560594,0.5088797158490929,0.8347958133396896
ton,unsw,17,False,forest,random10,0,cap,0.1,10417,1285,1040,9010,655,1002,7353,1032,7978,9377,0.8910099178841847,0.09983680522223289,
ton,unsw,17,False,forest,random10,0,random,0.1,10417,1285,1040,9010,895,931,7184,1032,7978,9377,0.8654153780526821,0.09983680522223289,
ton,ton,17,False,forest,clean,0,forced,0.0,9367,7534,0,1190,0,664,526,664,526,9367,0.12704174228675136,0.0,
ton,ton,17,False,forest,clean,0,frozen,0.01,9367,7534,33,1190,17,649,524,664,526,9334,0.1256695950289265,0.003523006298708231,0.9904723142886409
ton,ton,17,False,forest,clean,0,cap,0.01,9367,7534,78,1190,31,637,522,664,526,9289,0.12477123479384218,0.008327105796946729,
ton,ton,17,False,forest,clean,0,random,0.01,9367,7534,78,1190,8,660,522,664,526,9289,0.12724728173107977,0.008327105796946729,
ton,ton,17,False,forest,clean,0,frozen,0.05,9367,7534,546,1190,98,599,493,664,526,8821,0.12379548803990477,0.0582897405786271,0.9206909759878725
ton,ton,17,False,forest,clean,0,cap,0.05,9367,7534,454,1190,86,610,494,664,526,8913,0.12386401884887244,0.04846802604889506,
ton,ton,17,False,forest,clean,0,random,0.05,9367,7534,454,1190,54,632,504,664,526,8913,0.12745428026478178,0.04846802604889506,
ton,ton,17,False,forest,clean,0,frozen,0.1,9367,7534,1202,1190,251,564,375,664,526,8165,0.115003061849357,0.12832283548628162,0.8347958133396896
ton,ton,17,False,forest,clean,0,cap,0.1,9367,7534,921,1190,171,569,450,664,526,8446,0.12064882784750178,0.0983239030639479,
ton,ton,17,False,forest,clean,0,random,0.1,9367,7534,921,1190,111,607,472,664,526,8446,0.12775278238219276,0.0983239030639479,
ton,ton,17,False,forest,temporal,0,forced,0.0,9367,7534,0,1389,0,979,410,979,410,9367,0.14828653784562826,0.0,
ton,ton,17,False,forest,temporal,0,frozen,0.01,9367,7534,186,1389,90,896,403,979,410,9181,0.14148785535344735,0.01985694459271912,0.9904723142886409
ton,ton,17,False,forest,temporal,0,cap,0.01,9367,7534,78,1389,32,949,408,979,410,9289,0.14608676929701797,0.008327105796946729,
ton,ton,17,False,forest,temporal,0,random,0.01,9367,7534,78,1389,8,974,407,979,410,9289,0.14867047044891807,0.008327105796946729,
ton,ton,17,False,forest,temporal,0,frozen,0.05,9367,7534,1046,1389,316,728,345,979,410,8321,0.12895084725393582,0.11166862389238817,0.9206909759878725
ton,ton,17,False,forest,temporal,0,cap,0.05,9367,7534,454,1389,187,812,390,979,410,8913,0.1348591944350948,0.04846802604889506,
ton,ton,17,False,forest,temporal,0,random,0.05,9367,7534,454,1389,55,941,393,979,410,8913,0.14966902277572086,0.04846802604889506,
ton,ton,17,False,forest,temporal,0,frozen,0.1,9367,7534,1843,1389,547,574,268,979,410,7524,0.11190855927698033,0.19675456389452334,0.8347958133396896
ton,ton,17,False,forest,temporal,0,cap,0.1,9367,7534,921,1389,293,739,357,979,410,8446,0.1297655695003552,0.0983239030639479,
ton,ton,17,False,forest,temporal,0,random,0.1,9367,7534,921,1389,125,897,367,979,410,8446,0.14965664219748995,0.0983239030639479,
ton,ton,17,False,forest,size,0,forced,0.0,9367,7534,0,2747,0,2040,707,2040,707,9367,0.29326358492580334,0.0,
ton,ton,17,False,forest,size,0,frozen,0.01,9367,7534,15,2747,9,2037,701,2040,707,9352,0.2927715996578272,0.0016013664994128324,0.9904723142886409
ton,ton,17,False,forest,size,0,cap,0.01,9367,7534,78,2747,43,2011,693,2040,707,9289,0.29109699644741094,0.008327105796946729,
ton,ton,17,False,forest,size,0,random,0.01,9367,7534,78,2747,19,2024,704,2040,707,9289,0.29368069759931104,0.008327105796946729,
ton,ton,17,False,forest,size,0,frozen,0.05,9367,7534,152,2747,89,1995,663,2040,707,9215,0.2884427563754748,0.016227180527383367,0.9206909759878725
ton,ton,17,False,forest,size,0,cap,0.05,9367,7534,454,2747,135,1973,639,2040,707,8913,0.29305508807360037,0.04846802604889506,
ton,ton,17,False,forest,size,0,random,0.05,9367,7534,454,2747,132,1939,676,2040,707,8913,0.29339167508134184,0.04846802604889506,
ton,ton,17,False,forest,size,0,frozen,0.1,9367,7534,336,2747,119,1988,640,2040,707,9031,0.2909976746761156,0.03587060958684744,0.8347958133396896
ton,ton,17,False,forest,size,0,cap,0.1,9367,7534,921,2747,183,1953,611,2040,707,8446,0.3035756571157945,0.0983239030639479,
ton,ton,17,False,forest,size,0,random,0.1,9367,7534,921,2747,268,1844,635,2040,707,8446,0.2935117215249822,0.0983239030639479,
ton,ton,17,False,forest,tcp,0,forced,0.0,9367,7534,0,3135,0,2858,277,2858,277,9367,0.33468559837728196,0.0,
ton,ton,17,False,forest,tcp,0,frozen,0.01,9367,7534,250,3135,117,2748,270,2858,277,9117,0.33102994406054626,0.026689441656880537,0.9904723142886409
ton,ton,17,False,forest,tcp,0,cap,0.01,9367,7534,78,3135,40,2819,276,2858,277,9289,0.33318979438045,0.008327105796946729,
ton,ton,17,False,forest,tcp,0,random,0.01,9367,7534,78,3135,27,2833,275,2858,277,9289,0.33458929917106256,0.008327105796946729,
ton,ton,17,False,forest,tcp,0,frozen,0.05,9367,7534,2380,3135,838,2118,179,2858,277,6987,0.32875339916988694,0.2540834845735027,0.9206909759878725
ton,ton,17,False,forest,tcp,0,cap,0.05,9367,7534,454,3135,209,2668,258,2858,277,8913,0.3282845282172108,0.04846802604889506,
ton,ton,17,False,forest,tcp,0,random,0.05,9367,7534,454,3135,158,2712,265,2858,277,8913,0.3340065073488163,0.04846802604889506,
ton,ton,17,False,forest,tcp,0,frozen,0.1,9367,7534,4068,3135,1573,1452,110,2858,277,5299,0.29477259860351007,0.43429059464076014,0.8347958133396896
ton,ton,17,False,forest,tcp,0,cap,0.1,9367,7534,921,3135,406,2495,234,2858,277,8446,0.32311153208619464,0.0983239030639479,
ton,ton,17,False,forest,tcp,0,random,0.1,9367,7534,921,3135,324,2565,246,2858,277,8446,0.3328202699502723,0.0983239030639479,
ton,ton,17,False,forest,temporal+tcp,0,forced,0.0,9367,7534,0,3688,0,3464,224,3464,224,9367,0.3937226433223017,0.0,
ton,ton,17,False,forest,temporal+tcp,0,frozen,0.01,9367,7534,286,3688,109,3373,206,3464,224,9081,0.3941195903534853,0.030532721255471334,0.9904723142886409
ton,ton,17,False,forest,temporal+tcp,0,cap,0.01,9367,7534,78,3688,42,3426,220,3464,224,9289,0.3925072666594897,0.008327105796946729,
ton,ton,17,False,forest,temporal+tcp,0,random,0.01,9367,7534,78,3688,30,3435,223,3464,224,9289,0.39379911723543976,0.008327105796946729,
ton,ton,17,False,forest,temporal+tcp,0,frozen,0.05,9367,7534,2719,3688,1102,2465,121,3464,224,6648,0.38898916967509023,0.2902743674602327,0.9206909759878725
ton,ton,17,False,forest,temporal+tcp,0,cap,0.05,9367,7534,454,3688,195,3291,202,3464,224,8913,0.3918994726803545,0.04846802604889506,
ton,ton,17,False,forest,temporal+tcp,0,random,0.05,9367,7534,454,3688,182,3292,214,3464,224,8913,0.3933580163805677,0.04846802604889506,
ton,ton,17,False,forest,temporal+tcp,0,frozen,0.1,9367,7534,5045,3688,2291,1335,62,3464,224,4322,0.32322998611753817,0.5385929326358493,0.8347958133396896
ton,ton,17,False,forest,temporal+tcp,0,cap,0.1,9367,7534,921,3688,421,3083,184,3464,224,8446,0.38681032441392377,0.0983239030639479,
ton,ton,17,False,forest,temporal+tcp,0,random,0.1,9367,7534,921,3688,381,3111,196,3464,224,8446,0.3915462941037177,0.0983239030639479,
ton,ton,17,False,forest,random10,0,forced,0.0,9367,7534,0,1544,0,1012,532,1012,532,9367,0.1648339916728942,0.0,
ton,ton,17,False,forest,random10,0,frozen,0.01,9367,7534,70,1544,33,987,524,1012,532,9297,0.16252554587501344,0.00747304366392655,0.9904723142886409
ton,ton,17,False,forest,random10,0,cap,0.01,9367,7534,78,1544,34,980,530,1012,532,9289,0.1625578641403811,0.008327105796946729,
ton,ton,17,False,forest,random10,0,random,0.01,9367,7534,78,1544,8,1007,529,1012,532,9289,0.1653568737216062,0.008327105796946729,
ton,ton,17,False,forest,random10,0,frozen,0.05,9367,7534,603,1544,245,826,473,1012,532,8764,0.14821999087174806,0.06437493327639586,0.9206909759878725
ton,ton,17,False,forest,random10,0,cap,0.05,9367,7534,454,1544,186,857,501,1012,532,8913,0.15236171883765287,0.04846802604889506,
ton,ton,17,False,forest,random10,0,random,0.05,9367,7534,454,1544,74,960,510,1012,532,8913,0.16492763379333558,0.04846802604889506,
ton,ton,17,False,forest,random10,0,frozen,0.1,9367,7534,1303,1544,494,671,379,1012,532,8064,0.13020833333333334,0.13910536991566136,0.8347958133396896
ton,ton,17,False,forest,random10,0,cap,0.1,9367,7534,921,1544,357,727,460,1012,532,8446,0.14053990054463653,0.0983239030639479,
ton,ton,17,False,forest,random10,0,random,0.1,9367,7534,921,1544,154,913,477,1012,532,8446,0.16457494672034098,0.0983239030639479,
ton,cic,17,False,forest,clean,4,forced,0.0,12188,306,0,485,0,301,184,301,184,12188,0.039793239251723005,0.0,
ton,cic,17,False,forest,clean,4,frozen,0.01,12188,306,19,485,9,301,175,301,184,12169,0.03911578601364122,0.0015589104036757466,0.9904723142886409
ton,cic,17,False,forest,clean,4,cap,0.01,12188,306,110,485,32,299,154,301,184,12078,0.03750620963735718,0.009025270758122744,
ton,cic,17,False,forest,clean,4,random,0.01,12188,306,110,485,6,297,182,301,184,12078,0.039658883921179,0.009025270758122744,
ton,cic,17,False,forest,clean,4,frozen,0.05,12188,306,149,485,41,299,145,301,184,12039,0.03688013954647396,0.01222513948145717,0.9206909759878725
ton,cic,17,False,forest,clean,4,cap,0.05,12188,306,598,485,99,285,101,301,184,11590,0.033304572907679034,0.04906465375779455,
ton,cic,17,False,forest,clean,4,random,0.05,12188,306,598,485,24,283,178,301,184,11590,0.039775668679896466,0.04906465375779455,
ton,cic,17,False,forest,clean,4,frozen,0.1,12188,306,801,485,110,281,94,301,184,11387,0.03293229120927373,0.06572038070233016,0.8347958133396896
ton,cic,17,False,forest,clean,4,cap,0.1,12188,306,1209,485,138,267,80,301,184,10979,0.03160579287731123,0.09919593042336725,
ton,cic,17,False,forest,clean,4,random,0.1,12188,306,1209,485,44,269,172,301,184,10979,0.04016759267692868,0.09919593042336725,
ton,cic,17,False,forest,temporal,4,forced,0.0,12188,306,0,435,0,300,135,300,135,12188,0.0356908434525763,0.0,
ton,cic,17,False,forest,temporal,4,frozen,0.01,12188,306,14,435,8,300,127,300,135,12174,0.03507474946607524,0.0011486708237610766,0.9904723142886409
ton,cic,17,False,forest,temporal,4,cap,0.01,12188,306,110,435,38,299,98,300,135,12078,0.032869680410664015,0.009025270758122744,
ton,cic,17,False,forest,temporal,4,random,0.01,12188,306,110,435,6,296,133,300,135,12078,0.03551912568306011,0.009025270758122744,
ton,cic,17,False,forest,temporal,4,frozen,0.05,12188,306,141,435,49,299,87,300,135,12047,0.032041172076035525,0.011568756153593698,0.9206909759878725
ton,cic,17,False,forest,temporal,4,cap,0.05,12188,306,598,435,102,285,48,300,135,11590,0.028731665228645384,0.04906465375779455,
ton,cic,17,False,forest,temporal,4,random,0.05,12188,306,598,435,24,282,129,300,135,11590,0.03546160483175151,0.04906465375779455,
ton,cic,17,False,forest,temporal,4,frozen,0.1,12188,306,496,435,87,288,60,300,135,11692,0.02976394115634622,0.04069576632753528,0.8347958133396896
ton,cic,17,False,forest,temporal,4,cap,0.1,12188,306,1209,435,131,273,31,300,135,10979,0.027689224883869205,0.09919593042336725,
ton,cic,17,False,forest,temporal,4,random,0.1,12188,306,1209,435,43,268,124,300,135,10979,0.03570452682393661,0.09919593042336725,
ton,cic,17,False,forest,size,4,forced,0.0,12188,306,0,415,0,301,114,301,114,12188,0.03404988513291762,0.0,
ton,cic,17,False,forest,size,4,frozen,0.01,12188,306,43,415,32,301,82,301,114,12145,0.0315356113627007,0.0035280603872661635,0.9904723142886409
ton,cic,17,False,forest,size,4,cap,0.01,12188,306,110,415,45,301,69,301,114,12078,0.030634210962079814,0.009025270758122744,
ton,cic,17,False,forest,size,4,random,0.01,12188,306,110,415,5,297,113,301,114,12078,0.03394601755257493,0.009025270758122744,
ton,cic,17,False,forest,size,4,frozen,0.05,12188,306,276,415,78,293,44,301,114,11912,0.028290799194089992,0.022645224811289794,0.9206909759878725
ton,cic,17,False,forest,size,4,cap,0.05,12188,306,598,415,115,286,14,301,114,11590,0.025884383088869714,0.04906465375779455,
ton,cic,17,False,forest,size,4,random,0.05,12188,306,598,415,20,284,111,301,114,11590,0.034081104400345126,0.04906465375779455,
ton,cic,17,False,forest,size,4,frozen,0.1,12188,306,542,415,114,287,14,301,114,11646,0.025845783960157995,0.044469970462750245,0.8347958133396896
ton,cic,17,False,forest,size,4,cap,0.1,12188,306,1209,415,141,266,8,301,114,10979,0.024956735586118953,0.09919593042336725,
ton,cic,17,False,forest,size,4,random,0.1,12188,306,1209,415,39,270,106,301,114,10979,0.03424719919846981,0.09919593042336725,
ton,cic,17,False,forest,tcp,4,forced,0.0,12188,306,0,416,0,305,111,305,111,12188,0.03413193304890056,0.0,
ton,cic,17,False,forest,tcp,4,frozen,0.01,12188,306,20,416,11,305,100,305,111,12168,0.03328402366863906,0.0016409583196586807,0.9904723142886409
ton,cic,17,False,forest,tcp,4,cap,0.01,12188,306,110,416,41,305,70,305,111,12078,0.031048186785891704,0.009025270758122744,
ton,cic,17,False,forest,tcp,4,random,0.01,12188,306,110,416,5,301,110,305,111,12078,0.034028812717337306,0.009025270758122744,
ton,cic,17,False,forest,tcp,4,frozen,0.05,12188,306,171,416,52,299,65,305,111,12017,0.03029042190230507,0.01403019363308172,0.9206909759878725
ton,cic,17,False,forest,tcp,4,cap,0.05,12188,306,598,416,106,285,25,305,111,11590,0.026747195858498704,0.04906465375779455,
ton,cic,17,False,forest,tcp,4,random,0.05,12188,306,598,416,25,287,104,305,111,11590,0.03373597929249353,0.04906465375779455,
ton,cic,17,False,forest,tcp,4,frozen,0.1,12188,306,374,416,93,290,33,305,111,11814,0.02734044354156086,0.030685920577617327,0.8347958133396896
ton,cic,17,False,forest,tcp,4,cap,0.1,12188,306,1209,416,147,253,16,305,111,10979,0.02450132070316058,0.09919593042336725,
ton,cic,17,False,forest,tcp,4,random,0.1,12188,306,1209,416,42,273,101,305,111,10979,0.03406503324528646,0.09919593042336725,
ton,cic,17,False,forest,temporal+tcp,4,forced,0.0,12188,306,0,448,0,305,143,305,143,12188,0.03675746636035445,0.0,
ton,cic,17,False,forest,temporal+tcp,4,frozen,0.01,12188,306,19,448,8,303,137,305,143,12169,0.03615744925630701,0.0015589104036757466,0.9904723142886409
ton,cic,17,False,forest,temporal+tcp,4,cap,0.01,12188,306,110,448,42,298,108,305,143,12078,0.033614836893525415,0.009025270758122744,
ton,cic,17,False,forest,temporal+tcp,4,random,0.01,12188,306,110,448,6,301,141,305,143,12078,0.036595462824971024,0.009025270758122744,
ton,cic,17,False,forest,temporal+tcp,4,frozen,0.05,12188,306,205,448,78,294,76,305,143,11983,0.030877075857464742,0.016819822776501476,0.9206909759878725
ton,cic,17,False,forest,temporal+tcp,4,cap,0.05,12188,306,598,448,122,288,38,305,143,11590,0.02812769628990509,0.04906465375779455,
ton,cic,17,False,forest,temporal+tcp,4,random,0.05,12188,306,598,448,28,287,133,305,143,11590,0.0362381363244176,0.04906465375779455,
ton,cic,17,False,forest,temporal+tcp,4,frozen,0.1,12188,306,638,448,123,287,38,305,143,11550,0.02813852813852814,0.052346570397111915,0.8347958133396896
ton,cic,17,False,forest,temporal+tcp,4,cap,0.1,12188,306,1209,448,145,274,29,305,143,10979,0.02759814190727753,0.09919593042336725,
ton,cic,17,False,forest,temporal+tcp,4,random,0.1,12188,306,1209,448,48,273,127,305,143,10979,0.036433190636670006,0.09919593042336725,
ton,cic,17,False,forest,random10,4,forced,0.0,12188,306,0,782,0,298,484,298,484,12188,0.06416147029865442,0.0,
ton,cic,17,False,forest,random10,4,frozen,0.01,12188,306,88,782,39,298,445,298,484,12100,0.06140495867768595,0.007220216606498195,0.9904723142886409
ton,cic,17,False,forest,random10,4,cap,0.01,12188,306,110,782,49,298,435,298,484,12078,0.06068885577082298,0.009025270758122744,
ton,cic,17,False,forest,random10,4,random,0.01,12188,306,110,782,10,294,478,298,484,12078,0.06391786719655572,0.009025270758122744,
ton,cic,17,False,forest,random10,4,frozen,0.05,12188,306,734,782,270,289,223,298,484,11454,0.04470054129561725,0.06022317033147358,0.9206909759878725
ton,cic,17,False,forest,random10,4,cap,0.05,12188,306,598,782,238,289,255,298,484,11590,0.046937014667817085,0.04906465375779455,
ton,cic,17,False,forest,random10,4,random,0.05,12188,306,598,782,43,279,460,298,484,11590,0.0637618636755824,0.04906465375779455,
ton,cic,17,False,forest,random10,4,frozen,0.1,12188,306,1685,782,410,271,101,298,484,10503,0.03541845187089403,0.13825073843124386,0.8347958133396896
ton,cic,17,False,forest,random10,4,cap,0.1,12188,306,1209,782,356,281,145,298,484,10979,0.03880134802805356,0.09919593042336725,
ton,cic,17,False,forest,random10,4,random,0.1,12188,306,1209,782,78,265,439,298,484,10979,0.06412241552053921,0.09919593042336725,
ton,unsw,17,True,logistic,clean,0,forced,0.0,10417,1285,0,8899,0,202,8697,202,8697,10417,0.8542766631467793,0.0,
ton,unsw,17,True,logistic,clean,0,frozen,0.01,10417,1285,36,8899,11,191,8697,202,8697,10381,0.8561795588093633,0.003455889411538831,0.9251214994270621
ton,unsw,17,True,logistic,clean,0,cap,0.01,10417,1285,101,8899,38,170,8691,202,8697,10316,0.8589569600620396,0.009695689737928385,
ton,unsw,17,True,logistic,clean,0,random,0.01,10417,1285,101,8899,89,198,8612,202,8697,10316,0.8540131834044203,0.009695689737928385,
ton,unsw,17,True,logistic,clean,0,frozen,0.05,10417,1285,224,8899,115,116,8668,202,8697,10193,0.8617678799175905,0.02150331189401939,0.5913565142224844
ton,unsw,17,True,logistic,clean,0,cap,0.05,10417,1285,518,8899,312,104,8483,202,8697,9899,0.8674613597333064,0.04972640875491984,
ton,unsw,17,True,logistic,clean,0,random,0.05,10417,1285,518,8899,442,187,8270,202,8697,9899,0.8543287200727346,0.04972640875491984,
ton,unsw,17,True,logistic,clean,0,frozen,0.1,10417,1285,478,8899,282,104,8513,202,8697,9939,0.8669886306469464,0.04588653163098781,0.45108213880334436
ton,unsw,17,True,logistic,clean,0,cap,0.1,10417,1285,1040,8899,643,83,8173,202,8697,9377,0.8804521702036899,0.09983680522223289,
ton,unsw,17,True,logistic,clean,0,random,0.1,10417,1285,1040,8899,896,179,7824,202,8697,9377,0.8534712594646475,0.09983680522223289,
ton,unsw,17,True,logistic,temporal,0,forced,0.0,10417,1285,0,8938,0,241,8697,241,8697,10417,0.858020543342613,0.0,
ton,unsw,17,True,logistic,temporal,0,frozen,0.01,10417,1285,77,8938,56,224,8658,241,8697,10340,0.8589941972920696,0.007391763463569166,0.9251214994270621
ton,unsw,17,True,logistic,temporal,0,cap,0.01,10417,1285,101,8938,78,223,8637,241,8697,10316,0.8588600232648314,0.009695689737928385,
ton,unsw,17,True,logistic,temporal,0,random,0.01,10417,1285,101,8938,89,237,8612,241,8697,10316,0.8577937184955409,0.009695689737928385,
ton,unsw,17,True,logistic,temporal,0,frozen,0.05,10417,1285,674,8938,508,145,8285,241,8697,9743,0.865236580108796,0.06470192953825478,0.5913565142224844
ton,unsw,17,True,logistic,temporal,0,cap,0.05,10417,1285,518,8938,401,162,8375,241,8697,9899,0.8624103444792404,0.04972640875491984,
ton,unsw,17,True,logistic,temporal,0,random,0.05,10417,1285,518,8938,443,225,8270,241,8697,9899,0.8581674916658248,0.04972640875491984,
ton,unsw,17,True,logistic,temporal,0,frozen,0.1,10417,1285,918,8938,723,124,8091,241,8697,9499,0.8648278766185914,0.08812517999424019,0.45108213880334436
ton,unsw,17,True,logistic,temporal,0,cap,0.1,10417,1285,1040,8938,817,118,8003,241,8697,9377,0.8660552415484697,0.09983680522223289,
ton,unsw,17,True,logistic,temporal,0,random,0.1,10417,1285,1040,8938,900,214,7824,241,8697,9377,0.8572037965234084,0.09983680522223289,
ton,unsw,17,True,logistic,size,0,forced,0.0,10417,1285,0,7168,0,135,7033,135,7033,10417,0.6881059806086205,0.0,
ton,unsw,17,True,logistic,size,0,frozen,0.01,10417,1285,26,7168,7,134,7027,135,7033,10391,0.6891540756423828,0.0024959201305558222,0.9251214994270621
ton,unsw,17,True,logistic,size,0,cap,0.01,10417,1285,101,7168,52,130,6986,135,7033,10316,0.6898022489336952,0.009695689737928385,
ton,unsw,17,True,logistic,size,0,random,0.01,10417,1285,101,7168,69,133,6966,135,7033,10316,0.6881543233811555,0.009695689737928385,
ton,unsw,17,True,logistic,size,0,frozen,0.05,10417,1285,621,7168,341,128,6699,135,7033,9796,0.6969171090240914,0.05961409234904483,0.5913565142224844
ton,unsw,17,True,logistic,size,0,cap,0.05,10417,1285,518,7168,278,128,6762,135,7033,9899,0.6960299020103041,0.04972640875491984,
ton,unsw,17,True,logistic,size,0,random,0.05,10417,1285,518,7168,347,127,6694,135,7033,9899,0.6890595009596929,0.04972640875491984,
ton,unsw,17,True,logistic,size,0,frozen,0.1,10417,1285,1839,7168,1419,127,5622,135,7033,8578,0.6702028444858942,0.17653835077277527,0.45108213880334436
ton,unsw,17,True,logistic,size,0,cap,0.1,10417,1285,1040,7168,726,128,6314,135,7033,9377,0.687000106643916,0.09983680522223289,
ton,unsw,17,True,logistic,size,0,random,0.1,10417,1285,1040,7168,726,117,6325,135,7033,9377,0.687000106643916,0.09983680522223289,
ton,unsw,17,True,logistic,tcp,0,forced,0.0,10417,1285,0,8899,0,202,8697,202,8697,10417,0.8542766631467793,0.0,
ton,unsw,17,True,logistic,tcp,0,frozen,0.01,10417,1285,28,8899,13,189,8697,202,8697,10389,0.8553277505053422,0.002687913986752424,0.9251214994270621
ton,unsw,17,True,logistic,tcp,0,cap,0.01,10417,1285,101,8899,38,173,8688,202,8697,10316,0.8589569600620396,0.009695689737928385,
ton,unsw,17,True,logistic,tcp,0,random,0.01,10417,1285,101,8899,89,198,8612,202,8697,10316,0.8540131834044203,0.009695689737928385,
ton,unsw,17,True,logistic,tcp,0,frozen,0.05,10417,1285,180,8899,69,160,8670,202,8697,10237,0.8625573898603106,0.017279447057694155,0.5913565142224844
ton,unsw,17,True,logistic,tcp,0,cap,0.05,10417,1285,518,8899,281,99,8519,202,8697,9899,0.8705929891908274,0.04972640875491984,
ton,unsw,17,True,logistic,tcp,0,random,0.05,10417,1285,518,8899,442,187,8270,202,8697,9899,0.8543287200727346,0.04972640875491984,
ton,unsw,17,True,logistic,tcp,0,frozen,0.1,10417,1285,382,8899,198,104,8597,202,8697,10035,0.8670652715495765,0.03667082653355093,0.45108213880334436
ton,unsw,17,True,logistic,tcp,0,cap,0.1,10417,1285,1040,8899,583,94,8222,202,8697,9377,0.8868508051615656,0.09983680522223289,
ton,unsw,17,True,logistic,tcp,0,random,0.1,10417,1285,1040,8899,896,179,7824,202,8697,9377,0.8534712594646475,0.09983680522223289,
ton,unsw,17,True,logistic,temporal+tcp,0,forced,0.0,10417,1285,0,8812,0,266,8546,266,8546,10417,0.8459249304022272,0.0,
ton,unsw,17,True,logistic,temporal+tcp,0,frozen,0.01,10417,1285,113,8812,32,249,8531,266,8546,10304,0.8520962732919255,0.010847652875107996,0.9251214994270621
ton,unsw,17,True,logistic,temporal+tcp,0,cap,0.01,10417,1285,101,8812,29,252,8531,266,8546,10316,0.8513958898797984,0.009695689737928385,
ton,unsw,17,True,logistic,temporal+tcp,0,random,0.01,10417,1285,101,8812,85,262,8465,266,8546,10316,0.845967429236138,0.009695689737928385,
ton,unsw,17,True,logistic,temporal+tcp,0,frozen,0.05,10417,1285,603,8812,310,154,8348,266,8546,9814,0.8663134297941716,0.05788614764327542,0.5913565142224844
ton,unsw,17,True,logistic,temporal+tcp,0,cap,0.05,10417,1285,518,8812,235,162,8415,266,8546,9899,0.8664511566824932,0.04972640875491984,
ton,unsw,17,True,logistic,temporal+tcp,0,random,0.05,10417,1285,518,8812,434,249,8129,266,8546,9899,0.8463481159713102,0.04972640875491984,
ton,unsw,17,True,logistic,temporal+tcp,0,frozen,0.1,10417,1285,1103,8812,696,134,7982,266,8546,9314,0.87137642258965,0.10588461169242584,0.45108213880334436
ton,unsw,17,True,logistic,temporal+tcp,0,cap,0.1,10417,1285,1040,8812,644,140,8028,266,8546,9377,0.8710675055988056,0.09983680522223289,
ton,unsw,17,True,logistic,temporal+tcp,0,random,0.1,10417,1285,1040,8812,886,237,7689,266,8546,9377,0.8452596779353738,0.09983680522223289,
ton,unsw,17,True,logistic,random10,0,forced,0.0,10417,1285,0,8100,0,338,7762,338,7762,10417,0.7775751175962369,0.0,
ton,unsw,17,True,logistic,random10,0,frozen,0.01,10417,1285,87,8100,53,323,7724,338,7762,10330,0.7789932236205227,0.008351732744552174,0.9251214994270621
ton,unsw,17,True,logistic,random10,0,cap,0.01,10417,1285,101,8100,62,319,7719,338,7762,10316,0.7791779759596743,0.009695689737928385,
ton,unsw,17,True,logistic,random10,0,random,0.01,10417,1285,101,8100,83,334,7683,338,7762,10316,0.7771423032183017,0.009695689737928385,
ton,unsw,17,True,logistic,random10,0,frozen,0.05,10417,1285,458,8100,249,268,7583,338,7762,9959,0.788332161863641,0.043966593069021793,0.5913565142224844
ton,unsw,17,True,logistic,random10,0,cap,0.05,10417,1285,518,8100,282,258,7560,338,7762,9899,0.7897767451257702,0.04972640875491984,
ton,unsw,17,True,logistic,random10,0,random,0.05,10417,1285,518,8100,393,320,7387,338,7762,9899,0.7785634912617436,0.04972640875491984,
ton,unsw,17,True,logistic,random10,0,frozen,0.1,10417,1285,681,8100,368,231,7501,338,7762,9736,0.7941659819227609,0.06537390803494288,0.45108213880334436
ton,unsw,17,True,logistic,random10,0,cap,0.1,10417,1285,1040,8100,579,198,7323,338,7762,9377,0.8020688919697131,0.09983680522223289,
ton,unsw,17,True,logistic,random10,0,random,0.1,10417,1285,1040,8100,801,309,6990,338,7762,9377,0.7783939426255733,0.09983680522223289,
ton,ton,17,True,logistic,clean,0,forced,0.0,9367,7534,0,2131,0,1262,869,1262,869,9367,0.2275008006832497,0.0,
ton,ton,17,True,logistic,clean,0,frozen,0.01,9367,7534,986,2131,618,668,845,1262,869,8381,0.18052738336713997,0.10526315789473684,0.9251214994270621
ton,ton,17,True,logistic,clean,0,cap,0.01,9367,7534,78,2131,43,1220,868,1262,869,9289,0.22478200021530842,0.008327105796946729,
ton,ton,17,True,logistic,clean,0,random,0.01,9367,7534,78,2131,19,1249,863,1262,869,9289,0.22736570136720852,0.008327105796946729,
ton,ton,17,True,logistic,clean,0,frozen,0.05,9367,7534,2629,2131,1160,246,725,1262,869,6738,0.14410804392994955,0.28066616846375575,0.5913565142224844
ton,ton,17,True,logistic,clean,0,cap,0.05,9367,7534,454,2131,334,949,848,1262,869,8913,0.2016156176371592,0.04846802604889506,
ton,ton,17,True,logistic,clean,0,random,0.05,9367,7534,454,2131,110,1193,828,1262,869,8913,0.22674744754852463,0.04846802604889506,
ton,ton,17,True,logistic,clean,0,frozen,0.1,9367,7534,3719,2131,1314,192,625,1262,869,5648,0.1446529745042493,0.3970321340877549,0.45108213880334436
ton,ton,17,True,logistic,clean,0,cap,0.1,9367,7534,921,2131,553,745,833,1262,869,8446,0.18683400426237273,0.0983239030639479,
ton,ton,17,True,logistic,clean,0,random,0.1,9367,7534,921,2131,218,1136,777,1262,869,8446,0.22649775041439735,0.0983239030639479,
ton,ton,17,True,logistic,temporal,0,forced,0.0,9367,7534,0,1449,0,542,907,542,907,9367,0.1546920038432796,0.0,
ton,ton,17,True,logistic,temporal,0,frozen,0.01,9367,7534,304,1449,123,463,863,542,907,9063,0.14630916914928832,0.032454361054766734,0.9251214994270621
ton,ton,17,True,logistic,temporal,0,cap,0.01,9367,7534,78,1449,17,528,904,542,907,9289,0.15416083539670578,0.008327105796946729,
ton,ton,17,True,logistic,temporal,0,random,0.01,9367,7534,78,1449,9,538,902,542,907,9289,0.15502206911400582,0.008327105796946729,
ton,ton,17,True,logistic,temporal,0,frozen,0.05,9367,7534,3505,1449,702,159,588,542,907,5862,0.12743091095189354,0.37418597202946513,0.5913565142224844
ton,ton,17,True,logistic,temporal,0,cap,0.05,9367,7534,454,1449,187,414,848,542,907,8913,0.14159093458992483,0.04846802604889506,
ton,ton,17,True,logistic,temporal,0,random,0.05,9367,7534,454,1449,66,515,868,542,907,8913,0.15516661056883205,0.04846802604889506,
ton,ton,17,True,logistic,temporal,0,frozen,0.1,9367,7534,4989,1449,952,78,419,542,907,4378,0.11352215623572408,0.532614497704708,0.45108213880334436
ton,ton,17,True,logistic,temporal,0,cap,0.1,9367,7534,921,1449,332,324,793,542,907,8446,0.13225195358749703,0.0983239030639479,
ton,ton,17,True,logistic,temporal,0,random,0.1,9367,7534,921,1449,156,481,812,542,907,8446,0.15309022022259058,0.0983239030639479,
ton,ton,17,True,logistic,size,0,forced,0.0,9367,7534,0,3415,0,2058,1357,2058,1357,9367,0.36457777303298816,0.0,
ton,ton,17,True,logistic,size,0,frozen,0.01,9367,7534,310,3415,228,1875,1312,2058,1357,9057,0.35188252180633767,0.033094907654531866,0.9251214994270621
ton,ton,17,True,logistic,size,0,cap,0.01,9367,7534,78,3415,36,2039,1340,2058,1357,9289,0.3637635913446011,0.008327105796946729,
ton,ton,17,True,logistic,size,0,random,0.01,9367,7534,78,3415,25,2041,1349,2058,1357,9289,0.3649477877058887,0.008327105796946729,
ton,ton,17,True,logistic,size,0,frozen,0.05,9367,7534,3127,3415,1892,503,1020,2058,1357,6240,0.2440705128205128,0.33383153624426176,0.5913565142224844
ton,ton,17,True,logistic,size,0,cap,0.05,9367,7534,454,3415,203,1958,1254,2058,1357,8913,0.3603724896219006,0.04846802604889506,
ton,ton,17,True,logistic,size,0,random,0.05,9367,7534,454,3415,162,1954,1299,2058,1357,8913,0.3649725120610344,0.04846802604889506,
ton,ton,17,True,logistic,size,0,frozen,0.1,9367,7534,5488,3415,2610,104,701,2058,1357,3879,0.20752771332817738,0.5858866232518416,0.45108213880334436
ton,ton,17,True,logistic,size,0,cap,0.1,9367,7534,921,3415,323,1890,1202,2058,1357,8446,0.36609045702107507,0.0983239030639479,
ton,ton,17,True,logistic,size,0,random,0.1,9367,7534,921,3415,330,1859,1226,2058,1357,8446,0.3652616623253611,0.0983239030639479,
ton,ton,17,True,logistic,tcp,0,forced,0.0,9367,7534,0,1430,0,517,913,517,913,9367,0.15266360627735667,0.0,
ton,ton,17,True,logistic,tcp,0,frozen,0.01,9367,7534,292,1430,118,430,882,517,913,9075,0.14457300275482093,0.03117326785523647,0.9251214994270621
ton,ton,17,True,logistic,tcp,0,cap,0.01,9367,7534,78,1430,39,483,908,517,913,9289,0.14974701259554313,0.008327105796946729,
ton,ton,17,True,logistic,tcp,0,random,0.01,9367,7534,78,1430,10,513,907,517,913,9289,0.15286898482075573,0.008327105796946729,
ton,ton,17,True,logistic,tcp,0,frozen,0.05,9367,7534,3754,1430,595,229,606,517,913,5613,0.14876180295742028,0.40076865591971816,0.5913565142224844
ton,ton,17,True,logistic,tcp,0,cap,0.05,9367,7534,454,1430,151,412,867,517,913,8913,0.14349826096712667,0.04846802604889506,
ton,ton,17,True,logistic,tcp,0,random,0.05,9367,7534,454,1430,66,493,871,517,913,8913,0.15303489285313587,0.04846802604889506,
ton,ton,17,True,logistic,tcp,0,frozen,0.1,9367,7534,5391,1430,899,80,451,517,913,3976,0.1335513078470825,0.5755311198889719,0.45108213880334436
ton,ton,17,True,logistic,tcp,0,cap,0.1,9367,7534,921,1430,233,380,817,517,913,8446,0.141723892967085,0.0983239030639479,
ton,ton,17,True,logistic,tcp,0,random,0.1,9367,7534,921,1430,149,467,814,517,913,8446,0.1516694293156524,0.0983239030639479,
ton,ton,17,True,logistic,temporal+tcp,0,forced,0.0,9367,7534,0,1916,0,1062,854,1062,854,9367,0.20454788085833245,0.0,
ton,ton,17,True,logistic,temporal+tcp,0,frozen,0.01,9367,7534,661,1916,312,826,778,1062,854,8706,0.18424075350333102,0.07056688374079215,0.9251214994270621
ton,ton,17,True,logistic,temporal+tcp,0,cap,0.01,9367,7534,78,1916,34,1033,849,1062,854,9289,0.2026052319948326,0.008327105796946729,
ton,ton,17,True,logistic,temporal+tcp,0,random,0.01,9367,7534,78,1916,13,1054,849,1062,854,9289,0.2048659705027452,0.008327105796946729,
ton,ton,17,True,logistic,temporal+tcp,0,frozen,0.05,9367,7534,4085,1916,1328,149,439,1062,854,5282,0.1113214691404771,0.43610547667342797,0.5913565142224844
ton,ton,17,True,logistic,temporal+tcp,0,cap,0.05,9367,7534,454,1916,223,896,797,1062,854,8913,0.18994726803545384,0.04846802604889506,
ton,ton,17,True,logistic,temporal+tcp,0,random,0.05,9367,7534,454,1916,90,1013,813,1062,854,8913,0.20486929204532706,0.04846802604889506,
ton,ton,17,True,logistic,temporal+tcp,0,frozen,0.1,9367,7534,6749,1916,1550,80,286,1062,854,2618,0.13980137509549273,0.720508166969147,0.45108213880334436
ton,ton,17,True,logistic,temporal+tcp,0,cap,0.1,9367,7534,921,1916,478,706,732,1062,854,8446,0.17025811034809377,0.0983239030639479,
ton,ton,17,True,logistic,temporal+tcp,0,random,0.1,9367,7534,921,1916,206,953,757,1062,854,8446,0.20246270423869286,0.0983239030639479,
ton,ton,17,True,logistic,random10,0,forced,0.0,9367,7534,0,2820,0,1928,892,1928,892,9367,0.3010569018896125,0.0,
ton,ton,17,True,logistic,random10,0,frozen,0.01,9367,7534,469,2820,246,1715,859,1928,892,8898,0.28927848954821306,0.05006939254830789,0.9251214994270621
ton,ton,17,True,logistic,random10,0,cap,0.01,9367,7534,78,2820,36,1895,889,1928,892,9289,0.29970933362041124,0.008327105796946729,
ton,ton,17,True,logistic,random10,0,random,0.01,9367,7534,78,2820,26,1908,886,1928,892,9289,0.3007858757670363,0.008327105796946729,
ton,ton,17,True,logistic,random10,0,frozen,0.05,9367,7534,2440,2820,999,1118,703,1928,892,6927,0.2628843655262018,0.26048895057115407,0.5913565142224844
ton,ton,17,True,logistic,random10,0,cap,0.05,9367,7534,454,2820,234,1728,858,1928,892,8913,0.290138000673174,0.04846802604889506,
ton,ton,17,True,logistic,random10,0,random,0.05,9367,7534,454,2820,132,1835,853,1928,892,8913,0.30158195893638506,0.04846802604889506,
ton,ton,17,True,logistic,random10,0,frozen,0.1,9367,7534,3532,2820,1271,916,633,1928,892,5835,0.2654670094258783,0.37706843172840826,0.45108213880334436
ton,ton,17,True,logistic,random10,0,cap,0.1,9367,7534,921,2820,452,1554,814,1928,892,8446,0.2803694056358039,0.0983239030639479,
ton,ton,17,True,logistic,random10,0,random,0.1,9367,7534,921,2820,280,1739,801,1928,892,8446,0.3007340753019181,0.0983239030639479,
ton,cic,17,True,logistic,clean,4,forced,0.0,12188,306,0,7473,0,143,7330,143,7330,12188,0.6131440761404661,0.0,
ton,cic,17,True,logistic,clean,4,frozen,0.01,12188,306,1145,7473,484,137,6852,143,7330,11043,0.6328896133297112,0.09394486380045947,0.9251214994270621
ton,cic,17,True,logistic,clean,4,cap,0.01,12188,306,110,7473,58,143,7272,143,7330,12078,0.6139261467130319,0.009025270758122744,
ton,cic,17,True,logistic,clean,4,random,0.01,12188,306,110,7473,70,141,7262,143,7330,12078,0.6129326047358834,0.009025270758122744,
ton,cic,17,True,logistic,clean,4,frozen,0.05,12188,306,5728,7473,2955,31,4487,143,7330,6460,0.6993808049535604,0.4699704627502461,0.5913565142224844
ton,cic,17,True,logistic,clean,4,cap,0.05,12188,306,598,7473,255,139,7079,143,7330,11590,0.6227782571182053,0.04906465375779455,
ton,cic,17,True,logistic,clean,4,random,0.05,12188,306,598,7473,375,135,6963,143,7330,11590,0.6124245038826575,0.04906465375779455,
ton,cic,17,True,logistic,clean,4,frozen,0.1,12188,306,7854,7473,4326,19,3128,143,7330,4334,0.7261190586063683,0.644404332129964,0.45108213880334436
ton,cic,17,True,logistic,clean,4,cap,0.1,12188,306,1209,7473,510,137,6826,143,7330,10979,0.6342107660078331,0.09919593042336725,
ton,cic,17,True,logistic,clean,4,random,0.1,12188,306,1209,7473,750,130,6593,143,7330,10979,0.6123508516258311,0.09919593042336725,
ton,cic,17,True,logistic,temporal,4,forced,0.0,12188,306,0,5511,0,180,5331,180,5331,12188,0.45216606498194944,0.0,
ton,cic,17,True,logistic,temporal,4,frozen,0.01,12188,306,1114,5511,484,171,4856,180,5331,11074,0.45394618024200833,0.0914013784049885,0.9251214994270621
ton,cic,17,True,logistic,temporal,4,cap,0.01,12188,306,110,5511,45,180,5286,180,5331,12078,0.4525583705911575,0.009025270758122744,
ton,cic,17,True,logistic,temporal,4,random,0.01,12188,306,110,5511,51,178,5282,180,5331,12078,0.4520615996025832,0.009025270758122744,
ton,cic,17,True,logistic,temporal,4,frozen,0.05,12188,306,5569,5511,2415,131,2965,180,5331,6619,0.4677443722616709,0.4569248441089596,0.5913565142224844
ton,cic,17,True,logistic,temporal,4,cap,0.05,12188,306,598,5511,290,175,5046,180,5331,11590,0.4504745470232959,0.04906465375779455,
ton,cic,17,True,logistic,temporal,4,random,0.05,12188,306,598,5511,273,169,5069,180,5331,11590,0.4519413287316652,0.04906465375779455,
ton,cic,17,True,logistic,temporal,4,frozen,0.1,12188,306,7574,5511,3263,100,2148,180,5331,4614,0.4872128305158214,0.6214309156547424,0.45108213880334436
ton,cic,17,True,logistic,temporal,4,cap,0.1,12188,306,1209,5511,535,168,4808,180,5331,10979,0.45322889152017487,0.09919593042336725,
ton,cic,17,True,logistic,temporal,4,random,0.1,12188,306,1209,5511,573,159,4779,180,5331,10979,0.44976773840969125,0.09919593042336725,
ton,cic,17,True,logistic,size,4,forced,0.0,12188,306,0,8184,0,138,8046,138,8046,12188,0.6714801444043321,0.0,
ton,cic,17,True,logistic,size,4,frozen,0.01,12188,306,1009,8184,569,104,7511,138,8046,11179,0.6811879416763574,0.08278634722678044,0.9251214994270621
ton,cic,17,True,logistic,size,4,cap,0.01,12188,306,110,8184,56,137,7991,138,8046,12078,0.6729590991886074,0.009025270758122744,
ton,cic,17,True,logistic,size,4,random,0.01,12188,306,110,8184,69,136,7979,138,8046,12078,0.6718827620466965,0.009025270758122744,
ton,cic,17,True,logistic,size,4,frozen,0.05,12188,306,7048,8184,4338,42,3804,138,8046,5140,0.7482490272373541,0.578273711847719,0.5913565142224844
ton,cic,17,True,logistic,size,4,cap,0.05,12188,306,598,8184,329,119,7736,138,8046,11590,0.677739430543572,0.04906465375779455,
ton,cic,17,True,logistic,size,4,random,0.05,12188,306,598,8184,401,133,7650,138,8046,11590,0.6715271786022433,0.04906465375779455,
ton,cic,17,True,logistic,size,4,frozen,0.1,12188,306,9004,8184,5768,18,2398,138,8046,3184,0.7587939698492462,0.7387594355103381,0.45108213880334436
ton,cic,17,True,logistic,size,4,cap,0.1,12188,306,1209,8184,708,103,7373,138,8046,10979,0.6809363329993624,0.09919593042336725,
ton,cic,17,True,logistic,size,4,random,0.1,12188,306,1209,8184,809,129,7246,138,8046,10979,0.6717369523636032,0.09919593042336725,
ton,cic,17,True,logistic,tcp,4,forced,0.0,12188,306,0,9360,0,41,9319,41,9319,12188,0.7679684936002625,0.0,
ton,cic,17,True,logistic,tcp,4,frozen,0.01,12188,306,546,9360,295,33,9032,41,9319,11642,0.7786462807077822,0.04479816212668198,0.9251214994270621
ton,cic,17,True,logistic,tcp,4,cap,0.01,12188,306,110,9360,55,40,9265,41,9319,12078,0.7704090081139261,0.009025270758122744,
ton,cic,17,True,logistic,tcp,4,random,0.01,12188,306,110,9360,79,41,9240,41,9319,12078,0.7684219241596291,0.009025270758122744,
ton,cic,17,True,logistic,tcp,4,frozen,0.05,12188,306,4601,9360,3054,17,6289,41,9319,7587,0.8311585606959272,0.3775024614374795,0.5913565142224844
ton,cic,17,True,logistic,tcp,4,cap,0.05,12188,306,598,9360,317,34,9009,41,9319,11590,0.7802415875754961,0.04906465375779455,
ton,cic,17,True,logistic,tcp,4,random,0.05,12188,306,598,9360,448,38,8874,41,9319,11590,0.7689387402933563,0.04906465375779455,
ton,cic,17,True,logistic,tcp,4,frozen,0.1,12188,306,7312,9360,5311,14,4035,41,9319,4876,0.8303937653814603,0.5999343616672137,0.45108213880334436
ton,cic,17,True,logistic,tcp,4,cap,0.1,12188,306,1209,9360,570,31,8759,41,9319,10979,0.8006193642408234,0.09919593042336725,
ton,cic,17,True,logistic,tcp,4,random,0.1,12188,306,1209,9360,925,37,8398,41,9319,10979,0.7682849075507787,0.09919593042336725,
ton,cic,17,True,logistic,temporal+tcp,4,forced,0.0,12188,306,0,6836,0,74,6762,74,6762,12188,0.5608795536593371,0.0,
ton,cic,17,True,logistic,temporal+tcp,4,frozen,0.01,12188,306,1009,6836,447,73,6316,74,6762,11179,0.5715180248680561,0.08278634722678044,0.9251214994270621
ton,cic,17,True,logistic,temporal+tcp,4,cap,0.01,12188,306,110,6836,50,73,6713,74,6762,12078,0.5618479880774963,0.009025270758122744,
ton,cic,17,True,logistic,temporal+tcp,4,random,0.01,12188,306,110,6836,65,73,6698,74,6762,12078,0.5606060606060606,0.009025270758122744,
ton,cic,17,True,logistic,temporal+tcp,4,frozen,0.05,12188,306,7413,6836,3111,12,3713,74,6762,4775,0.7801047120418848,0.60822120118149,0.5913565142224844
ton,cic,17,True,logistic,temporal+tcp,4,cap,0.05,12188,306,598,6836,244,73,6519,74,6762,11590,0.5687661777394305,0.04906465375779455,
ton,cic,17,True,logistic,temporal+tcp,4,random,0.05,12188,306,598,6836,347,68,6421,74,6762,11590,0.559879206212252,0.04906465375779455,
ton,cic,17,True,logistic,temporal+tcp,4,frozen,0.1,12188,306,8534,6836,3868,8,2960,74,6762,3654,0.8122605363984674,0.700196914998359,0.45108213880334436
ton,cic,17,True,logistic,temporal+tcp,4,cap,0.1,12188,306,1209,6836,548,72,6216,74,6762,10979,0.5727297568084525,0.09919593042336725,
ton,cic,17,True,logistic,temporal+tcp,4,random,0.1,12188,306,1209,6836,700,64,6072,74,6762,10979,0.5588851443665179,0.09919593042336725,
ton,cic,17,True,logistic,random10,4,forced,0.0,12188,306,0,6874,0,146,6728,146,6728,12188,0.5639973744666885,0.0,
ton,cic,17,True,logistic,random10,4,frozen,0.01,12188,306,658,6874,331,138,6405,146,6728,11530,0.5674761491760625,0.053987528716770594,0.9251214994270621
ton,cic,17,True,logistic,random10,4,cap,0.01,12188,306,110,6874,52,144,6678,146,6728,12078,0.5648286140089419,0.009025270758122744,
ton,cic,17,True,logistic,random10,4,random,0.01,12188,306,110,6874,65,142,6667,146,6728,12078,0.563752276867031,0.009025270758122744,
ton,cic,17,True,logistic,random10,4,frozen,0.05,12188,306,3816,6874,1973,84,4817,146,6728,8372,0.5854037267080745,0.3130948473908763,0.5913565142224844
ton,cic,17,True,logistic,random10,4,cap,0.05,12188,306,598,6874,303,138,6433,146,6728,11590,0.5669542709232097,0.04906465375779455,
ton,cic,17,True,logistic,random10,4,random,0.05,12188,306,598,6874,347,131,6396,146,6728,11590,0.5631578947368421,0.04906465375779455,
ton,cic,17,True,logistic,random10,4,frozen,0.1,12188,306,5275,6874,2790,52,4032,146,6728,6913,0.5907710111384349,0.43280275680997704,0.45108213880334436
ton,cic,17,True,logistic,random10,4,cap,0.1,12188,306,1209,6874,610,132,6132,146,6728,10979,0.5705437653702523,0.09919593042336725,
ton,cic,17,True,logistic,random10,4,random,0.1,12188,306,1209,6874,713,127,6034,146,6728,10979,0.5611622187813098,0.09919593042336725,
ton,unsw,17,True,forest,clean,0,forced,0.0,10417,1285,0,7190,0,1060,6130,1060,6130,10417,0.6902179130267831,0.0,
ton,unsw,17,True,forest,clean,0,frozen,0.01,10417,1285,1900,7190,885,1047,5258,1060,6130,8517,0.7402841376071386,0.1823941633867716,0.9567483268628165
ton,unsw,17,True,forest,clean,0,cap,0.01,10417,1285,101,7190,37,1060,6093,1060,6130,10316,0.6933889104303994,0.009695689737928385,
ton,unsw,17,True,forest,clean,0,random,0.01,10417,1285,101,7190,69,1052,6069,1060,6130,10316,0.6902869329197363,0.009695689737928385,
ton,unsw,17,True,forest,clean,0,frozen,0.05,10417,1285,3807,7190,2058,1025,4107,1060,6130,6610,0.7763993948562784,0.3654603052702314,0.8961790004773527
ton,unsw,17,True,forest,clean,0,cap,0.05,10417,1285,518,7190,250,1053,5887,1060,6130,9899,0.7010809172643702,0.04972640875491984,
ton,unsw,17,True,forest,clean,0,random,0.05,10417,1285,518,7190,346,1004,5840,1060,6130,9899,0.6913829679765633,0.04972640875491984,
ton,unsw,17,True,forest,clean,0,frozen,0.1,10417,1285,5410,7190,3310,1001,2879,1060,6130,5007,0.774915118833633,0.5193433810118077,0.8572190135236007
ton,unsw,17,True,forest,clean,0,cap,0.1,10417,1285,1040,7190,553,1051,5586,1060,6130,9377,0.7077956702570118,0.09983680522223289,
ton,unsw,17,True,forest,clean,0,random,0.1,10417,1285,1040,7190,710,954,5526,1060,6130,9377,0.6910525754505705,0.09983680522223289,
ton,unsw,17,True,forest,temporal,0,forced,0.0,10417,1285,0,7182,0,1067,6115,1067,6115,10417,0.6894499376019967,0.0,
ton,unsw,17,True,forest,temporal,0,frozen,0.01,10417,1285,1646,7182,691,1051,5440,1067,6115,8771,0.7400524455592293,0.1580109436498032,0.9567483268628165
ton,unsw,17,True,forest,temporal,0,cap,0.01,10417,1285,101,7182,62,1067,6053,1067,6115,10316,0.6901899961225281,0.009695689737928385,
ton,unsw,17,True,forest,temporal,0,random,0.01,10417,1285,101,7182,69,1059,6054,1067,6115,10316,0.6895114385420705,0.009695689737928385,
ton,unsw,17,True,forest,temporal,0,frozen,0.05,10417,1285,4739,7182,2531,1021,3630,1067,6115,5678,0.8191264529764002,0.45492944225784776,0.8961790004773527
ton,unsw,17,True,forest,temporal,0,cap,0.05,10417,1285,518,7182,309,1064,5809,1067,6115,9899,0.6943125568239216,0.04972640875491984,
ton,unsw,17,True,forest,temporal,0,random,0.05,10417,1285,518,7182,356,1011,5815,1067,6115,9899,0.6895646024850995,0.04972640875491984,
ton,unsw,17,True,forest,temporal,0,frozen,0.1,10417,1285,6123,7182,3723,994,2465,1067,6115,4294,0.8055426176059618,0.5877891907458961,0.8572190135236007
ton,unsw,17,True,forest,temporal,0,cap,0.1,10417,1285,1040,7182,484,1058,5640,1067,6115,9377,0.7143009491308521,0.09983680522223289,
ton,unsw,17,True,forest,temporal,0,random,0.1,10417,1285,1040,7182,726,961,5495,1067,6115,9377,0.6884931214674203,0.09983680522223289,
ton,unsw,17,True,forest,size,0,forced,0.0,10417,1285,0,7588,0,973,6615,973,6615,10417,0.7284246904099069,0.0,
ton,unsw,17,True,forest,size,0,frozen,0.01,10417,1285,1321,7588,992,954,5642,973,6615,9096,0.7251539138082673,0.12681194201785542,0.9567483268628165
ton,unsw,17,True,forest,size,0,cap,0.01,10417,1285,101,7588,42,973,6573,973,6615,10316,0.73148507173323,0.009695689737928385,
ton,unsw,17,True,forest,size,0,random,0.01,10417,1285,101,7588,73,965,6550,973,6615,10316,0.7284800310197751,0.009695689737928385,
ton,unsw,17,True,forest,size,0,frozen,0.05,10417,1285,3682,7588,2519,937,4132,973,6615,6735,0.7526354862657758,0.35346068925794377,0.8961790004773527
ton,unsw,17,True,forest,size,0,cap,0.05,10417,1285,518,7588,332,968,6288,973,6615,9899,0.7330033336700676,0.04972640875491984,
ton,unsw,17,True,forest,size,0,random,0.05,10417,1285,518,7588,366,922,6300,973,6615,9899,0.7295686432973028,0.04972640875491984,
ton,unsw,17,True,forest,size,0,frozen,0.1,10417,1285,4651,7588,2972,925,3691,973,6615,5766,0.8005549774540409,0.44648171258519725,0.8572190135236007
ton,unsw,17,True,forest,size,0,cap,0.1,10417,1285,1040,7588,748,957,5883,973,6615,9377,0.7294443851978245,0.09983680522223289,
ton,unsw,17,True,forest,size,0,random,0.1,10417,1285,1040,7588,756,876,5956,973,6615,9377,0.7285912338701077,0.09983680522223289,
ton,unsw,17,True,forest,tcp,0,forced,0.0,10417,1285,0,4000,0,1008,2992,1008,2992,10417,0.3839877123932034,0.0,
ton,unsw,17,True,forest,tcp,0,frozen,0.01,10417,1285,3814,4000,1474,988,1538,1008,2992,6603,0.3825533848250795,0.3661322837669195,0.9567483268628165
ton,unsw,17,True,forest,tcp,0,cap,0.01,10417,1285,101,4000,38,1008,2954,1008,2992,10316,0.3840635905389686,0.009695689737928385,
ton,unsw,17,True,forest,tcp,0,random,0.01,10417,1285,101,4000,35,1000,2965,1008,2992,10316,0.38435440093059325,0.009695689737928385,
ton,unsw,17,True,forest,tcp,0,frozen,0.05,10417,1285,6266,4000,2275,966,759,1008,2992,4151,0.41556251505661285,0.6015167514639531,0.8961790004773527
ton,unsw,17,True,forest,tcp,0,cap,0.05,10417,1285,518,4000,209,1007,2784,1008,2992,9899,0.38296797656328924,0.04972640875491984,
ton,unsw,17,True,forest,tcp,0,random,0.05,10417,1285,518,4000,200,957,2843,1008,2992,9899,0.3838771593090211,0.04972640875491984,
ton,unsw,17,True,forest,tcp,0,frozen,0.1,10417,1285,7047,4000,2480,954,566,1008,2992,3370,0.45103857566765576,0.6764903523087261,0.8572190135236007
ton,unsw,17,True,forest,tcp,0,cap,0.1,10417,1285,1040,4000,385,1005,2610,1008,2992,9377,0.3855177562120081,0.09983680522223289,
ton,unsw,17,True,forest,tcp,0,random,0.1,10417,1285,1040,4000,396,909,2695,1008,2992,9377,0.3843446731363976,0.09983680522223289,
ton,unsw,17,True,forest,temporal+tcp,0,forced,0.0,10417,1285,0,3810,0,1052,2758,1052,2758,10417,0.36574829605452625,0.0,
ton,unsw,17,True,forest,temporal+tcp,0,frozen,0.01,10417,1285,3527,3810,1318,1013,1479,1052,2758,6890,0.3616835994194485,0.3385811654027071,0.9567483268628165
ton,unsw,17,True,forest,temporal+tcp,0,cap,0.01,10417,1285,101,3810,49,1051,2710,1052,2758,10316,0.3645792943001163,0.009695689737928385,
ton,unsw,17,True,forest,temporal+tcp,0,random,0.01,10417,1285,101,3810,34,1044,2732,1052,2758,10316,0.36603334625823963,0.009695689737928385,
ton,unsw,17,True,forest,temporal+tcp,0,frozen,0.05,10417,1285,6656,3810,2222,964,624,1052,2758,3761,0.42222813081627225,0.6389555534222905,0.8961790004773527
ton,unsw,17,True,forest,temporal+tcp,0,cap,0.05,10417,1285,518,3810,270,1041,2499,1052,2758,9899,0.3576118799878776,0.04972640875491984,
ton,unsw,17,True,forest,temporal+tcp,0,random,0.05,10417,1285,518,3810,183,1000,2627,1052,2758,9899,0.3664006465299525,0.04972640875491984,
ton,unsw,17,True,forest,temporal+tcp,0,frozen,0.1,10417,1285,7788,3810,2786,944,80,1052,2758,2629,0.3895017116774439,0.747624076029567,0.8572190135236007
ton,unsw,17,True,forest,temporal+tcp,0,cap,0.1,10417,1285,1040,3810,530,1037,2243,1052,2758,9377,0.349792044363869,0.09983680522223289,
ton,unsw,17,True,forest,temporal+tcp,0,random,0.1,10417,1285,1040,3810,384,950,2476,1052,2758,9377,0.3653620560946998,0.09983680522223289,
ton,unsw,17,True,forest,random10,0,forced,0.0,10417,1285,0,7045,0,1052,5993,1052,5993,10417,0.6762983584525295,0.0,
ton,unsw,17,True,forest,random10,0,frozen,0.01,10417,1285,2009,7045,1084,1018,4943,1052,5993,8408,0.7089676498572788,0.1928578285494864,0.9567483268628165
ton,unsw,17,True,forest,random10,0,cap,0.01,10417,1285,101,7045,57,1050,5938,1052,5993,10316,0.6773943388910431,0.009695689737928385,
ton,unsw,17,True,forest,random10,0,random,0.01,10417,1285,101,7045,71,1044,5930,1052,5993,10316,0.676037223730128,0.009695689737928385,
ton,unsw,17,True,forest,random10,0,frozen,0.05,10417,1285,4573,7045,2674,984,3387,1052,5993,5844,0.747946611909651,0.4389939521935298,0.8961790004773527
ton,unsw,17,True,forest,random10,0,cap,0.05,10417,1285,518,7045,258,1045,5742,1052,5993,9899,0.6856248105869279,0.04972640875491984,
ton,unsw,17,True,forest,random10,0,random,0.05,10417,1285,518,7045,351,996,5698,1052,5993,9899,0.6762299222143651,0.04972640875491984,
ton,unsw,17,True,forest,random10,0,frozen,0.1,10417,1285,5945,7045,3694,945,2406,1052,5993,4472,0.7493291592128801,0.5707017375443986,0.8572190135236007
ton,unsw,17,True,forest,random10,0,cap,0.1,10417,1285,1040,7045,533,1035,5477,1052,5993,9377,0.6944651807614376,0.09983680522223289,
ton,unsw,17,True,forest,random10,0,random,0.1,10417,1285,1040,7045,721,946,5378,1052,5993,9377,0.6744161245600938,0.09983680522223289,
ton,ton,17,True,forest,clean,0,forced,0.0,9367,7534,0,1331,0,916,415,916,415,9367,0.14209458738123198,0.0,
ton,ton,17,True,forest,clean,0,frozen,0.01,9367,7534,415,1331,240,695,396,916,415,8952,0.1218722073279714,0.04430447315042169,0.9567483268628165
ton,ton,17,True,forest,clean,0,cap,0.01,9367,7534,78,1331,54,863,414,916,415,9289,0.13747443212401766,0.008327105796946729,
ton,ton,17,True,forest,clean,0,random,0.01,9367,7534,78,1331,9,910,412,916,415,9289,0.14231887178383035,0.008327105796946729,
ton,ton,17,True,forest,clean,0,frozen,0.05,9367,7534,977,1331,370,589,372,916,415,8390,0.11454112038140643,0.10430233799508914,0.8961790004773527
ton,ton,17,True,forest,clean,0,cap,0.05,9367,7534,454,1331,248,692,391,916,415,8913,0.12150790979468193,0.04846802604889506,
ton,ton,17,True,forest,clean,0,random,0.05,9367,7534,454,1331,62,871,398,916,415,8913,0.142376304274655,0.04846802604889506,
ton,ton,17,True,forest,clean,0,frozen,0.1,9367,7534,1385,1331,419,567,345,916,415,7982,0.11425707842645953,0.1478595067791182,0.8572190135236007
ton,ton,17,True,forest,clean,0,cap,0.1,9367,7534,921,1331,369,590,372,916,415,8446,0.11390007103954534,0.0983239030639479,
ton,ton,17,True,forest,clean,0,random,0.1,9367,7534,921,1331,124,833,374,916,415,8446,0.1429078853895335,0.0983239030639479,
ton,ton,17,True,forest,temporal,0,forced,0.0,9367,7534,0,1047,0,627,420,627,420,9367,0.1117753816590157,0.0,
ton,ton,17,True,forest,temporal,0,frozen,0.01,9367,7534,172,1047,46,592,409,627,420,9195,0.10886351277868407,0.01836233585993381,0.9567483268628165
ton,ton,17,True,forest,temporal,0,cap,0.01,9367,7534,78,1047,31,600,416,627,420,9289,0.1093766820971041,0.008327105796946729,
ton,ton,17,True,forest,temporal,0,random,0.01,9367,7534,78,1047,5,625,417,627,420,9289,0.1121756916783292,0.008327105796946729,
ton,ton,17,True,forest,temporal,0,frozen,0.05,9367,7534,296,1047,67,584,396,627,420,9071,0.108036600154338,0.03160029892174656,0.8961790004773527
ton,ton,17,True,forest,temporal,0,cap,0.05,9367,7534,454,1047,81,577,389,627,420,8913,0.10838101649276338,0.04846802604889506,
ton,ton,17,True,forest,temporal,0,random,0.05,9367,7534,454,1047,48,597,402,627,420,8913,0.1120834735779199,0.04846802604889506,
ton,ton,17,True,forest,temporal,0,frozen,0.1,9367,7534,491,1047,85,577,385,627,420,8876,0.10838215412347904,0.052418063414113376,0.8572190135236007
ton,ton,17,True,forest,temporal,0,cap,0.1,9367,7534,921,1047,105,570,372,627,420,8446,0.11153208619464836,0.0983239030639479,
ton,ton,17,True,forest,temporal,0,random,0.1,9367,7534,921,1047,97,573,377,627,420,8446,0.11247928013260715,0.0983239030639479,
ton,ton,17,True,forest,size,0,forced,0.0,9367,7534,0,1576,0,724,852,724,852,9367,0.16825024020497492,0.0,
ton,ton,17,True,forest,size,0,frozen,0.01,9367,7534,355,1576,203,643,730,724,852,9012,0.15235241899689303,0.037899007152770364,0.9567483268628165
ton,ton,17,True,forest,size,0,cap,0.01,9367,7534,78,1576,47,684,845,724,852,9289,0.16460329421896866,0.008327105796946729,
ton,ton,17,True,forest,size,0,random,0.01,9367,7534,78,1576,8,721,847,724,852,9289,0.16880180859080632,0.008327105796946729,
ton,ton,17,True,forest,size,0,frozen,0.05,9367,7534,848,1576,529,561,486,724,852,8519,0.12290174903157648,0.09053058610013878,0.8961790004773527
ton,ton,17,True,forest,size,0,cap,0.05,9367,7534,454,1576,207,587,782,724,852,8913,0.1535958711993717,0.04846802604889506,
ton,ton,17,True,forest,size,0,random,0.05,9367,7534,454,1576,70,690,816,724,852,8913,0.1689666778862336,0.04846802604889506,
ton,ton,17,True,forest,size,0,frozen,0.1,9367,7534,972,1576,599,543,434,724,852,8395,0.1163787969029184,0.10376854916195154,0.8572190135236007
ton,ton,17,True,forest,size,0,cap,0.1,9367,7534,921,1576,421,454,701,724,852,8446,0.13675112479280133,0.0983239030639479,
ton,ton,17,True,forest,size,0,random,0.1,9367,7534,921,1576,157,658,761,724,852,8446,0.16800852474544162,0.0983239030639479,
ton,ton,17,True,forest,tcp,0,forced,0.0,9367,7534,0,2102,0,1712,390,1712,390,9367,0.22440482545105156,0.0,
ton,ton,17,True,forest,tcp,0,frozen,0.01,9367,7534,466,2102,242,1489,371,1712,390,8901,0.20896528479946072,0.04974911924842532,0.9567483268628165
ton,ton,17,True,forest,tcp,0,cap,0.01,9367,7534,78,2102,52,1660,390,1712,390,9289,0.22069114005813328,0.008327105796946729,
ton,ton,17,True,forest,tcp,0,random,0.01,9367,7534,78,2102,19,1697,386,1712,390,9289,0.22424372914199592,0.008327105796946729,
ton,ton,17,True,forest,tcp,0,frozen,0.05,9367,7534,1161,2102,454,1301,347,1712,390,8206,0.2008286619546673,0.12394576705455322,0.8961790004773527
ton,ton,17,True,forest,tcp,0,cap,0.05,9367,7534,454,2102,231,1500,371,1712,390,8913,0.20991809716144957,0.04846802604889506,
ton,ton,17,True,forest,tcp,0,random,0.05,9367,7534,454,2102,100,1629,373,1712,390,8913,0.22461572983282846,0.04846802604889506,
ton,ton,17,True,forest,tcp,0,frozen,0.1,9367,7534,1534,2102,530,1255,317,1712,390,7833,0.2006893910379165,0.16376641400661898,0.8572190135236007
ton,ton,17,True,forest,tcp,0,cap,0.1,9367,7534,921,2102,407,1342,353,1712,390,8446,0.20068671560502013,0.0983239030639479,
ton,ton,17,True,forest,tcp,0,random,0.1,9367,7534,921,2102,201,1551,350,1712,390,8446,0.22507695950745915,0.0983239030639479,
ton,ton,17,True,forest,temporal+tcp,0,forced,0.0,9367,7534,0,3803,0,3545,258,3545,258,9367,0.4059997864844667,0.0,
ton,ton,17,True,forest,temporal+tcp,0,frozen,0.01,9367,7534,1058,3803,600,2998,205,3545,258,8309,0.38548561800457337,0.11294971709191844,0.9567483268628165
ton,ton,17,True,forest,temporal+tcp,0,cap,0.01,9367,7534,78,3803,37,3513,253,3545,258,9289,0.4054257724189902,0.008327105796946729,
ton,ton,17,True,forest,temporal+tcp,0,random,0.01,9367,7534,78,3803,34,3513,256,3545,258,9289,0.4057487350629777,0.008327105796946729,
ton,ton,17,True,forest,temporal+tcp,0,frozen,0.05,9367,7534,2347,3803,1503,2141,159,3545,258,7020,0.32763532763532766,0.2505604782747945,0.8961790004773527
ton,ton,17,True,forest,temporal+tcp,0,cap,0.05,9367,7534,454,3803,263,3316,224,3545,258,8913,0.3971726691349714,0.04846802604889506,
ton,ton,17,True,forest,temporal+tcp,0,random,0.05,9367,7534,454,3803,180,3375,248,3545,258,8913,0.40648490968248624,0.04846802604889506,
ton,ton,17,True,forest,temporal+tcp,0,frozen,0.1,9367,7534,3052,3803,1912,1751,140,3545,258,6315,0.29944576405384005,0.32582470374719763,0.8572190135236007
ton,ton,17,True,forest,temporal+tcp,0,cap,0.1,9367,7534,921,3803,497,3099,207,3545,258,8446,0.3914278948614729,0.0983239030639479,
ton,ton,17,True,forest,temporal+tcp,0,random,0.1,9367,7534,921,3803,375,3196,232,3545,258,8446,0.40587260241534456,0.0983239030639479,
ton,ton,17,True,forest,random10,0,forced,0.0,9367,7534,0,1504,0,1065,439,1065,439,9367,0.1605636810077933,0.0,
ton,ton,17,True,forest,random10,0,frozen,0.01,9367,7534,372,1504,179,924,401,1065,439,8995,0.1473040578098944,0.03971388918543824,0.9567483268628165
ton,ton,17,True,forest,random10,0,cap,0.01,9367,7534,78,1504,35,1032,437,1065,439,9289,0.15814404133921844,0.008327105796946729,
ton,ton,17,True,forest,random10,0,random,0.01,9367,7534,78,1504,7,1061,436,1065,439,9289,0.16115835934976855,0.008327105796946729,
ton,ton,17,True,forest,random10,0,frozen,0.05,9367,7534,929,1504,362,776,366,1065,439,8438,0.13534012799241527,0.09917796519696807,0.8961790004773527
ton,ton,17,True,forest,random10,0,cap,0.05,9367,7534,454,1504,203,907,394,1065,439,8913,0.14596656569056435,0.04846802604889506,
ton,ton,17,True,forest,random10,0,random,0.05,9367,7534,454,1504,69,1014,421,1065,439,8913,0.16100078536968473,0.04846802604889506,
ton,ton,17,True,forest,random10,0,frozen,0.1,9367,7534,1280,1504,451,700,353,1065,439,8087,0.1302089773710894,0.13664994128322835,0.8572190135236007
ton,ton,17,True,forest,random10,0,cap,0.1,9367,7534,921,1504,354,781,369,1065,439,8446,0.13615912858157708,0.0983239030639479,
ton,ton,17,True,forest,random10,0,random,0.1,9367,7534,921,1504,142,963,399,1065,439,8446,0.1612597679374852,0.0983239030639479,
ton,cic,17,True,forest,clean,4,forced,0.0,12188,306,0,520,0,299,221,299,221,12188,0.0426649163111257,0.0,
ton,cic,17,True,forest,clean,4,frozen,0.01,12188,306,93,520,48,298,174,299,221,12095,0.03902439024390244,0.007630456186412865,0.9567483268628165
ton,cic,17,True,forest,clean,4,cap,0.01,12188,306,110,520,54,297,169,299,221,12078,0.03858254677926809,0.009025270758122744,
ton,cic,17,True,forest,clean,4,random,0.01,12188,306,110,520,7,295,218,299,221,12078,0.042473919523099854,0.009025270758122744,
ton,cic,17,True,forest,clean,4,frozen,0.05,12188,306,220,520,97,296,127,299,221,11968,0.0353442513368984,0.018050541516245487,0.8961790004773527
ton,cic,17,True,forest,clean,4,cap,0.05,12188,306,598,520,124,289,107,299,221,11590,0.034167385677308024,0.04906465375779455,
ton,cic,17,True,forest,clean,4,random,0.05,12188,306,598,520,30,281,209,299,221,11590,0.04227782571182054,0.04906465375779455,
ton,cic,17,True,forest,clean,4,frozen,0.1,12188,306,479,520,115,291,114,299,221,11709,0.034588777863182166,0.0393009517558254,0.8572190135236007
ton,cic,17,True,forest,clean,4,cap,0.1,12188,306,1209,520,151,282,87,299,221,10979,0.03360961836232808,0.09919593042336725,
ton,cic,17,True,forest,clean,4,random,0.1,12188,306,1209,520,54,267,199,299,221,10979,0.04244466709172056,0.09919593042336725,
ton,cic,17,True,forest,temporal,4,forced,0.0,12188,306,0,515,0,299,216,299,216,12188,0.04225467673121103,0.0,
ton,cic,17,True,forest,temporal,4,frozen,0.01,12188,306,136,515,48,298,169,299,216,12052,0.03874875539329572,0.011158516573679028,0.9567483268628165
ton,cic,17,True,forest,temporal,4,cap,0.01,12188,306,110,515,40,298,177,299,216,12078,0.03932770326212949,0.009025270758122744,
ton,cic,17,True,forest,temporal,4,random,0.01,12188,306,110,515,7,295,213,299,216,12078,0.04205994369928796,0.009025270758122744,
ton,cic,17,True,forest,temporal,4,frozen,0.05,12188,306,472,515,92,296,127,299,216,11716,0.03610447251621714,0.038726616343944864,0.8961790004773527
ton,cic,17,True,forest,temporal,4,cap,0.05,12188,306,598,515,102,292,121,299,216,11590,0.03563416738567731,0.04906465375779455,
ton,cic,17,True,forest,temporal,4,random,0.05,12188,306,598,515,30,281,204,299,216,11590,0.04184641932700604,0.04906465375779455,
ton,cic,17,True,forest,temporal,4,frozen,0.1,12188,306,747,515,122,293,100,299,216,11441,0.03435014421816275,0.061289793239251725,0.8572190135236007
ton,cic,17,True,forest,temporal,4,cap,0.1,12188,306,1209,515,144,285,86,299,216,10979,0.03379178431551143,0.09919593042336725,
ton,cic,17,True,forest,temporal,4,random,0.1,12188,306,1209,515,54,267,194,299,216,10979,0.04198925220876218,0.09919593042336725,
ton,cic,17,True,forest,size,4,forced,0.0,12188,306,0,5820,0,203,5617,203,5617,12188,0.4775188710206761,0.0,
ton,cic,17,True,forest,size,4,frozen,0.01,12188,306,2655,5820,1681,201,3938,203,5617,9533,0.43417602014056433,0.21783721693468985,0.9567483268628165
ton,cic,17,True,forest,size,4,cap,0.01,12188,306,110,5820,29,203,5588,203,5617,12078,0.4794667991389303,0.009025270758122744,
ton,cic,17,True,forest,size,4,random,0.01,12188,306,110,5820,53,202,5565,203,5617,12078,0.4774797151846332,0.009025270758122744,
ton,cic,17,True,forest,size,4,frozen,0.05,12188,306,5017,5820,3499,195,2126,203,5617,7171,0.3236647608422814,0.41163439448638006,0.8961790004773527
ton,cic,17,True,forest,size,4,cap,0.05,12188,306,598,5820,301,202,5317,203,5617,11590,0.47618636755823984,0.04906465375779455,
ton,cic,17,True,forest,size,4,random,0.05,12188,306,598,5820,266,195,5359,203,5617,11590,0.4792062122519413,0.04906465375779455,
ton,cic,17,True,forest,size,4,frozen,0.1,12188,306,5789,5820,4087,188,1545,203,5617,6399,0.270823566182216,0.47497538562520514,0.8572190135236007
ton,cic,17,True,forest,size,4,cap,0.1,12188,306,1209,5820,758,202,4860,203,5617,10979,0.46106202750705894,0.09919593042336725,
ton,cic,17,True,forest,size,4,random,0.1,12188,306,1209,5820,555,187,5078,203,5617,10979,0.47955187175516895,0.09919593042336725,
ton,cic,17,True,forest,tcp,4,forced,0.0,12188,306,0,485,0,301,184,301,184,12188,0.039793239251723005,0.0,
ton,cic,17,True,forest,tcp,4,frozen,0.01,12188,306,71,485,29,300,156,301,184,12117,0.03763307749442931,0.005825402034788317,0.9567483268628165
ton,cic,17,True,forest,tcp,4,cap,0.01,12188,306,110,485,41,299,145,301,184,12078,0.03676105315449578,0.009025270758122744,
ton,cic,17,True,forest,tcp,4,random,0.01,12188,306,110,485,6,297,182,301,184,12078,0.039658883921179,0.009025270758122744,
ton,cic,17,True,forest,tcp,4,frozen,0.05,12188,306,190,485,73,298,114,301,184,11998,0.034339056509418237,0.015589104036757466,0.8961790004773527
ton,cic,17,True,forest,tcp,4,cap,0.05,12188,306,598,485,130,289,66,301,184,11590,0.030629853321829163,0.04906465375779455,
ton,cic,17,True,forest,tcp,4,random,0.05,12188,306,598,485,28,283,174,301,184,11590,0.03943054357204487,0.04906465375779455,
ton,cic,17,True,forest,tcp,4,frozen,0.1,12188,306,309,485,101,292,92,301,184,11879,0.0323259533630777,0.025352806038726618,0.8572190135236007
ton,cic,17,True,forest,tcp,4,cap,0.1,12188,306,1209,485,165,281,39,301,184,10979,0.029146552509336007,0.09919593042336725,
ton,cic,17,True,forest,tcp,4,random,0.1,12188,306,1209,485,50,269,166,301,184,10979,0.03962109481737863,0.09919593042336725,
ton,cic,17,True,forest,temporal+tcp,4,forced,0.0,12188,306,0,461,0,302,159,302,159,12188,0.03782408926813259,0.0,
ton,cic,17,True,forest,temporal+tcp,4,frozen,0.01,12188,306,74,461,25,300,136,302,159,12114,0.035991414891860654,0.006071545782737118,0.9567483268628165
ton,cic,17,True,forest,temporal+tcp,4,cap,0.01,12188,306,110,461,34,300,127,302,159,12078,0.03535353535353535,0.009025270758122744,
ton,cic,17,True,forest,temporal+tcp,4,random,0.01,12188,306,110,461,6,298,157,302,159,12078,0.037671799966881934,0.009025270758122744,
ton,cic,17,True,forest,temporal+tcp,4,frozen,0.05,12188,306,170,461,53,299,109,302,159,12018,0.03394907638542187,0.013948145717098785,0.8961790004773527
ton,cic,17,True,forest,temporal+tcp,4,cap,0.05,12188,306,598,461,94,290,77,302,159,11590,0.03166522864538395,0.04906465375779455,
ton,cic,17,True,forest,temporal+tcp,4,random,0.05,12188,306,598,461,28,284,149,302,159,11590,0.03735979292493529,0.04906465375779455,
ton,cic,17,True,forest,temporal+tcp,4,frozen,0.1,12188,306,394,461,72,293,96,302,159,11794,0.032982872647108696,0.03232687889727601,0.8572190135236007
ton,cic,17,True,forest,temporal+tcp,4,cap,0.1,12188,306,1209,461,129,279,53,302,159,10979,0.030239548228436105,0.09919593042336725,
ton,cic,17,True,forest,temporal+tcp,4,random,0.1,12188,306,1209,461,50,270,141,302,159,10979,0.03743510337917843,0.09919593042336725,
ton,cic,17,True,forest,random10,4,forced,0.0,12188,306,0,948,0,295,653,295,653,12188,0.07778142435182146,0.0,
ton,cic,17,True,forest,random10,4,frozen,0.01,12188,306,461,948,213,293,442,295,653,11727,0.06267587618316706,0.03782408926813259,0.9567483268628165
ton,cic,17,True,forest,random10,4,cap,0.01,12188,306,110,948,59,295,594,295,653,12078,0.07360490147375394,0.009025270758122744,
ton,cic,17,True,forest,random10,4,random,0.01,12188,306,110,948,9,291,648,295,653,12078,0.07774465971187283,0.009025270758122744,
ton,cic,17,True,forest,random10,4,frozen,0.05,12188,306,1117,948,434,286,228,295,653,11071,0.04642760364917352,0.09164752215293731,0.8961790004773527
ton,cic,17,True,forest,random10,4,cap,0.05,12188,306,598,948,265,293,390,295,653,11590,0.058930112165660055,0.04906465375779455,
ton,cic,17,True,forest,random10,4,random,0.05,12188,306,598,948,49,278,621,295,653,11590,0.07756686798964625,0.04906465375779455,
ton,cic,17,True,forest,random10,4,frozen,0.1,12188,306,1606,948,517,284,147,295,653,10582,0.04072954072954073,0.13176895306859207,0.8572190135236007
ton,cic,17,True,forest,random10,4,cap,0.1,12188,306,1209,948,450,286,212,295,653,10979,0.045359322342654156,0.09919593042336725,
ton,cic,17,True,forest,random10,4,random,0.1,12188,306,1209,948,89,265,594,295,653,10979,0.07824027689224884,0.09919593042336725,
ton,unsw,29,False,logistic,clean,0,forced,0.0,10417,1285,0,9054,0,272,8782,272,8782,10417,0.8691561870020159,0.0,
ton,unsw,29,False,logistic,clean,0,frozen,0.01,10417,1285,29,9054,16,271,8767,272,8782,10388,0.8700423565652676,0.002783910914850725,0.9200681536728931
ton,unsw,29,False,logistic,clean,0,cap,0.01,10417,1285,101,9054,64,254,8736,272,8782,10316,0.8714618069019,0.009695689737928385,
ton,unsw,29,False,logistic,clean,0,random,0.01,10417,1285,101,9054,83,270,8701,272,8782,10316,0.8696200077549437,0.009695689737928385,
ton,unsw,29,False,logistic,clean,0,frozen,0.05,10417,1285,157,9054,103,237,8714,272,8782,10260,0.8724171539961013,0.015071517711433235,0.6754597306313073
ton,unsw,29,False,logistic,clean,0,cap,0.05,10417,1285,518,9054,369,209,8476,272,8782,9899,0.8773613496312759,0.04972640875491984,
ton,unsw,29,False,logistic,clean,0,random,0.05,10417,1285,518,9054,439,262,8353,272,8782,9899,0.8702899282755834,0.04972640875491984,
ton,unsw,29,False,logistic,clean,0,frozen,0.1,10417,1285,225,9054,154,230,8670,272,8782,10192,0.8732339089481946,0.02159930882211769,0.5745883164676029
ton,unsw,29,False,logistic,clean,0,cap,0.1,10417,1285,1040,9054,659,138,8257,272,8782,9377,0.8952756745227685,0.09983680522223289,
ton,unsw,29,False,logistic,clean,0,random,0.1,10417,1285,1040,9054,895,248,7911,272,8782,9377,0.8701077103551242,0.09983680522223289,
ton,unsw,29,False,logistic,temporal,0,forced,0.0,10417,1285,0,9083,0,725,8358,725,8358,10417,0.8719400979168667,0.0,
ton,unsw,29,False,logistic,temporal,0,frozen,0.01,10417,1285,245,9083,123,652,8308,725,8358,10172,0.8808493904836807,0.02351924738408371,0.9200681536728931
ton,unsw,29,False,logistic,temporal,0,cap,0.01,10417,1285,101,9083,59,690,8334,725,8358,10316,0.8747576580069795,0.009695689737928385,
ton,unsw,29,False,logistic,temporal,0,random,0.01,10417,1285,101,9083,82,717,8284,725,8358,10316,0.8725281116711904,0.009695689737928385,
ton,unsw,29,False,logistic,temporal,0,frozen,0.05,10417,1285,882,9083,467,443,8173,725,8358,9535,0.9036182485579444,0.08466929058270135,0.6754597306313073
ton,unsw,29,False,logistic,temporal,0,cap,0.05,10417,1285,518,9083,265,567,8251,725,8358,9899,0.8907970502070917,0.04972640875491984,
ton,unsw,29,False,logistic,temporal,0,random,0.05,10417,1285,518,9083,434,691,7958,725,8358,9899,0.8737246186483483,0.04972640875491984,
ton,unsw,29,False,logistic,temporal,0,frozen,0.1,10417,1285,1047,9083,570,368,8145,725,8358,9370,0.908537886872999,0.100508783718921,0.5745883164676029
ton,unsw,29,False,logistic,temporal,0,cap,0.1,10417,1285,1040,9083,573,368,8142,725,8358,9377,0.9075397248586968,0.09983680522223289,
ton,unsw,29,False,logistic,temporal,0,random,0.1,10417,1285,1040,9083,885,660,7538,725,8358,9377,0.8742668230777434,0.09983680522223289,
ton,unsw,29,False,logistic,size,0,forced,0.0,10417,1285,0,4428,0,257,4171,257,4171,10417,0.4250743976192762,0.0,
ton,unsw,29,False,logistic,size,0,frozen,0.01,10417,1285,317,4428,145,256,4027,257,4171,10100,0.42405940594059405,0.03043102620716137,0.9200681536728931
ton,unsw,29,False,logistic,size,0,cap,0.01,10417,1285,101,4428,54,256,4118,257,4171,10316,0.4240015509887553,0.009695689737928385,
ton,unsw,29,False,logistic,size,0,random,0.01,10417,1285,101,4428,39,255,4134,257,4171,10316,0.4254556029468786,0.009695689737928385,
ton,unsw,29,False,logistic,size,0,frozen,0.05,10417,1285,1477,4428,529,254,3645,257,4171,8940,0.4361297539149888,0.14178746280119037,0.6754597306313073
ton,unsw,29,False,logistic,size,0,cap,0.05,10417,1285,518,4428,218,256,3954,257,4171,9899,0.42529548439236287,0.04972640875491984,
ton,unsw,29,False,logistic,size,0,random,0.05,10417,1285,518,4428,202,246,3980,257,4171,9899,0.426911809273664,0.04972640875491984,
ton,unsw,29,False,logistic,size,0,frozen,0.1,10417,1285,2048,4428,706,254,3468,257,4171,8369,0.4447365276616083,0.19660170874532015,0.5745883164676029
ton,unsw,29,False,logistic,size,0,cap,0.1,10417,1285,1040,4428,390,254,3784,257,4171,9377,0.43062813266503147,0.09983680522223289,
ton,unsw,29,False,logistic,size,0,random,0.1,10417,1285,1040,4428,423,230,3775,257,4171,9377,0.42710888343819986,0.09983680522223289,
ton,unsw,29,False,logistic,tcp,0,forced,0.0,10417,1285,0,9047,0,275,8772,275,8772,10417,0.8684842085053278,0.0,
ton,unsw,29,False,logistic,tcp,0,frozen,0.01,10417,1285,35,9047,13,269,8765,275,8772,10382,0.8701598921209787,0.00335989248344053,0.9200681536728931
ton,unsw,29,False,logistic,tcp,0,cap,0.01,10417,1285,101,9047,58,255,8734,275,8772,10316,0.8713648701046918,0.009695689737928385,
ton,unsw,29,False,logistic,tcp,0,random,0.01,10417,1285,101,9047,83,273,8691,275,8772,10316,0.8689414501744862,0.009695689737928385,
ton,unsw,29,False,logistic,tcp,0,frozen,0.05,10417,1285,151,9047,88,247,8712,275,8772,10266,0.8726865380868888,0.01449553614284343,0.6754597306313073
ton,unsw,29,False,logistic,tcp,0,cap,0.05,10417,1285,518,9047,332,216,8499,275,8772,9899,0.8803919587837156,0.04972640875491984,
ton,unsw,29,False,logistic,tcp,0,random,0.05,10417,1285,518,9047,438,265,8344,275,8772,9899,0.8696838064450955,0.04972640875491984,
ton,unsw,29,False,logistic,tcp,0,frozen,0.1,10417,1285,221,9047,133,241,8673,275,8772,10196,0.8742644174185955,0.02121532110972449,0.5745883164676029
ton,unsw,29,False,logistic,tcp,0,cap,0.1,10417,1285,1040,9047,598,182,8267,275,8772,9377,0.9010344459848566,0.09983680522223289,
ton,unsw,29,False,logistic,tcp,0,random,0.1,10417,1285,1040,9047,893,251,7903,275,8772,9377,0.8695744907753012,0.09983680522223289,
ton,unsw,29,False,logistic,temporal+tcp,0,forced,0.0,10417,1285,0,9161,0,806,8355,806,8355,10417,0.8794278583085341,0.0,
ton,unsw,29,False,logistic,temporal+tcp,0,frozen,0.01,10417,1285,215,9161,122,734,8305,806,8355,10202,0.8860027445598903,0.020639339541134685,0.9200681536728931
ton,unsw,29,False,logistic,temporal+tcp,0,cap,0.01,10417,1285,101,9161,56,777,8328,806,8355,10316,0.8826095385808453,0.009695689737928385,
ton,unsw,29,False,logistic,temporal+tcp,0,random,0.01,10417,1285,101,9161,83,797,8281,806,8355,10316,0.8799922450562233,0.009695689737928385,
ton,unsw,29,False,logistic,temporal+tcp,0,frozen,0.05,10417,1285,820,9161,467,524,8170,806,8355,9597,0.9059080962800875,0.0787174810406067,0.6754597306313073
ton,unsw,29,False,logistic,temporal+tcp,0,cap,0.05,10417,1285,518,9161,301,629,8231,806,8355,9899,0.8950399030205072,0.04972640875491984,
ton,unsw,29,False,logistic,temporal+tcp,0,random,0.05,10417,1285,518,9161,436,770,7955,806,8355,9899,0.8814021618345287,0.04972640875491984,
ton,unsw,29,False,logistic,temporal+tcp,0,frozen,0.1,10417,1285,1039,9161,594,425,8142,806,8355,9378,0.9135210066112177,0.09974080829413459,0.5745883164676029
ton,unsw,29,False,logistic,temporal+tcp,0,cap,0.1,10417,1285,1040,9161,593,434,8134,806,8355,9377,0.9137250719846433,0.09983680522223289,
ton,unsw,29,False,logistic,temporal+tcp,0,random,0.1,10417,1285,1040,9161,890,735,7536,806,8355,9377,0.8820518289431588,0.09983680522223289,
ton,unsw,29,False,logistic,random10,0,forced,0.0,10417,1285,0,8309,0,378,7931,378,7931,10417,0.7976384755687818,0.0,
ton,unsw,29,False,logistic,random10,0,frozen,0.01,10417,1285,73,8309,39,365,7905,378,7931,10344,0.7994972931167826,0.0070077757511759625,0.9200681536728931
ton,unsw,29,False,logistic,random10,0,cap,0.01,10417,1285,101,8309,56,361,7892,378,7931,10316,0.8000193873594417,0.009695689737928385,
ton,unsw,29,False,logistic,random10,0,random,0.01,10417,1285,101,8309,74,377,7858,378,7931,10316,0.7982745250096936,0.009695689737928385,
ton,unsw,29,False,logistic,random10,0,frozen,0.05,10417,1285,292,8309,162,329,7818,378,7931,10125,0.804641975308642,0.02803110300470385,0.6754597306313073
ton,unsw,29,False,logistic,random10,0,cap,0.05,10417,1285,518,8309,288,304,7717,378,7931,9899,0.8102838670572785,0.04972640875491984,
ton,unsw,29,False,logistic,random10,0,random,0.05,10417,1285,518,8309,415,363,7531,378,7931,9899,0.7974542883119508,0.04972640875491984,
ton,unsw,29,False,logistic,random10,0,frozen,0.1,10417,1285,390,8309,216,319,7774,378,7931,10027,0.8071207739104418,0.037438801958337334,0.5745883164676029
ton,unsw,29,False,logistic,random10,0,cap,0.1,10417,1285,1040,8309,574,230,7505,378,7931,9377,0.8248906899861362,0.09983680522223289,
ton,unsw,29,False,logistic,random10,0,random,0.1,10417,1285,1040,8309,832,346,7131,378,7931,9377,0.797376559667271,0.09983680522223289,
ton,ton,29,False,logistic,clean,0,forced,0.0,9367,7534,0,1633,0,816,817,816,817,9367,0.17433543290274367,0.0,
ton,ton,29,False,logistic,clean,0,frozen,0.01,9367,7534,508,1633,202,647,784,816,817,8859,0.16153064679986454,0.054232945446781256,0.9200681536728931
ton,ton,29,False,logistic,clean,0,cap,0.01,9367,7534,78,1633,28,789,816,816,817,9289,0.172785014533319,0.008327105796946729,
ton,ton,29,False,logistic,clean,0,random,0.01,9367,7534,78,1633,11,809,813,816,817,9289,0.17461513618258154,0.008327105796946729,
ton,ton,29,False,logistic,clean,0,frozen,0.05,9367,7534,2830,1633,662,342,629,816,817,6537,0.14853908520728162,0.30212447955588767,0.6754597306313073
ton,ton,29,False,logistic,clean,0,cap,0.05,9367,7534,454,1633,178,669,786,816,817,8913,0.16324469875462808,0.04846802604889506,
ton,ton,29,False,logistic,clean,0,random,0.05,9367,7534,454,1633,92,766,775,816,817,8913,0.17289352630988444,0.04846802604889506,
ton,ton,29,False,logistic,clean,0,frozen,0.1,9367,7534,3809,1633,853,222,558,816,817,5558,0.14033825116948542,0.40664033308423186,0.5745883164676029
ton,ton,29,False,logistic,clean,0,cap,0.1,9367,7534,921,1633,319,561,753,816,817,8446,0.1555766043097324,0.0983239030639479,
ton,ton,29,False,logistic,clean,0,random,0.1,9367,7534,921,1633,165,732,736,816,817,8446,0.17381008761543926,0.0983239030639479,
ton,ton,29,False,logistic,temporal,0,forced,0.0,9367,7534,0,4696,0,3944,752,3944,752,9367,0.501334472082844,0.0,
ton,ton,29,False,logistic,temporal,0,frozen,0.01,9367,7534,425,4696,215,3756,725,3944,752,8942,0.5011183180496533,0.045372050816696916,0.9200681536728931
ton,ton,29,False,logistic,temporal,0,cap,0.01,9367,7534,78,4696,36,3913,747,3944,752,9289,0.5016686403272688,0.008327105796946729,
ton,ton,29,False,logistic,temporal,0,random,0.01,9367,7534,78,4696,39,3910,747,3944,752,9289,0.5013456776832813,0.008327105796946729,
ton,ton,29,False,logistic,temporal,0,frozen,0.05,9367,7534,2102,4696,1232,2848,616,3944,752,7265,0.4768066070199587,0.22440482545105156,0.6754597306313073
ton,ton,29,False,logistic,temporal,0,cap,0.05,9367,7534,454,4696,241,3744,711,3944,752,8913,0.49983170649612924,0.04846802604889506,
ton,ton,29,False,logistic,temporal,0,random,0.05,9367,7534,454,4696,218,3758,720,3944,752,8913,0.502412206888814,0.04846802604889506,
ton,ton,29,False,logistic,temporal,0,frozen,0.1,9367,7534,3221,4696,2088,2044,564,3944,752,6146,0.4243410348193947,0.34386676630724883,0.5745883164676029
ton,ton,29,False,logistic,temporal,0,cap,0.1,9367,7534,921,4696,453,3570,673,3944,752,8446,0.502367984844897,0.0983239030639479,
ton,ton,29,False,logistic,temporal,0,random,0.1,9367,7534,921,4696,445,3575,676,3944,752,8446,0.5033151787828558,0.0983239030639479,
ton,ton,29,False,logistic,size,0,forced,0.0,9367,7534,0,3496,0,2241,1255,2241,1255,9367,0.37322515212981744,0.0,
ton,ton,29,False,logistic,size,0,frozen,0.01,9367,7534,177,3496,68,2186,1242,2241,1255,9190,0.3730141458106638,0.01889612469307142,0.9200681536728931
ton,ton,29,False,logistic,size,0,cap,0.01,9367,7534,78,3496,35,2212,1249,2241,1255,9289,0.3725912369469265,0.008327105796946729,
ton,ton,29,False,logistic,size,0,random,0.01,9367,7534,78,3496,27,2220,1249,2241,1255,9289,0.3734524706642265,0.008327105796946729,
ton,ton,29,False,logistic,size,0,frozen,0.05,9367,7534,805,3496,237,2102,1157,2241,1255,8562,0.38063536556879235,0.08594000213515533,0.6754597306313073
ton,ton,29,False,logistic,size,0,cap,0.05,9367,7534,454,3496,151,2142,1203,2241,1255,8913,0.3752945136317738,0.04846802604889506,
ton,ton,29,False,logistic,size,0,random,0.05,9367,7534,454,3496,175,2124,1197,2241,1255,8913,0.3726018175698418,0.04846802604889506,
ton,ton,29,False,logistic,size,0,frozen,0.1,9367,7534,1239,3496,389,2057,1050,2241,1255,8128,0.38225885826771655,0.13227287285149994,0.5745883164676029
ton,ton,29,False,logistic,size,0,cap,0.1,9367,7534,921,3496,269,2093,1134,2241,1255,8446,0.38207435472412976,0.0983239030639479,
ton,ton,29,False,logistic,size,0,random,0.1,9367,7534,921,3496,345,2013,1138,2241,1255,8446,0.37307601231352117,0.0983239030639479,
ton,ton,29,False,logistic,tcp,0,forced,0.0,9367,7534,0,1671,0,862,809,862,809,9367,0.1783922280345895,0.0,
ton,ton,29,False,logistic,tcp,0,frozen,0.01,9367,7534,580,1671,255,654,762,862,809,8787,0.1611471491976784,0.06191950464396285,0.9200681536728931
ton,ton,29,False,logistic,tcp,0,cap,0.01,9367,7534,78,1671,41,825,805,862,809,9289,0.17547636989988158,0.008327105796946729,
ton,ton,29,False,logistic,tcp,0,random,0.01,9367,7534,78,1671,13,854,804,862,809,9289,0.17849068791043168,0.008327105796946729,
ton,ton,29,False,logistic,tcp,0,frozen,0.05,9367,7534,3114,1671,732,358,581,862,809,6253,0.15016791939868862,0.332443685278104,0.6754597306313073
ton,ton,29,False,logistic,tcp,0,cap,0.05,9367,7534,454,1671,210,694,767,862,809,8913,0.16391787277011108,0.04846802604889506,
ton,ton,29,False,logistic,tcp,0,random,0.05,9367,7534,454,1671,92,812,767,862,809,8913,0.1771569617412768,0.04846802604889506,
ton,ton,29,False,logistic,tcp,0,frozen,0.1,9367,7534,4256,1671,917,240,514,862,809,5111,0.14752494619448248,0.4543610547667343,0.5745883164676029
ton,ton,29,False,logistic,tcp,0,cap,0.1,9367,7534,921,1671,359,590,722,862,809,8446,0.1553398058252427,0.0983239030639479,
ton,ton,29,False,logistic,tcp,0,random,0.1,9367,7534,921,1671,169,775,727,862,809,8446,0.17783566185176414,0.0983239030639479,
ton,ton,29,False,logistic,temporal+tcp,0,forced,0.0,9367,7534,0,4838,0,4100,738,4100,738,9367,0.5164940749439522,0.0,
ton,ton,29,False,logistic,temporal+tcp,0,frozen,0.01,9367,7534,480,4838,209,3924,705,4100,738,8887,0.5208731855519297,0.051243727981210636,0.9200681536728931
ton,ton,29,False,logistic,temporal+tcp,0,cap,0.01,9367,7534,78,4838,48,4058,732,4100,738,9289,0.5156636882333944,0.008327105796946729,
ton,ton,29,False,logistic,temporal+tcp,0,random,0.01,9367,7534,78,4838,40,4065,733,4100,738,9289,0.5165249219506943,0.008327105796946729,
ton,ton,29,False,logistic,temporal+tcp,0,frozen,0.05,9367,7534,1800,4838,984,3245,609,4100,738,7567,0.5093167701863354,0.19216397992953987,0.6754597306313073
ton,ton,29,False,logistic,temporal+tcp,0,cap,0.05,9367,7534,454,4838,202,3933,703,4100,738,8913,0.5201391226298665,0.04846802604889506,
ton,ton,29,False,logistic,temporal+tcp,0,random,0.05,9367,7534,454,4838,229,3902,707,4100,738,8913,0.517109839560193,0.04846802604889506,
ton,ton,29,False,logistic,temporal+tcp,0,frozen,0.1,9367,7534,2833,4838,1748,2533,557,4100,738,6534,0.472910927456382,0.30244475285577027,0.5745883164676029
ton,ton,29,False,logistic,temporal+tcp,0,cap,0.1,9367,7534,921,4838,449,3726,663,4100,738,8446,0.519654274212645,0.0983239030639479,
ton,ton,29,False,logistic,temporal+tcp,0,random,0.1,9367,7534,921,4838,463,3711,664,4100,738,8446,0.5179966848212172,0.0983239030639479,
ton,ton,29,False,logistic,random10,0,forced,0.0,9367,7534,0,3130,0,2292,838,2292,838,9367,0.33415180954414436,0.0,
ton,ton,29,False,logistic,random10,0,frozen,0.01,9367,7534,508,3130,236,2087,807,2292,838,8859,0.3266734394401174,0.054232945446781256,0.9200681536728931
ton,ton,29,False,logistic,random10,0,cap,0.01,9367,7534,78,3130,30,2263,837,2292,838,9289,0.3337280654537625,0.008327105796946729,
ton,ton,29,False,logistic,random10,0,random,0.01,9367,7534,78,3130,30,2267,833,2292,838,9289,0.3337280654537625,0.008327105796946729,
ton,ton,29,False,logistic,random10,0,frozen,0.05,9367,7534,2265,3130,920,1522,688,2292,838,7102,0.3111799493100535,0.24180634141133767,0.6754597306313073
ton,ton,29,False,logistic,random10,0,cap,0.05,9367,7534,454,3130,209,2110,811,2292,838,8913,0.32772354987097496,0.04846802604889506,
ton,ton,29,False,logistic,random10,0,random,0.05,9367,7534,454,3130,160,2171,799,2292,838,8913,0.3332211376640862,0.04846802604889506,
ton,ton,29,False,logistic,random10,0,frozen,0.1,9367,7534,3030,3130,1169,1327,634,2292,838,6337,0.30945242228183684,0.3234760328813921,0.5745883164676029
ton,ton,29,False,logistic,random10,0,cap,0.1,9367,7534,921,3130,406,1948,776,2292,838,8446,0.3225195358749704,0.0983239030639479,
ton,ton,29,False,logistic,random10,0,random,0.1,9367,7534,921,3130,324,2052,754,2292,838,8446,0.33222827373904806,0.0983239030639479,
ton,cic,29,False,logistic,clean,4,forced,0.0,12188,306,0,9173,0,124,9049,124,9049,12188,0.7526255333114539,0.0,
ton,cic,29,False,logistic,clean,4,frozen,0.01,12188,306,607,9173,314,83,8776,124,9049,11581,0.7649598480269407,0.049803085001640955,0.9200681536728931
ton,cic,29,False,logistic,clean,4,cap,0.01,12188,306,110,9173,59,118,8996,124,9049,12078,0.754595131644312,0.009025270758122744,
ton,cic,29,False,logistic,clean,4,random,0.01,12188,306,110,9173,82,123,8968,124,9049,12078,0.7526908428547773,0.009025270758122744,
ton,cic,29,False,logistic,clean,4,frozen,0.05,12188,306,3129,9173,1670,39,7464,124,9049,9059,0.8282371122640468,0.2567279291106006,0.6754597306313073
ton,cic,29,False,logistic,clean,4,cap,0.05,12188,306,598,9173,302,93,8778,124,9049,11590,0.7654012079378775,0.04906465375779455,
ton,cic,29,False,logistic,clean,4,random,0.05,12188,306,598,9173,444,115,8614,124,9049,11590,0.7531492666091458,0.04906465375779455,
ton,cic,29,False,logistic,clean,4,frozen,0.1,12188,306,4543,9173,2666,32,6475,124,9049,7645,0.8511445389143231,0.37274368231046934,0.5745883164676029
ton,cic,29,False,logistic,clean,4,cap,0.1,12188,306,1209,9173,593,71,8509,124,9049,10979,0.7814919391565717,0.09919593042336725,
ton,cic,29,False,logistic,clean,4,random,0.1,12188,306,1209,9173,913,107,8153,124,9049,10979,0.7523453866472356,0.09919593042336725,
ton,cic,29,False,logistic,temporal,4,forced,0.0,12188,306,0,3220,0,158,3062,158,3062,12188,0.2641942894650476,0.0,
ton,cic,29,False,logistic,temporal,4,frozen,0.01,12188,306,270,3220,137,146,2937,158,3062,11918,0.25868434301057225,0.02215293731539219,0.9200681536728931
ton,cic,29,False,logistic,temporal,4,cap,0.01,12188,306,110,3220,61,157,3002,158,3062,12078,0.2615499254843517,0.009025270758122744,
ton,cic,29,False,logistic,temporal,4,random,0.01,12188,306,110,3220,20,157,3043,158,3062,12078,0.2649445272396092,0.009025270758122744,
ton,cic,29,False,logistic,temporal,4,frozen,0.05,12188,306,1274,3220,606,125,2489,158,3062,10914,0.23950888766721642,0.10452904496225796,0.6754597306313073
ton,cic,29,False,logistic,temporal,4,cap,0.05,12188,306,598,3220,329,136,2755,158,3062,11590,0.24943917169974117,0.04906465375779455,
ton,cic,29,False,logistic,temporal,4,random,0.05,12188,306,598,3220,152,148,2920,158,3062,11590,0.2647109577221743,0.04906465375779455,
ton,cic,29,False,logistic,temporal,4,frozen,0.1,12188,306,1669,3220,815,124,2281,158,3062,10519,0.2286339005608898,0.1369379717755169,0.5745883164676029
ton,cic,29,False,logistic,temporal,4,cap,0.1,12188,306,1209,3220,589,128,2503,158,3062,10979,0.23963931141269695,0.09919593042336725,
ton,cic,29,False,logistic,temporal,4,random,0.1,12188,306,1209,3220,299,136,2785,158,3062,10979,0.26605337462428275,0.09919593042336725,
ton,cic,29,False,logistic,size,4,forced,0.0,12188,306,0,9456,0,155,9301,155,9301,12188,0.7758450935346243,0.0,
ton,cic,29,False,logistic,size,4,frozen,0.01,12188,306,375,9456,190,146,9120,155,9301,11813,0.7843900787268264,0.03076796849360026,0.9200681536728931
ton,cic,29,False,logistic,size,4,cap,0.01,12188,306,110,9456,45,153,9258,155,9301,12078,0.7791852955787382,0.009025270758122744,
ton,cic,29,False,logistic,size,4,random,0.01,12188,306,110,9456,89,152,9215,155,9301,12078,0.7755423083291936,0.009025270758122744,
ton,cic,29,False,logistic,size,4,frozen,0.05,12188,306,1208,9456,680,122,8654,155,9301,10980,0.7992714025500911,0.09911388250738432,0.6754597306313073
ton,cic,29,False,logistic,size,4,cap,0.05,12188,306,598,9456,316,145,8995,155,9301,11590,0.7886108714408974,0.04906465375779455,
ton,cic,29,False,logistic,size,4,random,0.05,12188,306,598,9456,464,143,8849,155,9301,11590,0.7758412424503882,0.04906465375779455,
ton,cic,29,False,logistic,size,4,frozen,0.1,12188,306,1474,9456,821,102,8533,155,9301,10714,0.8059548254620124,0.12093862815884476,0.5745883164676029
ton,cic,29,False,logistic,size,4,cap,0.1,12188,306,1209,9456,678,127,8651,155,9301,10979,0.7995263685217233,0.09919593042336725,
ton,cic,29,False,logistic,size,4,random,0.1,12188,306,1209,9456,951,135,8370,155,9301,10979,0.774660715912196,0.09919593042336725,
ton,cic,29,False,logistic,tcp,4,forced,0.0,12188,306,0,9758,0,48,9710,48,9710,12188,0.8006235641614703,0.0,
ton,cic,29,False,logistic,tcp,4,frozen,0.01,12188,306,541,9758,250,44,9464,48,9710,11647,0.8163475573108955,0.044387922546767315,0.9200681536728931
ton,cic,29,False,logistic,tcp,4,cap,0.01,12188,306,110,9758,45,48,9665,48,9710,12078,0.8041894353369763,0.009025270758122744,
ton,cic,29,False,logistic,tcp,4,random,0.01,12188,306,110,9758,89,48,9621,48,9710,12078,0.8005464480874317,0.009025270758122744,
ton,cic,29,False,logistic,tcp,4,frozen,0.05,12188,306,2412,9758,1320,29,8409,48,9710,9776,0.8631342062193126,0.19789957335083688,0.6754597306313073
ton,cic,29,False,logistic,tcp,4,cap,0.05,12188,306,598,9758,281,41,9436,48,9710,11590,0.8176876617773943,0.04906465375779455,
ton,cic,29,False,logistic,tcp,4,random,0.05,12188,306,598,9758,473,46,9239,48,9710,11590,0.8011216566005177,0.04906465375779455,
ton,cic,29,False,logistic,tcp,4,frozen,0.1,12188,306,3265,9758,1861,25,7872,48,9710,8923,0.8850162501400874,0.2678864456842796,0.5745883164676029
ton,cic,29,False,logistic,tcp,4,cap,0.1,12188,306,1209,9758,601,36,9121,48,9710,10979,0.8340468166499682,0.09919593042336725,
ton,cic,29,False,logistic,tcp,4,random,0.1,12188,306,1209,9758,967,43,8748,48,9710,10979,0.800710447217415,0.09919593042336725,
ton,cic,29,False,logistic,temporal+tcp,4,forced,0.0,12188,306,0,3265,0,128,3137,128,3137,12188,0.2678864456842796,0.0,
ton,cic,29,False,logistic,temporal+tcp,4,frozen,0.01,12188,306,224,3265,116,125,3024,128,3137,11964,0.2632062855232364,0.018378733180177225,0.9200681536728931
ton,cic,29,False,logistic,temporal+tcp,4,cap,0.01,12188,306,110,3265,64,127,3074,128,3137,12078,0.2650273224043716,0.009025270758122744,
ton,cic,29,False,logistic,temporal+tcp,4,random,0.01,12188,306,110,3265,20,127,3118,128,3137,12078,0.2686703096539162,0.009025270758122744,
ton,cic,29,False,logistic,temporal+tcp,4,frozen,0.05,12188,306,1228,3265,626,113,2526,128,3137,10960,0.24078467153284672,0.10075484082704299,0.6754597306313073
ton,cic,29,False,logistic,temporal+tcp,4,cap,0.05,12188,306,598,3265,355,118,2792,128,3137,11590,0.25107851596203623,0.04906465375779455,
ton,cic,29,False,logistic,temporal+tcp,4,random,0.05,12188,306,598,3265,153,120,2992,128,3137,11590,0.26850733390854187,0.04906465375779455,
ton,cic,29,False,logistic,temporal+tcp,4,frozen,0.1,12188,306,1749,3265,847,108,2310,128,3137,10439,0.23163138231631383,0.14350180505415164,0.5745883164676029
ton,cic,29,False,logistic,temporal+tcp,4,cap,0.1,12188,306,1209,3265,620,112,2533,128,3137,10979,0.24091447308498043,0.09919593042336725,
ton,cic,29,False,logistic,temporal+tcp,4,random,0.1,12188,306,1209,3265,302,108,2855,128,3137,10979,0.26987885964113306,0.09919593042336725,
ton,cic,29,False,logistic,random10,4,forced,0.0,12188,306,0,7514,0,130,7384,130,7384,12188,0.6165080406957664,0.0,
ton,cic,29,False,logistic,random10,4,frozen,0.01,12188,306,637,7514,338,119,7057,130,7384,11551,0.6212449138602718,0.05226452248112898,0.9200681536728931
ton,cic,29,False,logistic,random10,4,cap,0.01,12188,306,110,7514,59,129,7326,130,7384,12078,0.617237953303527,0.009025270758122744,
ton,cic,29,False,logistic,random10,4,random,0.01,12188,306,110,7514,65,129,7320,130,7384,12078,0.6167411823149528,0.009025270758122744,
ton,cic,29,False,logistic,random10,4,frozen,0.05,12188,306,2487,7514,1276,93,6145,130,7384,9701,0.643026492114215,0.20405316704955695,0.6754597306313073
ton,cic,29,False,logistic,random10,4,cap,0.05,12188,306,598,7514,313,121,7080,130,7384,11590,0.6213114754098361,0.04906465375779455,
ton,cic,29,False,logistic,random10,4,random,0.05,12188,306,598,7514,354,124,7036,130,7384,11590,0.6177739430543572,0.04906465375779455,
ton,cic,29,False,logistic,random10,4,frozen,0.1,12188,306,3335,7514,1736,80,5698,130,7384,8853,0.6526601152151813,0.273629799803085,0.5745883164676029
ton,cic,29,False,logistic,random10,4,cap,0.1,12188,306,1209,7514,614,109,6791,130,7384,10979,0.6284725384825576,0.09919593042336725,
ton,cic,29,False,logistic,random10,4,random,0.1,12188,306,1209,7514,714,120,6680,130,7384,10979,0.6193642408233901,0.09919593042336725,
ton,unsw,29,False,forest,clean,0,forced,0.0,10417,1285,0,5694,0,1170,4524,1170,4524,10417,0.5466065085917251,0.0,
ton,unsw,29,False,forest,clean,0,frozen,0.01,10417,1285,2622,5694,1111,1105,3478,1170,4524,7795,0.5879409878127004,0.25170394547374486,0.9583446269023296
ton,unsw,29,False,forest,clean,0,cap,0.01,10417,1285,101,5694,51,1167,4476,1170,4524,10316,0.5470143466459868,0.009695689737928385,
ton,unsw,29,False,forest,clean,0,random,0.01,10417,1285,101,5694,60,1157,4477,1170,4524,10316,0.5461419154711128,0.009695689737928385,
ton,unsw,29,False,forest,clean,0,frozen,0.05,10417,1285,7071,5694,3365,1041,1288,1170,4524,3346,0.6960549910340705,0.6787942785830854,0.8926003913467191
ton,unsw,29,False,forest,clean,0,cap,0.05,10417,1285,518,5694,240,1155,4299,1170,4524,9899,0.5509647439135266,0.04972640875491984,
ton,unsw,29,False,forest,clean,0,random,0.05,10417,1285,518,5694,280,1118,4296,1170,4524,9899,0.5469239317102738,0.04972640875491984,
ton,unsw,29,False,forest,clean,0,frozen,0.1,10417,1285,8539,5694,4359,989,346,1170,4524,1878,0.7108626198083067,0.819717769031391,0.8007591798558016
ton,unsw,29,False,forest,clean,0,cap,0.1,10417,1285,1040,5694,455,1141,4098,1170,4524,9377,0.5587074757385091,0.09983680522223289,
ton,unsw,29,False,forest,clean,0,random,0.1,10417,1285,1040,5694,577,1057,4060,1170,4524,9377,0.5456969179908286,0.09983680522223289,
ton,unsw,29,False,forest,temporal,0,forced,0.0,10417,1285,0,4211,0,1272,2939,1272,2939,10417,0.4042430642219449,0.0,
ton,unsw,29,False,forest,temporal,0,frozen,0.01,10417,1285,3343,4211,1106,1224,1881,1272,2939,7074,0.4389312977099237,0.32091773063261975,0.9583446269023296
ton,unsw,29,False,forest,temporal,0,cap,0.01,10417,1285,101,4211,69,1272,2870,1272,2939,10316,0.4015122140364482,0.009695689737928385,
ton,unsw,29,False,forest,temporal,0,random,0.01,10417,1285,101,4211,47,1256,2908,1272,2939,10316,0.40364482357502907,0.009695689737928385,
ton,unsw,29,False,forest,temporal,0,frozen,0.05,10417,1285,7900,4211,2510,1158,543,1272,2939,2517,0.6758045292014303,0.7583757319765767,0.8926003913467191
ton,unsw,29,False,forest,temporal,0,cap,0.05,10417,1285,518,4211,298,1271,2642,1272,2939,9899,0.39529245378321043,0.04972640875491984,
ton,unsw,29,False,forest,temporal,0,random,0.05,10417,1285,518,4211,199,1209,2803,1272,2939,9899,0.40529346398626126,0.04972640875491984,
ton,unsw,29,False,forest,temporal,0,frozen,0.1,10417,1285,8733,4211,3071,969,171,1272,2939,1684,0.6769596199524941,0.8383411730824614,0.8007591798558016
ton,unsw,29,False,forest,temporal,0,cap,0.1,10417,1285,1040,4211,492,1270,2449,1272,2939,9377,0.3966087234723259,0.09983680522223289,
ton,unsw,29,False,forest,temporal,0,random,0.1,10417,1285,1040,4211,416,1144,2651,1272,2939,9377,0.40471366108563506,0.09983680522223289,
ton,unsw,29,False,forest,size,0,forced,0.0,10417,1285,0,6780,0,953,5827,953,5827,10417,0.6508591725064798,0.0,
ton,unsw,29,False,forest,size,0,frozen,0.01,10417,1285,2090,6780,609,938,5233,953,5827,8327,0.7410832232496698,0.2006335797254488,0.9583446269023296
ton,unsw,29,False,forest,size,0,cap,0.01,10417,1285,101,6780,25,952,5803,953,5827,10316,0.6548080651415277,0.009695689737928385,
ton,unsw,29,False,forest,size,0,random,0.01,10417,1285,101,6780,62,943,5775,953,5827,10316,0.6512214036448236,0.009695689737928385,
ton,unsw,29,False,forest,size,0,frozen,0.05,10417,1285,5132,6780,2105,898,3777,953,5827,5285,0.8845789971617786,0.49265623500048,0.8926003913467191
ton,unsw,29,False,forest,size,0,cap,0.05,10417,1285,518,6780,171,951,5658,953,5827,9899,0.6676431962824527,0.04972640875491984,
ton,unsw,29,False,forest,size,0,random,0.05,10417,1285,518,6780,338,908,5534,953,5827,9899,0.6507728053338722,0.04972640875491984,
ton,unsw,29,False,forest,size,0,frozen,0.1,10417,1285,7720,6780,4482,708,1590,953,5827,2697,0.8520578420467185,0.7410962849188826,0.8007591798558016
ton,unsw,29,False,forest,size,0,cap,0.1,10417,1285,1040,6780,338,951,5491,953,5827,9377,0.687000106643916,0.09983680522223289,
ton,unsw,29,False,forest,size,0,random,0.1,10417,1285,1040,6780,680,860,5240,953,5827,9377,0.6505278873840248,0.09983680522223289,
ton,unsw,29,False,forest,tcp,0,forced,0.0,10417,1285,0,2124,0,1285,839,1285,839,10417,0.20389747528079102,0.0,
ton,unsw,29,False,forest,tcp,0,frozen,0.01,10417,1285,1531,2124,452,1276,396,1285,839,8886,0.18816115237452172,0.1469712969184986,0.9583446269023296
ton,unsw,29,False,forest,tcp,0,cap,0.01,10417,1285,101,2124,34,1285,805,1285,839,10316,0.2025979061651803,0.009695689737928385,
ton,unsw,29,False,forest,tcp,0,random,0.01,10417,1285,101,2124,23,1269,832,1285,839,10316,0.20366421093447074,0.009695689737928385,
ton,unsw,29,False,forest,tcp,0,frozen,0.05,10417,1285,4316,2124,719,1190,215,1285,839,6101,0.23029011637436486,0.4143227416722665,0.8926003913467191
ton,unsw,29,False,forest,tcp,0,cap,0.05,10417,1285,518,2124,213,1284,627,1285,839,9899,0.19304980301040509,0.04972640875491984,
ton,unsw,29,False,forest,tcp,0,random,0.05,10417,1285,518,2124,107,1220,797,1285,839,9899,0.20375795534902516,0.04972640875491984,
ton,unsw,29,False,forest,tcp,0,frozen,0.1,10417,1285,8422,2124,1061,1045,18,1285,839,1995,0.5328320802005012,0.8084861284438898,0.8007591798558016
ton,unsw,29,False,forest,tcp,0,cap,0.1,10417,1285,1040,2124,381,1282,461,1285,839,9377,0.18588034552628774,0.09983680522223289,
ton,unsw,29,False,forest,tcp,0,random,0.1,10417,1285,1040,2124,223,1154,747,1285,839,9377,0.2027300842486936,0.09983680522223289,
ton,unsw,29,False,forest,temporal+tcp,0,forced,0.0,10417,1285,0,1633,0,1285,348,1285,348,10417,0.15676298358452528,0.0,
ton,unsw,29,False,forest,temporal+tcp,0,frozen,0.01,10417,1285,745,1633,219,1285,129,1285,348,9672,0.14619520264681554,0.07151771143323414,0.9583446269023296
ton,unsw,29,False,forest,temporal+tcp,0,cap,0.01,10417,1285,101,1633,46,1285,302,1285,348,10316,0.1538386971694455,0.009695689737928385,
ton,unsw,29,False,forest,temporal+tcp,0,random,0.01,10417,1285,101,1633,20,1269,344,1285,348,10316,0.15635905389685925,0.009695689737928385,
ton,unsw,29,False,forest,temporal+tcp,0,frozen,0.05,10417,1285,1815,1633,359,1273,1,1285,348,8602,0.1481050918391072,0.17423442449841606,0.8926003913467191
ton,unsw,29,False,forest,temporal+tcp,0,cap,0.05,10417,1285,518,1633,160,1285,188,1285,348,9899,0.14880290938478635,0.04972640875491984,
ton,unsw,29,False,forest,temporal+tcp,0,random,0.05,10417,1285,518,1633,81,1220,332,1285,348,9899,0.15678351348621072,0.04972640875491984,
ton,unsw,29,False,forest,temporal+tcp,0,frozen,0.1,10417,1285,6199,1633,469,1163,1,1285,348,4218,0.2759601706970128,0.595084957281367,0.8007591798558016
ton,unsw,29,False,forest,temporal+tcp,0,cap,0.1,10417,1285,1040,1633,308,1283,42,1285,348,9377,0.14130318865308733,0.09983680522223289,
ton,unsw,29,False,forest,temporal+tcp,0,random,0.1,10417,1285,1040,1633,168,1154,311,1285,348,9377,0.15623333688813054,0.09983680522223289,
ton,unsw,29,False,forest,random10,0,forced,0.0,10417,1285,0,6042,0,1187,4855,1187,4855,10417,0.5800134395699338,0.0,
ton,unsw,29,False,forest,random10,0,frozen,0.01,10417,1285,2659,6042,1331,1128,3583,1187,4855,7758,0.6072441350863624,0.25525583181338196,0.9583446269023296
ton,unsw,29,False,forest,random10,0,cap,0.01,10417,1285,101,6042,52,1184,4806,1187,4855,10316,0.5806514152772393,0.009695689737928385,
ton,unsw,29,False,forest,random10,0,random,0.01,10417,1285,101,6042,64,1171,4807,1187,4855,10316,0.5794881737107406,0.009695689737928385,
ton,unsw,29,False,forest,random10,0,frozen,0.05,10417,1285,6390,6042,3327,1046,1669,1187,4855,4027,0.6741991556990315,0.6134203705481425,0.8926003913467191
ton,unsw,29,False,forest,random10,0,cap,0.05,10417,1285,518,6042,241,1179,4622,1187,4855,9899,0.5860187897767452,0.04972640875491984,
ton,unsw,29,False,forest,random10,0,random,0.05,10417,1285,518,6042,303,1130,4609,1187,4855,9899,0.5797555308617032,0.04972640875491984,
ton,unsw,29,False,forest,random10,0,frozen,0.1,10417,1285,8384,6042,4587,949,506,1187,4855,2033,0.7156910969011313,0.8048382451761543,0.8007591798558016
ton,unsw,29,False,forest,random10,0,cap,0.1,10417,1285,1040,6042,516,1166,4360,1187,4855,9377,0.5893142796203477,0.09983680522223289,
ton,unsw,29,False,forest,random10,0,random,0.1,10417,1285,1040,6042,601,1067,4374,1187,4855,9377,0.5802495467633572,0.09983680522223289,
ton,ton,29,False,forest,clean,0,forced,0.0,9367,7534,0,1404,0,862,542,862,542,9367,0.1498879043450411,0.0,
ton,ton,29,False,forest,clean,0,frozen,0.01,9367,7534,98,1404,38,830,536,862,542,9269,0.14737296364224836,0.01046226112949717,0.9583446269023296
ton,ton,29,False,forest,clean,0,cap,0.01,9367,7534,78,1404,38,830,536,862,542,9289,0.1470556572289805,0.008327105796946729,
ton,ton,29,False,forest,clean,0,random,0.01,9367,7534,78,1404,10,858,536,862,542,9289,0.15006997523953064,0.008327105796946729,
ton,ton,29,False,forest,clean,0,frozen,0.05,9367,7534,530,1404,269,638,497,862,542,8837,0.1284372524612425,0.05658161631258674,0.8926003913467191
ton,ton,29,False,forest,clean,0,cap,0.05,9367,7534,454,1404,234,677,493,862,542,8913,0.13126893301918546,0.04846802604889506,
ton,ton,29,False,forest,clean,0,random,0.05,9367,7534,454,1404,74,821,509,862,542,8913,0.1492202400987322,0.04846802604889506,
ton,ton,29,False,forest,clean,0,frozen,0.1,9367,7534,1488,1404,483,559,362,862,542,7879,0.11689300672674197,0.15885555674175297,0.8007591798558016
ton,ton,29,False,forest,clean,0,cap,0.1,9367,7534,921,1404,376,592,436,862,542,8446,0.12171442102770542,0.0983239030639479,
ton,ton,29,False,forest,clean,0,random,0.1,9367,7534,921,1404,148,775,481,862,542,8446,0.14870944825953114,0.0983239030639479,
ton,ton,29,False,forest,temporal,0,forced,0.0,9367,7534,0,1501,0,1013,488,1013,488,9367,0.16024340770791076,0.0,
ton,ton,29,False,forest,temporal,0,frozen,0.01,9367,7534,442,1501,223,898,380,1013,488,8925,0.14319327731092438,0.047186932849364795,0.9583446269023296
ton,ton,29,False,forest,temporal,0,cap,0.01,9367,7534,78,1501,39,980,482,1013,488,9289,0.1573904618365809,0.008327105796946729,
ton,ton,29,False,forest,temporal,0,random,0.01,9367,7534,78,1501,12,1007,482,1013,488,9289,0.1602971256324685,0.008327105796946729,
ton,ton,29,False,forest,temporal,0,frozen,0.05,9367,7534,940,1501,387,786,328,1013,488,8427,0.1321941378901151,0.10035230062987083,0.8926003913467191
ton,ton,29,False,forest,temporal,0,cap,0.05,9367,7534,454,1501,184,890,427,1013,488,8913,0.14776169639851902,0.04846802604889506,
ton,ton,29,False,forest,temporal,0,random,0.05,9367,7534,454,1501,82,962,457,1013,488,8913,0.15920565466173006,0.04846802604889506,
ton,ton,29,False,forest,temporal,0,frozen,0.1,9367,7534,1941,1501,628,616,257,1013,488,7426,0.1175599245892809,0.2072168250240205,0.8007591798558016
ton,ton,29,False,forest,temporal,0,cap,0.1,9367,7534,921,1501,360,785,356,1013,488,8446,0.13509353540137342,0.0983239030639479,
ton,ton,29,False,forest,temporal,0,random,0.1,9367,7534,921,1501,166,903,432,1013,488,8446,0.15806298839687427,0.0983239030639479,
ton,ton,29,False,forest,size,0,forced,0.0,9367,7534,0,2757,0,2045,712,2045,712,9367,0.2943311625920786,0.0,
ton,ton,29,False,forest,size,0,frozen,0.01,9367,7534,67,2757,27,2029,701,2045,712,9300,0.29354838709677417,0.007152770364043984,0.9583446269023296
ton,ton,29,False,forest,size,0,cap,0.01,9367,7534,78,2757,35,2019,703,2045,712,9289,0.293034772311336,0.008327105796946729,
ton,ton,29,False,forest,size,0,random,0.01,9367,7534,78,2757,23,2028,706,2045,712,9289,0.29432662288728606,0.008327105796946729,
ton,ton,29,False,forest,size,0,frozen,0.05,9367,7534,257,2757,84,2003,670,2045,712,9110,0.2934138309549945,0.027436746023273194,0.8926003913467191
ton,ton,29,False,forest,size,0,cap,0.05,9367,7534,454,2757,113,1992,652,2045,712,8913,0.2966453494895097,0.04846802604889506,
ton,ton,29,False,forest,size,0,random,0.05,9367,7534,454,2757,138,1947,672,2045,712,8913,0.2938404577583305,0.04846802604889506,
ton,ton,29,False,forest,size,0,frozen,0.1,9367,7534,487,2757,141,1983,633,2045,712,8880,0.2945945945945946,0.051991032347603286,0.8007591798558016
ton,ton,29,False,forest,size,0,cap,0.1,9367,7534,921,2757,163,1975,619,2045,712,8446,0.30712763438313995,0.0983239030639479,
ton,ton,29,False,forest,size,0,random,0.1,9367,7534,921,2757,283,1835,639,2045,712,8446,0.292919725313758,0.0983239030639479,
ton,ton,29,False,forest,tcp,0,forced,0.0,9367,7534,0,5082,0,4825,257,4825,257,9367,0.5425429700010675,0.0,
ton,ton,29,False,forest,tcp,0,frozen,0.01,9367,7534,1629,5082,1029,3912,141,4825,257,7738,0.5237787542000517,0.17390840183623357,0.9583446269023296
ton,ton,29,False,forest,tcp,0,cap,0.01,9367,7534,78,5082,39,4789,254,4825,257,9289,0.5429002045430079,0.008327105796946729,
ton,ton,29,False,forest,tcp,0,random,0.01,9367,7534,78,5082,46,4782,254,4825,257,9289,0.5421466250403704,0.008327105796946729,
ton,ton,29,False,forest,tcp,0,frozen,0.05,9367,7534,3789,5082,2617,2393,72,4825,257,5578,0.44191466475439223,0.40450517775168143,0.8926003913467191
ton,ton,29,False,forest,tcp,0,cap,0.05,9367,7534,454,5082,256,4621,205,4825,257,8913,0.5414562997868282,0.04846802604889506,
ton,ton,29,False,forest,tcp,0,random,0.05,9367,7534,454,5082,253,4588,241,4825,257,8913,0.5417928867945697,0.04846802604889506,
ton,ton,29,False,forest,tcp,0,frozen,0.1,9367,7534,5690,5082,3703,1344,35,4825,257,3677,0.3750339951047049,0.607451692110601,0.8007591798558016
ton,ton,29,False,forest,tcp,0,cap,0.1,9367,7534,921,5082,536,4390,156,4825,257,8446,0.5382429552450865,0.0983239030639479,
ton,ton,29,False,forest,tcp,0,random,0.1,9367,7534,921,5082,506,4348,228,4825,257,8446,0.5417949325124319,0.0983239030639479,
ton,ton,29,False,forest,temporal+tcp,0,forced,0.0,9367,7534,0,5534,0,5420,114,5420,114,9367,0.5907974805167076,0.0,
ton,ton,29,False,forest,temporal+tcp,0,frozen,0.01,9367,7534,1286,5534,566,4906,62,5420,114,8081,0.6147753990842717,0.1372904878829935,0.9583446269023296
ton,ton,29,False,forest,temporal+tcp,0,cap,0.01,9367,7534,78,5534,21,5405,108,5420,114,9289,0.5934976854343847,0.008327105796946729,
ton,ton,29,False,forest,temporal+tcp,0,random,0.01,9367,7534,78,5534,49,5373,112,5420,114,9289,0.5904833674238347,0.008327105796946729,
ton,ton,29,False,forest,temporal+tcp,0,frozen,0.05,9367,7534,2639,5534,1605,3891,38,5420,114,6728,0.5839774078478003,0.28173374613003094,0.8926003913467191
ton,ton,29,False,forest,temporal+tcp,0,cap,0.05,9367,7534,454,5534,214,5233,87,5420,114,8913,0.5968809603949288,0.04846802604889506,
ton,ton,29,False,forest,temporal+tcp,0,random,0.05,9367,7534,454,5534,285,5142,107,5420,114,8913,0.5889150678783799,0.04846802604889506,
ton,ton,29,False,forest,temporal+tcp,0,frozen,0.1,9367,7534,5217,5534,3769,1733,32,5420,114,4150,0.42530120481927713,0.556955268495783,0.8007591798558016
ton,ton,29,False,forest,temporal+tcp,0,cap,0.1,9367,7534,921,5534,414,5047,73,5420,114,8446,0.6062041202936301,0.0983239030639479,
ton,ton,29,False,forest,temporal+tcp,0,random,0.1,9367,7534,921,5534,562,4873,99,5420,114,8446,0.5886810324413924,0.0983239030639479,
ton,ton,29,False,forest,random10,0,forced,0.0,9367,7534,0,1598,0,1062,536,1062,536,9367,0.1705989110707804,0.0,
ton,ton,29,False,forest,random10,0,frozen,0.01,9367,7534,224,1598,96,987,515,1062,536,9143,0.16427868314557584,0.023913739724564963,0.9583446269023296
ton,ton,29,False,forest,random10,0,cap,0.01,9367,7534,78,1598,38,1031,529,1062,536,9289,0.1679405748735063,0.008327105796946729,
ton,ton,29,False,forest,random10,0,random,0.01,9367,7534,78,1598,14,1054,530,1062,536,9289,0.1705242760254064,0.008327105796946729,
ton,ton,29,False,forest,random10,0,frozen,0.05,9367,7534,747,1598,301,837,460,1062,536,8620,0.15046403712296985,0.07974805167075905,0.8926003913467191
ton,ton,29,False,forest,random10,0,cap,0.05,9367,7534,454,1598,191,909,498,1062,536,8913,0.15785930663076406,0.04846802604889506,
ton,ton,29,False,forest,random10,0,random,0.05,9367,7534,454,1598,88,1009,501,1062,536,8913,0.16941546056322226,0.04846802604889506,
ton,ton,29,False,forest,random10,0,frozen,0.1,9367,7534,1722,1598,559,682,357,1062,536,7645,0.13590582079790714,0.18383687413259314,0.8007591798558016
ton,ton,29,False,forest,random10,0,cap,0.1,9367,7534,921,1598,360,796,442,1062,536,8446,0.14657826189912385,0.0983239030639479,
ton,ton,29,False,forest,random10,0,random,0.1,9367,7534,921,1598,173,950,475,1062,536,8446,0.16871892019891072,0.0983239030639479,
ton,cic,29,False,forest,clean,4,forced,0.0,12188,306,0,482,0,302,180,302,180,12188,0.03954709550377421,0.0,
ton,cic,29,False,forest,clean,4,frozen,0.01,12188,306,73,482,34,301,147,302,180,12115,0.03697895171275278,0.005989497866754185,0.9583446269023296
ton,cic,29,False,forest,clean,4,cap,0.01,12188,306,110,482,46,296,140,302,180,12078,0.03609869183639675,0.009025270758122744,
ton,cic,29,False,forest,clean,4,random,0.01,12188,306,110,482,6,299,177,302,180,12078,0.03941049842689187,0.009025270758122744,
ton,cic,29,False,forest,clean,4,frozen,0.05,12188,306,210,482,67,294,121,302,180,11978,0.034646852563032224,0.017230062356416147,0.8926003913467191
ton,cic,29,False,forest,clean,4,cap,0.05,12188,306,598,482,104,289,89,302,180,11590,0.03261432269197584,0.04906465375779455,
ton,cic,29,False,forest,clean,4,random,0.05,12188,306,598,482,29,283,170,302,180,11590,0.03908541846419327,0.04906465375779455,
ton,cic,29,False,forest,clean,4,frozen,0.1,12188,306,1127,482,135,281,66,302,180,11061,0.03137148539915017,0.09246800131276665,0.8007591798558016
ton,cic,29,False,forest,clean,4,cap,0.1,12188,306,1209,482,138,281,63,302,180,10979,0.03133254394753621,0.09919593042336725,
ton,cic,29,False,forest,clean,4,random,0.1,12188,306,1209,482,58,263,161,302,180,10979,0.03861918207487021,0.09919593042336725,
ton,cic,29,False,forest,temporal,4,forced,0.0,12188,306,0,407,0,303,104,303,104,12188,0.033393501805054154,0.0,
ton,cic,29,False,forest,temporal,4,frozen,0.01,12188,306,76,407,19,302,86,303,104,12112,0.03203434610303831,0.0062356416147029865,0.9583446269023296
ton,cic,29,False,forest,temporal,4,cap,0.01,12188,306,110,407,30,299,78,303,104,12078,0.03121377711541646,0.009025270758122744,
ton,cic,29,False,forest,temporal,4,random,0.01,12188,306,110,407,6,300,101,303,104,12078,0.03320086106971353,0.009025270758122744,
ton,cic,29,False,forest,temporal,4,frozen,0.05,12188,306,207,407,57,293,57,303,104,11981,0.029212920457390868,0.016983918608467347,0.8926003913467191
ton,cic,29,False,forest,temporal,4,cap,0.05,12188,306,598,407,84,286,37,303,104,11590,0.027868852459016394,0.04906465375779455,
ton,cic,29,False,forest,temporal,4,random,0.05,12188,306,598,407,30,283,94,303,104,11590,0.03252804141501294,0.04906465375779455,
ton,cic,29,False,forest,temporal,4,frozen,0.1,12188,306,483,407,82,287,38,303,104,11705,0.027765912003417343,0.03962914341975714,0.8007591798558016
ton,cic,29,False,forest,temporal,4,cap,0.1,12188,306,1209,407,109,274,24,303,104,10979,0.027142727024319156,0.09919593042336725,
ton,cic,29,False,forest,temporal,4,random,0.1,12188,306,1209,407,53,263,91,303,104,10979,0.032243373713452955,0.09919593042336725,
ton,cic,29,False,forest,size,4,forced,0.0,12188,306,0,502,0,304,198,304,198,12188,0.04118805382343289,0.0,
ton,cic,29,False,forest,size,4,frozen,0.01,12188,306,75,502,38,302,162,304,198,12113,0.03830595228267151,0.006153593698720053,0.9583446269023296
ton,cic,29,False,forest,size,4,cap,0.01,12188,306,110,502,46,301,155,304,198,12078,0.037754595131644315,0.009025270758122744,
ton,cic,29,False,forest,size,4,random,0.01,12188,306,110,502,5,300,197,304,198,12078,0.04114919688690181,0.009025270758122744,
ton,cic,29,False,forest,size,4,frozen,0.05,12188,306,491,502,109,296,97,304,198,11697,0.033598358553475254,0.04028552674762061,0.8926003913467191
ton,cic,29,False,forest,size,4,cap,0.05,12188,306,598,502,122,292,88,304,198,11590,0.03278688524590164,0.04906465375779455,
ton,cic,29,False,forest,size,4,random,0.05,12188,306,598,502,27,283,192,304,198,11590,0.040983606557377046,0.04906465375779455,
ton,cic,29,False,forest,size,4,frozen,0.1,12188,306,1901,502,213,281,8,304,198,10287,0.02809371050840867,0.1559730882835576,0.8007591798558016
ton,cic,29,False,forest,size,4,cap,0.1,12188,306,1209,502,168,289,45,304,198,10979,0.030421714181619455,0.09919593042336725,
ton,cic,29,False,forest,size,4,random,0.1,12188,306,1209,502,56,263,183,304,198,10979,0.040623007559887056,0.09919593042336725,
ton,cic,29,False,forest,tcp,4,forced,0.0,12188,306,0,466,0,303,163,303,163,12188,0.03823432884804726,0.0,
ton,cic,29,False,forest,tcp,4,frozen,0.01,12188,306,96,466,50,300,116,303,163,12092,0.03440291101554747,0.007876599934361668,0.9583446269023296
ton,cic,29,False,forest,tcp,4,cap,0.01,12188,306,110,466,54,299,113,303,163,12078,0.03411160788209969,0.009025270758122744,
ton,cic,29,False,forest,tcp,4,random,0.01,12188,306,110,466,8,299,159,303,163,12078,0.03792018546116907,0.009025270758122744,
ton,cic,29,False,forest,tcp,4,frozen,0.05,12188,306,267,466,103,295,68,303,163,11921,0.030450465564969383,0.021906793567443388,0.8926003913467191
ton,cic,29,False,forest,tcp,4,cap,0.05,12188,306,598,466,146,288,32,303,163,11590,0.027610008628127698,0.04906465375779455,
ton,cic,29,False,forest,tcp,4,random,0.05,12188,306,598,466,33,282,151,303,163,11590,0.03735979292493529,0.04906465375779455,
ton,cic,29,False,forest,tcp,4,frozen,0.1,12188,306,669,466,156,283,27,303,163,11519,0.02691205833839743,0.05489005579258287,0.8007591798558016
ton,cic,29,False,forest,tcp,4,cap,0.1,12188,306,1209,466,190,260,16,303,163,10979,0.025138901539302306,0.09919593042336725,
ton,cic,29,False,forest,tcp,4,random,0.1,12188,306,1209,466,61,262,143,303,163,10979,0.03688860551962838,0.09919593042336725,
ton,cic,29,False,forest,temporal+tcp,4,forced,0.0,12188,306,0,491,0,303,188,303,188,12188,0.04028552674762061,0.0,
ton,cic,29,False,forest,temporal+tcp,4,frozen,0.01,12188,306,173,491,73,294,124,303,188,12015,0.03478984602580108,0.014194289465047588,0.9583446269023296
ton,cic,29,False,forest,temporal+tcp,4,cap,0.01,12188,306,110,491,52,298,141,303,188,12078,0.03634707733068389,0.009025270758122744,
ton,cic,29,False,forest,temporal+tcp,4,random,0.01,12188,306,110,491,8,299,184,303,188,12078,0.03999006458022852,0.009025270758122744,
ton,cic,29,False,forest,temporal+tcp,4,frozen,0.05,12188,306,395,491,132,287,72,303,188,11793,0.030441787501059952,0.032408926813258944,0.8926003913467191
ton,cic,29,False,forest,temporal+tcp,4,cap,0.05,12188,306,598,491,163,282,46,303,188,11590,0.02830025884383089,0.04906465375779455,
ton,cic,29,False,forest,temporal+tcp,4,random,0.05,12188,306,598,491,35,282,174,303,188,11590,0.03934426229508197,0.04906465375779455,
ton,cic,29,False,forest,temporal+tcp,4,frozen,0.1,12188,306,783,491,181,278,32,303,188,11405,0.027181060938185005,0.06424351821463735,0.8007591798558016
ton,cic,29,False,forest,temporal+tcp,4,cap,0.1,12188,306,1209,491,208,262,21,303,188,10979,0.02577648237544403,0.09919593042336725,
ton,cic,29,False,forest,temporal+tcp,4,random,0.1,12188,306,1209,491,65,262,164,303,188,10979,0.03880134802805356,0.09919593042336725,
ton,cic,29,False,forest,random10,4,forced,0.0,12188,306,0,795,0,295,500,295,500,12188,0.06522809320643255,0.0,
ton,cic,29,False,forest,random10,4,frozen,0.01,12188,306,349,795,160,291,344,295,500,11839,0.0536362868485514,0.028634722678043976,0.9583446269023296
ton,cic,29,False,forest,random10,4,cap,0.01,12188,306,110,795,52,294,449,295,500,12078,0.06151680741844676,0.009025270758122744,
ton,cic,29,False,forest,random10,4,random,0.01,12188,306,110,795,9,291,495,295,500,12078,0.06507699950322901,0.009025270758122744,
ton,cic,29,False,forest,random10,4,frozen,0.05,12188,306,944,795,349,277,169,295,500,11244,0.039665599430807545,0.07745323268788973,0.8926003913467191
ton,cic,29,False,forest,random10,4,cap,0.05,12188,306,598,795,256,286,253,295,500,11590,0.04650560828300259,0.04906465375779455,
ton,cic,29,False,forest,random10,4,random,0.05,12188,306,598,795,42,274,479,295,500,11590,0.06496980155306299,0.04906465375779455,
ton,cic,29,False,forest,random10,4,frozen,0.1,12188,306,2056,795,450,264,81,295,500,10132,0.034050532964863794,0.16869051526091236,0.8007591798558016
ton,cic,29,False,forest,random10,4,cap,0.1,12188,306,1209,795,386,273,136,295,500,10979,0.03725293742599508,0.09919593042336725,
ton,cic,29,False,forest,random10,4,random,0.1,12188,306,1209,795,82,255,458,295,500,10979,0.06494216230986428,0.09919593042336725,
ton,unsw,29,True,logistic,clean,0,forced,0.0,10417,1285,0,8912,0,215,8697,215,8697,10417,0.8555246232120572,0.0,
ton,unsw,29,True,logistic,clean,0,frozen,0.01,10417,1285,46,8912,16,200,8696,215,8697,10371,0.8577764921415485,0.004415858692521839,0.9152954809218643
ton,unsw,29,True,logistic,clean,0,cap,0.01,10417,1285,101,8912,30,187,8695,215,8697,10316,0.8609926328034122,0.009695689737928385,
ton,unsw,29,True,logistic,clean,0,random,0.01,10417,1285,101,8912,79,215,8618,215,8697,10316,0.8562427297402094,0.009695689737928385,
ton,unsw,29,True,logistic,clean,0,frozen,0.05,10417,1285,259,8912,97,129,8686,215,8697,10158,0.8677889348296909,0.02486320437745992,0.5790466817118836
ton,unsw,29,True,logistic,clean,0,cap,0.05,10417,1285,518,8912,260,109,8543,215,8697,9899,0.8740276795635923,0.04972640875491984,
ton,unsw,29,True,logistic,clean,0,random,0.05,10417,1285,518,8912,429,208,8275,215,8697,9899,0.856955248004849,0.04972640875491984,
ton,unsw,29,True,logistic,clean,0,frozen,0.1,10417,1285,486,8912,234,108,8570,215,8697,9931,0.8738294230188299,0.046654507055774216,0.430209545423792
ton,unsw,29,True,logistic,clean,0,cap,0.1,10417,1285,1040,8912,645,80,8187,215,8697,9377,0.8816252532793004,0.09983680522223289,
ton,unsw,29,True,logistic,clean,0,random,0.1,10417,1285,1040,8912,879,197,7836,215,8697,9377,0.8566705769435854,0.09983680522223289,
ton,unsw,29,True,logistic,temporal,0,forced,0.0,10417,1285,0,8966,0,269,8697,269,8697,10417,0.8607084573293654,0.0,
ton,unsw,29,True,logistic,temporal,0,frozen,0.01,10417,1285,44,8966,19,250,8697,269,8697,10373,0.8625277161862528,0.004223864836325237,0.9152954809218643
ton,unsw,29,True,logistic,temporal,0,cap,0.01,10417,1285,101,8966,60,224,8682,269,8697,10316,0.8633191159364094,0.009695689737928385,
ton,unsw,29,True,logistic,temporal,0,random,0.01,10417,1285,101,8966,80,268,8618,269,8697,10316,0.861380379992245,0.009695689737928385,
ton,unsw,29,True,logistic,temporal,0,frozen,0.05,10417,1285,820,8966,670,155,8141,269,8697,9597,0.8644368031676566,0.0787174810406067,0.5790466817118836
ton,unsw,29,True,logistic,temporal,0,cap,0.05,10417,1285,518,8966,394,173,8399,269,8697,9899,0.8659460551570866,0.04972640875491984,
ton,unsw,29,True,logistic,temporal,0,random,0.05,10417,1285,518,8966,431,260,8275,269,8697,9899,0.8622083038690777,0.04972640875491984,
ton,unsw,29,True,logistic,temporal,0,frozen,0.1,10417,1285,1055,8966,855,125,7986,269,8697,9362,0.8663747062593463,0.1012767591437074,0.430209545423792
ton,unsw,29,True,logistic,temporal,0,cap,0.1,10417,1285,1040,8966,815,131,8020,269,8697,9377,0.8692545590274074,0.09983680522223289,
ton,unsw,29,True,logistic,temporal,0,random,0.1,10417,1285,1040,8966,884,246,7836,269,8697,9377,0.8618961288258505,0.09983680522223289,
ton,unsw,29,True,logistic,size,0,forced,0.0,10417,1285,0,7172,0,137,7035,137,7035,10417,0.6884899683210137,0.0,
ton,unsw,29,True,logistic,size,0,frozen,0.01,10417,1285,39,7172,18,134,7020,137,7035,10378,0.6893428406243978,0.003743880195833733,0.9152954809218643
ton,unsw,29,True,logistic,size,0,cap,0.01,10417,1285,101,7172,47,132,6993,137,7035,10316,0.6906746801085692,0.009695689737928385,
ton,unsw,29,True,logistic,size,0,random,0.01,10417,1285,101,7172,62,137,6973,137,7035,10316,0.6892206281504459,0.009695689737928385,
ton,unsw,29,True,logistic,size,0,frozen,0.05,10417,1285,524,7172,266,129,6777,137,7035,9893,0.6980693419589609,0.050302390323509645,0.5790466817118836
ton,unsw,29,True,logistic,size,0,cap,0.05,10417,1285,518,7172,273,128,6771,137,7035,9899,0.6969390847560359,0.04972640875491984,
ton,unsw,29,True,logistic,size,0,random,0.05,10417,1285,518,7172,328,132,6712,137,7035,9899,0.6913829679765633,0.04972640875491984,
ton,unsw,29,True,logistic,size,0,frozen,0.1,10417,1285,1698,7172,1327,127,5718,137,7035,8719,0.6703750430095194,0.16300278391091486,0.430209545423792
ton,unsw,29,True,logistic,size,0,cap,0.1,10417,1285,1040,7172,720,128,6324,137,7035,9377,0.6880665458035619,0.09983680522223289,
ton,unsw,29,True,logistic,size,0,random,0.1,10417,1285,1040,7172,673,126,6373,137,7035,9377,0.6930788098538978,0.09983680522223289,
ton,unsw,29,True,logistic,tcp,0,forced,0.0,10417,1285,0,8917,0,220,8697,220,8697,10417,0.8560046078525487,0.0,
ton,unsw,29,True,logistic,tcp,0,frozen,0.01,10417,1285,30,8917,13,207,8697,220,8697,10387,0.8572253778761914,0.002879907842949026,0.9152954809218643
ton,unsw,29,True,logistic,tcp,0,cap,0.01,10417,1285,101,8917,38,183,8696,220,8697,10316,0.8607018224117875,0.009695689737928385,
ton,unsw,29,True,logistic,tcp,0,random,0.01,10417,1285,101,8917,79,220,8618,220,8697,10316,0.8567274137262505,0.009695689737928385,
ton,unsw,29,True,logistic,tcp,0,frozen,0.05,10417,1285,207,8917,71,167,8679,220,8697,10210,0.8664054848188051,0.019871364116348277,0.5790466817118836
ton,unsw,29,True,logistic,tcp,0,cap,0.05,10417,1285,518,8917,235,113,8569,220,8697,9899,0.877058288716032,0.04972640875491984,
ton,unsw,29,True,logistic,tcp,0,random,0.05,10417,1285,518,8917,428,214,8275,220,8697,9899,0.8575613698353369,0.04972640875491984,
ton,unsw,29,True,logistic,tcp,0,frozen,0.1,10417,1285,425,8917,173,114,8630,220,8697,9992,0.8751000800640513,0.04079869444177786,0.430209545423792
ton,unsw,29,True,logistic,tcp,0,cap,0.1,10417,1285,1040,8917,562,95,8260,220,8697,9377,0.8910099178841847,0.09983680522223289,
ton,unsw,29,True,logistic,tcp,0,random,0.1,10417,1285,1040,8917,876,205,7836,220,8697,9377,0.8575237282713021,0.09983680522223289,
ton,unsw,29,True,logistic,temporal+tcp,0,forced,0.0,10417,1285,0,8993,0,297,8696,297,8696,10417,0.8633003743880195,0.0,
ton,unsw,29,True,logistic,temporal+tcp,0,frozen,0.01,10417,1285,119,8993,97,271,8625,297,8696,10298,0.8638570596232278,0.011423634443697801,0.9152954809218643
ton,unsw,29,True,logistic,temporal+tcp,0,cap,0.01,10417,1285,101,8993,81,279,8633,297,8696,10316,0.8639007367196588,0.009695689737928385,
ton,unsw,29,True,logistic,temporal+tcp,0,random,0.01,10417,1285,101,8993,82,294,8617,297,8696,10316,0.8638037999224506,0.009695689737928385,
ton,unsw,29,True,logistic,temporal+tcp,0,frozen,0.05,10417,1285,647,8993,484,172,8337,297,8696,9770,0.8709314227226203,0.06211001247960065,0.5790466817118836
ton,unsw,29,True,logistic,temporal+tcp,0,cap,0.05,10417,1285,518,8993,405,232,8356,297,8696,9899,0.8675623800383877,0.04972640875491984,
ton,unsw,29,True,logistic,temporal+tcp,0,random,0.05,10417,1285,518,8993,434,285,8274,297,8696,9899,0.8646327911910294,0.04972640875491984,
ton,unsw,29,True,logistic,temporal+tcp,0,frozen,0.1,10417,1285,1070,8993,792,138,8063,297,8696,9347,0.8773938161977105,0.10271671306518192,0.430209545423792
ton,unsw,29,True,logistic,temporal+tcp,0,cap,0.1,10417,1285,1040,8993,749,146,8098,297,8696,9377,0.8791724432121147,0.09983680522223289,
ton,unsw,29,True,logistic,temporal+tcp,0,random,0.1,10417,1285,1040,8993,891,267,7835,297,8696,9377,0.8640290071451424,0.09983680522223289,
ton,unsw,29,True,logistic,random10,0,forced,0.0,10417,1285,0,8163,0,333,7830,333,7830,10417,0.7836229240664299,0.0,
ton,unsw,29,True,logistic,random10,0,frozen,0.01,10417,1285,81,8163,38,315,7810,333,7830,10336,0.7860874613003096,0.007775751175962369,0.9152954809218643
ton,unsw,29,True,logistic,random10,0,cap,0.01,10417,1285,101,8163,46,313,7804,333,7830,10316,0.7868359829391237,0.009695689737928385,
ton,unsw,29,True,logistic,random10,0,random,0.01,10417,1285,101,8163,71,333,7759,333,7830,10316,0.7844125630089182,0.009695689737928385,
ton,unsw,29,True,logistic,random10,0,frozen,0.05,10417,1285,449,8163,231,254,7678,333,7830,9968,0.7957463884430177,0.04310262071613708,0.5790466817118836
ton,unsw,29,True,logistic,random10,0,cap,0.05,10417,1285,518,8163,277,243,7643,333,7830,9899,0.7966461258713001,0.04972640875491984,
ton,unsw,29,True,logistic,random10,0,random,0.05,10417,1285,518,8163,404,320,7439,333,7830,9899,0.7838165471259724,0.04972640875491984,
ton,unsw,29,True,logistic,random10,0,frozen,0.1,10417,1285,654,8163,361,224,7578,333,7830,9763,0.7991396087268258,0.06278199097628875,0.430209545423792
ton,unsw,29,True,logistic,random10,0,cap,0.1,10417,1285,1040,8163,573,190,7400,333,7830,9377,0.8094273221712701,0.09983680522223289,
ton,unsw,29,True,logistic,random10,0,random,0.1,10417,1285,1040,8163,816,303,7044,333,7830,9377,0.7835128505918737,0.09983680522223289,
ton,ton,29,True,logistic,clean,0,forced,0.0,9367,7534,0,2125,0,1265,860,1265,860,9367,0.22686025408348456,0.0,
ton,ton,29,True,logistic,clean,0,frozen,0.01,9367,7534,1052,2125,644,649,832,1265,860,8315,0.17811184606133493,0.1123091704921533,0.9152954809218643
ton,ton,29,True,logistic,clean,0,cap,0.01,9367,7534,78,2125,46,1221,858,1265,860,9289,0.22381311228334588,0.008327105796946729,
ton,ton,29,True,logistic,clean,0,random,0.01,9367,7534,78,2125,18,1253,854,1265,860,9289,0.22682743029389602,0.008327105796946729,
ton,ton,29,True,logistic,clean,0,frozen,0.05,9367,7534,2535,2125,1164,227,734,1265,860,6832,0.1406615925058548,0.2706309384007687,0.5790466817118836
ton,ton,29,True,logistic,clean,0,cap,0.05,9367,7534,454,2125,285,1004,836,1265,860,8913,0.2064400314147874,0.04846802604889506,
ton,ton,29,True,logistic,clean,0,random,0.05,9367,7534,454,2125,109,1202,814,1265,860,8913,0.2261864692022888,0.04846802604889506,
ton,ton,29,True,logistic,clean,0,frozen,0.1,9367,7534,3691,2125,1318,177,630,1265,860,5676,0.14217758985200846,0.39404291662218427,0.430209545423792
ton,ton,29,True,logistic,clean,0,cap,0.1,9367,7534,921,2125,543,758,824,1265,860,8446,0.18730760123135212,0.0983239030639479,
ton,ton,29,True,logistic,clean,0,random,0.1,9367,7534,921,2125,216,1136,773,1265,860,8446,0.22602415344541796,0.0983239030639479,
ton,ton,29,True,logistic,temporal,0,forced,0.0,9367,7534,0,1390,0,478,912,478,912,9367,0.14839329561225578,0.0,
ton,ton,29,True,logistic,temporal,0,frozen,0.01,9367,7534,269,1390,109,404,877,478,912,9098,0.140800175862827,0.028717839222803458,0.9152954809218643
ton,ton,29,True,logistic,temporal,0,cap,0.01,9367,7534,78,1390,40,446,904,478,912,9289,0.14533318979438045,0.008327105796946729,
ton,ton,29,True,logistic,temporal,0,random,0.01,9367,7534,78,1390,10,474,906,478,912,9289,0.14856281623425557,0.008327105796946729,
ton,ton,29,True,logistic,temporal,0,frozen,0.05,9367,7534,3582,1390,651,157,582,478,912,5785,0.12774416594641314,0.38240632005978437,0.5790466817118836
ton,ton,29,True,logistic,temporal,0,cap,0.05,9367,7534,454,1390,168,364,858,478,912,8913,0.13710310782003815,0.04846802604889506,
ton,ton,29,True,logistic,temporal,0,random,0.05,9367,7534,454,1390,79,449,862,478,912,8913,0.14708852238303602,0.04846802604889506,
ton,ton,29,True,logistic,temporal,0,frozen,0.1,9367,7534,5025,1390,919,72,399,478,912,4342,0.10847535697835099,0.5364577773032988,0.430209545423792
ton,ton,29,True,logistic,temporal,0,cap,0.1,9367,7534,921,1390,266,303,821,478,912,8446,0.13308074828321098,0.0983239030639479,
ton,ton,29,True,logistic,temporal,0,random,0.1,9367,7534,921,1390,144,427,819,478,912,8446,0.14752545583708265,0.0983239030639479,
ton,ton,29,True,logistic,size,0,forced,0.0,9367,7534,0,3267,0,1960,1307,1960,1307,9367,0.3487776235721149,0.0,
ton,ton,29,True,logistic,size,0,frozen,0.01,9367,7534,430,3267,208,1809,1250,1960,1307,8937,0.3422848830703816,0.04590583964983452,0.9152954809218643
ton,ton,29,True,logistic,size,0,cap,0.01,9367,7534,78,3267,38,1939,1290,1960,1307,9289,0.3476154591452255,0.008327105796946729,
ton,ton,29,True,logistic,size,0,random,0.01,9367,7534,78,3267,24,1943,1300,1960,1307,9289,0.3491226181505006,0.008327105796946729,
ton,ton,29,True,logistic,size,0,frozen,0.05,9367,7534,3006,3267,1518,766,983,1960,1307,6361,0.27495676780380446,0.32091384648233157,0.5790466817118836
ton,ton,29,True,logistic,size,0,cap,0.05,9367,7534,454,3267,211,1835,1221,1960,1307,8913,0.34286996521934254,0.04846802604889506,
ton,ton,29,True,logistic,size,0,random,0.05,9367,7534,454,3267,154,1866,1247,1960,1307,8913,0.34926511836643104,0.04846802604889506,
ton,ton,29,True,logistic,size,0,frozen,0.1,9367,7534,5956,3267,2538,103,626,1960,1307,3411,0.21372031662269128,0.635849258033522,0.430209545423792
ton,ton,29,True,logistic,size,0,cap,0.1,9367,7534,921,3267,319,1773,1175,1960,1307,8446,0.3490409661378167,0.0983239030639479,
ton,ton,29,True,logistic,size,0,random,0.1,9367,7534,921,3267,317,1766,1184,1960,1307,8446,0.3492777646223064,0.0983239030639479,
ton,ton,29,True,logistic,tcp,0,forced,0.0,9367,7534,0,1394,0,480,914,480,914,9367,0.14882032667876588,0.0,
ton,ton,29,True,logistic,tcp,0,frozen,0.01,9367,7534,288,1394,111,404,879,480,914,9079,0.14131512281088227,0.03074623678872638,0.9152954809218643
ton,ton,29,True,logistic,tcp,0,cap,0.01,9367,7534,78,1394,42,445,907,480,914,9289,0.14554849822370547,0.008327105796946729,
ton,ton,29,True,logistic,tcp,0,random,0.01,9367,7534,78,1394,11,475,908,480,914,9289,0.14888577887824309,0.008327105796946729,
ton,ton,29,True,logistic,tcp,0,frozen,0.05,9367,7534,3747,1394,591,193,610,480,914,5620,0.14288256227758006,0.4000213515533255,0.5790466817118836
ton,ton,29,True,logistic,tcp,0,cap,0.05,9367,7534,454,1394,145,388,861,480,914,8913,0.14013239088971166,0.04846802604889506,
ton,ton,29,True,logistic,tcp,0,random,0.05,9367,7534,454,1394,78,451,865,480,914,8913,0.14764950072927185,0.04846802604889506,
ton,ton,29,True,logistic,tcp,0,frozen,0.1,9367,7534,5600,1394,878,83,433,480,914,3767,0.13697902840456597,0.5978434931141241,0.430209545423792
ton,ton,29,True,logistic,tcp,0,cap,0.1,9367,7534,921,1394,214,363,817,480,914,8446,0.13971110584892257,0.0983239030639479,
ton,ton,29,True,logistic,tcp,0,random,0.1,9367,7534,921,1394,143,431,820,480,914,8446,0.1481174520483069,0.0983239030639479,
ton,ton,29,True,logistic,temporal+tcp,0,forced,0.0,9367,7534,0,1802,0,959,843,959,843,9367,0.19237749546279492,0.0,
ton,ton,29,True,logistic,temporal+tcp,0,frozen,0.01,9367,7534,897,1802,441,609,752,959,843,8470,0.16068476977567886,0.09576171666488736,0.9152954809218643
ton,ton,29,True,logistic,temporal+tcp,0,cap,0.01,9367,7534,78,1802,40,923,839,959,843,9289,0.18968672623533211,0.008327105796946729,
ton,ton,29,True,logistic,temporal+tcp,0,random,0.01,9367,7534,78,1802,9,954,839,959,843,9289,0.19302400688986973,0.008327105796946729,
ton,ton,29,True,logistic,temporal+tcp,0,frozen,0.05,9367,7534,4346,1802,1265,123,414,959,843,5021,0.10695080661222864,0.4639692537632113,0.5790466817118836
ton,ton,29,True,logistic,temporal+tcp,0,cap,0.05,9367,7534,454,1802,228,769,805,959,843,8913,0.17659598339504096,0.04846802604889506,
ton,ton,29,True,logistic,temporal+tcp,0,random,0.05,9367,7534,454,1802,95,906,801,959,843,8913,0.19151800740491418,0.04846802604889506,
ton,ton,29,True,logistic,temporal+tcp,0,frozen,0.1,9367,7534,7271,1802,1469,70,263,959,843,2096,0.15887404580152673,0.7762357211487135,0.430209545423792
ton,ton,29,True,logistic,temporal+tcp,0,cap,0.1,9367,7534,921,1802,450,612,740,959,843,8446,0.1600757755150367,0.0983239030639479,
ton,ton,29,True,logistic,temporal+tcp,0,random,0.1,9367,7534,921,1802,181,861,760,959,843,8446,0.19192517167890125,0.0983239030639479,
ton,ton,29,True,logistic,random10,0,forced,0.0,9367,7534,0,2816,0,1909,907,1909,907,9367,0.3006298708231024,0.0,
ton,ton,29,True,logistic,random10,0,frozen,0.01,9367,7534,519,2816,273,1676,867,1909,907,8848,0.2874095840867993,0.055407280879683996,0.9152954809218643
ton,ton,29,True,logistic,random10,0,cap,0.01,9367,7534,78,2816,45,1868,903,1909,907,9289,0.2983098288297987,0.008327105796946729,
ton,ton,29,True,logistic,random10,0,random,0.01,9367,7534,78,2816,29,1887,900,1909,907,9289,0.30003229626439876,0.008327105796946729,
ton,ton,29,True,logistic,random10,0,frozen,0.05,9367,7534,2536,2816,1064,1029,723,1909,907,6831,0.256477821695213,0.2707376961673962,0.5790466817118836
ton,ton,29,True,logistic,random10,0,cap,0.05,9367,7534,454,2816,241,1703,872,1909,907,8913,0.28890384831145516,0.04846802604889506,
ton,ton,29,True,logistic,random10,0,random,0.05,9367,7534,454,2816,147,1808,861,1909,907,8913,0.29945024122068886,0.04846802604889506,
ton,ton,29,True,logistic,random10,0,frozen,0.1,9367,7534,3698,2816,1373,814,629,1909,907,5669,0.2545422473099312,0.3947902209885769,0.430209545423792
ton,ton,29,True,logistic,random10,0,cap,0.1,9367,7534,921,2816,458,1528,830,1909,907,8446,0.27918541321335544,0.0983239030639479,
ton,ton,29,True,logistic,random10,0,random,0.1,9367,7534,921,2816,292,1714,810,1909,907,8446,0.2988396874260005,0.0983239030639479,
ton,cic,29,True,logistic,clean,4,forced,0.0,12188,306,0,6980,0,152,6828,152,6828,12188,0.5726944535608796,0.0,
ton,cic,29,True,logistic,clean,4,frozen,0.01,12188,306,1161,6980,538,145,6297,152,6828,11027,0.5842024122608144,0.09525763045618642,0.9152954809218643
ton,cic,29,True,logistic,clean,4,cap,0.01,12188,306,110,6980,58,151,6771,152,6828,12078,0.5731081304851796,0.009025270758122744,
ton,cic,29,True,logistic,clean,4,random,0.01,12188,306,110,6980,62,150,6768,152,6828,12078,0.5727769498261301,0.009025270758122744,
ton,cic,29,True,logistic,clean,4,frozen,0.05,12188,306,5987,6980,2859,36,4085,152,6828,6201,0.6645702306079665,0.4912208729898261,0.5790466817118836
ton,cic,29,True,logistic,clean,4,cap,0.05,12188,306,598,6980,283,147,6550,152,6828,11590,0.577825711820535,0.04906465375779455,
ton,cic,29,True,logistic,clean,4,random,0.05,12188,306,598,6980,351,140,6489,152,6828,11590,0.5719585849870578,0.04906465375779455,
ton,cic,29,True,logistic,clean,4,frozen,0.1,12188,306,8096,6980,4159,21,2800,152,6828,4092,0.6893939393939394,0.6642599277978339,0.430209545423792
ton,cic,29,True,logistic,clean,4,cap,0.1,12188,306,1209,6980,569,145,6266,152,6828,10979,0.5839329629292285,0.09919593042336725,
ton,cic,29,True,logistic,clean,4,random,0.1,12188,306,1209,6980,705,131,6144,152,6828,10979,0.5715456781127607,0.09919593042336725,
ton,cic,29,True,logistic,temporal,4,forced,0.0,12188,306,0,5450,0,183,5267,183,5267,12188,0.4471611421069905,0.0,
ton,cic,29,True,logistic,temporal,4,frozen,0.01,12188,306,1215,5450,629,179,4642,183,5267,10973,0.43935113460311676,0.09968821791926485,0.9152954809218643
ton,cic,29,True,logistic,temporal,4,cap,0.01,12188,306,110,5450,59,182,5209,183,5267,12078,0.4463487332339791,0.009025270758122744,
ton,cic,29,True,logistic,temporal,4,random,0.01,12188,306,110,5450,48,180,5222,183,5267,12078,0.4472594800463653,0.009025270758122744,
ton,cic,29,True,logistic,temporal,4,frozen,0.05,12188,306,5607,5450,2597,135,2718,183,5267,6581,0.43352074152864306,0.46004266491631113,0.5790466817118836
ton,cic,29,True,logistic,temporal,4,cap,0.05,12188,306,598,5450,306,179,4965,183,5267,11590,0.4438308886971527,0.04906465375779455,
ton,cic,29,True,logistic,temporal,4,random,0.05,12188,306,598,5450,245,169,5036,183,5267,11590,0.44909404659188956,0.04906465375779455,
ton,cic,29,True,logistic,temporal,4,frozen,0.1,12188,306,7686,5450,3429,104,1917,183,5267,4502,0.44891159484673476,0.630620282244831,0.430209545423792
ton,cic,29,True,logistic,temporal,4,cap,0.1,12188,306,1209,5450,607,179,4664,183,5267,10979,0.44111485563348213,0.09919593042336725,
ton,cic,29,True,logistic,temporal,4,random,0.1,12188,306,1209,5450,521,158,4771,183,5267,10979,0.44894799162036614,0.09919593042336725,
ton,cic,29,True,logistic,size,4,forced,0.0,12188,306,0,7454,0,191,7263,191,7263,12188,0.6115851657367903,0.0,
ton,cic,29,True,logistic,size,4,frozen,0.01,12188,306,1305,7454,631,172,6651,191,7263,10883,0.6269411007994119,0.10707253035772892,0.9152954809218643
ton,cic,29,True,logistic,size,4,cap,0.01,12188,306,110,7454,50,190,7214,191,7263,12078,0.6130153999006458,0.009025270758122744,
ton,cic,29,True,logistic,size,4,random,0.01,12188,306,110,7454,65,188,7201,191,7263,12078,0.6117734724292101,0.009025270758122744,
ton,cic,29,True,logistic,size,4,frozen,0.05,12188,306,7850,7454,4444,46,2964,191,7263,4338,0.6938681420009221,0.6440761404660321,0.5790466817118836
ton,cic,29,True,logistic,size,4,cap,0.05,12188,306,598,7454,258,189,7007,191,7263,11590,0.6208800690250216,0.04906465375779455,
ton,cic,29,True,logistic,size,4,random,0.05,12188,306,598,7454,368,179,6907,191,7263,11590,0.6113891285591027,0.04906465375779455,
ton,cic,29,True,logistic,size,4,frozen,0.1,12188,306,9258,7454,5282,25,2147,191,7263,2930,0.741296928327645,0.7595996061700033,0.430209545423792
ton,cic,29,True,logistic,size,4,cap,0.1,12188,306,1209,7454,586,174,6694,191,7263,10979,0.625557883231624,0.09919593042336725,
ton,cic,29,True,logistic,size,4,random,0.1,12188,306,1209,7454,754,169,6531,191,7263,10979,0.6102559431642226,0.09919593042336725,
ton,cic,29,True,logistic,tcp,4,forced,0.0,12188,306,0,9410,0,41,9369,41,9369,12188,0.7720708893994093,0.0,
ton,cic,29,True,logistic,tcp,4,frozen,0.01,12188,306,732,9410,424,34,8952,41,9369,11456,0.7843924581005587,0.06005907449950771,0.9152954809218643
ton,cic,29,True,logistic,tcp,4,cap,0.01,12188,306,110,9410,63,41,9306,41,9369,12078,0.773886405033946,0.009025270758122744,
ton,cic,29,True,logistic,tcp,4,random,0.01,12188,306,110,9410,84,40,9286,41,9369,12078,0.772147706573936,0.009025270758122744,
ton,cic,29,True,logistic,tcp,4,frozen,0.05,12188,306,4836,9410,3297,18,6095,41,9369,7352,0.831474428726877,0.396783721693469,0.5790466817118836
ton,cic,29,True,logistic,tcp,4,cap,0.05,12188,306,598,9410,344,33,9033,41,9369,11590,0.7822260569456428,0.04906465375779455,
ton,cic,29,True,logistic,tcp,4,random,0.05,12188,306,598,9410,456,37,8917,41,9369,11590,0.7725625539257981,0.04906465375779455,
ton,cic,29,True,logistic,tcp,4,frozen,0.1,12188,306,7720,9410,5669,12,3729,41,9369,4468,0.8372873769024172,0.6334099113882508,0.430209545423792
ton,cic,29,True,logistic,tcp,4,cap,0.1,12188,306,1209,9410,649,30,8731,41,9369,10979,0.7979779579196649,0.09919593042336725,
ton,cic,29,True,logistic,tcp,4,random,0.1,12188,306,1209,9410,930,35,8445,41,9369,10979,0.7723836414974041,0.09919593042336725,
ton,cic,29,True,logistic,temporal+tcp,4,forced,0.0,12188,306,0,6850,0,76,6774,76,6774,12188,0.5620282244830981,0.0,
ton,cic,29,True,logistic,temporal+tcp,4,frozen,0.01,12188,306,1338,6850,600,71,6179,76,6774,10850,0.576036866359447,0.10978011158516573,0.9152954809218643
ton,cic,29,True,logistic,temporal+tcp,4,cap,0.01,12188,306,110,6850,52,74,6724,76,6774,12078,0.5628415300546448,0.009025270758122744,
ton,cic,29,True,logistic,temporal+tcp,4,random,0.01,12188,306,110,6850,59,76,6715,76,6774,12078,0.5622619639013081,0.009025270758122744,
ton,cic,29,True,logistic,temporal+tcp,4,frozen,0.05,12188,306,7628,6850,3225,11,3614,76,6774,4560,0.7949561403508771,0.6258615031178208,0.5790466817118836
ton,cic,29,True,logistic,temporal+tcp,4,cap,0.05,12188,306,598,6850,246,74,6530,76,6774,11590,0.5698015530629853,0.04906465375779455,
ton,cic,29,True,logistic,temporal+tcp,4,random,0.05,12188,306,598,6850,322,71,6457,76,6774,11590,0.563244176013805,0.04906465375779455,
ton,cic,29,True,logistic,temporal+tcp,4,frozen,0.1,12188,306,8812,6850,4114,7,2729,76,6774,3376,0.8104265402843602,0.7230062356416147,0.430209545423792
ton,cic,29,True,logistic,temporal+tcp,4,cap,0.1,12188,306,1209,6850,544,71,6235,76,6774,10979,0.5743692503871026,0.09919593042336725,
ton,cic,29,True,logistic,temporal+tcp,4,random,0.1,12188,306,1209,6850,660,65,6125,76,6774,10979,0.5638036251024684,0.09919593042336725,
ton,cic,29,True,logistic,random10,4,forced,0.0,12188,306,0,6675,0,148,6527,148,6527,12188,0.5476698391860847,0.0,
ton,cic,29,True,logistic,random10,4,frozen,0.01,12188,306,743,6675,356,138,6181,148,6527,11445,0.5521188291830493,0.06096160157531999,0.9152954809218643
ton,cic,29,True,logistic,random10,4,cap,0.01,12188,306,110,6675,47,146,6482,148,6527,12078,0.5487663520450405,0.009025270758122744,
ton,cic,29,True,logistic,random10,4,random,0.01,12188,306,110,6675,63,145,6467,148,6527,12078,0.5474416294088426,0.009025270758122744,
ton,cic,29,True,logistic,random10,4,frozen,0.05,12188,306,3892,6675,2014,87,4574,148,6527,8296,0.5618370298939248,0.31933048900557925,0.5790466817118836
ton,cic,29,True,logistic,random10,4,cap,0.05,12188,306,598,6675,277,140,6258,148,6527,11590,0.5520276100086281,0.04906465375779455,
ton,cic,29,True,logistic,random10,4,random,0.05,12188,306,598,6675,311,137,6227,148,6527,11590,0.5490940465918895,0.04906465375779455,
ton,cic,29,True,logistic,random10,4,frozen,0.1,12188,306,5444,6675,2867,66,3742,148,6527,6744,0.564650059311981,0.4466688546110929,0.430209545423792
ton,cic,29,True,logistic,random10,4,cap,0.1,12188,306,1209,6675,602,133,5940,148,6527,10979,0.5531469168412424,0.09919593042336725,
ton,cic,29,True,logistic,random10,4,random,0.1,12188,306,1209,6675,640,133,5902,148,6527,10979,0.5496857637307587,0.09919593042336725,
ton,unsw,29,True,forest,clean,0,forced,0.0,10417,1285,0,5475,0,1126,4349,1126,4349,10417,0.5255831813381971,0.0,
ton,unsw,29,True,forest,clean,0,frozen,0.01,10417,1285,1789,5475,897,1090,3488,1126,4349,8628,0.5305980528511822,0.17173850436786023,0.9695692712368045
ton,unsw,29,True,forest,clean,0,cap,0.01,10417,1285,101,5475,23,1126,4326,1126,4349,10316,0.5284994183792168,0.009695689737928385,
ton,unsw,29,True,forest,clean,0,random,0.01,10417,1285,101,5475,56,1112,4307,1126,4349,10316,0.5253005040713454,0.009695689737928385,
ton,unsw,29,True,forest,clean,0,frozen,0.05,10417,1285,6127,5475,3222,1039,1214,1126,4349,4290,0.5251748251748252,0.5881731784582893,0.8769785508525896
ton,unsw,29,True,forest,clean,0,cap,0.05,10417,1285,518,5475,264,1118,4093,1126,4349,9899,0.5264168097787655,0.04972640875491984,
ton,unsw,29,True,forest,clean,0,random,0.05,10417,1285,518,5475,271,1071,4133,1126,4349,9899,0.5257096676431963,0.04972640875491984,
ton,unsw,29,True,forest,clean,0,frozen,0.1,10417,1285,8095,5475,4256,964,255,1126,4349,2322,0.5249784668389319,0.7770951329557454,0.8029887992041693
ton,unsw,29,True,forest,clean,0,cap,0.1,10417,1285,1040,5475,550,1104,3821,1126,4349,9377,0.5252212861256266,0.09983680522223289,
ton,unsw,29,True,forest,clean,0,random,0.1,10417,1285,1040,5475,534,1014,3927,1126,4349,9377,0.52692758878106,0.09983680522223289,
ton,unsw,29,True,forest,temporal,0,forced,0.0,10417,1285,0,6277,0,1165,5112,1165,5112,10417,0.6025727176730344,0.0,
ton,unsw,29,True,forest,temporal,0,frozen,0.01,10417,1285,1843,6277,999,1123,4155,1165,5112,8574,0.615581992069046,0.17692233848516847,0.9695692712368045
ton,unsw,29,True,forest,temporal,0,cap,0.01,10417,1285,101,6277,68,1162,5047,1165,5112,10316,0.6018805738658395,0.009695689737928385,
ton,unsw,29,True,forest,temporal,0,random,0.01,10417,1285,101,6277,58,1151,5068,1165,5112,10316,0.6028499418379216,0.009695689737928385,
ton,unsw,29,True,forest,temporal,0,frozen,0.05,10417,1285,6958,6277,4615,1049,613,1165,5112,3459,0.48048568950563747,0.6679466257079774,0.8769785508525896
ton,unsw,29,True,forest,temporal,0,cap,0.05,10417,1285,518,6277,211,1157,4909,1165,5112,9899,0.6127891706232953,0.04972640875491984,
ton,unsw,29,True,forest,temporal,0,random,0.05,10417,1285,518,6277,293,1108,4876,1165,5112,9899,0.604505505606627,0.04972640875491984,
ton,unsw,29,True,forest,temporal,0,frozen,0.1,10417,1285,8118,6277,5100,957,220,1165,5112,2299,0.5119617224880383,0.7793030623020063,0.8029887992041693
ton,unsw,29,True,forest,temporal,0,cap,0.1,10417,1285,1040,6277,476,1136,4665,1165,5112,9377,0.618641356510611,0.09983680522223289,
ton,unsw,29,True,forest,temporal,0,random,0.1,10417,1285,1040,6277,598,1050,4629,1165,5112,9377,0.6056307987629306,0.09983680522223289,
ton,unsw,29,True,forest,size,0,forced,0.0,10417,1285,0,3698,0,1230,2468,1230,2468,10417,0.3549966401075166,0.0,
ton,unsw,29,True,forest,size,0,frozen,0.01,10417,1285,1145,3698,639,1187,1872,1230,2468,9272,0.32991803278688525,0.10991648267255448,0.9695692712368045
ton,unsw,29,True,forest,size,0,cap,0.01,10417,1285,101,3698,36,1229,2433,1230,2468,10316,0.35498255137650253,0.009695689737928385,
ton,unsw,29,True,forest,size,0,random,0.01,10417,1285,101,3698,35,1215,2448,1230,2468,10316,0.35507948817371077,0.009695689737928385,
ton,unsw,29,True,forest,size,0,frozen,0.05,10417,1285,5295,3698,2072,971,655,1230,2468,5122,0.31745411948457636,0.508303734280503,0.8769785508525896
ton,unsw,29,True,forest,size,0,cap,0.05,10417,1285,518,3698,246,1222,2230,1230,2468,9899,0.3487220931407213,0.04972640875491984,
ton,unsw,29,True,forest,size,0,random,0.05,10417,1285,518,3698,172,1170,2356,1230,2468,9899,0.3561975957167391,0.04972640875491984,
ton,unsw,29,True,forest,size,0,frozen,0.1,10417,1285,6759,3698,2614,916,168,1230,2468,3658,0.2963367960634226,0.6488432370164154,0.8029887992041693
ton,unsw,29,True,forest,size,0,cap,0.1,10417,1285,1040,3698,577,1195,1926,1230,2468,9377,0.33283566172549855,0.09983680522223289,
ton,unsw,29,True,forest,size,0,random,0.1,10417,1285,1040,3698,356,1108,2234,1230,2468,9377,0.3564039671536739,0.09983680522223289,
ton,unsw,29,True,forest,tcp,0,forced,0.0,10417,1285,0,2665,0,1087,1578,1087,1578,10417,0.25583181338197175,0.0,
ton,unsw,29,True,forest,tcp,0,frozen,0.01,10417,1285,2184,2665,632,1052,981,1087,1578,8233,0.24693307421353092,0.20965729096668906,0.9695692712368045
ton,unsw,29,True,forest,tcp,0,cap,0.01,10417,1285,101,2665,40,1085,1540,1087,1578,10316,0.2544590926715781,0.009695689737928385,
ton,unsw,29,True,forest,tcp,0,random,0.01,10417,1285,101,2665,32,1074,1559,1087,1578,10316,0.2552345870492439,0.009695689737928385,
ton,unsw,29,True,forest,tcp,0,frozen,0.05,10417,1285,7244,2665,1442,981,242,1087,1578,3173,0.385439647021746,0.6954017471440914,0.8769785508525896
ton,unsw,29,True,forest,tcp,0,cap,0.05,10417,1285,518,2665,175,1078,1412,1087,1578,9899,0.25154055965249017,0.04972640875491984,
ton,unsw,29,True,forest,tcp,0,random,0.05,10417,1285,518,2665,138,1034,1493,1087,1578,9899,0.255278310940499,0.04972640875491984,
ton,unsw,29,True,forest,tcp,0,frozen,0.1,10417,1285,8619,2665,1564,958,143,1087,1578,1798,0.6123470522803115,0.8273975232792551,0.8029887992041693
ton,unsw,29,True,forest,tcp,0,cap,0.1,10417,1285,1040,2665,376,1068,1221,1087,1578,9377,0.24410792364295616,0.09983680522223289,
ton,unsw,29,True,forest,tcp,0,random,0.1,10417,1285,1040,2665,265,981,1419,1087,1578,9377,0.2559453983150261,0.09983680522223289,
ton,unsw,29,True,forest,temporal+tcp,0,forced,0.0,10417,1285,0,1503,0,1282,221,1282,221,10417,0.1442833829317462,0.0,
ton,unsw,29,True,forest,temporal+tcp,0,frozen,0.01,10417,1285,175,1503,61,1276,166,1282,221,10242,0.14079281390353446,0.01679946241720265,0.9695692712368045
ton,unsw,29,True,forest,temporal+tcp,0,cap,0.01,10417,1285,101,1503,42,1279,182,1282,221,10316,0.14162466072120977,0.009695689737928385,
ton,unsw,29,True,forest,temporal+tcp,0,random,0.01,10417,1285,101,1503,18,1266,219,1282,221,10316,0.14395114385420707,0.009695689737928385,
ton,unsw,29,True,forest,temporal+tcp,0,frozen,0.05,10417,1285,2936,1503,298,1203,2,1282,221,7481,0.16107472263066436,0.2818469808966113,0.8769785508525896
ton,unsw,29,True,forest,temporal+tcp,0,cap,0.05,10417,1285,518,1503,104,1264,135,1282,221,9899,0.14132740680876857,0.04972640875491984,
ton,unsw,29,True,forest,temporal+tcp,0,random,0.05,10417,1285,518,1503,78,1217,208,1282,221,9899,0.14395393474088292,0.04972640875491984,
ton,unsw,29,True,forest,temporal+tcp,0,frozen,0.1,10417,1285,7369,1503,455,1048,0,1282,221,3048,0.3438320209973753,0.707401363156379,0.8029887992041693
ton,unsw,29,True,forest,temporal+tcp,0,cap,0.1,10417,1285,1040,1503,197,1238,68,1282,221,9377,0.13927695424976005,0.09983680522223289,
ton,unsw,29,True,forest,temporal+tcp,0,random,0.1,10417,1285,1040,1503,156,1151,196,1282,221,9377,0.1436493548043084,0.09983680522223289,
ton,unsw,29,True,forest,random10,0,forced,0.0,10417,1285,0,5693,0,1109,4584,1109,4584,10417,0.5465105116636267,0.0,
ton,unsw,29,True,forest,random10,0,frozen,0.01,10417,1285,1725,5693,887,1072,3734,1109,4584,8692,0.5529222273354809,0.16559470096956896,0.9695692712368045
ton,unsw,29,True,forest,random10,0,cap,0.01,10417,1285,101,5693,55,1104,4534,1109,4584,10316,0.5465296626599457,0.009695689737928385,
ton,unsw,29,True,forest,random10,0,random,0.01,10417,1285,101,5693,53,1096,4544,1109,4584,10316,0.5467235362543622,0.009695689737928385,
ton,unsw,29,True,forest,random10,0,frozen,0.05,10417,1285,6015,5693,3158,982,1553,1109,4584,4402,0.5758746024534303,0.5774215225112797,0.8769785508525896
ton,unsw,29,True,forest,random10,0,cap,0.05,10417,1285,518,5693,281,1096,4316,1109,4584,9899,0.5467218911001112,0.04972640875491984,
ton,unsw,29,True,forest,random10,0,random,0.05,10417,1285,518,5693,270,1054,4369,1109,4584,9899,0.5478331144560057,0.04972640875491984,
ton,unsw,29,True,forest,random10,0,frozen,0.1,10417,1285,8049,5693,4270,899,524,1109,4584,2368,0.6009290540540541,0.7726792742632236,0.8029887992041693
ton,unsw,29,True,forest,random10,0,cap,0.1,10417,1285,1040,5693,535,1084,4074,1109,4584,9377,0.550069318545377,0.09983680522223289,
ton,unsw,29,True,forest,random10,0,random,0.1,10417,1285,1040,5693,535,1000,4158,1109,4584,9377,0.550069318545377,0.09983680522223289,
ton,ton,29,True,forest,clean,0,forced,0.0,9367,7534,0,1134,0,719,415,719,415,9367,0.12106330735561012,0.0,
ton,ton,29,True,forest,clean,0,frozen,0.01,9367,7534,170,1134,57,670,407,719,415,9197,0.11710340328367946,0.018148820326678767,0.9695692712368045
ton,ton,29,True,forest,clean,0,cap,0.01,9367,7534,78,1134,33,688,413,719,415,9289,0.11852729034341694,0.008327105796946729,
ton,ton,29,True,forest,clean,0,random,0.01,9367,7534,78,1134,7,717,410,719,415,9289,0.12132629992464206,0.008327105796946729,
ton,ton,29,True,forest,clean,0,frozen,0.05,9367,7534,962,1134,187,571,376,719,415,8405,0.11267102914931588,0.10270097149567631,0.8769785508525896
ton,ton,29,True,forest,clean,0,cap,0.05,9367,7534,454,1134,140,602,392,719,415,8913,0.11152249523168406,0.04846802604889506,
ton,ton,29,True,forest,clean,0,random,0.05,9367,7534,454,1134,65,679,390,719,415,8913,0.11993717042522159,0.04846802604889506,
ton,ton,29,True,forest,clean,0,frozen,0.1,9367,7534,1587,1134,239,557,338,719,415,7780,0.11503856041131105,0.16942457563787766,0.8029887992041693
ton,ton,29,True,forest,clean,0,cap,0.1,9367,7534,921,1134,196,568,370,719,415,8446,0.11105848922566895,0.0983239030639479,
ton,ton,29,True,forest,clean,0,random,0.1,9367,7534,921,1134,124,641,369,719,415,8446,0.11958323466729813,0.0983239030639479,
ton,ton,29,True,forest,temporal,0,forced,0.0,9367,7534,0,1257,0,832,425,832,425,9367,0.13419451265079535,0.0,
ton,ton,29,True,forest,temporal,0,frozen,0.01,9367,7534,121,1257,68,767,422,832,425,9246,0.12859614968635086,0.01291768976193018,0.9695692712368045
ton,ton,29,True,forest,temporal,0,cap,0.01,9367,7534,78,1257,39,796,422,832,425,9289,0.13112283345892992,0.008327105796946729,
ton,ton,29,True,forest,temporal,0,random,0.01,9367,7534,78,1257,11,826,420,832,425,9289,0.13413715146948002,0.008327105796946729,
ton,ton,29,True,forest,temporal,0,frozen,0.05,9367,7534,280,1257,119,730,408,832,425,9087,0.12523385055573896,0.0298921746557062,0.8769785508525896
ton,ton,29,True,forest,temporal,0,cap,0.05,9367,7534,454,1257,153,713,391,832,425,8913,0.12386401884887244,0.04846802604889506,
ton,ton,29,True,forest,temporal,0,random,0.05,9367,7534,454,1257,65,792,400,832,425,8913,0.13373723774262314,0.04846802604889506,
ton,ton,29,True,forest,temporal,0,frozen,0.1,9367,7534,578,1257,213,669,375,832,425,8789,0.11878484469222893,0.06170598911070781,0.8029887992041693
ton,ton,29,True,forest,temporal,0,cap,0.1,9367,7534,921,1257,299,593,365,832,425,8446,0.11342647407056596,0.0983239030639479,
ton,ton,29,True,forest,temporal,0,random,0.1,9367,7534,921,1257,134,746,377,832,425,8446,0.13296234904096613,0.0983239030639479,
ton,ton,29,True,forest,size,0,forced,0.0,9367,7534,0,1575,0,867,708,867,708,9367,0.1681434824383474,0.0,
ton,ton,29,True,forest,size,0,frozen,0.01,9367,7534,144,1575,97,855,623,867,708,9223,0.16025154505041744,0.01537311839436319,0.9695692712368045
ton,ton,29,True,forest,size,0,cap,0.01,9367,7534,78,1575,34,850,691,867,708,9289,0.1658951447949187,0.008327105796946729,
ton,ton,29,True,forest,size,0,random,0.01,9367,7534,78,1575,14,859,702,867,708,9289,0.1680482290881688,0.008327105796946729,
ton,ton,29,True,forest,size,0,frozen,0.05,9367,7534,546,1575,305,786,484,867,708,8821,0.1439746060537354,0.0582897405786271,0.8769785508525896
ton,ton,29,True,forest,size,0,cap,0.05,9367,7534,454,1575,226,710,639,867,708,8913,0.15135195781442837,0.04846802604889506,
ton,ton,29,True,forest,size,0,random,0.05,9367,7534,454,1575,83,824,668,867,708,8913,0.16739593851677326,0.04846802604889506,
ton,ton,29,True,forest,size,0,frozen,0.1,9367,7534,943,1575,536,645,394,867,708,8424,0.12333808167141501,0.10067257392975339,0.8029887992041693
ton,ton,29,True,forest,size,0,cap,0.1,9367,7534,921,1575,488,513,574,867,708,8446,0.12869997632015154,0.0983239030639479,
ton,ton,29,True,forest,size,0,random,0.1,9367,7534,921,1575,165,780,630,867,708,8446,0.16694293156523798,0.0983239030639479,
ton,ton,29,True,forest,tcp,0,forced,0.0,9367,7534,0,2022,0,1496,526,1496,526,9367,0.21586420412084978,0.0,
ton,ton,29,True,forest,tcp,0,frozen,0.01,9367,7534,318,2022,206,1426,390,1496,526,9049,0.20068515858105868,0.03394896978755205,0.9695692712368045
ton,ton,29,True,forest,tcp,0,cap,0.01,9367,7534,78,2022,40,1466,516,1496,526,9289,0.213370653461083,0.008327105796946729,
ton,ton,29,True,forest,tcp,0,random,0.01,9367,7534,78,2022,13,1488,521,1496,526,9289,0.2162773172569706,0.008327105796946729,
ton,ton,29,True,forest,tcp,0,frozen,0.05,9367,7534,968,2022,485,1184,353,1496,526,8399,0.1829979759495178,0.10334151809544144,0.8769785508525896
ton,ton,29,True,forest,tcp,0,cap,0.05,9367,7534,454,2022,243,1321,458,1496,526,8913,0.1995960955907102,0.04846802604889506,
ton,ton,29,True,forest,tcp,0,random,0.05,9367,7534,454,2022,104,1424,494,1496,526,8913,0.21519129361606643,0.04846802604889506,
ton,ton,29,True,forest,tcp,0,frozen,0.1,9367,7534,1735,2022,723,985,314,1496,526,7632,0.17020440251572327,0.18522472509875093,0.8029887992041693
ton,ton,29,True,forest,tcp,0,cap,0.1,9367,7534,921,2022,437,1186,399,1496,526,8446,0.18766279895808666,0.0983239030639479,
ton,ton,29,True,forest,tcp,0,random,0.1,9367,7534,921,2022,200,1354,468,1496,526,8446,0.21572341937011602,0.0983239030639479,
ton,ton,29,True,forest,temporal+tcp,0,forced,0.0,9367,7534,0,2192,0,1822,370,1822,370,9367,0.23401302444752856,0.0,
ton,ton,29,True,forest,temporal+tcp,0,frozen,0.01,9367,7534,531,2192,274,1565,353,1822,370,8836,0.21706654594839295,0.05668837407921426,0.9695692712368045
ton,ton,29,True,forest,temporal+tcp,0,cap,0.01,9367,7534,78,2192,41,1784,367,1822,370,9289,0.23156421573904618,0.008327105796946729,
ton,ton,29,True,forest,temporal+tcp,0,random,0.01,9367,7534,78,2192,14,1812,366,1822,370,9289,0.23447087953493378,0.008327105796946729,
ton,ton,29,True,forest,temporal+tcp,0,frozen,0.05,9367,7534,2493,2192,645,1311,236,1822,370,6874,0.225050916496945,0.2661471122024127,0.8769785508525896
ton,ton,29,True,forest,temporal+tcp,0,cap,0.05,9367,7534,454,2192,221,1616,355,1822,370,8913,0.22113766408616628,0.04846802604889506,
ton,ton,29,True,forest,temporal+tcp,0,random,0.05,9367,7534,454,2192,108,1736,348,1822,370,8913,0.23381577471109616,0.04846802604889506,
ton,ton,29,True,forest,temporal+tcp,0,frozen,0.1,9367,7534,3724,2192,905,1137,150,1822,370,5643,0.22807017543859648,0.3975659229208925,0.8029887992041693
ton,ton,29,True,forest,temporal+tcp,0,cap,0.1,9367,7534,921,2192,370,1487,335,1822,370,8446,0.21572341937011602,0.0983239030639479,
ton,ton,29,True,forest,temporal+tcp,0,random,0.1,9367,7534,921,2192,208,1653,331,1822,370,8446,0.23490409661378167,0.0983239030639479,
ton,ton,29,True,forest,random10,0,forced,0.0,9367,7534,0,1390,0,948,442,948,442,9367,0.14839329561225578,0.0,
ton,ton,29,True,forest,random10,0,frozen,0.01,9367,7534,234,1390,94,872,424,948,442,9133,0.14190298916018831,0.024981317390840183,0.9695692712368045
ton,ton,29,True,forest,random10,0,cap,0.01,9367,7534,78,1390,35,918,437,948,442,9289,0.14587146086769298,0.008327105796946729,
ton,ton,29,True,forest,random10,0,random,0.01,9367,7534,78,1390,12,941,437,948,442,9289,0.14834750780493056,0.008327105796946729,
ton,ton,29,True,forest,random10,0,frozen,0.05,9367,7534,961,1390,317,695,378,948,442,8406,0.12764691886747562,0.10259421372904878,0.8769785508525896
ton,ton,29,True,forest,random10,0,cap,0.05,9367,7534,454,1390,192,787,411,948,442,8913,0.13441041175810614,0.04846802604889506,
ton,ton,29,True,forest,random10,0,random,0.05,9367,7534,454,1390,76,900,414,948,442,8913,0.14742510939077752,0.04846802604889506,
ton,ton,29,True,forest,random10,0,frozen,0.1,9367,7534,1602,1390,445,605,340,948,442,7765,0.12169993560849968,0.1710259421372905,0.8029887992041693
ton,ton,29,True,forest,random10,0,cap,0.1,9367,7534,921,1390,316,693,381,948,442,8446,0.12716078617096851,0.0983239030639479,
ton,ton,29,True,forest,random10,0,random,0.1,9367,7534,921,1390,149,849,392,948,442,8446,0.14693345962585838,0.0983239030639479,
ton,cic,29,True,forest,clean,4,forced,0.0,12188,306,0,462,0,302,160,302,160,12188,0.03790613718411552,0.0,
ton,cic,29,True,forest,clean,4,frozen,0.01,12188,306,54,462,30,299,133,302,160,12134,0.03560243942640514,0.004430587463078438,0.9695692712368045
ton,cic,29,True,forest,clean,4,cap,0.01,12188,306,110,462,46,298,118,302,160,12078,0.0344427885411492,0.009025270758122744,
ton,cic,29,True,forest,clean,4,random,0.01,12188,306,110,462,7,299,156,302,160,12078,0.037671799966881934,0.009025270758122744,
ton,cic,29,True,forest,clean,4,frozen,0.05,12188,306,272,462,75,295,92,302,160,11916,0.0324773413897281,0.022317033147358056,0.8769785508525896
ton,cic,29,True,forest,clean,4,cap,0.05,12188,306,598,462,95,290,77,302,160,11590,0.03166522864538395,0.04906465375779455,
ton,cic,29,True,forest,clean,4,random,0.05,12188,306,598,462,33,283,146,302,160,11590,0.03701466781708369,0.04906465375779455,
ton,cic,29,True,forest,clean,4,frozen,0.1,12188,306,676,462,102,287,73,302,160,11512,0.03127171646977067,0.055464391204463406,0.8029887992041693
ton,cic,29,True,forest,clean,4,cap,0.1,12188,306,1209,462,116,281,65,302,160,10979,0.031514709900719556,0.09919593042336725,
ton,cic,29,True,forest,clean,4,random,0.1,12188,306,1209,462,60,263,139,302,160,10979,0.036615356589853355,0.09919593042336725,
ton,cic,29,True,forest,temporal,4,forced,0.0,12188,306,0,407,0,303,104,303,104,12188,0.033393501805054154,0.0,
ton,cic,29,True,forest,temporal,4,frozen,0.01,12188,306,47,407,18,300,89,303,104,12141,0.03204019438267029,0.0038562520511978998,0.9695692712368045
ton,cic,29,True,forest,temporal,4,cap,0.01,12188,306,110,407,31,299,77,303,104,12078,0.031130981950654082,0.009025270758122744,
ton,cic,29,True,forest,temporal,4,random,0.01,12188,306,110,407,6,299,102,303,104,12078,0.03320086106971353,0.009025270758122744,
ton,cic,29,True,forest,temporal,4,frozen,0.05,12188,306,193,407,41,298,68,303,104,11995,0.03051271363067945,0.01583524778470627,0.8769785508525896
ton,cic,29,True,forest,temporal,4,cap,0.05,12188,306,598,407,63,289,55,303,104,11590,0.029680759275237275,0.04906465375779455,
ton,cic,29,True,forest,temporal,4,random,0.05,12188,306,598,407,29,284,94,303,104,11590,0.03261432269197584,0.04906465375779455,
ton,cic,29,True,forest,temporal,4,frozen,0.1,12188,306,516,407,60,290,57,303,104,11672,0.02972926662097327,0.042336724647193964,0.8029887992041693
ton,cic,29,True,forest,temporal,4,cap,0.1,12188,306,1209,407,72,281,54,303,104,10979,0.03051279715821113,0.09919593042336725,
ton,cic,29,True,forest,temporal,4,random,0.1,12188,306,1209,407,56,264,87,303,104,10979,0.03197012478367793,0.09919593042336725,
ton,cic,29,True,forest,size,4,forced,0.0,12188,306,0,1667,0,261,1406,261,1406,12188,0.13677387594355103,0.0,
ton,cic,29,True,forest,size,4,frozen,0.01,12188,306,935,1667,418,251,998,261,1406,11253,0.11099262418910513,0.07671480144404332,0.9695692712368045
ton,cic,29,True,forest,size,4,cap,0.01,12188,306,110,1667,71,260,1336,261,1406,12078,0.13214108296075508,0.009025270758122744,
ton,cic,29,True,forest,size,4,random,0.01,12188,306,110,1667,17,258,1392,261,1406,12078,0.1366120218579235,0.009025270758122744,
ton,cic,29,True,forest,size,4,frozen,0.05,12188,306,5391,1667,1171,205,291,261,1406,6797,0.07297337060467854,0.4423203150639974,0.8769785508525896
ton,cic,29,True,forest,size,4,cap,0.05,12188,306,598,1667,313,254,1100,261,1406,11590,0.11682484900776531,0.04906465375779455,
ton,cic,29,True,forest,size,4,random,0.05,12188,306,598,1667,82,244,1341,261,1406,11590,0.13675582398619499,0.04906465375779455,
ton,cic,29,True,forest,size,4,frozen,0.1,12188,306,7079,1667,1302,195,170,261,1406,5109,0.07144255235858289,0.58081719724319,0.8029887992041693
ton,cic,29,True,forest,size,4,cap,0.1,12188,306,1209,1667,535,247,885,261,1406,10979,0.10310592950177612,0.09919593042336725,
ton,cic,29,True,forest,size,4,random,0.1,12188,306,1209,1667,169,227,1271,261,1406,10979,0.1364422989343292,0.09919593042336725,
ton,cic,29,True,forest,tcp,4,forced,0.0,12188,306,0,464,0,304,160,304,160,12188,0.03807023301608139,0.0,
ton,cic,29,True,forest,tcp,4,frozen,0.01,12188,306,38,464,15,303,146,304,160,12150,0.036954732510288066,0.0031178208073514933,0.9695692712368045
ton,cic,29,True,forest,tcp,4,cap,0.01,12188,306,110,464,32,299,133,304,160,12078,0.03576751117734724,0.009025270758122744,
ton,cic,29,True,forest,tcp,4,random,0.01,12188,306,110,464,8,301,155,304,160,12078,0.037754595131644315,0.009025270758122744,
ton,cic,29,True,forest,tcp,4,frozen,0.05,12188,306,230,464,68,296,100,304,160,11958,0.03311590566984446,0.018871020676074827,0.8769785508525896
ton,cic,29,True,forest,tcp,4,cap,0.05,12188,306,598,464,104,287,73,304,160,11590,0.031061259706643658,0.04906465375779455,
ton,cic,29,True,forest,tcp,4,random,0.05,12188,306,598,464,35,284,145,304,160,11590,0.03701466781708369,0.04906465375779455,
ton,cic,29,True,forest,tcp,4,frozen,0.1,12188,306,502,464,98,290,76,304,160,11686,0.031319527639911006,0.04118805382343289,0.8029887992041693
ton,cic,29,True,forest,tcp,4,cap,0.1,12188,306,1209,464,154,273,37,304,160,10979,0.028235722743419255,0.09919593042336725,
ton,cic,29,True,forest,tcp,4,random,0.1,12188,306,1209,464,64,264,136,304,160,10979,0.036433190636670006,0.09919593042336725,
ton,cic,29,True,forest,temporal+tcp,4,forced,0.0,12188,306,0,439,0,303,136,303,136,12188,0.036019035116508044,0.0,
ton,cic,29,True,forest,temporal+tcp,4,frozen,0.01,12188,306,45,439,19,303,117,303,136,12143,0.034587828378489664,0.0036921562192320317,0.9695692712368045
ton,cic,29,True,forest,temporal+tcp,4,cap,0.01,12188,306,110,439,42,300,97,303,136,12078,0.032869680410664015,0.009025270758122744,
ton,cic,29,True,forest,temporal+tcp,4,random,0.01,12188,306,110,439,7,300,132,303,136,12078,0.03576751117734724,0.009025270758122744,
ton,cic,29,True,forest,temporal+tcp,4,frozen,0.05,12188,306,228,439,64,297,78,303,136,11960,0.031354515050167224,0.01870692484410896,0.8769785508525896
ton,cic,29,True,forest,temporal+tcp,4,cap,0.05,12188,306,598,439,95,286,58,303,136,11590,0.029680759275237275,0.04906465375779455,
ton,cic,29,True,forest,temporal+tcp,4,random,0.05,12188,306,598,439,33,283,123,303,136,11590,0.035030198446937014,0.04906465375779455,
ton,cic,29,True,forest,temporal+tcp,4,frozen,0.1,12188,306,477,439,80,292,67,303,136,11711,0.030654939800187856,0.039136855923859536,0.8029887992041693
ton,cic,29,True,forest,temporal+tcp,4,cap,0.1,12188,306,1209,439,128,279,32,303,136,10979,0.02832680572001093,0.09919593042336725,
ton,cic,29,True,forest,temporal+tcp,4,random,0.1,12188,306,1209,439,58,263,118,303,136,10979,0.03470261408142818,0.09919593042336725,
ton,cic,29,True,forest,random10,4,forced,0.0,12188,306,0,707,0,298,409,298,409,12188,0.05800787659993436,0.0,
ton,cic,29,True,forest,random10,4,frozen,0.01,12188,306,276,707,116,296,295,298,409,11912,0.04961383478844862,0.022645224811289794,0.9695692712368045
ton,cic,29,True,forest,random10,4,cap,0.01,12188,306,110,707,48,298,361,298,409,12078,0.05456201357840702,0.009025270758122744,
ton,cic,29,True,forest,random10,4,random,0.01,12188,306,110,707,8,294,405,298,409,12078,0.057873820168902135,0.009025270758122744,
ton,cic,29,True,forest,random10,4,frozen,0.05,12188,306,1093,707,299,283,125,298,409,11095,0.03677332131590807,0.0896783721693469,0.8769785508525896
ton,cic,29,True,forest,random10,4,cap,0.05,12188,306,598,707,210,287,210,298,409,11590,0.04288179465056083,0.04906465375779455,
ton,cic,29,True,forest,random10,4,random,0.05,12188,306,598,707,39,277,391,298,409,11590,0.05763589301121656,0.04906465375779455,
ton,cic,29,True,forest,random10,4,frozen,0.1,12188,306,1948,707,367,269,71,298,409,10240,0.033203125,0.1598293403347555,0.8029887992041693
ton,cic,29,True,forest,random10,4,cap,0.1,12188,306,1209,707,313,279,115,298,409,10979,0.035886692777119956,0.09919593042336725,
ton,cic,29,True,forest,random10,4,random,0.1,12188,306,1209,707,79,257,371,298,409,10979,0.05720010929957191,0.09919593042336725,
ton,unsw,43,False,logistic,clean,0,forced,0.0,10417,1285,0,9054,0,272,8782,272,8782,10417,0.8691561870020159,0.0,
ton,unsw,43,False,logistic,clean,0,frozen,0.01,10417,1285,29,9054,16,271,8767,272,8782,10388,0.8700423565652676,0.002783910914850725,0.9200681536728931
ton,unsw,43,False,logistic,clean,0,cap,0.01,10417,1285,101,9054,64,254,8736,272,8782,10316,0.8714618069019,0.009695689737928385,
ton,unsw,43,False,logistic,clean,0,random,0.01,10417,1285,101,9054,82,269,8703,272,8782,10316,0.869716944552152,0.009695689737928385,
ton,unsw,43,False,logistic,clean,0,frozen,0.05,10417,1285,157,9054,103,237,8714,272,8782,10260,0.8724171539961013,0.015071517711433235,0.6754597306313073
ton,unsw,43,False,logistic,clean,0,cap,0.05,10417,1285,518,9054,369,209,8476,272,8782,9899,0.8773613496312759,0.04972640875491984,
ton,unsw,43,False,logistic,clean,0,random,0.05,10417,1285,518,9054,434,258,8362,272,8782,9899,0.87079502980099,0.04972640875491984,
ton,unsw,43,False,logistic,clean,0,frozen,0.1,10417,1285,225,9054,154,230,8670,272,8782,10192,0.8732339089481946,0.02159930882211769,0.5745883164676029
ton,unsw,43,False,logistic,clean,0,cap,0.1,10417,1285,1040,9054,659,138,8257,272,8782,9377,0.8952756745227685,0.09983680522223289,
ton,unsw,43,False,logistic,clean,0,random,0.1,10417,1285,1040,9054,878,248,7928,272,8782,9377,0.8719206569265223,0.09983680522223289,
ton,unsw,43,False,logistic,temporal,0,forced,0.0,10417,1285,0,9083,0,725,8358,725,8358,10417,0.8719400979168667,0.0,
ton,unsw,43,False,logistic,temporal,0,frozen,0.01,10417,1285,245,9083,123,652,8308,725,8358,10172,0.8808493904836807,0.02351924738408371,0.9200681536728931
ton,unsw,43,False,logistic,temporal,0,cap,0.01,10417,1285,101,9083,59,690,8334,725,8358,10316,0.8747576580069795,0.009695689737928385,
ton,unsw,43,False,logistic,temporal,0,random,0.01,10417,1285,101,9083,89,713,8281,725,8358,10316,0.8718495540907328,0.009695689737928385,
ton,unsw,43,False,logistic,temporal,0,frozen,0.05,10417,1285,882,9083,467,443,8173,725,8358,9535,0.9036182485579444,0.08466929058270135,0.6754597306313073
ton,unsw,43,False,logistic,temporal,0,cap,0.05,10417,1285,518,9083,265,567,8251,725,8358,9899,0.8907970502070917,0.04972640875491984,
ton,unsw,43,False,logistic,temporal,0,random,0.05,10417,1285,518,9083,445,683,7955,725,8358,9899,0.8726133952924537,0.04972640875491984,
ton,unsw,43,False,logistic,temporal,0,frozen,0.1,10417,1285,1047,9083,570,368,8145,725,8358,9370,0.908537886872999,0.100508783718921,0.5745883164676029
ton,unsw,43,False,logistic,temporal,0,cap,0.1,10417,1285,1040,9083,573,368,8142,725,8358,9377,0.9075397248586968,0.09983680522223289,
ton,unsw,43,False,logistic,temporal,0,random,0.1,10417,1285,1040,9083,894,647,7542,725,8358,9377,0.8733070278340621,0.09983680522223289,
ton,unsw,43,False,logistic,size,0,forced,0.0,10417,1285,0,4428,0,257,4171,257,4171,10417,0.4250743976192762,0.0,
ton,unsw,43,False,logistic,size,0,frozen,0.01,10417,1285,317,4428,145,256,4027,257,4171,10100,0.42405940594059405,0.03043102620716137,0.9200681536728931
ton,unsw,43,False,logistic,size,0,cap,0.01,10417,1285,101,4428,54,256,4118,257,4171,10316,0.4240015509887553,0.009695689737928385,
ton,unsw,43,False,logistic,size,0,random,0.01,10417,1285,101,4428,39,253,4136,257,4171,10316,0.4254556029468786,0.009695689737928385,
ton,unsw,43,False,logistic,size,0,frozen,0.05,10417,1285,1477,4428,529,254,3645,257,4171,8940,0.4361297539149888,0.14178746280119037,0.6754597306313073
ton,unsw,43,False,logistic,size,0,cap,0.05,10417,1285,518,4428,218,256,3954,257,4171,9899,0.42529548439236287,0.04972640875491984,
ton,unsw,43,False,logistic,size,0,random,0.05,10417,1285,518,4428,216,244,3968,257,4171,9899,0.4254975250025255,0.04972640875491984,
ton,unsw,43,False,logistic,size,0,frozen,0.1,10417,1285,2048,4428,706,254,3468,257,4171,8369,0.4447365276616083,0.19660170874532015,0.5745883164676029
ton,unsw,43,False,logistic,size,0,cap,0.1,10417,1285,1040,4428,390,254,3784,257,4171,9377,0.43062813266503147,0.09983680522223289,
ton,unsw,43,False,logistic,size,0,random,0.1,10417,1285,1040,4428,430,234,3764,257,4171,9377,0.42636237602644766,0.09983680522223289,
ton,unsw,43,False,logistic,tcp,0,forced,0.0,10417,1285,0,9047,0,275,8772,275,8772,10417,0.8684842085053278,0.0,
ton,unsw,43,False,logistic,tcp,0,frozen,0.01,10417,1285,35,9047,13,269,8765,275,8772,10382,0.8701598921209787,0.00335989248344053,0.9200681536728931
ton,unsw,43,False,logistic,tcp,0,cap,0.01,10417,1285,101,9047,58,255,8734,275,8772,10316,0.8713648701046918,0.009695689737928385,
ton,unsw,43,False,logistic,tcp,0,random,0.01,10417,1285,101,9047,82,272,8693,275,8772,10316,0.8690383869716944,0.009695689737928385,
ton,unsw,43,False,logistic,tcp,0,frozen,0.05,10417,1285,151,9047,88,247,8712,275,8772,10266,0.8726865380868888,0.01449553614284343,0.6754597306313073
ton,unsw,43,False,logistic,tcp,0,cap,0.05,10417,1285,518,9047,332,216,8499,275,8772,9899,0.8803919587837156,0.04972640875491984,
ton,unsw,43,False,logistic,tcp,0,random,0.05,10417,1285,518,9047,434,261,8352,275,8772,9899,0.8700878876654208,0.04972640875491984,
ton,unsw,43,False,logistic,tcp,0,frozen,0.1,10417,1285,221,9047,133,241,8673,275,8772,10196,0.8742644174185955,0.02121532110972449,0.5745883164676029
ton,unsw,43,False,logistic,tcp,0,cap,0.1,10417,1285,1040,9047,598,182,8267,275,8772,9377,0.9010344459848566,0.09983680522223289,
ton,unsw,43,False,logistic,tcp,0,random,0.1,10417,1285,1040,9047,877,251,7919,275,8772,9377,0.8712807934307347,0.09983680522223289,
ton,unsw,43,False,logistic,temporal+tcp,0,forced,0.0,10417,1285,0,9161,0,806,8355,806,8355,10417,0.8794278583085341,0.0,
ton,unsw,43,False,logistic,temporal+tcp,0,frozen,0.01,10417,1285,215,9161,122,734,8305,806,8355,10202,0.8860027445598903,0.020639339541134685,0.9200681536728931
ton,unsw,43,False,logistic,temporal+tcp,0,cap,0.01,10417,1285,101,9161,56,777,8328,806,8355,10316,0.8826095385808453,0.009695689737928385,
ton,unsw,43,False,logistic,temporal+tcp,0,random,0.01,10417,1285,101,9161,90,793,8278,806,8355,10316,0.8793136874757658,0.009695689737928385,
ton,unsw,43,False,logistic,temporal+tcp,0,frozen,0.05,10417,1285,820,9161,467,524,8170,806,8355,9597,0.9059080962800875,0.0787174810406067,0.6754597306313073
ton,unsw,43,False,logistic,temporal+tcp,0,cap,0.05,10417,1285,518,9161,301,629,8231,806,8355,9899,0.8950399030205072,0.04972640875491984,
ton,unsw,43,False,logistic,temporal+tcp,0,random,0.05,10417,1285,518,9161,447,761,7953,806,8355,9899,0.8802909384786342,0.04972640875491984,
ton,unsw,43,False,logistic,temporal+tcp,0,frozen,0.1,10417,1285,1039,9161,594,425,8142,806,8355,9378,0.9135210066112177,0.09974080829413459,0.5745883164676029
ton,unsw,43,False,logistic,temporal+tcp,0,cap,0.1,10417,1285,1040,9161,593,434,8134,806,8355,9377,0.9137250719846433,0.09983680522223289,
ton,unsw,43,False,logistic,temporal+tcp,0,random,0.1,10417,1285,1040,9161,899,723,7539,806,8355,9377,0.8810920336994774,0.09983680522223289,
ton,unsw,43,False,logistic,random10,0,forced,0.0,10417,1285,0,8246,0,381,7865,381,7865,10417,0.7915906690985889,0.0,
ton,unsw,43,False,logistic,random10,0,frozen,0.01,10417,1285,83,8246,37,368,7841,381,7865,10334,0.7943681052835301,0.007967745032158972,0.9200681536728931
ton,unsw,43,False,logistic,random10,0,cap,0.01,10417,1285,101,8246,45,365,7836,381,7865,10316,0.7949786739046142,0.009695689737928385,
ton,unsw,43,False,logistic,random10,0,random,0.01,10417,1285,101,8246,76,375,7795,381,7865,10316,0.7919736331911593,0.009695689737928385,
ton,unsw,43,False,logistic,random10,0,frozen,0.05,10417,1285,319,8246,159,331,7756,381,7865,10098,0.8008516537928303,0.030623020063357972,0.6754597306313073
ton,unsw,43,False,logistic,random10,0,cap,0.05,10417,1285,518,8246,270,300,7676,381,7865,9899,0.8057379533286191,0.04972640875491984,
ton,unsw,43,False,logistic,random10,0,random,0.05,10417,1285,518,8246,394,357,7495,381,7865,9899,0.7932114354985352,0.04972640875491984,
ton,unsw,43,False,logistic,random10,0,frozen,0.1,10417,1285,428,8246,216,315,7715,381,7865,9989,0.80388427269997,0.04108668522607276,0.5745883164676029
ton,unsw,43,False,logistic,random10,0,cap,0.1,10417,1285,1040,8246,551,225,7470,381,7865,9377,0.8206249333475525,0.09983680522223289,
ton,unsw,43,False,logistic,random10,0,random,0.1,10417,1285,1040,8246,793,343,7110,381,7865,9377,0.7948171056841207,0.09983680522223289,
ton,ton,43,False,logistic,clean,0,forced,0.0,9367,7534,0,1633,0,816,817,816,817,9367,0.17433543290274367,0.0,
ton,ton,43,False,logistic,clean,0,frozen,0.01,9367,7534,508,1633,202,647,784,816,817,8859,0.16153064679986454,0.054232945446781256,0.9200681536728931
ton,ton,43,False,logistic,clean,0,cap,0.01,9367,7534,78,1633,28,789,816,816,817,9289,0.172785014533319,0.008327105796946729,
ton,ton,43,False,logistic,clean,0,random,0.01,9367,7534,78,1633,11,807,815,816,817,9289,0.17461513618258154,0.008327105796946729,
ton,ton,43,False,logistic,clean,0,frozen,0.05,9367,7534,2830,1633,662,342,629,816,817,6537,0.14853908520728162,0.30212447955588767,0.6754597306313073
ton,ton,43,False,logistic,clean,0,cap,0.05,9367,7534,454,1633,178,669,786,816,817,8913,0.16324469875462808,0.04846802604889506,
ton,ton,43,False,logistic,clean,0,random,0.05,9367,7534,454,1633,76,775,782,816,817,8913,0.17468865701783912,0.04846802604889506,
ton,ton,43,False,logistic,clean,0,frozen,0.1,9367,7534,3809,1633,853,222,558,816,817,5558,0.14033825116948542,0.40664033308423186,0.5745883164676029
ton,ton,43,False,logistic,clean,0,cap,0.1,9367,7534,921,1633,319,561,753,816,817,8446,0.1555766043097324,0.0983239030639479,
ton,ton,43,False,logistic,clean,0,random,0.1,9367,7534,921,1633,152,734,747,816,817,8446,0.1753492777646223,0.0983239030639479,
ton,ton,43,False,logistic,temporal,0,forced,0.0,9367,7534,0,4696,0,3944,752,3944,752,9367,0.501334472082844,0.0,
ton,ton,43,False,logistic,temporal,0,frozen,0.01,9367,7534,425,4696,215,3756,725,3944,752,8942,0.5011183180496533,0.045372050816696916,0.9200681536728931
ton,ton,43,False,logistic,temporal,0,cap,0.01,9367,7534,78,4696,36,3913,747,3944,752,9289,0.5016686403272688,0.008327105796946729,
ton,ton,43,False,logistic,temporal,0,random,0.01,9367,7534,78,4696,34,3912,750,3944,752,9289,0.5018839487565938,0.008327105796946729,
ton,ton,43,False,logistic,temporal,0,frozen,0.05,9367,7534,2102,4696,1232,2848,616,3944,752,7265,0.4768066070199587,0.22440482545105156,0.6754597306313073
ton,ton,43,False,logistic,temporal,0,cap,0.05,9367,7534,454,4696,241,3744,711,3944,752,8913,0.49983170649612924,0.04846802604889506,
ton,ton,43,False,logistic,temporal,0,random,0.05,9367,7534,454,4696,230,3743,723,3944,752,8913,0.501065858857848,0.04846802604889506,
ton,ton,43,False,logistic,temporal,0,frozen,0.1,9367,7534,3221,4696,2088,2044,564,3944,752,6146,0.4243410348193947,0.34386676630724883,0.5745883164676029
ton,ton,43,False,logistic,temporal,0,cap,0.1,9367,7534,921,4696,453,3570,673,3944,752,8446,0.502367984844897,0.0983239030639479,
ton,ton,43,False,logistic,temporal,0,random,0.1,9367,7534,921,4696,474,3536,686,3944,752,8446,0.4998816007577552,0.0983239030639479,
ton,ton,43,False,logistic,size,0,forced,0.0,9367,7534,0,3496,0,2241,1255,2241,1255,9367,0.37322515212981744,0.0,
ton,ton,43,False,logistic,size,0,frozen,0.01,9367,7534,177,3496,68,2186,1242,2241,1255,9190,0.3730141458106638,0.01889612469307142,0.9200681536728931
ton,ton,43,False,logistic,size,0,cap,0.01,9367,7534,78,3496,35,2212,1249,2241,1255,9289,0.3725912369469265,0.008327105796946729,
ton,ton,43,False,logistic,size,0,random,0.01,9367,7534,78,3496,32,2213,1251,2241,1255,9289,0.372914199590914,0.008327105796946729,
ton,ton,43,False,logistic,size,0,frozen,0.05,9367,7534,805,3496,237,2102,1157,2241,1255,8562,0.38063536556879235,0.08594000213515533,0.6754597306313073
ton,ton,43,False,logistic,size,0,cap,0.05,9367,7534,454,3496,151,2142,1203,2241,1255,8913,0.3752945136317738,0.04846802604889506,
ton,ton,43,False,logistic,size,0,random,0.05,9367,7534,454,3496,164,2121,1211,2241,1255,8913,0.37383596993156065,0.04846802604889506,
ton,ton,43,False,logistic,size,0,frozen,0.1,9367,7534,1239,3496,389,2057,1050,2241,1255,8128,0.38225885826771655,0.13227287285149994,0.5745883164676029
ton,ton,43,False,logistic,size,0,cap,0.1,9367,7534,921,3496,269,2093,1134,2241,1255,8446,0.38207435472412976,0.0983239030639479,
ton,ton,43,False,logistic,size,0,random,0.1,9367,7534,921,3496,323,2020,1153,2241,1255,8446,0.3756807956429079,0.0983239030639479,
ton,ton,43,False,logistic,tcp,0,forced,0.0,9367,7534,0,1671,0,862,809,862,809,9367,0.1783922280345895,0.0,
ton,ton,43,False,logistic,tcp,0,frozen,0.01,9367,7534,580,1671,255,654,762,862,809,8787,0.1611471491976784,0.06191950464396285,0.9200681536728931
ton,ton,43,False,logistic,tcp,0,cap,0.01,9367,7534,78,1671,41,825,805,862,809,9289,0.17547636989988158,0.008327105796946729,
ton,ton,43,False,logistic,tcp,0,random,0.01,9367,7534,78,1671,10,854,807,862,809,9289,0.1788136505544192,0.008327105796946729,
ton,ton,43,False,logistic,tcp,0,frozen,0.05,9367,7534,3114,1671,732,358,581,862,809,6253,0.15016791939868862,0.332443685278104,0.6754597306313073
ton,ton,43,False,logistic,tcp,0,cap,0.05,9367,7534,454,1671,210,694,767,862,809,8913,0.16391787277011108,0.04846802604889506,
ton,ton,43,False,logistic,tcp,0,random,0.05,9367,7534,454,1671,80,816,775,862,809,8913,0.1785033097722428,0.04846802604889506,
ton,ton,43,False,logistic,tcp,0,frozen,0.1,9367,7534,4256,1671,917,240,514,862,809,5111,0.14752494619448248,0.4543610547667343,0.5745883164676029
ton,ton,43,False,logistic,tcp,0,cap,0.1,9367,7534,921,1671,359,590,722,862,809,8446,0.1553398058252427,0.0983239030639479,
ton,ton,43,False,logistic,tcp,0,random,0.1,9367,7534,921,1671,154,776,741,862,809,8446,0.1796116504854369,0.0983239030639479,
ton,ton,43,False,logistic,temporal+tcp,0,forced,0.0,9367,7534,0,4838,0,4100,738,4100,738,9367,0.5164940749439522,0.0,
ton,ton,43,False,logistic,temporal+tcp,0,frozen,0.01,9367,7534,480,4838,209,3924,705,4100,738,8887,0.5208731855519297,0.051243727981210636,0.9200681536728931
ton,ton,43,False,logistic,temporal+tcp,0,cap,0.01,9367,7534,78,4838,48,4058,732,4100,738,9289,0.5156636882333944,0.008327105796946729,
ton,ton,43,False,logistic,temporal+tcp,0,random,0.01,9367,7534,78,4838,38,4064,736,4100,738,9289,0.5167402303800194,0.008327105796946729,
ton,ton,43,False,logistic,temporal+tcp,0,frozen,0.05,9367,7534,1800,4838,984,3245,609,4100,738,7567,0.5093167701863354,0.19216397992953987,0.6754597306313073
ton,ton,43,False,logistic,temporal+tcp,0,cap,0.05,9367,7534,454,4838,202,3933,703,4100,738,8913,0.5201391226298665,0.04846802604889506,
ton,ton,43,False,logistic,temporal+tcp,0,random,0.05,9367,7534,454,4838,238,3892,708,4100,738,8913,0.5161000785369685,0.04846802604889506,
ton,ton,43,False,logistic,temporal+tcp,0,frozen,0.1,9367,7534,2833,4838,1748,2533,557,4100,738,6534,0.472910927456382,0.30244475285577027,0.5745883164676029
ton,ton,43,False,logistic,temporal+tcp,0,cap,0.1,9367,7534,921,4838,449,3726,663,4100,738,8446,0.519654274212645,0.0983239030639479,
ton,ton,43,False,logistic,temporal+tcp,0,random,0.1,9367,7534,921,4838,487,3679,672,4100,738,8446,0.5151551030073408,0.0983239030639479,
ton,ton,43,False,logistic,random10,0,forced,0.0,9367,7534,0,3072,0,2189,883,2189,883,9367,0.32795985907974806,0.0,
ton,ton,43,False,logistic,random10,0,frozen,0.01,9367,7534,535,3072,257,1973,842,2189,883,8832,0.31872735507246375,0.05711540514572435,0.9200681536728931
ton,ton,43,False,logistic,random10,0,cap,0.01,9367,7534,78,3072,38,2154,880,2189,883,9289,0.3266228872860372,0.008327105796946729,
ton,ton,43,False,logistic,random10,0,random,0.01,9367,7534,78,3072,22,2169,881,2189,883,9289,0.3283453547206373,0.008327105796946729,
ton,ton,43,False,logistic,random10,0,frozen,0.05,9367,7534,2232,3072,875,1473,724,2189,883,7135,0.3079187105816398,0.23828333511262945,0.6754597306313073
ton,ton,43,False,logistic,random10,0,cap,0.05,9367,7534,454,3072,215,2007,850,2189,883,8913,0.32054302703915627,0.04846802604889506,
ton,ton,43,False,logistic,random10,0,random,0.05,9367,7534,454,3072,150,2071,851,2189,883,8913,0.32783574554022216,0.04846802604889506,
ton,ton,43,False,logistic,random10,0,frozen,0.1,9367,7534,2953,3072,1106,1294,672,2189,883,6414,0.30651699407545996,0.3152556848510729,0.5745883164676029
ton,ton,43,False,logistic,random10,0,cap,0.1,9367,7534,921,3072,424,1844,804,2189,883,8446,0.3135211934643618,0.0983239030639479,
ton,ton,43,False,logistic,random10,0,random,0.1,9367,7534,921,3072,296,1965,811,2189,883,8446,0.3286762964717026,0.0983239030639479,
ton,cic,43,False,logistic,clean,4,forced,0.0,12188,306,0,9173,0,124,9049,124,9049,12188,0.7526255333114539,0.0,
ton,cic,43,False,logistic,clean,4,frozen,0.01,12188,306,607,9173,314,83,8776,124,9049,11581,0.7649598480269407,0.049803085001640955,0.9200681536728931
ton,cic,43,False,logistic,clean,4,cap,0.01,12188,306,110,9173,59,118,8996,124,9049,12078,0.754595131644312,0.009025270758122744,
ton,cic,43,False,logistic,clean,4,random,0.01,12188,306,110,9173,77,123,8973,124,9049,12078,0.7531048186785891,0.009025270758122744,
ton,cic,43,False,logistic,clean,4,frozen,0.05,12188,306,3129,9173,1670,39,7464,124,9049,9059,0.8282371122640468,0.2567279291106006,0.6754597306313073
ton,cic,43,False,logistic,clean,4,cap,0.05,12188,306,598,9173,302,93,8778,124,9049,11590,0.7654012079378775,0.04906465375779455,
ton,cic,43,False,logistic,clean,4,random,0.05,12188,306,598,9173,442,121,8610,124,9049,11590,0.7533218291630717,0.04906465375779455,
ton,cic,43,False,logistic,clean,4,frozen,0.1,12188,306,4543,9173,2666,32,6475,124,9049,7645,0.8511445389143231,0.37274368231046934,0.5745883164676029
ton,cic,43,False,logistic,clean,4,cap,0.1,12188,306,1209,9173,593,71,8509,124,9049,10979,0.7814919391565717,0.09919593042336725,
ton,cic,43,False,logistic,clean,4,random,0.1,12188,306,1209,9173,894,116,8163,124,9049,10979,0.7540759632024775,0.09919593042336725,
ton,cic,43,False,logistic,temporal,4,forced,0.0,12188,306,0,3220,0,158,3062,158,3062,12188,0.2641942894650476,0.0,
ton,cic,43,False,logistic,temporal,4,frozen,0.01,12188,306,270,3220,137,146,2937,158,3062,11918,0.25868434301057225,0.02215293731539219,0.9200681536728931
ton,cic,43,False,logistic,temporal,4,cap,0.01,12188,306,110,3220,61,157,3002,158,3062,12078,0.2615499254843517,0.009025270758122744,
ton,cic,43,False,logistic,temporal,4,random,0.01,12188,306,110,3220,29,157,3034,158,3062,12078,0.2641993707567478,0.009025270758122744,
ton,cic,43,False,logistic,temporal,4,frozen,0.05,12188,306,1274,3220,606,125,2489,158,3062,10914,0.23950888766721642,0.10452904496225796,0.6754597306313073
ton,cic,43,False,logistic,temporal,4,cap,0.05,12188,306,598,3220,329,136,2755,158,3062,11590,0.24943917169974117,0.04906465375779455,
ton,cic,43,False,logistic,temporal,4,random,0.05,12188,306,598,3220,178,152,2890,158,3062,11590,0.2624676445211389,0.04906465375779455,
ton,cic,43,False,logistic,temporal,4,frozen,0.1,12188,306,1669,3220,815,124,2281,158,3062,10519,0.2286339005608898,0.1369379717755169,0.5745883164676029
ton,cic,43,False,logistic,temporal,4,cap,0.1,12188,306,1209,3220,589,128,2503,158,3062,10979,0.23963931141269695,0.09919593042336725,
ton,cic,43,False,logistic,temporal,4,random,0.1,12188,306,1209,3220,328,145,2747,158,3062,10979,0.26341196830312413,0.09919593042336725,
ton,cic,43,False,logistic,size,4,forced,0.0,12188,306,0,9456,0,155,9301,155,9301,12188,0.7758450935346243,0.0,
ton,cic,43,False,logistic,size,4,frozen,0.01,12188,306,375,9456,190,146,9120,155,9301,11813,0.7843900787268264,0.03076796849360026,0.9200681536728931
ton,cic,43,False,logistic,size,4,cap,0.01,12188,306,110,9456,45,153,9258,155,9301,12078,0.7791852955787382,0.009025270758122744,
ton,cic,43,False,logistic,size,4,random,0.01,12188,306,110,9456,83,152,9221,155,9301,12078,0.7760390793177678,0.009025270758122744,
ton,cic,43,False,logistic,size,4,frozen,0.05,12188,306,1208,9456,680,122,8654,155,9301,10980,0.7992714025500911,0.09911388250738432,0.6754597306313073
ton,cic,43,False,logistic,size,4,cap,0.05,12188,306,598,9456,316,145,8995,155,9301,11590,0.7886108714408974,0.04906465375779455,
ton,cic,43,False,logistic,size,4,random,0.05,12188,306,598,9456,450,148,8858,155,9301,11590,0.7770491803278688,0.04906465375779455,
ton,cic,43,False,logistic,size,4,frozen,0.1,12188,306,1474,9456,821,102,8533,155,9301,10714,0.8059548254620124,0.12093862815884476,0.5745883164676029
ton,cic,43,False,logistic,size,4,cap,0.1,12188,306,1209,9456,678,127,8651,155,9301,10979,0.7995263685217233,0.09919593042336725,
ton,cic,43,False,logistic,size,4,random,0.1,12188,306,1209,9456,923,143,8390,155,9301,10979,0.7772110392567629,0.09919593042336725,
ton,cic,43,False,logistic,tcp,4,forced,0.0,12188,306,0,9758,0,48,9710,48,9710,12188,0.8006235641614703,0.0,
ton,cic,43,False,logistic,tcp,4,frozen,0.01,12188,306,541,9758,250,44,9464,48,9710,11647,0.8163475573108955,0.044387922546767315,0.9200681536728931
ton,cic,43,False,logistic,tcp,4,cap,0.01,12188,306,110,9758,45,48,9665,48,9710,12078,0.8041894353369763,0.009025270758122744,
ton,cic,43,False,logistic,tcp,4,random,0.01,12188,306,110,9758,86,48,9624,48,9710,12078,0.8007948335817189,0.009025270758122744,
ton,cic,43,False,logistic,tcp,4,frozen,0.05,12188,306,2412,9758,1320,29,8409,48,9710,9776,0.8631342062193126,0.19789957335083688,0.6754597306313073
ton,cic,43,False,logistic,tcp,4,cap,0.05,12188,306,598,9758,281,41,9436,48,9710,11590,0.8176876617773943,0.04906465375779455,
ton,cic,43,False,logistic,tcp,4,random,0.05,12188,306,598,9758,478,47,9233,48,9710,11590,0.8006902502157032,0.04906465375779455,
ton,cic,43,False,logistic,tcp,4,frozen,0.1,12188,306,3265,9758,1861,25,7872,48,9710,8923,0.8850162501400874,0.2678864456842796,0.5745883164676029
ton,cic,43,False,logistic,tcp,4,cap,0.1,12188,306,1209,9758,601,36,9121,48,9710,10979,0.8340468166499682,0.09919593042336725,
ton,cic,43,False,logistic,tcp,4,random,0.1,12188,306,1209,9758,954,47,8757,48,9710,10979,0.8018945259131068,0.09919593042336725,
ton,cic,43,False,logistic,temporal+tcp,4,forced,0.0,12188,306,0,3265,0,128,3137,128,3137,12188,0.2678864456842796,0.0,
ton,cic,43,False,logistic,temporal+tcp,4,frozen,0.01,12188,306,224,3265,116,125,3024,128,3137,11964,0.2632062855232364,0.018378733180177225,0.9200681536728931
ton,cic,43,False,logistic,temporal+tcp,4,cap,0.01,12188,306,110,3265,64,127,3074,128,3137,12078,0.2650273224043716,0.009025270758122744,
ton,cic,43,False,logistic,temporal+tcp,4,random,0.01,12188,306,110,3265,30,127,3108,128,3137,12078,0.2678423580062924,0.009025270758122744,
ton,cic,43,False,logistic,temporal+tcp,4,frozen,0.05,12188,306,1228,3265,626,113,2526,128,3137,10960,0.24078467153284672,0.10075484082704299,0.6754597306313073
ton,cic,43,False,logistic,temporal+tcp,4,cap,0.05,12188,306,598,3265,355,118,2792,128,3137,11590,0.25107851596203623,0.04906465375779455,
ton,cic,43,False,logistic,temporal+tcp,4,random,0.05,12188,306,598,3265,180,124,2961,128,3137,11590,0.26617773943054357,0.04906465375779455,
ton,cic,43,False,logistic,temporal+tcp,4,frozen,0.1,12188,306,1749,3265,847,108,2310,128,3137,10439,0.23163138231631383,0.14350180505415164,0.5745883164676029
ton,cic,43,False,logistic,temporal+tcp,4,cap,0.1,12188,306,1209,3265,620,112,2533,128,3137,10979,0.24091447308498043,0.09919593042336725,
ton,cic,43,False,logistic,temporal+tcp,4,random,0.1,12188,306,1209,3265,332,119,2814,128,3137,10979,0.26714637034338284,0.09919593042336725,
ton,cic,43,False,logistic,random10,4,forced,0.0,12188,306,0,7535,0,131,7404,131,7404,12188,0.618231046931408,0.0,
ton,cic,43,False,logistic,random10,4,frozen,0.01,12188,306,620,7535,312,119,7104,131,7404,11568,0.6243948824343015,0.0508697079094191,0.9200681536728931
ton,cic,43,False,logistic,random10,4,cap,0.01,12188,306,110,7535,55,129,7351,131,7404,12078,0.6193078324225865,0.009025270758122744,
ton,cic,43,False,logistic,random10,4,random,0.01,12188,306,110,7535,62,129,7344,131,7404,12078,0.6187282662692499,0.009025270758122744,
ton,cic,43,False,logistic,random10,4,frozen,0.05,12188,306,2493,7535,1255,90,6190,131,7404,9695,0.6477565755544095,0.20454545454545456,0.6754597306313073
ton,cic,43,False,logistic,random10,4,cap,0.05,12188,306,598,7535,297,119,7119,131,7404,11590,0.6245038826574634,0.04906465375779455,
ton,cic,43,False,logistic,random10,4,random,0.05,12188,306,598,7535,368,127,7040,131,7404,11590,0.6183779119930976,0.04906465375779455,
ton,cic,43,False,logistic,random10,4,frozen,0.1,12188,306,3318,7535,1723,82,5730,131,7404,8870,0.6552423900789177,0.2722349852313751,0.5745883164676029
ton,cic,43,False,logistic,random10,4,cap,0.1,12188,306,1209,7535,601,107,6827,131,7404,10979,0.6315693596866746,0.09919593042336725,
ton,cic,43,False,logistic,random10,4,random,0.1,12188,306,1209,7535,744,122,6669,131,7404,10979,0.6185444940340651,0.09919593042336725,
ton,unsw,43,False,forest,clean,0,forced,0.0,10417,1285,0,7226,0,1034,6192,1034,6192,10417,0.693673802438322,0.0,
ton,unsw,43,False,forest,clean,0,frozen,0.01,10417,1285,1313,7226,591,1022,5613,1034,6192,9104,0.7288005272407733,0.12604396659306902,0.9759410848128851
ton,unsw,43,False,forest,clean,0,cap,0.01,10417,1285,101,7226,52,1032,6142,1034,6192,10316,0.695424583171772,0.009695689737928385,
ton,unsw,43,False,forest,clean,0,random,0.01,10417,1285,101,7226,74,1020,6132,1034,6192,10316,0.6932919736331912,0.009695689737928385,
ton,unsw,43,False,forest,clean,0,frozen,0.05,10417,1285,4085,7226,2422,1007,3797,1034,6192,6332,0.7586860391661402,0.392147451281559,0.90693259894853
ton,unsw,43,False,forest,clean,0,cap,0.05,10417,1285,518,7226,237,1025,5964,1034,6192,9899,0.7060309122133549,0.04972640875491984,
ton,unsw,43,False,forest,clean,0,random,0.05,10417,1285,518,7226,358,980,5888,1034,6192,9899,0.693807455298515,0.04972640875491984,
ton,unsw,43,False,forest,clean,0,frozen,0.1,10417,1285,7593,7226,4966,937,1323,1034,6192,2824,0.8002832861189801,0.7289046750503984,0.7887989889532485
ton,unsw,43,False,forest,clean,0,cap,0.1,10417,1285,1040,7226,454,1023,5749,1034,6192,9377,0.7221925989122321,0.09983680522223289,
ton,unsw,43,False,forest,clean,0,random,0.1,10417,1285,1040,7226,709,933,5584,1034,6192,9377,0.6949984003412605,0.09983680522223289,
ton,unsw,43,False,forest,temporal,0,forced,0.0,10417,1285,0,6344,0,1268,5076,1268,5076,10417,0.6090045118556207,0.0,
ton,unsw,43,False,forest,temporal,0,frozen,0.01,10417,1285,1478,6344,679,1256,4409,1268,5076,8939,0.6337397919230339,0.14188345972928867,0.9759410848128851
ton,unsw,43,False,forest,temporal,0,cap,0.01,10417,1285,101,6344,87,1268,4989,1268,5076,10316,0.606533540131834,0.009695689737928385,
ton,unsw,43,False,forest,temporal,0,random,0.01,10417,1285,101,6344,68,1249,5027,1268,5076,10316,0.6083753392787903,0.009695689737928385,
ton,unsw,43,False,forest,temporal,0,frozen,0.05,10417,1285,5419,6344,3486,1163,1695,1268,5076,4998,0.571828731492597,0.5202073533646924,0.90693259894853
ton,unsw,43,False,forest,temporal,0,cap,0.05,10417,1285,518,6344,168,1266,4910,1268,5076,9899,0.6239014041822406,0.04972640875491984,
ton,unsw,43,False,forest,temporal,0,random,0.05,10417,1285,518,6344,322,1194,4828,1268,5076,9899,0.6083442771997172,0.04972640875491984,
ton,unsw,43,False,forest,temporal,0,frozen,0.1,10417,1285,8796,6344,5215,979,150,1268,5076,1621,0.6964836520666255,0.8443889795526544,0.7887989889532485
ton,unsw,43,False,forest,temporal,0,cap,0.1,10417,1285,1040,6344,409,1262,4673,1268,5076,9377,0.6329316412498667,0.09983680522223289,
ton,unsw,43,False,forest,temporal,0,random,0.1,10417,1285,1040,6344,623,1136,4585,1268,5076,9377,0.6101098432334435,0.09983680522223289,
ton,unsw,43,False,forest,size,0,forced,0.0,10417,1285,0,5387,0,1213,4174,1213,4174,10417,0.5171354516655468,0.0,
ton,unsw,43,False,forest,size,0,frozen,0.01,10417,1285,2099,5387,936,1164,3287,1213,4174,8318,0.5351045924501082,0.2014975520783335,0.9759410848128851
ton,unsw,43,False,forest,size,0,cap,0.01,10417,1285,101,5387,62,1213,4112,1213,4174,10316,0.5161884451337728,0.009695689737928385,
ton,unsw,43,False,forest,size,0,random,0.01,10417,1285,101,5387,48,1196,4143,1213,4174,10316,0.5175455602946879,0.009695689737928385,
ton,unsw,43,False,forest,size,0,frozen,0.05,10417,1285,5695,5387,2605,1007,1775,1213,4174,4722,0.589157136806438,0.5467025055198234,0.90693259894853
ton,unsw,43,False,forest,size,0,cap,0.05,10417,1285,518,5387,221,1211,3955,1213,4174,9899,0.5218708960501061,0.04972640875491984,
ton,unsw,43,False,forest,size,0,random,0.05,10417,1285,518,5387,265,1143,3979,1213,4174,9899,0.5174260026265279,0.04972640875491984,
ton,unsw,43,False,forest,size,0,frozen,0.1,10417,1285,8687,5387,4090,868,429,1213,4174,1730,0.7497109826589595,0.8339253143899396,0.7887989889532485
ton,unsw,43,False,forest,size,0,cap,0.1,10417,1285,1040,5387,469,1205,3713,1213,4174,9377,0.5244747787138744,0.09983680522223289,
ton,unsw,43,False,forest,size,0,random,0.1,10417,1285,1040,5387,515,1084,3788,1213,4174,9377,0.519569158579503,0.09983680522223289,
ton,unsw,43,False,forest,tcp,0,forced,0.0,10417,1285,0,4802,0,1239,3563,1239,3563,10417,0.4609772487280407,0.0,
ton,unsw,43,False,forest,tcp,0,frozen,0.01,10417,1285,2375,4802,1198,1214,2390,1239,3563,8042,0.4481472270579458,0.22799270423346452,0.9759410848128851
ton,unsw,43,False,forest,tcp,0,cap,0.01,10417,1285,101,4802,65,1238,3499,1239,3563,10316,0.4591896083753393,0.009695689737928385,
ton,unsw,43,False,forest,tcp,0,random,0.01,10417,1285,101,4802,46,1220,3536,1239,3563,10316,0.4610314075222955,0.009695689737928385,
ton,unsw,43,False,forest,tcp,0,frozen,0.05,10417,1285,6622,4802,3127,1129,546,1239,3563,3795,0.4413702239789196,0.6356916578669483,0.90693259894853
ton,unsw,43,False,forest,tcp,0,cap,0.05,10417,1285,518,4802,256,1238,3308,1239,3563,9899,0.4592383068996868,0.04972640875491984,
ton,unsw,43,False,forest,tcp,0,random,0.05,10417,1285,518,4802,232,1168,3402,1239,3563,9899,0.46166279422163853,0.04972640875491984,
ton,unsw,43,False,forest,tcp,0,frozen,0.1,10417,1285,8461,4802,3651,1061,90,1239,3563,1956,0.5884458077709611,0.8122300086397235,0.7887989889532485
ton,unsw,43,False,forest,tcp,0,cap,0.1,10417,1285,1040,4802,511,1233,3058,1239,3563,9377,0.4576090434040738,0.09983680522223289,
ton,unsw,43,False,forest,tcp,0,random,0.1,10417,1285,1040,4802,458,1110,3234,1239,3563,9377,0.4632611709501973,0.09983680522223289,
ton,unsw,43,False,forest,temporal+tcp,0,forced,0.0,10417,1285,0,2838,0,1270,1568,1270,1568,10417,0.27243928194297784,0.0,
ton,unsw,43,False,forest,temporal+tcp,0,frozen,0.01,10417,1285,959,2838,370,1253,1215,1270,1568,9458,0.2609431169380419,0.09206105404627052,0.9759410848128851
ton,unsw,43,False,forest,temporal+tcp,0,cap,0.01,10417,1285,101,2838,58,1267,1513,1270,1568,10316,0.2694842962388523,0.009695689737928385,
ton,unsw,43,False,forest,temporal+tcp,0,random,0.01,10417,1285,101,2838,28,1251,1559,1270,1568,10316,0.27239240015509886,0.009695689737928385,
ton,unsw,43,False,forest,temporal+tcp,0,frozen,0.05,10417,1285,5104,2838,920,1201,717,1270,1568,5313,0.36100131752305664,0.48996832101372756,0.90693259894853
ton,unsw,43,False,forest,temporal+tcp,0,cap,0.05,10417,1285,518,2838,235,1257,1346,1270,1568,9899,0.2629558541266795,0.04972640875491984,
ton,unsw,43,False,forest,temporal+tcp,0,random,0.05,10417,1285,518,2838,146,1196,1496,1270,1568,9899,0.2719466612789171,0.04972640875491984,
ton,unsw,43,False,forest,temporal+tcp,0,frozen,0.1,10417,1285,8739,2838,1840,997,1,1270,1568,1678,0.5947556615017878,0.8389171546510512,0.7887989889532485
ton,unsw,43,False,forest,temporal+tcp,0,cap,0.1,10417,1285,1040,2838,393,1251,1194,1270,1568,9377,0.26074437453343285,0.09983680522223289,
ton,unsw,43,False,forest,temporal+tcp,0,random,0.1,10417,1285,1040,2838,285,1137,1416,1270,1568,9377,0.272261917457609,0.09983680522223289,
ton,unsw,43,False,forest,random10,0,forced,0.0,10417,1285,0,6995,0,1061,5934,1061,5934,10417,0.6714985120476145,0.0,
ton,unsw,43,False,forest,random10,0,frozen,0.01,10417,1285,1297,6995,681,1038,5276,1061,5934,9120,0.6923245614035087,0.12450801574349621,0.9759410848128851
ton,unsw,43,False,forest,random10,0,cap,0.01,10417,1285,101,6995,48,1059,5888,1061,5934,10316,0.6734199302055061,0.009695689737928385,
ton,unsw,43,False,forest,random10,0,random,0.01,10417,1285,101,6995,68,1048,5879,1061,5934,10316,0.6714811942613416,0.009695689737928385,
ton,unsw,43,False,forest,random10,0,frozen,0.05,10417,1285,4553,6995,2697,994,3304,1061,5934,5864,0.7329467939972715,0.4370740136315638,0.90693259894853
ton,unsw,43,False,forest,random10,0,cap,0.05,10417,1285,518,6995,272,1048,5675,1061,5934,9899,0.6791595110617235,0.04972640875491984,
ton,unsw,43,False,forest,random10,0,random,0.05,10417,1285,518,6995,342,1006,5647,1061,5934,9899,0.672088089706031,0.04972640875491984,
ton,unsw,43,False,forest,random10,0,frozen,0.1,10417,1285,7957,6995,5093,910,992,1061,5934,2460,0.7731707317073171,0.7638475568781798,0.7887989889532485
ton,unsw,43,False,forest,random10,0,cap,0.1,10417,1285,1040,6995,539,1042,5414,1061,5934,9377,0.6884931214674203,0.09983680522223289,
ton,unsw,43,False,forest,random10,0,random,0.1,10417,1285,1040,6995,677,957,5361,1061,5934,9377,0.6737762610643063,0.09983680522223289,
ton,ton,43,False,forest,clean,0,forced,0.0,9367,7534,0,1164,0,640,524,640,524,9367,0.12426604035443578,0.0,
ton,ton,43,False,forest,clean,0,frozen,0.01,9367,7534,60,1164,31,618,515,640,524,9307,0.12173632749543355,0.0064054659976513295,0.9759410848128851
ton,ton,43,False,forest,clean,0,cap,0.01,9367,7534,78,1164,38,608,518,640,524,9289,0.12121864570997955,0.008327105796946729,
ton,ton,43,False,forest,clean,0,random,0.01,9367,7534,78,1164,6,635,523,640,524,9289,0.12466358057917967,0.008327105796946729,
ton,ton,43,False,forest,clean,0,frozen,0.05,9367,7534,260,1164,107,564,493,640,524,9107,0.11606456571867795,0.02775701932315576,0.90693259894853
ton,ton,43,False,forest,clean,0,cap,0.05,9367,7534,454,1164,150,549,465,640,524,8913,0.1137664086166274,0.04846802604889506,
ton,ton,43,False,forest,clean,0,random,0.05,9367,7534,454,1164,51,611,502,640,524,8913,0.12487377987209694,0.04846802604889506,
ton,ton,43,False,forest,clean,0,frozen,0.1,9367,7534,1220,1164,287,515,362,640,524,8147,0.10764698662084203,0.13024447528557703,0.7887989889532485
ton,ton,43,False,forest,clean,0,cap,0.1,9367,7534,921,1164,220,523,421,640,524,8446,0.11176888467913805,0.0983239030639479,
ton,ton,43,False,forest,clean,0,random,0.1,9367,7534,921,1164,106,578,480,640,524,8446,0.1252663982950509,0.0983239030639479,
ton,ton,43,False,forest,temporal,0,forced,0.0,9367,7534,0,1217,0,794,423,794,423,9367,0.12992420198569446,0.0,
ton,ton,43,False,forest,temporal,0,frozen,0.01,9367,7534,240,1217,129,672,416,794,423,9127,0.11920674920565355,0.025621863990605318,0.9759410848128851
ton,ton,43,False,forest,temporal,0,cap,0.01,9367,7534,78,1217,53,743,421,794,423,9289,0.1253095058671547,0.008327105796946729,
ton,ton,43,False,forest,temporal,0,random,0.01,9367,7534,78,1217,6,789,422,794,423,9289,0.1303692539562924,0.008327105796946729,
ton,ton,43,False,forest,temporal,0,frozen,0.05,9367,7534,883,1217,268,587,362,794,423,8484,0.11185761433286186,0.09426710793210206,0.90693259894853
ton,ton,43,False,forest,temporal,0,cap,0.05,9367,7534,454,1217,193,624,400,794,423,8913,0.11488836530909907,0.04846802604889506,
ton,ton,43,False,forest,temporal,0,random,0.05,9367,7534,454,1217,61,752,404,794,423,8913,0.12969819364972512,0.04846802604889506,
ton,ton,43,False,forest,temporal,0,frozen,0.1,9367,7534,2498,1217,457,528,232,794,423,6869,0.11064201484932304,0.2666809010355503,0.7887989889532485
ton,ton,43,False,forest,temporal,0,cap,0.1,9367,7534,921,1217,281,573,363,794,423,8446,0.11082169074117926,0.0983239030639479,
ton,ton,43,False,forest,temporal,0,random,0.1,9367,7534,921,1217,120,708,389,794,423,8446,0.12988396874260005,0.0983239030639479,
ton,ton,43,False,forest,size,0,forced,0.0,9367,7534,0,2738,0,2035,703,2035,703,9367,0.29230276502615565,0.0,
ton,ton,43,False,forest,size,0,frozen,0.01,9367,7534,56,2738,34,2026,678,2035,703,9311,0.2904091934271292,0.005978434931141241,0.9759410848128851
ton,ton,43,False,forest,size,0,cap,0.01,9367,7534,78,2738,33,2018,687,2035,703,9289,0.2912046506620734,0.008327105796946729,
ton,ton,43,False,forest,size,0,random,0.01,9367,7534,78,2738,26,2010,702,2035,703,9289,0.29195823016471095,0.008327105796946729,
ton,ton,43,False,forest,size,0,frozen,0.05,9367,7534,183,2738,81,2004,653,2035,703,9184,0.2893074912891986,0.019536671292836552,0.90693259894853
ton,ton,43,False,forest,size,0,cap,0.05,9367,7534,454,2738,130,1974,634,2035,703,8913,0.2926063053966117,0.04846802604889506,
ton,ton,43,False,forest,size,0,random,0.05,9367,7534,454,2738,138,1924,676,2035,703,8913,0.29170874004263436,0.04846802604889506,
ton,ton,43,False,forest,size,0,frozen,0.1,9367,7534,514,2738,149,1969,620,2035,703,8853,0.29244323957980345,0.05487349204654639,0.7887989889532485
ton,ton,43,False,forest,size,0,cap,0.1,9367,7534,921,2738,172,1958,608,2035,703,8446,0.30381245560028414,0.0983239030639479,
ton,ton,43,False,forest,size,0,random,0.1,9367,7534,921,2738,269,1825,644,2035,703,8446,0.29232772910253374,0.0983239030639479,
ton,ton,43,False,forest,tcp,0,forced,0.0,9367,7534,0,3980,0,3743,237,3743,237,9367,0.42489591117753817,0.0,
ton,ton,43,False,forest,tcp,0,frozen,0.01,9367,7534,834,3980,390,3384,206,3743,237,8533,0.42071955935778743,0.08903597736735347,0.9759410848128851
ton,ton,43,False,forest,tcp,0,cap,0.01,9367,7534,78,3980,34,3713,233,3743,237,9289,0.4248035310582409,0.008327105796946729,
ton,ton,43,False,forest,tcp,0,random,0.01,9367,7534,78,3980,37,3707,236,3743,237,9289,0.4244805684142534,0.008327105796946729,
ton,ton,43,False,forest,tcp,0,frozen,0.05,9367,7534,2772,3980,1196,2655,129,3743,237,6595,0.4221379833206975,0.2959325290914914,0.90693259894853
ton,ton,43,False,forest,tcp,0,cap,0.05,9367,7534,454,3980,208,3556,216,3743,237,8913,0.42320206440031416,0.04846802604889506,
ton,ton,43,False,forest,tcp,0,random,0.05,9367,7534,454,3980,198,3556,226,3743,237,8913,0.42432402109278583,0.04846802604889506,
ton,ton,43,False,forest,tcp,0,frozen,0.1,9367,7534,5526,3980,2626,1311,43,3743,237,3841,0.35251236657120544,0.5899434183836875,0.7887989889532485
ton,ton,43,False,forest,tcp,0,cap,0.1,9367,7534,921,3980,387,3394,199,3743,237,8446,0.4254084773857447,0.0983239030639479,
ton,ton,43,False,forest,tcp,0,random,0.1,9367,7534,921,3980,414,3349,217,3743,237,8446,0.4222116978451338,0.0983239030639479,
ton,ton,43,False,forest,temporal+tcp,0,forced,0.0,9367,7534,0,4505,0,4335,170,4335,170,9367,0.4809437386569873,0.0,
ton,ton,43,False,forest,temporal+tcp,0,frozen,0.01,9367,7534,1629,4505,765,3603,137,4335,170,7738,0.4833290255880072,0.17390840183623357,0.9759410848128851
ton,ton,43,False,forest,temporal+tcp,0,cap,0.01,9367,7534,78,4505,34,4305,166,4335,170,9289,0.48132199375605556,0.008327105796946729,
ton,ton,43,False,forest,temporal+tcp,0,random,0.01,9367,7534,78,4505,36,4299,170,4335,170,9289,0.48110668532673057,0.008327105796946729,
ton,ton,43,False,forest,temporal+tcp,0,frozen,0.05,9367,7534,4264,4505,2339,2093,73,4335,170,5103,0.42445620223398,0.45521511689975447,0.90693259894853
ton,ton,43,False,forest,temporal+tcp,0,cap,0.05,9367,7534,454,4505,210,4143,152,4335,170,8913,0.4818803994165825,0.04846802604889506,
ton,ton,43,False,forest,temporal+tcp,0,random,0.05,9367,7534,454,4505,219,4123,163,4335,170,8913,0.48087063839335803,0.04846802604889506,
ton,ton,43,False,forest,temporal+tcp,0,frozen,0.1,9367,7534,6021,4505,3402,1072,31,4335,170,3346,0.32964734010759117,0.6427885128643108,0.7887989889532485
ton,ton,43,False,forest,temporal+tcp,0,cap,0.1,9367,7534,921,4505,380,3981,144,4335,170,8446,0.4883968742600047,0.0983239030639479,
ton,ton,43,False,forest,temporal+tcp,0,random,0.1,9367,7534,921,4505,436,3914,155,4335,170,8446,0.48176651669429316,0.0983239030639479,
ton,ton,43,False,forest,random10,0,forced,0.0,9367,7534,0,1416,0,876,540,876,540,9367,0.15116899754457136,0.0,
ton,ton,43,False,forest,random10,0,frozen,0.01,9367,7534,145,1416,58,838,520,876,540,9222,0.14725656039904575,0.015479876160990712,0.9759410848128851
ton,ton,43,False,forest,random10,0,cap,0.01,9367,7534,78,1416,26,853,537,876,540,9289,0.1496393583808806,0.008327105796946729,
ton,ton,43,False,forest,random10,0,random,0.01,9367,7534,78,1416,6,871,539,876,540,9289,0.1517924426741307,0.008327105796946729,
ton,ton,43,False,forest,random10,0,frozen,0.05,9367,7534,636,1416,250,713,453,876,540,8731,0.13354713091283932,0.0678979395751041,0.90693259894853
ton,ton,43,False,forest,random10,0,cap,0.05,9367,7534,454,1416,182,750,484,876,540,8913,0.13844945585100416,0.04846802604889506,
ton,ton,43,False,forest,random10,0,random,0.05,9367,7534,454,1416,62,838,516,876,540,8913,0.1519129361606642,0.04846802604889506,
ton,ton,43,False,forest,random10,0,frozen,0.1,9367,7534,1694,1416,483,577,356,876,540,7673,0.12159520396194448,0.18084765666702252,0.7887989889532485
ton,ton,43,False,forest,random10,0,cap,0.1,9367,7534,921,1416,320,660,436,876,540,8446,0.1297655695003552,0.0983239030639479,
ton,ton,43,False,forest,random10,0,random,0.1,9367,7534,921,1416,130,792,494,876,540,8446,0.15226142552687663,0.0983239030639479,
ton,cic,43,False,forest,clean,4,forced,0.0,12188,306,0,1070,0,291,779,291,779,12188,0.08779127010173941,0.0,
ton,cic,43,False,forest,clean,4,frozen,0.01,12188,306,1738,1070,457,281,332,291,779,10450,0.05866028708133971,0.14259927797833935,0.9759410848128851
ton,cic,43,False,forest,clean,4,cap,0.01,12188,306,110,1070,49,291,730,291,779,12078,0.08453386322238782,0.009025270758122744,
ton,cic,43,False,forest,clean,4,random,0.01,12188,306,110,1070,5,287,778,291,779,12078,0.08817685047193244,0.009025270758122744,
ton,cic,43,False,forest,clean,4,frozen,0.05,12188,306,5149,1070,667,251,152,291,779,7039,0.05725245063219207,0.42246471939612734,0.90693259894853
ton,cic,43,False,forest,clean,4,cap,0.05,12188,306,598,1070,266,288,516,291,779,11590,0.06937014667817083,0.04906465375779455,
ton,cic,43,False,forest,clean,4,random,0.05,12188,306,598,1070,46,280,744,291,779,11590,0.08835202761000863,0.04906465375779455,
ton,cic,43,False,forest,clean,4,frozen,0.1,12188,306,6380,1070,760,214,96,291,779,5808,0.05337465564738292,0.5234657039711191,0.7887989889532485
ton,cic,43,False,forest,clean,4,cap,0.1,12188,306,1209,1070,386,284,400,291,779,10979,0.062300755988705714,0.09919593042336725,
ton,cic,43,False,forest,clean,4,random,0.1,12188,306,1209,1070,97,269,704,291,779,10979,0.08862373622369979,0.09919593042336725,
ton,cic,43,False,forest,temporal,4,forced,0.0,12188,306,0,428,0,305,123,305,123,12188,0.035116508040695764,0.0,
ton,cic,43,False,forest,temporal,4,frozen,0.01,12188,306,56,428,26,301,101,305,123,12132,0.033135509396636995,0.004594683295044306,0.9759410848128851
ton,cic,43,False,forest,temporal,4,cap,0.01,12188,306,110,428,35,301,92,305,123,12078,0.032538499751614505,0.009025270758122744,
ton,cic,43,False,forest,temporal,4,random,0.01,12188,306,110,428,5,301,122,305,123,12078,0.03502235469448584,0.009025270758122744,
ton,cic,43,False,forest,temporal,4,frozen,0.05,12188,306,230,428,64,297,67,305,123,11958,0.030439872888442885,0.018871020676074827,0.90693259894853
ton,cic,43,False,forest,temporal,4,cap,0.05,12188,306,598,428,103,286,39,305,123,11590,0.028041415012942193,0.04906465375779455,
ton,cic,43,False,forest,temporal,4,random,0.05,12188,306,598,428,16,294,118,305,123,11590,0.035547886108714406,0.04906465375779455,
ton,cic,43,False,forest,temporal,4,frozen,0.1,12188,306,529,428,101,287,40,305,123,11659,0.02804700231580753,0.043403347554972105,0.7887989889532485
ton,cic,43,False,forest,temporal,4,cap,0.1,12188,306,1209,428,108,285,35,305,123,10979,0.029146552509336007,0.09919593042336725,
ton,cic,43,False,forest,temporal,4,random,0.1,12188,306,1209,428,35,283,110,305,123,10979,0.03579560980052828,0.09919593042336725,
ton,cic,43,False,forest,size,4,forced,0.0,12188,306,0,468,0,297,171,297,171,12188,0.03839842468001313,0.0,
ton,cic,43,False,forest,size,4,frozen,0.01,12188,306,63,468,28,294,146,297,171,12125,0.03628865979381443,0.005169018706924844,0.9759410848128851
ton,cic,43,False,forest,size,4,cap,0.01,12188,306,110,468,37,294,137,297,171,12078,0.03568471601258486,0.009025270758122744,
ton,cic,43,False,forest,size,4,random,0.01,12188,306,110,468,4,293,171,297,171,12078,0.038416956449743335,0.009025270758122744,
ton,cic,43,False,forest,size,4,frozen,0.05,12188,306,607,468,117,292,59,297,171,11581,0.030308263535100594,0.049803085001640955,0.90693259894853
ton,cic,43,False,forest,size,4,cap,0.05,12188,306,598,468,117,291,60,297,171,11590,0.030284728213977565,0.04906465375779455,
ton,cic,43,False,forest,size,4,random,0.05,12188,306,598,468,22,287,159,297,171,11590,0.038481449525452974,0.04906465375779455,
ton,cic,43,False,forest,size,4,frozen,0.1,12188,306,6519,468,241,224,3,297,171,5669,0.040042335508908095,0.5348703642927469,0.7887989889532485
ton,cic,43,False,forest,size,4,cap,0.1,12188,306,1209,468,164,278,26,297,171,10979,0.027689224883869205,0.09919593042336725,
ton,cic,43,False,forest,size,4,random,0.1,12188,306,1209,468,39,276,153,297,171,10979,0.03907459695782858,0.09919593042336725,
ton,cic,43,False,forest,tcp,4,forced,0.0,12188,306,0,446,0,303,143,303,143,12188,0.036593370528388576,0.0,
ton,cic,43,False,forest,tcp,4,frozen,0.01,12188,306,39,446,24,301,121,303,143,12149,0.03473536916618652,0.0031998687233344273,0.9759410848128851
ton,cic,43,False,forest,tcp,4,cap,0.01,12188,306,110,446,52,299,95,303,143,12078,0.032621294916376886,0.009025270758122744,
ton,cic,43,False,forest,tcp,4,random,0.01,12188,306,110,446,4,299,143,303,143,12078,0.036595462824971024,0.009025270758122744,
ton,cic,43,False,forest,tcp,4,frozen,0.05,12188,306,159,446,67,299,80,303,143,12029,0.03150719095519162,0.013045618641286512,0.90693259894853
ton,cic,43,False,forest,tcp,4,cap,0.05,12188,306,598,446,113,285,48,303,143,11590,0.028731665228645384,0.04906465375779455,
ton,cic,43,False,forest,tcp,4,random,0.05,12188,306,598,446,16,292,138,303,143,11590,0.03710094909404659,0.04906465375779455,
ton,cic,43,False,forest,tcp,4,frozen,0.1,12188,306,584,446,114,286,46,303,143,11604,0.028610823853843503,0.04791598293403348,0.7887989889532485
ton,cic,43,False,forest,tcp,4,cap,0.1,12188,306,1209,446,160,261,25,303,143,10979,0.026049731305219054,0.09919593042336725,
ton,cic,43,False,forest,tcp,4,random,0.1,12188,306,1209,446,37,281,128,303,143,10979,0.03725293742599508,0.09919593042336725,
ton,cic,43,False,forest,temporal+tcp,4,forced,0.0,12188,306,0,455,0,304,151,304,151,12188,0.03733180177223498,0.0,
ton,cic,43,False,forest,temporal+tcp,4,frozen,0.01,12188,306,65,455,23,302,130,304,151,12123,0.035634743875278395,0.005333114538890712,0.9759410848128851
ton,cic,43,False,forest,temporal+tcp,4,cap,0.01,12188,306,110,455,34,299,122,304,151,12078,0.03485676436496109,0.009025270758122744,
ton,cic,43,False,forest,temporal+tcp,4,random,0.01,12188,306,110,455,5,300,150,304,151,12078,0.037257824143070044,0.009025270758122744,
ton,cic,43,False,forest,temporal+tcp,4,frozen,0.05,12188,306,290,455,84,294,77,304,151,11898,0.0311817112119684,0.02379389563505087,0.90693259894853
ton,cic,43,False,forest,temporal+tcp,4,cap,0.05,12188,306,598,455,125,285,45,304,151,11590,0.028472821397756688,0.04906465375779455,
ton,cic,43,False,forest,temporal+tcp,4,random,0.05,12188,306,598,455,16,293,146,304,151,11590,0.037877480586712683,0.04906465375779455,
ton,cic,43,False,forest,temporal+tcp,4,frozen,0.1,12188,306,869,455,148,273,34,304,151,11319,0.02712253732661896,0.07129963898916968,0.7887989889532485
ton,cic,43,False,forest,temporal+tcp,4,cap,0.1,12188,306,1209,455,167,261,27,304,151,10979,0.026231897258402404,0.09919593042336725,
ton,cic,43,False,forest,temporal+tcp,4,random,0.1,12188,306,1209,455,38,282,135,304,151,10979,0.03798160123872848,0.09919593042336725,
ton,cic,43,False,forest,random10,4,forced,0.0,12188,306,0,1406,0,289,1117,289,1117,12188,0.11535936987200525,0.0,
ton,cic,43,False,forest,random10,4,frozen,0.01,12188,306,554,1406,224,283,899,289,1117,11634,0.10159876224858175,0.045454545454545456,0.9759410848128851
ton,cic,43,False,forest,random10,4,cap,0.01,12188,306,110,1406,51,287,1068,289,1117,12078,0.11218744825302203,0.009025270758122744,
ton,cic,43,False,forest,random10,4,random,0.01,12188,306,110,1406,11,285,1110,289,1117,12078,0.11549925484351714,0.009025270758122744,
ton,cic,43,False,forest,random10,4,frozen,0.05,12188,306,2322,1406,646,276,484,289,1117,9866,0.07703223190756132,0.19051526091237284,0.90693259894853
ton,cic,43,False,forest,random10,4,cap,0.05,12188,306,598,1406,238,284,884,289,1117,11590,0.10077653149266609,0.04906465375779455,
ton,cic,43,False,forest,random10,4,random,0.05,12188,306,598,1406,63,278,1065,289,1117,11590,0.11587575496117343,0.04906465375779455,
ton,cic,43,False,forest,random10,4,frozen,0.1,12188,306,5018,1406,1062,242,102,289,1117,7170,0.04797768479776848,0.411716442402363,0.7887989889532485
ton,cic,43,False,forest,random10,4,cap,0.1,12188,306,1209,1406,403,279,724,289,1117,10979,0.09135622552145004,0.09919593042336725,
ton,cic,43,False,forest,random10,4,random,0.1,12188,306,1209,1406,141,267,998,289,1117,10979,0.11521996538846889,0.09919593042336725,
ton,unsw,43,True,logistic,clean,0,forced,0.0,10417,1285,0,8883,0,184,8699,184,8699,10417,0.8527407122972065,0.0,
ton,unsw,43,True,logistic,clean,0,frozen,0.01,10417,1285,29,8883,17,167,8699,184,8699,10388,0.8534847901424721,0.002783910914850725,0.9183046097712332
ton,unsw,43,True,logistic,clean,0,cap,0.01,10417,1285,101,8883,45,151,8687,184,8699,10316,0.8567274137262505,0.009695689737928385,
ton,unsw,43,True,logistic,clean,0,random,0.01,10417,1285,101,8883,80,182,8621,184,8699,10316,0.8533346258239628,0.009695689737928385,
ton,unsw,43,True,logistic,clean,0,frozen,0.05,10417,1285,230,8883,113,110,8660,184,8699,10187,0.8609011485226269,0.022079293462609197,0.579458525371241
ton,unsw,43,True,logistic,clean,0,cap,0.05,10417,1285,518,8883,316,102,8465,184,8699,9899,0.8654409536316799,0.04972640875491984,
ton,unsw,43,True,logistic,clean,0,random,0.05,10417,1285,518,8883,425,175,8283,184,8699,9899,0.8544297403778159,0.04972640875491984,
ton,unsw,43,True,logistic,clean,0,frozen,0.1,10417,1285,512,8883,308,100,8475,184,8699,9905,0.8657243816254417,0.04915042718633004,0.43292681308370207
ton,unsw,43,True,logistic,clean,0,cap,0.1,10417,1285,1040,8883,633,84,8166,184,8699,9377,0.8798123067079023,0.09983680522223289,
ton,unsw,43,True,logistic,clean,0,random,0.1,10417,1285,1040,8883,864,165,7854,184,8699,9377,0.855177562120081,0.09983680522223289,
ton,unsw,43,True,logistic,temporal,0,forced,0.0,10417,1285,0,8900,0,233,8667,233,8667,10417,0.8543726600748776,0.0,
ton,unsw,43,True,logistic,temporal,0,frozen,0.01,10417,1285,192,8900,147,197,8556,233,8667,10225,0.856039119804401,0.018431410194873765,0.9183046097712332
ton,unsw,43,True,logistic,temporal,0,cap,0.01,10417,1285,101,8900,67,223,8610,233,8667,10316,0.8562427297402094,0.009695689737928385,
ton,unsw,43,True,logistic,temporal,0,random,0.01,10417,1285,101,8900,80,230,8590,233,8667,10316,0.8549825513765025,0.009695689737928385,
ton,unsw,43,True,logistic,temporal,0,frozen,0.05,10417,1285,667,8900,475,133,8292,233,8667,9750,0.8641025641025641,0.06402995104156667,0.579458525371241
ton,unsw,43,True,logistic,temporal,0,cap,0.05,10417,1285,518,8900,383,153,8364,233,8667,9899,0.8603899383776139,0.04972640875491984,
ton,unsw,43,True,logistic,temporal,0,random,0.05,10417,1285,518,8900,425,222,8253,233,8667,9899,0.8561470855641984,0.04972640875491984,
ton,unsw,43,True,logistic,temporal,0,frozen,0.1,10417,1285,963,8900,727,106,8067,233,8667,9454,0.8645017981806643,0.09244504175866372,0.43292681308370207
ton,unsw,43,True,logistic,temporal,0,cap,0.1,10417,1285,1040,8900,795,111,7994,233,8667,9377,0.8643489388930361,0.09983680522223289,
ton,unsw,43,True,logistic,temporal,0,random,0.1,10417,1285,1040,8900,864,211,7825,233,8667,9377,0.8569905086914792,0.09983680522223289,
ton,unsw,43,True,logistic,size,0,forced,0.0,10417,1285,0,7176,0,134,7042,134,7042,10417,0.688873956033407,0.0,
ton,unsw,43,True,logistic,size,0,frozen,0.01,10417,1285,20,7176,9,133,7034,134,7042,10397,0.6893334615754545,0.001919938561966017,0.9183046097712332
ton,unsw,43,True,logistic,size,0,cap,0.01,10417,1285,101,7176,53,131,6992,134,7042,10316,0.6904808065141528,0.009695689737928385,
ton,unsw,43,True,logistic,size,0,random,0.01,10417,1285,101,7176,65,132,6979,134,7042,10316,0.6893175649476542,0.009695689737928385,
ton,unsw,43,True,logistic,size,0,frozen,0.05,10417,1285,481,7176,229,129,6818,134,7042,9936,0.6991747181964574,0.046174522415282714,0.579458525371241
ton,unsw,43,True,logistic,size,0,cap,0.05,10417,1285,518,7176,277,128,6771,134,7042,9899,0.6969390847560359,0.04972640875491984,
ton,unsw,43,True,logistic,size,0,random,0.05,10417,1285,518,7176,339,128,6709,134,7042,9899,0.6906758258409941,0.04972640875491984,
ton,unsw,43,True,logistic,size,0,frozen,0.1,10417,1285,1753,7176,1349,127,5700,134,7042,8664,0.6725530932594644,0.1682826149563214,0.43292681308370207
ton,unsw,43,True,logistic,size,0,cap,0.1,10417,1285,1040,7176,717,128,6331,134,7042,9377,0.688813053215314,0.09983680522223289,
ton,unsw,43,True,logistic,size,0,random,0.1,10417,1285,1040,7176,681,123,6372,134,7042,9377,0.6926522341900394,0.09983680522223289,
ton,unsw,43,True,logistic,tcp,0,forced,0.0,10417,1285,0,8891,0,192,8699,192,8699,10417,0.8535086877219928,0.0,
ton,unsw,43,True,logistic,tcp,0,frozen,0.01,10417,1285,20,8891,11,184,8696,192,8699,10397,0.8540925266903915,0.001919938561966017,0.9183046097712332
ton,unsw,43,True,logistic,tcp,0,cap,0.01,10417,1285,101,8891,52,164,8675,192,8699,10316,0.8568243505234587,0.009695689737928385,
ton,unsw,43,True,logistic,tcp,0,random,0.01,10417,1285,101,8891,79,191,8621,192,8699,10316,0.8542070569988368,0.009695689737928385,
ton,unsw,43,True,logistic,tcp,0,frozen,0.05,10417,1285,195,8891,93,150,8648,192,8699,10222,0.8606926237526903,0.018719400979168667,0.579458525371241
ton,unsw,43,True,logistic,tcp,0,cap,0.05,10417,1285,518,8891,278,95,8518,192,8699,9899,0.8700878876654208,0.04972640875491984,
ton,unsw,43,True,logistic,tcp,0,random,0.05,10417,1285,518,8891,424,184,8283,192,8699,9899,0.8553389231235479,0.04972640875491984,
ton,unsw,43,True,logistic,tcp,0,frozen,0.1,10417,1285,425,8891,222,95,8574,192,8699,9992,0.8675940752602082,0.04079869444177786,0.43292681308370207
ton,unsw,43,True,logistic,tcp,0,cap,0.1,10417,1285,1040,8891,571,92,8228,192,8699,9377,0.887277380825424,0.09983680522223289,
ton,unsw,43,True,logistic,tcp,0,random,0.1,10417,1285,1040,8891,863,174,7854,192,8699,9377,0.8561373573637624,0.09983680522223289,
ton,unsw,43,True,logistic,temporal+tcp,0,forced,0.0,10417,1285,0,8800,0,270,8530,270,8530,10417,0.8447729672650475,0.0,
ton,unsw,43,True,logistic,temporal+tcp,0,frozen,0.01,10417,1285,57,8800,21,252,8527,270,8530,10360,0.8473938223938224,0.005471824901603149,0.9183046097712332
ton,unsw,43,True,logistic,temporal+tcp,0,cap,0.01,10417,1285,101,8800,29,244,8527,270,8530,10316,0.8502326483132997,0.009695689737928385,
ton,unsw,43,True,logistic,temporal+tcp,0,random,0.01,10417,1285,101,8800,80,267,8453,270,8530,10316,0.8452888716556805,0.009695689737928385,
ton,unsw,43,True,logistic,temporal+tcp,0,frozen,0.05,10417,1285,607,8800,310,145,8345,270,8530,9810,0.8654434250764526,0.05827013535566862,0.579458525371241
ton,unsw,43,True,logistic,temporal+tcp,0,cap,0.05,10417,1285,518,8800,235,155,8410,270,8530,9899,0.8652389130215173,0.04972640875491984,
ton,unsw,43,True,logistic,temporal+tcp,0,random,0.05,10417,1285,518,8800,419,256,8125,270,8530,9899,0.8466511768865542,0.04972640875491984,
ton,unsw,43,True,logistic,temporal+tcp,0,frozen,0.1,10417,1285,1214,8800,809,134,7857,270,8530,9203,0.8683038139737043,0.11654027071133724,0.43292681308370207
ton,unsw,43,True,logistic,temporal+tcp,0,cap,0.1,10417,1285,1040,8800,671,137,7992,270,8530,9377,0.8669083928761864,0.09983680522223289,
ton,unsw,43,True,logistic,temporal+tcp,0,random,0.1,10417,1285,1040,8800,851,244,7705,270,8530,9377,0.8477124880025595,0.09983680522223289,
ton,unsw,43,True,logistic,random10,0,forced,0.0,10417,1285,0,8118,0,309,7809,309,7809,10417,0.7793030623020063,0.0,
ton,unsw,43,True,logistic,random10,0,frozen,0.01,10417,1285,69,8118,39,292,7787,309,7809,10348,0.7807305759567066,0.006623788038782759,0.9183046097712332
ton,unsw,43,True,logistic,random10,0,cap,0.01,10417,1285,101,8118,52,286,7780,309,7809,10316,0.7818922062815045,0.009695689737928385,
ton,unsw,43,True,logistic,random10,0,random,0.01,10417,1285,101,8118,77,304,7737,309,7809,10316,0.7794687863512989,0.009695689737928385,
ton,unsw,43,True,logistic,random10,0,frozen,0.05,10417,1285,475,8118,247,236,7635,309,7809,9942,0.7916918125125729,0.0455985408466929,0.579458525371241
ton,unsw,43,True,logistic,random10,0,cap,0.05,10417,1285,518,8118,266,230,7622,309,7809,9899,0.7932114354985352,0.04972640875491984,
ton,unsw,43,True,logistic,random10,0,random,0.05,10417,1285,518,8118,388,289,7441,309,7809,9899,0.780886958278614,0.04972640875491984,
ton,unsw,43,True,logistic,random10,0,frozen,0.1,10417,1285,708,8118,373,210,7535,309,7809,9709,0.7977134617365331,0.067965825093597,0.43292681308370207
ton,unsw,43,True,logistic,random10,0,cap,0.1,10417,1285,1040,8118,553,183,7382,309,7809,9377,0.8067612242721552,0.09983680522223289,
ton,unsw,43,True,logistic,random10,0,random,0.1,10417,1285,1040,8118,786,275,7057,309,7809,9377,0.7819131918524048,0.09983680522223289,
ton,ton,43,True,logistic,clean,0,forced,0.0,9367,7534,0,2100,0,1240,860,1240,860,9367,0.2241913099177965,0.0,
ton,ton,43,True,logistic,clean,0,frozen,0.01,9367,7534,1099,2100,648,611,841,1240,860,8268,0.17561683599419448,0.11732678552364685,0.9183046097712332
ton,ton,43,True,logistic,clean,0,cap,0.01,9367,7534,78,2100,41,1201,858,1240,860,9289,0.22166002799009582,0.008327105796946729,
ton,ton,43,True,logistic,clean,0,random,0.01,9367,7534,78,2100,20,1222,858,1240,860,9289,0.2239207664980084,0.008327105796946729,
ton,ton,43,True,logistic,clean,0,frozen,0.05,9367,7534,2879,2100,1156,248,696,1240,860,6488,0.14549938347718866,0.3073556101206363,0.579458525371241
ton,ton,43,True,logistic,clean,0,cap,0.05,9367,7534,454,2100,319,939,842,1240,860,8913,0.19982048692920454,0.04846802604889506,
ton,ton,43,True,logistic,clean,0,random,0.05,9367,7534,454,2100,105,1170,825,1240,860,8913,0.2238303601480983,0.04846802604889506,
ton,ton,43,True,logistic,clean,0,frozen,0.1,9367,7534,4023,2100,1308,192,600,1240,860,5344,0.14820359281437126,0.42948649514252163,0.43292681308370207
ton,ton,43,True,logistic,clean,0,cap,0.1,9367,7534,921,2100,558,712,830,1240,860,8446,0.18257163154155814,0.0983239030639479,
ton,ton,43,True,logistic,clean,0,random,0.1,9367,7534,921,2100,202,1107,791,1240,860,8446,0.22472176178072462,0.0983239030639479,
ton,ton,43,True,logistic,temporal,0,forced,0.0,9367,7534,0,1487,0,582,905,582,905,9367,0.15874879897512545,0.0,
ton,ton,43,True,logistic,temporal,0,frozen,0.01,9367,7534,367,1487,171,457,859,582,905,9000,0.14622222222222223,0.03918010035230063,0.9183046097712332
ton,ton,43,True,logistic,temporal,0,cap,0.01,9367,7534,78,1487,39,548,900,582,905,9289,0.15588330283130586,0.008327105796946729,
ton,ton,43,True,logistic,temporal,0,random,0.01,9367,7534,78,1487,7,577,903,582,905,9289,0.15932823770050597,0.008327105796946729,
ton,ton,43,True,logistic,temporal,0,frozen,0.05,9367,7534,4006,1487,777,158,552,582,905,5361,0.1324379779891811,0.42767161310985374,0.579458525371241
ton,ton,43,True,logistic,temporal,0,cap,0.05,9367,7534,454,1487,192,450,845,582,905,8913,0.14529339167508135,0.04846802604889506,
ton,ton,43,True,logistic,temporal,0,random,0.05,9367,7534,454,1487,68,552,867,582,905,8913,0.15920565466173006,0.04846802604889506,
ton,ton,43,True,logistic,temporal,0,frozen,0.1,9367,7534,5342,1487,1023,78,386,582,905,4025,0.11527950310559006,0.5702999893242233,0.43292681308370207
ton,ton,43,True,logistic,temporal,0,cap,0.1,9367,7534,921,1487,347,346,794,582,905,8446,0.1349751361591286,0.0983239030639479,
ton,ton,43,True,logistic,temporal,0,random,0.1,9367,7534,921,1487,134,522,831,582,905,8446,0.16019417475728157,0.0983239030639479,
ton,ton,43,True,logistic,size,0,forced,0.0,9367,7534,0,3408,0,2118,1290,2118,1290,9367,0.3638304686665955,0.0,
ton,ton,43,True,logistic,size,0,frozen,0.01,9367,7534,350,3408,256,1930,1222,2118,1290,9017,0.34956193856049683,0.037365218319632756,0.9183046097712332
ton,ton,43,True,logistic,size,0,cap,0.01,9367,7534,78,3408,44,2095,1269,2118,1290,9289,0.36214877812466356,0.008327105796946729,
ton,ton,43,True,logistic,size,0,random,0.01,9367,7534,78,3408,28,2093,1287,2118,1290,9289,0.36387124555926365,0.008327105796946729,
ton,ton,43,True,logistic,size,0,frozen,0.05,9367,7534,2993,3408,974,1514,920,2118,1290,6374,0.38186382177596484,0.3195259955161738,0.579458525371241
ton,ton,43,True,logistic,size,0,cap,0.05,9367,7534,454,3408,203,2013,1192,2118,1290,8913,0.3595871199371704,0.04846802604889506,
ton,ton,43,True,logistic,size,0,random,0.05,9367,7534,454,3408,165,2003,1240,2118,1290,8913,0.36385055536856276,0.04846802604889506,
ton,ton,43,True,logistic,size,0,frozen,0.1,9367,7534,5919,3408,2681,127,600,2118,1290,3448,0.21084686774941996,0.6318992206683036,0.43292681308370207
ton,ton,43,True,logistic,size,0,cap,0.1,9367,7534,921,3408,307,1945,1156,2118,1290,8446,0.3671560502012787,0.0983239030639479,
ton,ton,43,True,logistic,size,0,random,0.1,9367,7534,921,3408,330,1897,1181,2118,1290,8446,0.36443286762964716,0.0983239030639479,
ton,ton,43,True,logistic,tcp,0,forced,0.0,9367,7534,0,1450,0,547,903,547,903,9367,0.15479876160990713,0.0,
ton,ton,43,True,logistic,tcp,0,frozen,0.01,9367,7534,401,1450,129,453,868,547,903,8966,0.14733437430292215,0.04280986441763638,0.9183046097712332
ton,ton,43,True,logistic,tcp,0,cap,0.01,9367,7534,78,1450,30,521,899,547,903,9289,0.15286898482075573,0.008327105796946729,
ton,ton,43,True,logistic,tcp,0,random,0.01,9367,7534,78,1450,7,542,901,547,903,9289,0.15534503175799333,0.008327105796946729,
ton,ton,43,True,logistic,tcp,0,frozen,0.05,9367,7534,4238,1450,680,209,561,547,903,5129,0.1501267303567947,0.4524394149674389,0.579458525371241
ton,ton,43,True,logistic,tcp,0,cap,0.05,9367,7534,454,1450,147,445,858,547,903,8913,0.14619095702905868,0.04846802604889506,
ton,ton,43,True,logistic,tcp,0,random,0.05,9367,7534,454,1450,60,521,869,547,903,8913,0.15595198025356222,0.04846802604889506,
ton,ton,43,True,logistic,tcp,0,frozen,0.1,9367,7534,5815,1450,946,83,421,547,903,3552,0.14189189189189189,0.6207964129390413,0.43292681308370207
ton,ton,43,True,logistic,tcp,0,cap,0.1,9367,7534,921,1450,256,397,797,547,903,8446,0.14136869524035045,0.0983239030639479,
ton,ton,43,True,logistic,tcp,0,random,0.1,9367,7534,921,1450,121,497,832,547,903,8446,0.15735259294340517,0.0983239030639479,
ton,ton,43,True,logistic,temporal+tcp,0,forced,0.0,9367,7534,0,1947,0,1123,824,1123,824,9367,0.20785737162378562,0.0,
ton,ton,43,True,logistic,temporal+tcp,0,frozen,0.01,9367,7534,709,1947,313,898,736,1123,824,8658,0.18872718872718872,0.0756912565389132,0.9183046097712332
ton,ton,43,True,logistic,temporal+tcp,0,cap,0.01,9367,7534,78,1947,27,1099,821,1123,824,9289,0.20669609215200774,0.008327105796946729,
ton,ton,43,True,logistic,temporal+tcp,0,random,0.01,9367,7534,78,1947,8,1117,822,1123,824,9289,0.20874152223059533,0.008327105796946729,
ton,ton,43,True,logistic,temporal+tcp,0,frozen,0.05,9367,7534,4284,1947,1379,168,400,1123,824,5083,0.11174503246114499,0.4573502722323049,0.579458525371241
ton,ton,43,True,logistic,temporal+tcp,0,cap,0.05,9367,7534,454,1947,202,970,775,1123,824,8913,0.19578144283630652,0.04846802604889506,
ton,ton,43,True,logistic,temporal+tcp,0,random,0.05,9367,7534,454,1947,91,1068,788,1123,824,8913,0.20823516212274207,0.04846802604889506,
ton,ton,43,True,logistic,temporal+tcp,0,frozen,0.1,9367,7534,6934,1947,1597,84,266,1123,824,2433,0.14385532264693793,0.7402583537952386,0.43292681308370207
ton,ton,43,True,logistic,temporal+tcp,0,cap,0.1,9367,7534,921,1947,399,835,713,1123,824,8446,0.18328202699502724,0.0983239030639479,
ton,ton,43,True,logistic,temporal+tcp,0,random,0.1,9367,7534,921,1947,185,1012,750,1123,824,8446,0.20861946483542507,0.0983239030639479,
ton,ton,43,True,logistic,random10,0,forced,0.0,9367,7534,0,2832,0,1912,920,1912,920,9367,0.3023379950891427,0.0,
ton,ton,43,True,logistic,random10,0,frozen,0.01,9367,7534,533,2832,271,1684,877,1912,920,8834,0.28990264885669004,0.05690188961246931,0.9183046097712332
ton,ton,43,True,logistic,random10,0,cap,0.01,9367,7534,78,2832,46,1872,914,1912,920,9289,0.29992464204973623,0.008327105796946729,
ton,ton,43,True,logistic,random10,0,random,0.01,9367,7534,78,2832,21,1893,918,1912,920,9289,0.30261599741629885,0.008327105796946729,
ton,ton,43,True,logistic,random10,0,frozen,0.05,9367,7534,2692,2832,1070,1044,718,1912,920,6675,0.26397003745318354,0.28739190776128964,0.579458525371241
ton,ton,43,True,logistic,random10,0,cap,0.05,9367,7534,454,2832,228,1725,879,1912,920,8913,0.29215752271962303,0.04846802604889506,
ton,ton,43,True,logistic,random10,0,random,0.05,9367,7534,454,2832,133,1815,884,1912,920,8913,0.3028161112981039,0.04846802604889506,
ton,ton,43,True,logistic,random10,0,frozen,0.1,9367,7534,3873,2832,1397,810,625,1912,920,5494,0.26119402985074625,0.4134728301483933,0.43292681308370207
ton,ton,43,True,logistic,random10,0,cap,0.1,9367,7534,921,2832,449,1533,850,1912,920,8446,0.28214539426947666,0.0983239030639479,
ton,ton,43,True,logistic,random10,0,random,0.1,9367,7534,921,2832,262,1729,841,1912,920,8446,0.30428605256926355,0.0983239030639479,
ton,cic,43,True,logistic,clean,4,forced,0.0,12188,306,0,7045,0,153,6892,153,6892,12188,0.5780275680997703,0.0,
ton,cic,43,True,logistic,clean,4,frozen,0.01,12188,306,1289,7045,760,144,6141,153,6892,10899,0.5766584090283512,0.10575976370200196,0.9183046097712332
ton,cic,43,True,logistic,clean,4,cap,0.01,12188,306,110,7045,61,152,6832,153,6892,12078,0.5782414307004471,0.009025270758122744,
ton,cic,43,True,logistic,clean,4,random,0.01,12188,306,110,7045,58,151,6836,153,6892,12078,0.5784898161947343,0.009025270758122744,
ton,cic,43,True,logistic,clean,4,frozen,0.05,12188,306,6032,7045,3093,35,3917,153,6892,6156,0.6419753086419753,0.4949130292090581,0.579458525371241
ton,cic,43,True,logistic,clean,4,cap,0.05,12188,306,598,7045,298,149,6598,153,6892,11590,0.5821397756686799,0.04906465375779455,
ton,cic,43,True,logistic,clean,4,random,0.05,12188,306,598,7045,349,149,6547,153,6892,11590,0.577739430543572,0.04906465375779455,
ton,cic,43,True,logistic,clean,4,frozen,0.1,12188,306,8184,7045,4402,19,2624,153,6892,4004,0.6600899100899101,0.6714801444043321,0.43292681308370207
ton,cic,43,True,logistic,clean,4,cap,0.1,12188,306,1209,7045,692,145,6208,153,6892,10979,0.5786501502869114,0.09919593042336725,
ton,cic,43,True,logistic,clean,4,random,0.1,12188,306,1209,7045,699,142,6204,153,6892,10979,0.5780125694507696,0.09919593042336725,
ton,cic,43,True,logistic,temporal,4,forced,0.0,12188,306,0,5433,0,181,5252,181,5252,12188,0.4457663275352806,0.0,
ton,cic,43,True,logistic,temporal,4,frozen,0.01,12188,306,1144,5433,503,177,4753,181,5252,11044,0.4463962332488229,0.09386281588447654,0.9183046097712332
ton,cic,43,True,logistic,temporal,4,cap,0.01,12188,306,110,5433,56,181,5196,181,5252,12078,0.44518960092730586,0.009025270758122744,
ton,cic,43,True,logistic,temporal,4,random,0.01,12188,306,110,5433,47,178,5208,181,5252,12078,0.44593475741016725,0.009025270758122744,
ton,cic,43,True,logistic,temporal,4,frozen,0.05,12188,306,5538,5433,2400,132,2901,181,5252,6650,0.45609022556390977,0.45438135871348867,0.579458525371241
ton,cic,43,True,logistic,temporal,4,cap,0.05,12188,306,598,5433,273,178,4982,181,5252,11590,0.4452113891285591,0.04906465375779455,
ton,cic,43,True,logistic,temporal,4,random,0.05,12188,306,598,5433,285,175,4973,181,5252,11590,0.4441760138050043,0.04906465375779455,
ton,cic,43,True,logistic,temporal,4,frozen,0.1,12188,306,7632,5433,3290,101,2042,181,5252,4556,0.4703687445127305,0.6261896947817526,0.43292681308370207
ton,cic,43,True,logistic,temporal,4,cap,0.1,12188,306,1209,5433,512,175,4746,181,5252,10979,0.44821932780763274,0.09919593042336725,
ton,cic,43,True,logistic,temporal,4,random,0.1,12188,306,1209,5433,541,165,4727,181,5252,10979,0.4455779214864742,0.09919593042336725,
ton,cic,43,True,logistic,size,4,forced,0.0,12188,306,0,7294,0,151,7143,151,7143,12188,0.5984574991795208,0.0,
ton,cic,43,True,logistic,size,4,frozen,0.01,12188,306,1347,7294,647,117,6530,151,7143,10841,0.6131353196199613,0.11051854282901215,0.9183046097712332
ton,cic,43,True,logistic,size,4,cap,0.01,12188,306,110,7294,57,146,7091,151,7143,12078,0.5991886073853286,0.009025270758122744,
ton,cic,43,True,logistic,size,4,random,0.01,12188,306,110,7294,55,149,7090,151,7143,12078,0.5993541977148534,0.009025270758122744,
ton,cic,43,True,logistic,size,4,frozen,0.05,12188,306,7851,7294,4450,51,2793,151,7143,4337,0.6557528245330874,0.6441581883820151,0.579458525371241
ton,cic,43,True,logistic,size,4,cap,0.05,12188,306,598,7294,301,134,6859,151,7143,11590,0.6033649698015531,0.04906465375779455,
ton,cic,43,True,logistic,size,4,random,0.05,12188,306,598,7294,340,144,6810,151,7143,11590,0.6,0.04906465375779455,
ton,cic,43,True,logistic,size,4,frozen,0.1,12188,306,9135,7294,5181,29,2084,151,7143,3053,0.69210612512283,0.7495077125041024,0.43292681308370207
ton,cic,43,True,logistic,size,4,cap,0.1,12188,306,1209,7294,586,124,6584,151,7143,10979,0.610984606976956,0.09919593042336725,
ton,cic,43,True,logistic,size,4,random,0.1,12188,306,1209,7294,719,139,6436,151,7143,10979,0.5988705710902632,0.09919593042336725,
ton,cic,43,True,logistic,tcp,4,forced,0.0,12188,306,0,9211,0,46,9165,46,9165,12188,0.7557433541188053,0.0,
ton,cic,43,True,logistic,tcp,4,frozen,0.01,12188,306,682,9211,333,37,8841,46,9165,11506,0.7715974274291674,0.05595667870036101,0.9183046097712332
ton,cic,43,True,logistic,tcp,4,cap,0.01,12188,306,110,9211,54,46,9111,46,9165,12078,0.7581553237290942,0.009025270758122744,
ton,cic,43,True,logistic,tcp,4,random,0.01,12188,306,110,9211,77,45,9089,46,9165,12078,0.7562510349395595,0.009025270758122744,
ton,cic,43,True,logistic,tcp,4,frozen,0.05,12188,306,5076,9211,3398,18,5795,46,9165,7112,0.8173509561304837,0.41647522152937316,0.579458525371241
ton,cic,43,True,logistic,tcp,4,cap,0.05,12188,306,598,9211,290,38,8883,46,9165,11590,0.7697152717860224,0.04906465375779455,
ton,cic,43,True,logistic,tcp,4,random,0.05,12188,306,598,9211,456,45,8710,46,9165,11590,0.7553925798101812,0.04906465375779455,
ton,cic,43,True,logistic,tcp,4,frozen,0.1,12188,306,7666,9211,5592,12,3607,46,9165,4522,0.8003095975232198,0.6289793239251723,0.43292681308370207
ton,cic,43,True,logistic,tcp,4,cap,0.1,12188,306,1209,9211,606,29,8576,46,9165,10979,0.7837690135713635,0.09919593042336725,
ton,cic,43,True,logistic,tcp,4,random,0.1,12188,306,1209,9211,911,45,8255,46,9165,10979,0.7559887057109026,0.09919593042336725,
ton,cic,43,True,logistic,temporal+tcp,4,forced,0.0,12188,306,0,6792,0,157,6635,157,6635,12188,0.5572694453560879,0.0,
ton,cic,43,True,logistic,temporal+tcp,4,frozen,0.01,12188,306,1068,6792,558,73,6161,157,6635,11120,0.560611510791367,0.08762717426977355,0.9183046097712332
ton,cic,43,True,logistic,temporal+tcp,4,cap,0.01,12188,306,110,6792,53,147,6592,157,6635,12078,0.5579566153336645,0.009025270758122744,
ton,cic,43,True,logistic,temporal+tcp,4,random,0.01,12188,306,110,6792,60,155,6577,157,6635,12078,0.5573770491803278,0.009025270758122744,
ton,cic,43,True,logistic,temporal+tcp,4,frozen,0.05,12188,306,7478,6792,3115,11,3666,157,6635,4710,0.7806794055201699,0.6135543157203807,0.579458525371241
ton,cic,43,True,logistic,temporal+tcp,4,cap,0.05,12188,306,598,6792,312,86,6394,157,6635,11590,0.5591026747195859,0.04906465375779455,
ton,cic,43,True,logistic,temporal+tcp,4,random,0.05,12188,306,598,6792,341,153,6298,157,6635,11590,0.5566005176876617,0.04906465375779455,
ton,cic,43,True,logistic,temporal+tcp,4,frozen,0.1,12188,306,8609,6792,3874,7,2911,157,6635,3579,0.8153115395361833,0.706350508697079,0.43292681308370207
ton,cic,43,True,logistic,temporal+tcp,4,cap,0.1,12188,306,1209,6792,610,73,6109,157,6635,10979,0.563074961289735,0.09919593042336725,
ton,cic,43,True,logistic,temporal+tcp,4,random,0.1,12188,306,1209,6792,654,145,5993,157,6635,10979,0.5590673103197012,0.09919593042336725,
ton,cic,43,True,logistic,random10,4,forced,0.0,12188,306,0,6655,0,153,6502,153,6502,12188,0.546028880866426,0.0,
ton,cic,43,True,logistic,random10,4,frozen,0.01,12188,306,713,6655,332,148,6175,153,6502,11475,0.5510239651416122,0.05850016409583197,0.9183046097712332
ton,cic,43,True,logistic,random10,4,cap,0.01,12188,306,110,6655,61,152,6442,153,6502,12078,0.5459513164431197,0.009025270758122744,
ton,cic,43,True,logistic,random10,4,random,0.01,12188,306,110,6655,59,151,6445,153,6502,12078,0.5461169067726445,0.009025270758122744,
ton,cic,43,True,logistic,random10,4,frozen,0.05,12188,306,4002,6655,2022,86,4547,153,6502,8186,0.5659662838993403,0.328355759763702,0.579458525371241
ton,cic,43,True,logistic,random10,4,cap,0.05,12188,306,598,6655,282,149,6224,153,6502,11590,0.5498705780845556,0.04906465375779455,
ton,cic,43,True,logistic,random10,4,random,0.05,12188,306,598,6655,335,150,6170,153,6502,11590,0.545297670405522,0.04906465375779455,
ton,cic,43,True,logistic,random10,4,frozen,0.1,12188,306,5581,6655,2858,71,3726,153,6502,6607,0.5746935068866353,0.45790941910075483,0.43292681308370207
ton,cic,43,True,logistic,random10,4,cap,0.1,12188,306,1209,6655,590,141,5924,153,6502,10979,0.552418253028509,0.09919593042336725,
ton,cic,43,True,logistic,random10,4,random,0.1,12188,306,1209,6655,676,143,5836,153,6502,10979,0.5445851170416249,0.09919593042336725,
ton,unsw,43,True,forest,clean,0,forced,0.0,10417,1285,0,3539,0,1111,2428,1111,2428,10417,0.33973312853988674,0.0,
ton,unsw,43,True,forest,clean,0,frozen,0.01,10417,1285,2452,3539,998,1059,1482,1111,2428,7965,0.31902071563088513,0.2353844676970337,0.9537548997110253
ton,unsw,43,True,forest,clean,0,cap,0.01,10417,1285,101,3539,35,1107,2397,1111,2428,10316,0.3396665374176037,0.009695689737928385,
ton,unsw,43,True,forest,clean,0,random,0.01,10417,1285,101,3539,36,1096,2407,1111,2428,10316,0.3395696006203955,0.009695689737928385,
ton,unsw,43,True,forest,clean,0,frozen,0.05,10417,1285,5216,3539,1952,1030,557,1111,2428,5201,0.305133628148433,0.5007199769607372,0.8927994607583573
ton,unsw,43,True,forest,clean,0,cap,0.05,10417,1285,518,3539,199,1099,2241,1111,2428,9899,0.3374078189716133,0.04972640875491984,
ton,unsw,43,True,forest,clean,0,random,0.05,10417,1285,518,3539,166,1052,2321,1111,2428,9899,0.3407414890392969,0.04972640875491984,
ton,unsw,43,True,forest,clean,0,frozen,0.1,10417,1285,7319,3539,2278,991,270,1111,2428,3098,0.40703679793415104,0.702601516751464,0.8310999848103988
ton,unsw,43,True,forest,clean,0,cap,0.1,10417,1285,1040,3539,442,1088,2009,1111,2428,9377,0.3302762077423483,0.09983680522223289,
ton,unsw,43,True,forest,clean,0,random,0.1,10417,1285,1040,3539,335,1000,2204,1111,2428,9377,0.34168710675055985,0.09983680522223289,
ton,unsw,43,True,forest,temporal,0,forced,0.0,10417,1285,0,3633,0,1150,2483,1150,2483,10417,0.348756839781127,0.0,
ton,unsw,43,True,forest,temporal,0,frozen,0.01,10417,1285,2825,3633,1275,1062,1296,1150,2483,7592,0.31059009483667016,0.2711913218776999,0.9537548997110253
ton,unsw,43,True,forest,temporal,0,cap,0.01,10417,1285,101,3633,63,1137,2433,1150,2483,10316,0.3460643660333463,0.009695689737928385,
ton,unsw,43,True,forest,temporal,0,random,0.01,10417,1285,101,3633,36,1133,2464,1150,2483,10316,0.3486816595579682,0.009695689737928385,
ton,unsw,43,True,forest,temporal,0,frozen,0.05,10417,1285,6260,3633,2063,1038,532,1150,2483,4157,0.37767620880442626,0.6009407698953634,0.8927994607583573
ton,unsw,43,True,forest,temporal,0,cap,0.05,10417,1285,518,3633,158,1123,2352,1150,2483,9899,0.3510455601575917,0.04972640875491984,
ton,unsw,43,True,forest,temporal,0,random,0.05,10417,1285,518,3633,175,1087,2371,1150,2483,9899,0.3493282149712092,0.04972640875491984,
ton,unsw,43,True,forest,temporal,0,frozen,0.1,10417,1285,7892,3633,2351,983,299,1150,2483,2525,0.5077227722772277,0.7576077565517904,0.8310999848103988
ton,unsw,43,True,forest,temporal,0,cap,0.1,10417,1285,1040,3633,305,1093,2235,1150,2483,9377,0.35491095233016956,0.09983680522223289,
ton,unsw,43,True,forest,temporal,0,random,0.1,10417,1285,1040,3633,347,1036,2250,1150,2483,9377,0.3504319078596566,0.09983680522223289,
ton,unsw,43,True,forest,size,0,forced,0.0,10417,1285,0,2661,0,1245,1416,1245,1416,10417,0.2554478256695786,0.0,
ton,unsw,43,True,forest,size,0,frozen,0.01,10417,1285,1397,2661,306,1231,1124,1245,1416,9020,0.26108647450110867,0.1341077085533263,0.9537548997110253
ton,unsw,43,True,forest,size,0,cap,0.01,10417,1285,101,2661,57,1237,1367,1245,1416,10316,0.2524234199302055,0.009695689737928385,
ton,unsw,43,True,forest,size,0,random,0.01,10417,1285,101,2661,29,1226,1406,1245,1416,10316,0.25513765025203566,0.009695689737928385,
ton,unsw,43,True,forest,size,0,frozen,0.05,10417,1285,3269,2661,912,1214,535,1245,1416,7148,0.24468382764409624,0.3138139579533455,0.8927994607583573
ton,unsw,43,True,forest,size,0,cap,0.05,10417,1285,518,2661,145,1231,1285,1245,1416,9899,0.2541670875846045,0.04972640875491984,
ton,unsw,43,True,forest,size,0,random,0.05,10417,1285,518,2661,143,1172,1346,1245,1416,9899,0.25436912819476715,0.04972640875491984,
ton,unsw,43,True,forest,size,0,frozen,0.1,10417,1285,5709,2661,1447,1101,113,1245,1416,4708,0.2578589634664401,0.5480464625131996,0.8310999848103988
ton,unsw,43,True,forest,size,0,cap,0.1,10417,1285,1040,2661,245,1231,1185,1245,1416,9377,0.25765170097045964,0.09983680522223289,
ton,unsw,43,True,forest,size,0,random,0.1,10417,1285,1040,2661,276,1112,1273,1245,1416,9377,0.25434573957555723,0.09983680522223289,
ton,unsw,43,True,forest,tcp,0,forced,0.0,10417,1285,0,3992,0,1093,2899,1093,2899,10417,0.383219736968417,0.0,
ton,unsw,43,True,forest,tcp,0,frozen,0.01,10417,1285,1792,3992,836,1068,2088,1093,2899,8625,0.36591304347826087,0.17202649515215512,0.9537548997110253
ton,unsw,43,True,forest,tcp,0,cap,0.01,10417,1285,101,3992,58,1091,2843,1093,2899,10316,0.38134936021713844,0.009695689737928385,
ton,unsw,43,True,forest,tcp,0,random,0.01,10417,1285,101,3992,44,1079,2869,1093,2899,10316,0.3827064753780535,0.009695689737928385,
ton,unsw,43,True,forest,tcp,0,frozen,0.05,10417,1285,4645,3992,1838,1041,1113,1093,2899,5772,0.3731808731808732,0.44590573101660747,0.8927994607583573
ton,unsw,43,True,forest,tcp,0,cap,0.05,10417,1285,518,3992,259,1082,2651,1093,2899,9899,0.37710879886857257,0.04972640875491984,
ton,unsw,43,True,forest,tcp,0,random,0.05,10417,1285,518,3992,194,1035,2763,1093,2899,9899,0.38367511869885845,0.04972640875491984,
ton,unsw,43,True,forest,tcp,0,frozen,0.1,10417,1285,7770,3992,2787,1013,192,1093,2899,2647,0.45523233849641104,0.7458961313237976,0.8310999848103988
ton,unsw,43,True,forest,tcp,0,cap,0.1,10417,1285,1040,3992,486,1078,2428,1093,2899,9377,0.37389356937186735,0.09983680522223289,
ton,unsw,43,True,forest,tcp,0,random,0.1,10417,1285,1040,3992,392,985,2615,1093,2899,9377,0.3839180974725392,0.09983680522223289,
ton,unsw,43,True,forest,temporal+tcp,0,forced,0.0,10417,1285,0,3151,0,1143,2008,1143,2008,10417,0.302486320437746,0.0,
ton,unsw,43,True,forest,temporal+tcp,0,frozen,0.01,10417,1285,1554,3151,753,1053,1345,1143,2008,8863,0.27056301478054834,0.14917922626475952,0.9537548997110253
ton,unsw,43,True,forest,temporal+tcp,0,cap,0.01,10417,1285,101,3151,44,1136,1971,1143,2008,10316,0.3011826289259403,0.009695689737928385,
ton,unsw,43,True,forest,temporal+tcp,0,random,0.01,10417,1285,101,3151,29,1127,1995,1143,2008,10316,0.3026366808840636,0.009695689737928385,
ton,unsw,43,True,forest,temporal+tcp,0,frozen,0.05,10417,1285,4185,3151,1549,1010,592,1143,2008,6232,0.25706033376123233,0.40174714409138906,0.8927994607583573
ton,unsw,43,True,forest,temporal+tcp,0,cap,0.05,10417,1285,518,3151,257,1116,1778,1143,2008,9899,0.29235276290534395,0.04972640875491984,
ton,unsw,43,True,forest,temporal+tcp,0,random,0.05,10417,1285,518,3151,149,1082,1920,1143,2008,9899,0.30326295585412666,0.04972640875491984,
ton,unsw,43,True,forest,temporal+tcp,0,frozen,0.1,10417,1285,6761,3151,2021,982,148,1143,2008,3656,0.30908096280087527,0.6490352308726121,0.8310999848103988
ton,unsw,43,True,forest,temporal+tcp,0,cap,0.1,10417,1285,1040,3151,506,1092,1553,1143,2008,9377,0.2820731577263517,0.09983680522223289,
ton,unsw,43,True,forest,temporal+tcp,0,random,0.1,10417,1285,1040,3151,303,1029,1819,1143,2008,9377,0.3037218726671643,0.09983680522223289,
ton,unsw,43,True,forest,random10,0,forced,0.0,10417,1285,0,4218,0,1138,3080,1138,3080,10417,0.404915042718633,0.0,
ton,unsw,43,True,forest,random10,0,frozen,0.01,10417,1285,2531,4218,1196,1088,1934,1138,3080,7886,0.3832107532335785,0.24296822501679946,0.9537548997110253
ton,unsw,43,True,forest,random10,0,cap,0.01,10417,1285,101,4218,57,1135,3026,1138,3080,10316,0.4033540131834044,0.009695689737928385,
ton,unsw,43,True,forest,random10,0,random,0.01,10417,1285,101,4218,43,1123,3052,1138,3080,10316,0.4047111283443195,0.009695689737928385,
ton,unsw,43,True,forest,random10,0,frozen,0.05,10417,1285,5516,4218,2268,1027,923,1138,3080,4901,0.3978779840848806,0.5295190553902275,0.8927994607583573
ton,unsw,43,True,forest,random10,0,cap,0.05,10417,1285,518,4218,254,1127,2837,1138,3080,9899,0.4004444893423578,0.04972640875491984,
ton,unsw,43,True,forest,random10,0,random,0.05,10417,1285,518,4218,217,1076,2925,1138,3080,9899,0.40418224063036673,0.04972640875491984,
ton,unsw,43,True,forest,random10,0,frozen,0.1,10417,1285,7478,4218,2853,971,394,1138,3080,2939,0.4644436883293637,0.7178650283190938,0.8310999848103988
ton,unsw,43,True,forest,random10,0,cap,0.1,10417,1285,1040,4218,526,1115,2577,1138,3080,9377,0.3937293377412819,0.09983680522223289,
ton,unsw,43,True,forest,random10,0,random,0.1,10417,1285,1040,4218,400,1026,2792,1138,3080,9377,0.40716647115282073,0.09983680522223289,
ton,ton,43,True,forest,clean,0,forced,0.0,9367,7534,0,1286,0,871,415,871,415,9367,0.1372904878829935,0.0,
ton,ton,43,True,forest,clean,0,frozen,0.01,9367,7534,435,1286,224,667,395,871,415,8932,0.11889834303627407,0.04643962848297214,0.9537548997110253
ton,ton,43,True,forest,clean,0,cap,0.01,9367,7534,78,1286,46,825,415,871,415,9289,0.133491226181505,0.008327105796946729,
ton,ton,43,True,forest,clean,0,random,0.01,9367,7534,78,1286,8,864,414,871,415,9289,0.13758208633868016,0.008327105796946729,
ton,ton,43,True,forest,clean,0,frozen,0.05,9367,7534,804,1286,305,603,378,871,415,8563,0.11456265327572113,0.08583324436852781,0.8927994607583573
ton,ton,43,True,forest,clean,0,cap,0.05,9367,7534,454,1286,222,668,396,871,415,8913,0.11937619207898575,0.04846802604889506,
ton,ton,43,True,forest,clean,0,random,0.05,9367,7534,454,1286,63,827,396,871,415,8913,0.13721530348928532,0.04846802604889506,
ton,ton,43,True,forest,clean,0,frozen,0.1,9367,7534,1045,1286,354,570,362,871,415,8322,0.11199230954097572,0.11156186612576065,0.8310999848103988
ton,ton,43,True,forest,clean,0,cap,0.1,9367,7534,921,1286,342,579,365,871,415,8446,0.11176888467913805,0.0983239030639479,
ton,ton,43,True,forest,clean,0,random,0.1,9367,7534,921,1286,127,779,380,871,415,8446,0.13722472176178072,0.0983239030639479,
ton,ton,43,True,forest,temporal,0,forced,0.0,9367,7534,0,1309,0,881,428,881,428,9367,0.1397459165154265,0.0,
ton,ton,43,True,forest,temporal,0,frozen,0.01,9367,7534,189,1309,88,804,417,881,428,9178,0.13303551972107214,0.020177217892601688,0.9537548997110253
ton,ton,43,True,forest,temporal,0,cap,0.01,9367,7534,78,1309,53,829,427,881,428,9289,0.13521369361610508,0.008327105796946729,
ton,ton,43,True,forest,temporal,0,random,0.01,9367,7534,78,1309,7,875,427,881,428,9289,0.14016578749058026,0.008327105796946729,
ton,ton,43,True,forest,temporal,0,frozen,0.05,9367,7534,388,1309,181,733,395,881,428,8979,0.1256264617440695,0.0414220134514786,0.8927994607583573
ton,ton,43,True,forest,temporal,0,cap,0.05,9367,7534,454,1309,185,725,399,881,428,8913,0.12610793223381578,0.04846802604889506,
ton,ton,43,True,forest,temporal,0,random,0.05,9367,7534,454,1309,59,839,411,881,428,8913,0.14024458655895883,0.04846802604889506,
ton,ton,43,True,forest,temporal,0,frozen,0.1,9367,7534,573,1309,259,663,387,881,428,8794,0.11939959062997499,0.06117220027757019,0.8310999848103988
ton,ton,43,True,forest,temporal,0,cap,0.1,9367,7534,921,1309,322,614,373,881,428,8446,0.11686005209566659,0.0983239030639479,
ton,ton,43,True,forest,temporal,0,random,0.1,9367,7534,921,1309,123,791,395,881,428,8446,0.14042150130239167,0.0983239030639479,
ton,ton,43,True,forest,size,0,forced,0.0,9367,7534,0,1606,0,890,716,890,716,9367,0.17145297320380057,0.0,
ton,ton,43,True,forest,size,0,frozen,0.01,9367,7534,77,1606,36,872,698,890,716,9290,0.1689989235737352,0.008220348030319206,0.9537548997110253
ton,ton,43,True,forest,size,0,cap,0.01,9367,7534,78,1606,42,860,704,890,716,9289,0.1683711917321563,0.008327105796946729,
ton,ton,43,True,forest,size,0,random,0.01,9367,7534,78,1606,11,880,715,890,716,9289,0.17170847238669393,0.008327105796946729,
ton,ton,43,True,forest,size,0,frozen,0.05,9367,7534,402,1606,183,751,672,890,716,8965,0.15872838817624094,0.042916622184263904,0.8927994607583573
ton,ton,43,True,forest,size,0,cap,0.05,9367,7534,454,1606,240,710,656,890,716,8913,0.1532592841916302,0.04846802604889506,
ton,ton,43,True,forest,size,0,random,0.05,9367,7534,454,1606,72,846,688,890,716,8913,0.17210815662515427,0.04846802604889506,
ton,ton,43,True,forest,size,0,frozen,0.1,9367,7534,686,1606,294,654,658,890,716,8681,0.15113466190531044,0.0732358279064802,0.8310999848103988
ton,ton,43,True,forest,size,0,cap,0.1,9367,7534,921,1606,399,607,600,890,716,8446,0.1429078853895335,0.0983239030639479,
ton,ton,43,True,forest,size,0,random,0.1,9367,7534,921,1606,151,800,655,890,716,8446,0.1722708974662562,0.0983239030639479,
ton,ton,43,True,forest,tcp,0,forced,0.0,9367,7534,0,2022,0,1544,478,1544,478,9367,0.21586420412084978,0.0,
ton,ton,43,True,forest,tcp,0,frozen,0.01,9367,7534,366,2022,200,1439,383,1544,478,9001,0.2024219531163204,0.039073342585673104,0.9537548997110253
ton,ton,43,True,forest,tcp,0,cap,0.01,9367,7534,78,2022,42,1507,473,1544,478,9289,0.21315534503175798,0.008327105796946729,
ton,ton,43,True,forest,tcp,0,random,0.01,9367,7534,78,2022,12,1533,477,1544,478,9289,0.2163849714716331,0.008327105796946729,
ton,ton,43,True,forest,tcp,0,frozen,0.05,9367,7534,806,2022,421,1235,366,1544,478,8561,0.1870108632169139,0.08604675990178286,0.8927994607583573
ton,ton,43,True,forest,tcp,0,cap,0.05,9367,7534,454,2022,230,1355,437,1544,478,8913,0.20105463929092338,0.04846802604889506,
ton,ton,43,True,forest,tcp,0,random,0.05,9367,7534,454,2022,86,1477,459,1544,478,8913,0.21721081566251543,0.04846802604889506,
ton,ton,43,True,forest,tcp,0,frozen,0.1,9367,7534,1297,2022,706,970,346,1544,478,8070,0.1630731102850062,0.13846482331589624,0.8310999848103988
ton,ton,43,True,forest,tcp,0,cap,0.1,9367,7534,921,2022,478,1147,397,1544,478,8446,0.18280843002604782,0.0983239030639479,
ton,ton,43,True,forest,tcp,0,random,0.1,9367,7534,921,2022,193,1389,440,1544,478,8446,0.21655221406582997,0.0983239030639479,
ton,ton,43,True,forest,temporal+tcp,0,forced,0.0,9367,7534,0,2147,0,1763,384,1763,384,9367,0.22920892494929007,0.0,
ton,ton,43,True,forest,temporal+tcp,0,frozen,0.01,9367,7534,554,2147,291,1497,359,1763,384,8813,0.21059798025643936,0.05914380271164727,0.9537548997110253
ton,ton,43,True,forest,temporal+tcp,0,cap,0.01,9367,7534,78,2147,41,1725,381,1763,384,9289,0.2267197760792335,0.008327105796946729,
ton,ton,43,True,forest,temporal+tcp,0,random,0.01,9367,7534,78,2147,14,1750,383,1763,384,9289,0.2296264398751211,0.008327105796946729,
ton,ton,43,True,forest,temporal+tcp,0,frozen,0.05,9367,7534,1511,2147,652,1175,320,1763,384,7856,0.19030040733197556,0.16131098537418598,0.8927994607583573
ton,ton,43,True,forest,temporal+tcp,0,cap,0.05,9367,7534,454,2147,221,1567,359,1763,384,8913,0.21608885897004376,0.04846802604889506,
ton,ton,43,True,forest,temporal+tcp,0,random,0.05,9367,7534,454,2147,99,1682,366,1763,384,8913,0.22977673061819814,0.04846802604889506,
ton,ton,43,True,forest,temporal+tcp,0,frozen,0.1,9367,7534,2908,2147,874,1024,249,1763,384,6459,0.19708933271404241,0.3104515853528344,0.8310999848103988
ton,ton,43,True,forest,temporal+tcp,0,cap,0.1,9367,7534,921,2147,440,1373,334,1763,384,8446,0.20210750651195833,0.0983239030639479,
ton,ton,43,True,forest,temporal+tcp,0,random,0.1,9367,7534,921,2147,207,1586,354,1763,384,8446,0.22969452995500828,0.0983239030639479,
ton,ton,43,True,forest,random10,0,forced,0.0,9367,7534,0,1476,0,1032,444,1032,444,9367,0.1575744635422227,0.0,
ton,ton,43,True,forest,random10,0,frozen,0.01,9367,7534,310,1476,136,916,424,1032,444,9057,0.14795186043943911,0.033094907654531866,0.9537548997110253
ton,ton,43,True,forest,random10,0,cap,0.01,9367,7534,78,1476,39,998,439,1032,444,9289,0.1546991064700183,0.008327105796946729,
ton,ton,43,True,forest,random10,0,random,0.01,9367,7534,78,1476,7,1026,443,1032,444,9289,0.15814404133921844,0.008327105796946729,
ton,ton,43,True,forest,random10,0,frozen,0.05,9367,7534,721,1476,277,809,390,1032,444,8646,0.138676844783715,0.07697234973844347,0.8927994607583573
ton,ton,43,True,forest,random10,0,cap,0.05,9367,7534,454,1476,187,871,418,1032,444,8913,0.14462021765959834,0.04846802604889506,
ton,ton,43,True,forest,random10,0,random,0.05,9367,7534,454,1476,66,987,423,1032,444,8913,0.15819589363850556,0.04846802604889506,
ton,ton,43,True,forest,random10,0,frozen,0.1,9367,7534,1161,1476,410,701,365,1032,444,8206,0.12990494759931756,0.12394576705455322,0.8310999848103988
ton,ton,43,True,forest,random10,0,cap,0.1,9367,7534,921,1476,354,744,378,1032,444,8446,0.1328439497987213,0.0983239030639479,
ton,ton,43,True,forest,random10,0,random,0.1,9367,7534,921,1476,141,928,407,1032,444,8446,0.15806298839687427,0.0983239030639479,
ton,cic,43,True,forest,clean,4,forced,0.0,12188,306,0,487,0,300,187,300,187,12188,0.03995733508368887,0.0,
ton,cic,43,True,forest,clean,4,frozen,0.01,12188,306,113,487,54,299,134,300,187,12075,0.0358592132505176,0.009271414506071546,0.9537548997110253
ton,cic,43,True,forest,clean,4,cap,0.01,12188,306,110,487,49,298,140,300,187,12078,0.03626428216592151,0.009025270758122744,
ton,cic,43,True,forest,clean,4,random,0.01,12188,306,110,487,4,296,187,300,187,12078,0.03999006458022852,0.009025270758122744,
ton,cic,43,True,forest,clean,4,frozen,0.05,12188,306,229,487,92,296,99,300,187,11959,0.03302951751818714,0.018788972760091893,0.8927994607583573
ton,cic,43,True,forest,clean,4,cap,0.05,12188,306,598,487,109,293,85,300,187,11590,0.03261432269197584,0.04906465375779455,
ton,cic,43,True,forest,clean,4,random,0.05,12188,306,598,487,16,289,182,300,187,11590,0.040638481449525456,0.04906465375779455,
ton,cic,43,True,forest,clean,4,frozen,0.1,12188,306,875,487,117,294,76,300,187,11313,0.032705736763016,0.07179192648506728,0.8310999848103988
ton,cic,43,True,forest,clean,4,cap,0.1,12188,306,1209,487,130,291,66,300,187,10979,0.03251662264322798,0.09919593042336725,
ton,cic,43,True,forest,clean,4,random,0.1,12188,306,1209,487,37,278,172,300,187,10979,0.040987339466253755,0.09919593042336725,
ton,cic,43,True,forest,temporal,4,forced,0.0,12188,306,0,504,0,301,203,301,203,12188,0.041352149655398754,0.0,
ton,cic,43,True,forest,temporal,4,frozen,0.01,12188,306,112,504,42,298,164,301,203,12076,0.03825770122557138,0.009189366590088613,0.9537548997110253
ton,cic,43,True,forest,temporal,4,cap,0.01,12188,306,110,504,45,297,162,301,203,12078,0.038002980625931444,0.009025270758122744,
ton,cic,43,True,forest,temporal,4,random,0.01,12188,306,110,504,5,297,202,301,203,12078,0.04131478721642656,0.009025270758122744,
ton,cic,43,True,forest,temporal,4,frozen,0.05,12188,306,276,504,101,294,109,301,203,11912,0.033831430490261924,0.022645224811289794,0.8927994607583573
ton,cic,43,True,forest,temporal,4,cap,0.05,12188,306,598,504,127,289,88,301,203,11590,0.03252804141501294,0.04906465375779455,
ton,cic,43,True,forest,temporal,4,random,0.05,12188,306,598,504,17,290,197,301,203,11590,0.04201898188093184,0.04906465375779455,
ton,cic,43,True,forest,temporal,4,frozen,0.1,12188,306,760,504,141,287,76,301,203,11428,0.03176408820441022,0.062356416147029865,0.8310999848103988
ton,cic,43,True,forest,temporal,4,cap,0.1,12188,306,1209,504,152,284,68,301,203,10979,0.032061207760269606,0.09919593042336725,
ton,cic,43,True,forest,temporal,4,random,0.1,12188,306,1209,504,39,279,186,301,203,10979,0.042353584115128885,0.09919593042336725,
ton,cic,43,True,forest,size,4,forced,0.0,12188,306,0,898,0,276,622,276,622,12188,0.07367902855267476,0.0,
ton,cic,43,True,forest,size,4,frozen,0.01,12188,306,262,898,84,272,542,276,622,11926,0.06825423444574878,0.021496553987528717,0.9537548997110253
ton,cic,43,True,forest,size,4,cap,0.01,12188,306,110,898,39,274,585,276,622,12078,0.0711210465308826,0.009025270758122744,
ton,cic,43,True,forest,size,4,random,0.01,12188,306,110,898,9,272,617,276,622,12078,0.07360490147375394,0.009025270758122744,
ton,cic,43,True,forest,size,4,frozen,0.05,12188,306,1107,898,483,247,168,276,622,11081,0.03745149354751376,0.09082704299310798,0.8927994607583573
ton,cic,43,True,forest,size,4,cap,0.05,12188,306,598,898,210,270,418,276,622,11590,0.05936151855047455,0.04906465375779455,
ton,cic,43,True,forest,size,4,random,0.05,12188,306,598,898,37,266,595,276,622,11590,0.07428817946505609,0.04906465375779455,
ton,cic,43,True,forest,size,4,frozen,0.1,12188,306,2408,898,579,221,98,276,622,9780,0.03261758691206544,0.19757138168690516,0.8310999848103988
ton,cic,43,True,forest,size,4,cap,0.1,12188,306,1209,898,522,248,128,276,622,10979,0.03424719919846981,0.09919593042336725,
ton,cic,43,True,forest,size,4,random,0.1,12188,306,1209,898,85,255,558,276,622,10979,0.07405045996903178,0.09919593042336725,
ton,cic,43,True,forest,tcp,4,forced,0.0,12188,306,0,483,0,299,184,299,184,12188,0.03962914341975714,0.0,
ton,cic,43,True,forest,tcp,4,frozen,0.01,12188,306,72,483,26,299,158,299,184,12116,0.03771871904919115,0.00590744995077125,0.9537548997110253
ton,cic,43,True,forest,tcp,4,cap,0.01,12188,306,110,483,38,299,146,299,184,12078,0.03684384831925815,0.009025270758122744,
ton,cic,43,True,forest,tcp,4,random,0.01,12188,306,110,483,4,295,184,299,184,12078,0.039658883921179,0.009025270758122744,
ton,cic,43,True,forest,tcp,4,frozen,0.05,12188,306,189,483,65,299,119,299,184,11999,0.03483623635302942,0.015507056120774533,0.8927994607583573
ton,cic,43,True,forest,tcp,4,cap,0.05,12188,306,598,483,114,291,78,299,184,11590,0.031837791199309746,0.04906465375779455,
ton,cic,43,True,forest,tcp,4,random,0.05,12188,306,598,483,18,288,177,299,184,11590,0.040120793787748056,0.04906465375779455,
ton,cic,43,True,forest,tcp,4,frozen,0.1,12188,306,365,483,95,292,96,299,184,11823,0.03281738983337562,0.02994748933377092,0.8310999848103988
ton,cic,43,True,forest,tcp,4,cap,0.1,12188,306,1209,483,151,281,51,299,184,10979,0.030239548228436105,0.09919593042336725,
ton,cic,43,True,forest,tcp,4,random,0.1,12188,306,1209,483,40,277,166,299,184,10979,0.04034975863011203,0.09919593042336725,
ton,cic,43,True,forest,temporal+tcp,4,forced,0.0,12188,306,0,503,0,301,202,301,202,12188,0.04127010173941582,0.0,
ton,cic,43,True,forest,temporal+tcp,4,frozen,0.01,12188,306,102,503,37,297,169,301,202,12086,0.038557008108555356,0.008368887430259271,0.9537548997110253
ton,cic,43,True,forest,temporal+tcp,4,cap,0.01,12188,306,110,503,35,297,171,301,202,12078,0.038748137108792845,0.009025270758122744,
ton,cic,43,True,forest,temporal+tcp,4,random,0.01,12188,306,110,503,4,297,202,301,202,12078,0.04131478721642656,0.009025270758122744,
ton,cic,43,True,forest,temporal+tcp,4,frozen,0.05,12188,306,233,503,84,295,124,301,202,11955,0.03504809703053116,0.01911716442402363,0.8927994607583573
ton,cic,43,True,forest,temporal+tcp,4,cap,0.05,12188,306,598,503,133,285,85,301,202,11590,0.03192407247627265,0.04906465375779455,
ton,cic,43,True,forest,temporal+tcp,4,random,0.05,12188,306,598,503,18,290,195,301,202,11590,0.04184641932700604,0.04906465375779455,
ton,cic,43,True,forest,temporal+tcp,4,frozen,0.1,12188,306,416,503,124,288,91,301,202,11772,0.03219503907577302,0.03413193304890056,0.8310999848103988
ton,cic,43,True,forest,temporal+tcp,4,cap,0.1,12188,306,1209,503,154,278,71,301,202,10979,0.03178795883049458,0.09919593042336725,
ton,cic,43,True,forest,temporal+tcp,4,random,0.1,12188,306,1209,503,41,279,183,301,202,10979,0.04208033518535386,0.09919593042336725,
ton,cic,43,True,forest,random10,4,forced,0.0,12188,306,0,710,0,300,410,300,410,12188,0.05825402034788316,0.0,
ton,cic,43,True,forest,random10,4,frozen,0.01,12188,306,381,710,161,295,254,300,410,11807,0.04649784026425002,0.031260255989497866,0.9537548997110253
ton,cic,43,True,forest,random10,4,cap,0.01,12188,306,110,710,46,299,365,300,410,12078,0.054975989402218914,0.009025270758122744,
ton,cic,43,True,forest,random10,4,random,0.01,12188,306,110,710,5,296,409,300,410,12078,0.058370591157476406,0.009025270758122744,
ton,cic,43,True,forest,random10,4,frozen,0.05,12188,306,849,710,292,286,132,300,410,11339,0.03686392098068613,0.06965868066951099,0.8927994607583573
ton,cic,43,True,forest,random10,4,cap,0.05,12188,306,598,710,234,292,184,300,410,11590,0.04106988783433995,0.04906465375779455,
ton,cic,43,True,forest,random10,4,random,0.05,12188,306,598,710,28,289,393,300,410,11590,0.05884383088869715,0.04906465375779455,
ton,cic,43,True,forest,random10,4,frozen,0.1,12188,306,1537,710,353,277,80,300,410,10651,0.03351797953243827,0.1261076468657696,0.8310999848103988
ton,cic,43,True,forest,random10,4,cap,0.1,12188,306,1209,710,331,282,97,300,410,10979,0.034520448128244834,0.09919593042336725,
ton,cic,43,True,forest,random10,4,random,0.1,12188,306,1209,710,59,278,373,300,410,10979,0.05929501776118044,0.09919593042336725,
cic,unsw,17,False,logistic,clean,0,forced,0.0,10417,1285,0,1912,0,1178,734,1178,734,10417,0.18354612652395125,0.0,
cic,unsw,17,False,logistic,clean,0,frozen,0.01,10417,1285,763,1912,344,1116,452,1178,734,9654,0.16241972239486224,0.07324565613900355,0.2284948019553562
cic,unsw,17,False,logistic,clean,0,cap,0.01,10417,1285,101,1912,53,1178,681,1178,734,10316,0.18020550601008142,0.009695689737928385,
cic,unsw,17,False,logistic,clean,0,random,0.01,10417,1285,101,1912,12,1170,730,1178,734,10316,0.18417991469561845,0.009695689737928385,
cic,unsw,17,False,logistic,clean,0,frozen,0.05,10417,1285,1639,1912,609,1000,303,1178,734,8778,0.1484392800182274,0.1573389651531151,0.033812694573669755
cic,unsw,17,False,logistic,clean,0,cap,0.05,10417,1285,518,1912,263,1143,506,1178,734,9899,0.1665824830790989,0.04972640875491984,
cic,unsw,17,False,logistic,clean,0,random,0.05,10417,1285,518,1912,89,1121,702,1178,734,9899,0.1841600161632488,0.04972640875491984,
cic,unsw,17,False,logistic,clean,0,frozen,0.1,10417,1285,2047,1912,724,942,246,1178,734,8370,0.14193548387096774,0.19650571181722185,0.01168527833816524
cic,unsw,17,False,logistic,clean,0,cap,0.1,10417,1285,1040,1912,424,1072,416,1178,734,9377,0.1586861469553162,0.09983680522223289,
cic,unsw,17,False,logistic,clean,0,random,0.1,10417,1285,1040,1912,181,1068,663,1178,734,9377,0.1846006185347126,0.09983680522223289,
cic,unsw,17,False,logistic,temporal,0,forced,0.0,10417,1285,0,2001,0,1172,829,1172,829,10417,0.1920898531247,0.0,
cic,unsw,17,False,logistic,temporal,0,frozen,0.01,10417,1285,892,2001,410,1099,492,1172,829,9525,0.16703412073490814,0.08562925986368436,0.2284948019553562
cic,unsw,17,False,logistic,temporal,0,cap,0.01,10417,1285,101,2001,42,1167,792,1172,829,10316,0.18989918573090345,0.009695689737928385,
cic,unsw,17,False,logistic,temporal,0,random,0.01,10417,1285,101,2001,13,1164,824,1172,829,10316,0.19271035284994184,0.009695689737928385,
cic,unsw,17,False,logistic,temporal,0,frozen,0.05,10417,1285,1655,2001,699,968,334,1172,829,8762,0.14859621091075098,0.1588749160026879,0.033812694573669755
cic,unsw,17,False,logistic,temporal,0,cap,0.05,10417,1285,518,2001,260,1139,602,1172,829,9899,0.17587635114658046,0.04972640875491984,
cic,unsw,17,False,logistic,temporal,0,random,0.05,10417,1285,518,2001,93,1115,793,1172,829,9899,0.19274674209516113,0.04972640875491984,
cic,unsw,17,False,logistic,temporal,0,frozen,0.1,10417,1285,2209,2001,833,910,258,1172,829,8208,0.14230019493177387,0.21205721416914658,0.01168527833816524
cic,unsw,17,False,logistic,temporal,0,cap,0.1,10417,1285,1040,2001,472,1073,456,1172,829,9377,0.16305854750986457,0.09983680522223289,
cic,unsw,17,False,logistic,temporal,0,random,0.1,10417,1285,1040,2001,192,1062,747,1172,829,9377,0.19291884397995093,0.09983680522223289,
cic,unsw,17,False,logistic,size,0,forced,0.0,10417,1285,0,1625,0,1237,388,1237,388,10417,0.15599500815973888,0.0,
cic,unsw,17,False,logistic,size,0,frozen,0.01,10417,1285,1594,1625,169,1200,256,1237,388,8823,0.16502323472741698,0.15301910338869157,0.2284948019553562
cic,unsw,17,False,logistic,size,0,cap,0.01,10417,1285,101,1625,31,1228,366,1237,388,10316,0.15451725474990308,0.009695689737928385,
cic,unsw,17,False,logistic,size,0,random,0.01,10417,1285,101,1625,8,1231,386,1237,388,10316,0.15674680108569214,0.009695689737928385,
cic,unsw,17,False,logistic,size,0,frozen,0.05,10417,1285,7904,1625,645,980,0,1237,388,2513,0.38997214484679665,0.7587597196889699,0.033812694573669755
cic,unsw,17,False,logistic,size,0,cap,0.05,10417,1285,518,1625,79,1206,340,1237,388,9899,0.1561773916557228,0.04972640875491984,
cic,unsw,17,False,logistic,size,0,random,0.05,10417,1285,518,1625,75,1180,370,1237,388,9899,0.1565814728760481,0.04972640875491984,
cic,unsw,17,False,logistic,size,0,frozen,0.1,10417,1285,9042,1625,805,820,0,1237,388,1375,0.5963636363636363,0.8680042238648363,0.01168527833816524
cic,unsw,17,False,logistic,size,0,cap,0.1,10417,1285,1040,1625,125,1203,297,1237,388,9377,0.15996587394689132,0.09983680522223289,
cic,unsw,17,False,logistic,size,0,random,0.1,10417,1285,1040,1625,154,1125,346,1237,388,9377,0.1568732003839181,0.09983680522223289,
cic,unsw,17,False,logistic,tcp,0,forced,0.0,10417,1285,0,1857,0,1243,614,1243,614,10417,0.1782662954785447,0.0,
cic,unsw,17,False,logistic,tcp,0,frozen,0.01,10417,1285,750,1857,293,1171,393,1243,614,9667,0.16178752456811835,0.07199769607372564,0.2284948019553562
cic,unsw,17,False,logistic,tcp,0,cap,0.01,10417,1285,101,1857,49,1231,577,1243,614,10316,0.1752617293524622,0.009695689737928385,
cic,unsw,17,False,logistic,tcp,0,random,0.01,10417,1285,101,1857,11,1236,610,1243,614,10316,0.17894532764637455,0.009695689737928385,
cic,unsw,17,False,logistic,tcp,0,frozen,0.05,10417,1285,1374,1857,485,1108,264,1243,614,9043,0.15171956209222603,0.1318997792070654,0.033812694573669755
cic,unsw,17,False,logistic,tcp,0,cap,0.05,10417,1285,518,1857,212,1183,462,1243,614,9899,0.1661784018587736,0.04972640875491984,
cic,unsw,17,False,logistic,tcp,0,random,0.05,10417,1285,518,1857,83,1184,590,1243,614,9899,0.17921002121426408,0.04972640875491984,
cic,unsw,17,False,logistic,tcp,0,frozen,0.1,10417,1285,1640,1857,623,1035,199,1243,614,8777,0.14059473624245186,0.1574349620812134,0.01168527833816524
cic,unsw,17,False,logistic,tcp,0,cap,0.1,10417,1285,1040,1857,377,1152,328,1243,614,9377,0.15783299562759945,0.09983680522223289,
cic,unsw,17,False,logistic,tcp,0,random,0.1,10417,1285,1040,1857,169,1130,558,1243,614,9377,0.18001493014823505,0.09983680522223289,
cic,unsw,17,False,logistic,temporal+tcp,0,forced,0.0,10417,1285,0,1986,0,1243,743,1243,743,10417,0.1906498992032255,0.0,
cic,unsw,17,False,logistic,temporal+tcp,0,frozen,0.01,10417,1285,836,1986,413,1179,394,1243,743,9581,0.16417910447761194,0.08025343189017951,0.2284948019553562
cic,unsw,17,False,logistic,temporal+tcp,0,cap,0.01,10417,1285,101,1986,58,1239,689,1243,743,10316,0.1868941450174486,0.009695689737928385,
cic,unsw,17,False,logistic,temporal+tcp,0,random,0.01,10417,1285,101,1986,12,1236,738,1243,743,10316,0.19135323768902676,0.009695689737928385,
cic,unsw,17,False,logistic,temporal+tcp,0,frozen,0.05,10417,1285,1471,1986,637,1091,258,1243,743,8946,0.15079365079365079,0.14121148123260055,0.033812694573669755
cic,unsw,17,False,logistic,temporal+tcp,0,cap,0.05,10417,1285,518,1986,260,1216,510,1243,743,9899,0.17436104657036064,0.04972640875491984,
cic,unsw,17,False,logistic,temporal+tcp,0,random,0.05,10417,1285,518,1986,87,1183,716,1243,743,9899,0.19183755934942923,0.04972640875491984,
cic,unsw,17,False,logistic,temporal+tcp,0,frozen,0.1,10417,1285,1766,1986,780,1014,192,1243,743,8651,0.13940584903479367,0.16953057502159932,0.01168527833816524
cic,unsw,17,False,logistic,temporal+tcp,0,cap,0.1,10417,1285,1040,1986,471,1166,349,1243,743,9377,0.16156553268636023,0.09983680522223289,
cic,unsw,17,False,logistic,temporal+tcp,0,random,0.1,10417,1285,1040,1986,182,1130,674,1243,743,9377,0.19238562440012796,0.09983680522223289,
cic,unsw,17,False,logistic,random10,0,forced,0.0,10417,1285,0,2886,0,1119,1767,1119,1767,10417,0.27704713449169627,0.0,
cic,unsw,17,False,logistic,random10,0,frozen,0.01,10417,1285,1081,2886,468,1042,1376,1119,1767,9336,0.2589974293059126,0.10377267927426323,0.2284948019553562
cic,unsw,17,False,logistic,random10,0,cap,0.01,10417,1285,101,2886,49,1115,1722,1119,1767,10316,0.27500969367972083,0.009695689737928385,
cic,unsw,17,False,logistic,random10,0,random,0.01,10417,1285,101,2886,20,1112,1754,1119,1767,10316,0.27782086079875923,0.009695689737928385,
cic,unsw,17,False,logistic,random10,0,frozen,0.05,10417,1285,2123,2886,894,935,1057,1119,1767,8294,0.24017361948396432,0.20380147835269272,0.033812694573669755
cic,unsw,17,False,logistic,random10,0,cap,0.05,10417,1285,518,2886,244,1080,1562,1119,1767,9899,0.266895646024851,0.04972640875491984,
cic,unsw,17,False,logistic,random10,0,random,0.05,10417,1285,518,2886,132,1066,1688,1119,1767,9899,0.27820992019395896,0.04972640875491984,
cic,unsw,17,False,logistic,random10,0,frozen,0.1,10417,1285,2673,2886,1112,883,891,1119,1767,7744,0.2290805785123967,0.2565997888067582,0.01168527833816524
cic,unsw,17,False,logistic,random10,0,cap,0.1,10417,1285,1040,2886,455,1043,1388,1119,1767,9377,0.2592513597099286,0.09983680522223289,
cic,unsw,17,False,logistic,random10,0,random,0.1,10417,1285,1040,2886,272,1017,1597,1119,1767,9377,0.2787671963314493,0.09983680522223289,
cic,ton,17,False,logistic,clean,9,forced,0.0,9358,7527,0,5925,0,5597,328,5597,328,9358,0.6331481085702073,0.0,
cic,ton,17,False,logistic,clean,9,frozen,0.01,9358,7527,1409,5925,872,4807,246,5597,328,7949,0.6356774437036106,0.15056636033340456,0.2284948019553562
cic,ton,17,False,logistic,clean,9,cap,0.01,9358,7527,78,5925,45,5555,325,5597,328,9280,0.6336206896551724,0.008335114340671083,
cic,ton,17,False,logistic,clean,9,random,0.01,9358,7527,78,5925,50,5548,327,5597,328,9280,0.6330818965517241,0.008335114340671083,
cic,ton,17,False,logistic,clean,9,frozen,0.05,9358,7527,3556,5925,2021,3731,173,5597,328,5802,0.6728714236470182,0.3799957255823894,0.033812694573669755
cic,ton,17,False,logistic,clean,9,cap,0.05,9358,7527,453,5925,286,5345,294,5597,328,8905,0.6332397529477821,0.04840777944005129,
cic,ton,17,False,logistic,clean,9,random,0.05,9358,7527,453,5925,285,5324,316,5597,328,8905,0.6333520494104435,0.04840777944005129,
cic,ton,17,False,logistic,clean,9,frozen,0.1,9358,7527,4677,5925,2592,3196,137,5597,328,4681,0.7120273445844905,0.49978627911947,0.01168527833816524
cic,ton,17,False,logistic,clean,9,cap,0.1,9358,7527,920,5925,575,5087,263,5597,328,8438,0.6340365015406494,0.09831160504381278,
cic,ton,17,False,logistic,clean,9,random,0.1,9358,7527,920,5925,597,5030,298,5597,328,8438,0.6314292486371178,0.09831160504381278,
cic,ton,17,False,logistic,temporal,9,forced,0.0,9358,7527,0,5616,0,5256,360,5256,360,9358,0.600128232528318,0.0,
cic,ton,17,False,logistic,temporal,9,frozen,0.01,9358,7527,1803,5616,1040,4299,277,5256,360,7555,0.6056915949702184,0.19266937379782004,0.2284948019553562
cic,ton,17,False,logistic,temporal,9,cap,0.01,9358,7527,78,5616,40,5219,357,5256,360,9280,0.6008620689655172,0.008335114340671083,
cic,ton,17,False,logistic,temporal,9,random,0.01,9358,7527,78,5616,47,5211,358,5256,360,9280,0.6001077586206897,0.008335114340671083,
cic,ton,17,False,logistic,temporal,9,frozen,0.05,9358,7527,3691,5616,2092,3325,199,5256,360,5667,0.6218457737780131,0.3944218850181663,0.033812694573669755
cic,ton,17,False,logistic,temporal,9,cap,0.05,9358,7527,453,5616,201,5089,326,5256,360,8905,0.6080853453116227,0.04840777944005129,
cic,ton,17,False,logistic,temporal,9,random,0.05,9358,7527,453,5616,267,5005,344,5256,360,8905,0.6006737787759685,0.04840777944005129,
cic,ton,17,False,logistic,temporal,9,frozen,0.1,9358,7527,4456,5616,2295,3166,155,5256,360,4902,0.6774785801713586,0.4761701218209019,0.01168527833816524
cic,ton,17,False,logistic,temporal,9,cap,0.1,9358,7527,920,5616,443,4880,293,5256,360,8438,0.6130599668167812,0.09831160504381278,
cic,ton,17,False,logistic,temporal,9,random,0.1,9358,7527,920,5616,559,4733,324,5256,360,8438,0.5993126333254326,0.09831160504381278,
cic,ton,17,False,logistic,size,9,forced,0.0,9358,7527,0,7438,0,7108,330,7108,330,9358,0.7948279546911733,0.0,
cic,ton,17,False,logistic,size,9,frozen,0.01,9358,7527,5581,7438,4654,2626,158,7108,330,3777,0.7370929308975377,0.5963881171190425,0.2284948019553562
cic,ton,17,False,logistic,size,9,cap,0.01,9358,7527,78,7438,44,7072,322,7108,330,9280,0.7967672413793103,0.008335114340671083,
cic,ton,17,False,logistic,size,9,random,0.01,9358,7527,78,7438,65,7043,330,7108,330,9280,0.7945043103448276,0.008335114340671083,
cic,ton,17,False,logistic,size,9,frozen,0.05,9358,7527,6459,7438,5334,2064,40,7108,330,2899,0.7257675060365644,0.6902115836717247,0.033812694573669755
cic,ton,17,False,logistic,size,9,cap,0.05,9358,7527,453,7438,252,6905,281,7108,330,8905,0.8069623806850085,0.04840777944005129,
cic,ton,17,False,logistic,size,9,random,0.05,9358,7527,453,7438,347,6772,319,7108,330,8905,0.7962942167321729,0.04840777944005129,
cic,ton,17,False,logistic,size,9,frozen,0.1,9358,7527,6829,7438,5630,1781,27,7108,330,2529,0.7149070778964017,0.7297499465697799,0.01168527833816524
cic,ton,17,False,logistic,size,9,cap,0.1,9358,7527,920,7438,571,6618,249,7108,330,8438,0.8138184403887178,0.09831160504381278,
cic,ton,17,False,logistic,size,9,random,0.1,9358,7527,920,7438,722,6415,301,7108,330,8438,0.7959232045508414,0.09831160504381278,
cic,ton,17,False,logistic,tcp,9,forced,0.0,9358,7527,0,6429,0,6189,240,6189,240,9358,0.6870057704637743,0.0,
cic,ton,17,False,logistic,tcp,9,frozen,0.01,9358,7527,1427,6429,616,5631,182,6189,240,7931,0.7329466649855,0.15248984825817483,0.2284948019553562
cic,ton,17,False,logistic,tcp,9,cap,0.01,9358,7527,78,6429,46,6146,237,6189,240,9280,0.6878232758620689,0.008335114340671083,
cic,ton,17,False,logistic,tcp,9,random,0.01,9358,7527,78,6429,55,6135,239,6189,240,9280,0.686853448275862,0.008335114340671083,
cic,ton,17,False,logistic,tcp,9,frozen,0.05,9358,7527,2845,6429,1327,4967,135,6189,240,6513,0.7833563641946876,0.3040179525539645,0.033812694573669755
cic,ton,17,False,logistic,tcp,9,cap,0.05,9358,7527,453,6429,250,5958,221,6189,240,8905,0.6938798427849523,0.04840777944005129,
cic,ton,17,False,logistic,tcp,9,random,0.05,9358,7527,453,6429,309,5893,227,6189,240,8905,0.6872543514879281,0.04840777944005129,
cic,ton,17,False,logistic,tcp,9,frozen,0.1,9358,7527,3624,6429,1940,4363,126,6189,240,5734,0.7828740844087897,0.38726223552041034,0.01168527833816524
cic,ton,17,False,logistic,tcp,9,cap,0.1,9358,7527,920,6429,444,5786,199,6189,240,8438,0.7092913012562219,0.09831160504381278,
cic,ton,17,False,logistic,tcp,9,random,0.1,9358,7527,920,6429,641,5577,211,6189,240,8438,0.6859445366200522,0.09831160504381278,
cic,ton,17,False,logistic,temporal+tcp,9,forced,0.0,9358,7527,0,6205,0,5920,285,5920,285,9358,0.6630690318444112,0.0,
cic,ton,17,False,logistic,temporal+tcp,9,frozen,0.01,9358,7527,1421,6205,541,5463,201,5920,285,7937,0.7136197555751543,0.15184868561658474,0.2284948019553562
cic,ton,17,False,logistic,temporal+tcp,9,cap,0.01,9358,7527,78,6205,37,5889,279,5920,285,9280,0.6646551724137931,0.008335114340671083,
cic,ton,17,False,logistic,temporal+tcp,9,random,0.01,9358,7527,78,6205,53,5868,284,5920,285,9280,0.6629310344827586,0.008335114340671083,
cic,ton,17,False,logistic,temporal+tcp,9,frozen,0.05,9358,7527,3584,6205,1810,4253,142,5920,285,5774,0.7611707655005195,0.3829878179098098,0.033812694573669755
cic,ton,17,False,logistic,temporal+tcp,9,cap,0.05,9358,7527,453,6205,205,5758,242,5920,285,8905,0.673778775968557,0.04840777944005129,
cic,ton,17,False,logistic,temporal+tcp,9,random,0.05,9358,7527,453,6205,293,5640,272,5920,285,8905,0.6638966872543515,0.04840777944005129,
cic,ton,17,False,logistic,temporal+tcp,9,frozen,0.1,9358,7527,4444,6205,2488,3591,126,5920,285,4914,0.7564102564102564,0.47488779653772173,0.01168527833816524
cic,ton,17,False,logistic,temporal+tcp,9,cap,0.1,9358,7527,920,6205,338,5653,214,5920,285,8438,0.6953069447736431,0.09831160504381278,
cic,ton,17,False,logistic,temporal+tcp,9,random,0.1,9358,7527,920,6205,618,5332,255,5920,285,8438,0.6621237260014221,0.09831160504381278,
cic,ton,17,False,logistic,random10,9,forced,0.0,9358,7527,0,5748,0,5348,400,5348,400,9358,0.6142338106432998,0.0,
cic,ton,17,False,logistic,random10,9,frozen,0.01,9358,7527,1848,5748,929,4525,294,5348,400,7510,0.6416777629826897,0.19747809360974566,0.2284948019553562
cic,ton,17,False,logistic,random10,9,cap,0.01,9358,7527,78,5748,44,5306,398,5348,400,9280,0.6146551724137931,0.008335114340671083,
cic,ton,17,False,logistic,random10,9,random,0.01,9358,7527,78,5748,49,5300,399,5348,400,9280,0.6141163793103448,0.008335114340671083,
cic,ton,17,False,logistic,random10,9,frozen,0.05,9358,7527,3729,5748,1825,3714,209,5348,400,5629,0.6969266299520341,0.3984825817482368,0.033812694573669755
cic,ton,17,False,logistic,random10,9,cap,0.05,9358,7527,453,5748,226,5157,365,5348,400,8905,0.6201010668163953,0.04840777944005129,
cic,ton,17,False,logistic,random10,9,random,0.05,9358,7527,453,5748,282,5084,382,5348,400,8905,0.6138124649073554,0.04840777944005129,
cic,ton,17,False,logistic,random10,9,frozen,0.1,9358,7527,4452,5748,2265,3310,173,5348,400,4906,0.7099470036689768,0.4757426800598418,0.01168527833816524
cic,ton,17,False,logistic,random10,9,cap,0.1,9358,7527,920,5748,460,4956,332,5348,400,8438,0.6266887888125148,0.09831160504381278,
cic,ton,17,False,logistic,random10,9,random,0.1,9358,7527,920,5748,575,4813,360,5348,400,8438,0.6130599668167812,0.09831160504381278,
cic,cic,17,False,logistic,clean,0,forced,0.0,12192,306,0,323,0,303,20,303,20,12192,0.02649278215223097,0.0,
cic,cic,17,False,logistic,clean,0,frozen,0.01,12192,306,77,323,18,301,4,303,20,12115,0.025175402393726783,0.006315616797900263,0.2284948019553562
cic,cic,17,False,logistic,clean,0,cap,0.01,12192,306,110,323,20,299,4,303,20,12082,0.025078629365999007,0.00902230971128609,
cic,cic,17,False,logistic,clean,0,random,0.01,12192,306,110,323,3,300,20,303,20,12082,0.026485681178612813,0.00902230971128609,
cic,cic,17,False,logistic,clean,0,frozen,0.05,12192,306,482,323,22,299,2,303,20,11710,0.025704526046114434,0.03953412073490813,0.033812694573669755
cic,cic,17,False,logistic,clean,0,cap,0.05,12192,306,599,323,30,291,2,303,20,11593,0.02527387216423704,0.04913057742782152,
cic,cic,17,False,logistic,clean,0,random,0.05,12192,306,599,323,20,286,17,303,20,11593,0.026136461657897007,0.04913057742782152,
cic,cic,17,False,logistic,clean,0,frozen,0.1,12192,306,1089,323,58,263,2,303,20,11103,0.023867423218949833,0.08932086614173228,0.01168527833816524
cic,cic,17,False,logistic,clean,0,cap,0.1,12192,306,1210,323,81,241,1,303,20,10982,0.022036059005645602,0.09924540682414698,
cic,cic,17,False,logistic,clean,0,random,0.1,12192,306,1210,323,32,274,17,303,20,10982,0.026497905663813513,0.09924540682414698,
cic,cic,17,False,logistic,temporal,0,forced,0.0,12192,306,0,319,0,304,15,304,15,12192,0.02616469816272966,0.0,
cic,cic,17,False,logistic,temporal,0,frozen,0.01,12192,306,88,319,11,302,6,304,15,12104,0.025446133509583607,0.007217847769028871,0.2284948019553562
cic,cic,17,False,logistic,temporal,0,cap,0.01,12192,306,110,319,13,302,4,304,15,12082,0.025326932627048503,0.00902230971128609,
cic,cic,17,False,logistic,temporal,0,random,0.01,12192,306,110,319,3,301,15,304,15,12082,0.02615461016388015,0.00902230971128609,
cic,cic,17,False,logistic,temporal,0,frozen,0.05,12192,306,763,319,38,280,1,304,15,11429,0.024586578003324876,0.06258202099737532,0.033812694573669755
cic,cic,17,False,logistic,temporal,0,cap,0.05,12192,306,599,319,36,282,1,304,15,11593,0.024411282670577072,0.04913057742782152,
cic,cic,17,False,logistic,temporal,0,random,0.05,12192,306,599,319,19,287,13,304,15,11593,0.025877684809799018,0.04913057742782152,
cic,cic,17,False,logistic,temporal,0,frozen,0.1,12192,306,1426,319,102,217,0,304,15,10766,0.020156046814044214,0.11696194225721784,0.01168527833816524
cic,cic,17,False,logistic,temporal,0,cap,0.1,12192,306,1210,319,74,245,0,304,15,10982,0.022309233290839555,0.09924540682414698,
cic,cic,17,False,logistic,temporal,0,random,0.1,12192,306,1210,319,31,275,13,304,15,10982,0.02622473137861956,0.09924540682414698,
cic,cic,17,False,logistic,size,0,forced,0.0,12192,306,0,773,0,297,476,297,476,12192,0.06340223097112861,0.0,
cic,cic,17,False,logistic,size,0,frozen,0.01,12192,306,907,773,199,270,304,297,476,11285,0.05086397873283119,0.07439304461942257,0.2284948019553562
cic,cic,17,False,logistic,size,0,cap,0.01,12192,306,110,773,34,296,443,297,476,12082,0.061165369971858966,0.00902230971128609,
cic,cic,17,False,logistic,size,0,random,0.01,12192,306,110,773,6,294,473,297,476,12082,0.06348286707498758,0.00902230971128609,
cic,cic,17,False,logistic,size,0,frozen,0.05,12192,306,2968,773,303,234,236,297,476,9224,0.05095403295750217,0.24343832020997375,0.033812694573669755
cic,cic,17,False,logistic,size,0,cap,0.05,12192,306,599,773,159,286,328,297,476,11593,0.05296299491072199,0.04913057742782152,
cic,cic,17,False,logistic,size,0,random,0.05,12192,306,599,773,34,281,458,297,476,11593,0.06374536358147158,0.04913057742782152,
cic,cic,17,False,logistic,size,0,frozen,0.1,12192,306,4141,773,419,162,192,297,476,8051,0.04396969320581294,0.3396489501312336,0.01168527833816524
cic,cic,17,False,logistic,size,0,cap,0.1,12192,306,1210,773,221,268,284,297,476,10982,0.05026406847568749,0.09924540682414698,
cic,cic,17,False,logistic,size,0,random,0.1,12192,306,1210,773,64,269,440,297,476,10982,0.06456018940083773,0.09924540682414698,
cic,cic,17,False,logistic,tcp,0,forced,0.0,12192,306,0,335,0,300,35,300,35,12192,0.02747703412073491,0.0,
cic,cic,17,False,logistic,tcp,0,frozen,0.01,12192,306,360,335,23,300,12,300,35,11832,0.02636916835699797,0.02952755905511811,0.2284948019553562
cic,cic,17,False,logistic,tcp,0,cap,0.01,12192,306,110,335,16,300,19,300,35,12082,0.026402913424929647,0.00902230971128609,
cic,cic,17,False,logistic,tcp,0,random,0.01,12192,306,110,335,3,297,35,300,35,12082,0.027478894222810794,0.00902230971128609,
cic,cic,17,False,logistic,tcp,0,frozen,0.05,12192,306,753,335,39,294,2,300,35,11439,0.025876387796136026,0.06176181102362205,0.033812694573669755
cic,cic,17,False,logistic,tcp,0,cap,0.05,12192,306,599,335,33,297,5,300,35,11593,0.02605020270853101,0.04913057742782152,
cic,cic,17,False,logistic,tcp,0,random,0.05,12192,306,599,335,20,283,32,300,35,11593,0.027171569050288967,0.04913057742782152,
cic,cic,17,False,logistic,tcp,0,frozen,0.1,12192,306,1219,335,52,282,1,300,35,10973,0.02579057687050032,0.09998359580052493,0.01168527833816524
cic,cic,17,False,logistic,tcp,0,cap,0.1,12192,306,1210,335,59,275,1,300,35,10982,0.025132034237843746,0.09924540682414698,
cic,cic,17,False,logistic,tcp,0,random,0.1,12192,306,1210,335,32,272,31,300,35,10982,0.027590602804589328,0.09924540682414698,
cic,cic,17,False,logistic,temporal+tcp,0,forced,0.0,12192,306,0,347,0,299,48,299,48,12192,0.028461286089238844,0.0,
cic,cic,17,False,logistic,temporal+tcp,0,frozen,0.01,12192,306,600,347,39,293,15,299,48,11592,0.026570048309178744,0.04921259842519685,0.2284948019553562
cic,cic,17,False,logistic,temporal+tcp,0,cap,0.01,12192,306,110,347,30,297,20,299,48,12082,0.026237377917563316,0.00902230971128609,
cic,cic,17,False,logistic,temporal+tcp,0,random,0.01,12192,306,110,347,5,296,46,299,48,12082,0.028306571759642442,0.00902230971128609,
cic,cic,17,False,logistic,temporal+tcp,0,frozen,0.05,12192,306,1051,347,59,284,4,299,48,11141,0.025850462256529934,0.08620406824146981,0.033812694573669755
cic,cic,17,False,logistic,temporal+tcp,0,cap,0.05,12192,306,599,347,43,292,12,299,48,11593,0.026222720607263005,0.04913057742782152,
cic,cic,17,False,logistic,temporal+tcp,0,random,0.05,12192,306,599,347,23,282,42,299,48,11593,0.027947899594582937,0.04913057742782152,
cic,cic,17,False,logistic,temporal+tcp,0,frozen,0.1,12192,306,1599,347,108,238,1,299,48,10593,0.022562069291041254,0.1311515748031496,0.01168527833816524
cic,cic,17,False,logistic,temporal+tcp,0,cap,0.1,12192,306,1210,347,68,277,2,299,48,10982,0.0254052085230377,0.09924540682414698,
cic,cic,17,False,logistic,temporal+tcp,0,random,0.1,12192,306,1210,347,37,271,39,299,48,10982,0.028228009470041886,0.09924540682414698,
cic,cic,17,False,logistic,random10,0,forced,0.0,12192,306,0,727,0,291,436,291,436,12192,0.05962926509186352,0.0,
cic,cic,17,False,logistic,random10,0,frozen,0.01,12192,306,604,727,207,281,239,291,436,11588,0.04487400759406282,0.04954068241469816,0.2284948019553562
cic,cic,17,False,logistic,random10,0,cap,0.01,12192,306,110,727,47,290,390,291,436,12082,0.05628207250455223,0.00902230971128609,
cic,cic,17,False,logistic,random10,0,random,0.01,12192,306,110,727,14,288,425,291,436,12082,0.05901340837609667,0.00902230971128609,
cic,cic,17,False,logistic,random10,0,frozen,0.05,12192,306,1418,727,331,254,142,291,436,10774,0.03675515129014294,0.11630577427821523,0.033812694573669755
cic,cic,17,False,logistic,random10,0,cap,0.05,12192,306,599,727,205,280,242,291,436,11593,0.04502717156905029,0.04913057742782152,
cic,cic,17,False,logistic,random10,0,random,0.05,12192,306,599,727,48,274,405,291,436,11593,0.058569826619511774,0.04913057742782152,
cic,cic,17,False,logistic,random10,0,frozen,0.1,12192,306,2028,727,390,226,111,291,436,10164,0.033156237701692244,0.16633858267716536,0.01168527833816524
cic,cic,17,False,logistic,random10,0,cap,0.1,12192,306,1210,727,313,261,153,291,436,10982,0.03769805135676561,0.09924540682414698,
cic,cic,17,False,logistic,random10,0,random,0.1,12192,306,1210,727,78,262,387,291,436,10982,0.05909670369695866,0.09924540682414698,
cic,unsw,17,False,forest,clean,0,forced,0.0,10417,1285,0,1508,0,1285,223,1285,223,10417,0.14476336757223768,0.0,
cic,unsw,17,False,forest,clean,0,frozen,0.01,10417,1285,9303,1508,727,781,0,1285,223,1114,0.7010771992818672,0.8930594220984929,0.13366239316239314
cic,unsw,17,False,forest,clean,0,cap,0.01,10417,1285,101,1508,20,1285,203,1285,223,10316,0.14424195424583172,0.009695689737928385,
cic,unsw,17,False,forest,clean,0,random,0.01,10417,1285,101,1508,9,1277,222,1285,223,10316,0.14530825901512215,0.009695689737928385,
cic,unsw,17,False,forest,clean,0,frozen,0.05,10417,1285,10382,1508,1478,30,0,1285,223,35,0.8571428571428571,0.9966401075165595,0.015555555555555545
cic,unsw,17,False,forest,clean,0,cap,0.05,10417,1285,518,1508,156,1285,67,1285,223,9899,0.13657945246994646,0.04972640875491984,
cic,unsw,17,False,forest,clean,0,random,0.05,10417,1285,518,1508,68,1223,217,1285,223,9899,0.14546923931710273,0.04972640875491984,
cic,unsw,17,False,forest,clean,0,frozen,0.1,10417,1285,10408,1508,1503,5,0,1285,223,9,0.5555555555555556,0.9991360276471153,0.0022222222222222365
cic,unsw,17,False,forest,clean,0,cap,0.1,10417,1285,1040,1508,193,1285,30,1285,223,9377,0.1402367494934414,0.09983680522223289,
cic,unsw,17,False,forest,clean,0,random,0.1,10417,1285,1040,1508,137,1168,203,1285,223,9377,0.14620880878745868,0.09983680522223289,
cic,unsw,17,False,forest,temporal,0,forced,0.0,10417,1285,0,1501,0,1285,216,1285,216,10417,0.14409138907554958,0.0,
cic,unsw,17,False,forest,temporal,0,frozen,0.01,10417,1285,9368,1501,742,759,0,1285,216,1049,0.7235462345090562,0.8992992224248824,0.13366239316239314
cic,unsw,17,False,forest,temporal,0,cap,0.01,10417,1285,101,1501,89,1285,127,1285,216,10316,0.13687475765800697,0.009695689737928385,
cic,unsw,17,False,forest,temporal,0,random,0.01,10417,1285,101,1501,8,1277,216,1285,216,10316,0.14472663823187282,0.009695689737928385,
cic,unsw,17,False,forest,temporal,0,frozen,0.05,10417,1285,10357,1501,1441,60,0,1285,216,60,1.0,0.994240184314102,0.015555555555555545
cic,unsw,17,False,forest,temporal,0,cap,0.05,10417,1285,518,1501,189,1285,27,1285,216,9899,0.1325386402666936,0.04972640875491984,
cic,unsw,17,False,forest,temporal,0,random,0.05,10417,1285,518,1501,67,1223,211,1285,216,9899,0.14486311748661482,0.04972640875491984,
cic,unsw,17,False,forest,temporal,0,frozen,0.1,10417,1285,10416,1501,1500,1,0,1285,216,1,1.0,0.9999040030719017,0.0022222222222222365
cic,unsw,17,False,forest,temporal,0,cap,0.1,10417,1285,1040,1501,218,1283,0,1285,216,9377,0.13682414418257438,0.09983680522223289,
cic,unsw,17,False,forest,temporal,0,random,0.1,10417,1285,1040,1501,136,1168,197,1285,216,9377,0.1455689452916711,0.09983680522223289,
cic,unsw,17,False,forest,size,0,forced,0.0,10417,1285,0,1285,0,1285,0,1285,0,10417,0.1233560526063166,0.0,
cic,unsw,17,False,forest,size,0,frozen,0.01,10417,1285,9679,1285,566,719,0,1285,0,738,0.9742547425474255,0.9291542670634539,0.13366239316239314
cic,unsw,17,False,forest,size,0,cap,0.01,10417,1285,101,1285,0,1285,0,1285,0,10316,0.12456378441256301,0.009695689737928385,
cic,unsw,17,False,forest,size,0,random,0.01,10417,1285,101,1285,8,1277,0,1285,0,10316,0.12378829003489725,0.009695689737928385,
cic,unsw,17,False,forest,size,0,frozen,0.05,10417,1285,10417,1285,1285,0,0,1285,0,0,,1.0,0.015555555555555545
cic,unsw,17,False,forest,size,0,cap,0.05,10417,1285,518,1285,0,1285,0,1285,0,9899,0.12981109202949792,0.04972640875491984,
cic,unsw,17,False,forest,size,0,random,0.05,10417,1285,518,1285,62,1223,0,1285,0,9899,0.12354783311445601,0.04972640875491984,
cic,unsw,17,False,forest,size,0,frozen,0.1,10417,1285,10417,1285,1285,0,0,1285,0,0,,1.0,0.0022222222222222365
cic,unsw,17,False,forest,size,0,cap,0.1,10417,1285,1040,1285,1,1284,0,1285,0,9377,0.13693078809853898,0.09983680522223289,
cic,unsw,17,False,forest,size,0,random,0.1,10417,1285,1040,1285,117,1168,0,1285,0,9377,0.12456009384664606,0.09983680522223289,
cic,unsw,17,False,forest,tcp,0,forced,0.0,10417,1285,0,1529,0,1285,244,1285,244,10417,0.146779303062302,0.0,
cic,unsw,17,False,forest,tcp,0,frozen,0.01,10417,1285,9788,1529,921,608,0,1285,244,629,0.9666136724960255,0.9396179322261687,0.13366239316239314
cic,unsw,17,False,forest,tcp,0,cap,0.01,10417,1285,101,1529,44,1285,200,1285,244,10316,0.14395114385420707,0.009695689737928385,
cic,unsw,17,False,forest,tcp,0,random,0.01,10417,1285,101,1529,9,1277,243,1285,244,10316,0.14734393175649477,0.009695689737928385,
cic,unsw,17,False,forest,tcp,0,frozen,0.05,10417,1285,10417,1529,1529,0,0,1285,244,0,,1.0,0.015555555555555545
cic,unsw,17,False,forest,tcp,0,cap,0.05,10417,1285,518,1529,203,1285,41,1285,244,9899,0.1339529245378321,0.04972640875491984,
cic,unsw,17,False,forest,tcp,0,random,0.05,10417,1285,518,1529,77,1223,229,1285,244,9899,0.1466814829780786,0.04972640875491984,
cic,unsw,17,False,forest,tcp,0,frozen,0.1,10417,1285,10417,1529,1529,0,0,1285,244,0,,1.0,0.0022222222222222365
cic,unsw,17,False,forest,tcp,0,cap,0.1,10417,1285,1040,1529,246,1283,0,1285,244,9377,0.13682414418257438,0.09983680522223289,
cic,unsw,17,False,forest,tcp,0,random,0.1,10417,1285,1040,1529,145,1168,216,1285,244,9377,0.1475951796949984,0.09983680522223289,
cic,unsw,17,False,forest,temporal+tcp,0,forced,0.0,10417,1285,0,1375,0,1285,90,1285,90,10417,0.13199577613516367,0.0,
cic,unsw,17,False,forest,temporal+tcp,0,frozen,0.01,10417,1285,9748,1375,709,666,0,1285,90,669,0.9955156950672646,0.9357780551022368,0.13366239316239314
cic,unsw,17,False,forest,temporal+tcp,0,cap,0.01,10417,1285,101,1375,33,1285,57,1285,90,10316,0.13008918185343157,0.009695689737928385,
cic,unsw,17,False,forest,temporal+tcp,0,random,0.01,10417,1285,101,1375,8,1277,90,1285,90,10316,0.13251260178363708,0.009695689737928385,
cic,unsw,17,False,forest,temporal+tcp,0,frozen,0.05,10417,1285,10417,1375,1375,0,0,1285,90,0,,1.0,0.015555555555555545
cic,unsw,17,False,forest,temporal+tcp,0,cap,0.05,10417,1285,518,1375,84,1285,6,1285,90,9899,0.13041721385998586,0.04972640875491984,
cic,unsw,17,False,forest,temporal+tcp,0,random,0.05,10417,1285,518,1375,63,1223,89,1285,90,9899,0.1325386402666936,0.04972640875491984,
cic,unsw,17,False,forest,temporal+tcp,0,frozen,0.1,10417,1285,10417,1375,1375,0,0,1285,90,0,,1.0,0.0022222222222222365
cic,unsw,17,False,forest,temporal+tcp,0,cap,0.1,10417,1285,1040,1375,96,1279,0,1285,90,9377,0.136397568518716,0.09983680522223289,
cic,unsw,17,False,forest,temporal+tcp,0,random,0.1,10417,1285,1040,1375,123,1168,84,1285,90,9377,0.13351818278767197,0.09983680522223289,
cic,unsw,17,False,forest,random10,0,forced,0.0,10417,1285,0,1525,0,1285,240,1285,240,10417,0.1463953153499088,0.0,
cic,unsw,17,False,forest,random10,0,frozen,0.01,10417,1285,9483,1525,820,705,0,1285,240,934,0.7548179871520343,0.910338869156187,0.13366239316239314
cic,unsw,17,False,forest,random10,0,cap,0.01,10417,1285,101,1525,38,1285,202,1285,240,10316,0.14414501744862349,0.009695689737928385,
cic,unsw,17,False,forest,random10,0,random,0.01,10417,1285,101,1525,10,1277,238,1285,240,10316,0.14685924777045367,0.009695689737928385,
cic,unsw,17,False,forest,random10,0,frozen,0.05,10417,1285,10383,1525,1492,33,0,1285,240,34,0.9705882352941176,0.9967361044446578,0.015555555555555545
cic,unsw,17,False,forest,random10,0,cap,0.05,10417,1285,518,1525,149,1284,92,1285,240,9899,0.13900393979189818,0.04972640875491984,
cic,unsw,17,False,forest,random10,0,random,0.05,10417,1285,518,1525,71,1223,231,1285,240,9899,0.14688352358824125,0.04972640875491984,
cic,unsw,17,False,forest,random10,0,frozen,0.1,10417,1285,10415,1525,1524,1,0,1285,240,2,0.5,0.9998080061438034,0.0022222222222222365
cic,unsw,17,False,forest,random10,0,cap,0.1,10417,1285,1040,1525,205,1284,36,1285,240,9377,0.14076996907326436,0.09983680522223289,
cic,unsw,17,False,forest,random10,0,random,0.1,10417,1285,1040,1525,142,1168,215,1285,240,9377,0.1474885357790338,0.09983680522223289,
cic,ton,17,False,forest,clean,9,forced,0.0,9358,7527,0,6191,0,6118,73,6118,73,9358,0.661572985680701,0.0,
cic,ton,17,False,forest,clean,9,frozen,0.01,9358,7527,6642,6191,4145,2046,0,6118,73,2716,0.7533136966126657,0.7097670442402223,0.13366239316239314
cic,ton,17,False,forest,clean,9,cap,0.01,9358,7527,78,6191,32,6089,70,6118,73,9280,0.6636853448275862,0.008335114340671083,
cic,ton,17,False,forest,clean,9,random,0.01,9358,7527,78,6191,55,6063,73,6118,73,9280,0.6612068965517242,0.008335114340671083,
cic,ton,17,False,forest,clean,9,frozen,0.05,9358,7527,7437,6191,4522,1669,0,6118,73,1921,0.8688183237896928,0.7947210942509083,0.015555555555555545
cic,ton,17,False,forest,clean,9,cap,0.05,9358,7527,453,6191,83,6046,62,6118,73,8905,0.685906793935991,0.04840777944005129,
cic,ton,17,False,forest,clean,9,random,0.05,9358,7527,453,6191,297,5824,70,6118,73,8905,0.6618753509264458,0.04840777944005129,
cic,ton,17,False,forest,clean,9,frozen,0.1,9358,7527,7494,6191,4537,1654,0,6118,73,1864,0.8873390557939914,0.8008121393460141,0.0022222222222222365
cic,ton,17,False,forest,clean,9,cap,0.1,9358,7527,920,6191,120,6025,46,6118,73,8438,0.7194832898791182,0.09831160504381278,
cic,ton,17,False,forest,clean,9,random,0.1,9358,7527,920,6191,615,5509,67,6118,73,8438,0.6608200995496564,0.09831160504381278,
cic,ton,17,False,forest,temporal,9,forced,0.0,9358,7527,0,6686,0,6632,54,6632,54,9358,0.7144689036118829,0.0,
cic,ton,17,False,forest,temporal,9,frozen,0.01,9358,7527,6628,6686,4659,2027,0,6632,54,2730,0.7424908424908425,0.7082709980765121,0.13366239316239314
cic,ton,17,False,forest,temporal,9,cap,0.01,9358,7527,78,6686,36,6598,52,6632,54,9280,0.7165948275862069,0.008335114340671083,
cic,ton,17,False,forest,temporal,9,random,0.01,9358,7527,78,6686,63,6569,54,6632,54,9280,0.7136853448275862,0.008335114340671083,
cic,ton,17,False,forest,temporal,9,frozen,0.05,9358,7527,9274,6686,6680,6,0,6632,54,84,0.07142857142857142,0.9910237230177388,0.015555555555555545
cic,ton,17,False,forest,temporal,9,cap,0.05,9358,7527,453,6686,276,6362,48,6632,54,8905,0.7198203256597417,0.04840777944005129,
cic,ton,17,False,forest,temporal,9,random,0.05,9358,7527,453,6686,324,6309,53,6632,54,8905,0.7144300954519932,0.04840777944005129,
cic,ton,17,False,forest,temporal,9,frozen,0.1,9358,7527,9301,6686,6686,0,0,6632,54,57,0.0,0.9939089549048942,0.0022222222222222365
cic,ton,17,False,forest,temporal,9,cap,0.1,9358,7527,920,6686,450,6200,36,6632,54,8438,0.7390376866556055,0.09831160504381278,
cic,ton,17,False,forest,temporal,9,random,0.1,9358,7527,920,6686,663,5972,51,6632,54,8438,0.7137947380895947,0.09831160504381278,
cic,ton,17,False,forest,size,9,forced,0.0,9358,7527,0,7527,0,7527,0,7527,0,9358,0.8043385338747595,0.0,
cic,ton,17,False,forest,size,9,frozen,0.01,9358,7527,8882,7527,7242,285,0,7527,0,476,0.5987394957983193,0.9491344304338534,0.13366239316239314
cic,ton,17,False,forest,size,9,cap,0.01,9358,7527,78,7527,73,7454,0,7527,0,9280,0.8032327586206897,0.008335114340671083,
cic,ton,17,False,forest,size,9,random,0.01,9358,7527,78,7527,71,7456,0,7527,0,9280,0.803448275862069,0.008335114340671083,
cic,ton,17,False,forest,size,9,frozen,0.05,9358,7527,9358,7527,7527,0,0,7527,0,0,,1.0,0.015555555555555545
cic,ton,17,False,forest,size,9,cap,0.05,9358,7527,453,7527,380,7147,0,7527,0,8905,0.8025828186412128,0.04840777944005129,
cic,ton,17,False,forest,size,9,random,0.05,9358,7527,453,7527,368,7159,0,7527,0,8905,0.8039303761931499,0.04840777944005129,
cic,ton,17,False,forest,size,9,frozen,0.1,9358,7527,9358,7527,7527,0,0,7527,0,0,,1.0,0.0022222222222222365
cic,ton,17,False,forest,size,9,cap,0.1,9358,7527,920,7527,758,6769,0,7527,0,8438,0.8022043138184404,0.09831160504381278,
cic,ton,17,False,forest,size,9,random,0.1,9358,7527,920,7527,748,6779,0,7527,0,8438,0.8033894287745912,0.09831160504381278,
cic,ton,17,False,forest,tcp,9,forced,0.0,9358,7527,0,7325,0,7307,18,7307,18,9358,0.7827527249412267,0.0,
cic,ton,17,False,forest,tcp,9,frozen,0.01,9358,7527,8780,7325,7003,322,0,7307,18,578,0.5570934256055363,0.938234665526822,0.13366239316239314
cic,ton,17,False,forest,tcp,9,cap,0.01,9358,7527,78,7325,58,7252,15,7307,18,9280,0.7830818965517241,0.008335114340671083,
cic,ton,17,False,forest,tcp,9,random,0.01,9358,7527,78,7325,69,7238,18,7307,18,9280,0.781896551724138,0.008335114340671083,
cic,ton,17,False,forest,tcp,9,frozen,0.05,9358,7527,9354,7325,7325,0,0,7307,18,4,0.0,0.99957255823894,0.015555555555555545
cic,ton,17,False,forest,tcp,9,cap,0.05,9358,7527,453,7325,234,7085,6,7307,18,8905,0.7962942167321729,0.04840777944005129,
cic,ton,17,False,forest,tcp,9,random,0.05,9358,7527,453,7325,358,6951,16,7307,18,8905,0.7823694553621561,0.04840777944005129,
cic,ton,17,False,forest,tcp,9,frozen,0.1,9358,7527,9358,7325,7325,0,0,7307,18,0,,1.0,0.0022222222222222365
cic,ton,17,False,forest,tcp,9,cap,0.1,9358,7527,920,7325,579,6746,0,7307,18,8438,0.7994785494192936,0.09831160504381278,
cic,ton,17,False,forest,tcp,9,random,0.1,9358,7527,920,7325,731,6578,16,7307,18,8438,0.7814648020858023,0.09831160504381278,
cic,ton,17,False,forest,temporal+tcp,9,forced,0.0,9358,7527,0,7379,0,7370,9,7370,9,9358,0.7885231887155375,0.0,
cic,ton,17,False,forest,temporal+tcp,9,frozen,0.01,9358,7527,8732,7379,7040,339,0,7370,9,626,0.5415335463258786,0.9331053643941013,0.13366239316239314
cic,ton,17,False,forest,temporal+tcp,9,cap,0.01,9358,7527,78,7379,34,7338,7,7370,9,9280,0.7914870689655172,0.008335114340671083,
cic,ton,17,False,forest,temporal+tcp,9,random,0.01,9358,7527,78,7379,69,7301,9,7370,9,9280,0.7877155172413793,0.008335114340671083,
cic,ton,17,False,forest,temporal+tcp,9,frozen,0.05,9358,7527,9354,7379,7379,0,0,7370,9,4,0.0,0.99957255823894,0.015555555555555545
cic,ton,17,False,forest,temporal+tcp,9,cap,0.05,9358,7527,453,7379,226,7153,0,7370,9,8905,0.8032565974171814,0.04840777944005129,
cic,ton,17,False,forest,temporal+tcp,9,random,0.05,9358,7527,453,7379,358,7013,8,7370,9,8905,0.7884334643458731,0.04840777944005129,
cic,ton,17,False,forest,temporal+tcp,9,frozen,0.1,9358,7527,9358,7379,7379,0,0,7370,9,0,,1.0,0.0022222222222222365
cic,ton,17,False,forest,temporal+tcp,9,cap,0.1,9358,7527,920,7379,600,6779,0,7370,9,8438,0.8033894287745912,0.09831160504381278,
cic,ton,17,False,forest,temporal+tcp,9,random,0.1,9358,7527,920,7379,733,6638,8,7370,9,8438,0.7876273998577862,0.09831160504381278,
cic,ton,17,False,forest,random10,9,forced,0.0,9358,7527,0,6689,0,6624,65,6624,65,9358,0.7147894849326779,0.0,
cic,ton,17,False,forest,random10,9,frozen,0.01,9358,7527,7298,6689,5089,1600,0,6624,65,2060,0.7766990291262136,0.7798674930540714,0.13366239316239314
cic,ton,17,False,forest,random10,9,cap,0.01,9358,7527,78,6689,40,6586,63,6624,65,9280,0.7164870689655173,0.008335114340671083,
cic,ton,17,False,forest,random10,9,random,0.01,9358,7527,78,6689,62,6562,65,6624,65,9280,0.7141163793103448,0.008335114340671083,
cic,ton,17,False,forest,random10,9,frozen,0.05,9358,7527,8961,6689,6345,344,0,6624,65,397,0.8664987405541562,0.9575764052147895,0.015555555555555545
cic,ton,17,False,forest,random10,9,cap,0.05,9358,7527,453,6689,207,6428,54,6624,65,8905,0.7279056709713644,0.04840777944005129,
cic,ton,17,False,forest,random10,9,random,0.05,9358,7527,453,6689,325,6303,61,6624,65,8905,0.7146546883773162,0.04840777944005129,
cic,ton,17,False,forest,random10,9,frozen,0.1,9358,7527,9095,6689,6461,228,0,6624,65,263,0.8669201520912547,0.9718957042103014,0.0022222222222222365
cic,ton,17,False,forest,random10,9,cap,0.1,9358,7527,920,6689,405,6246,38,6624,65,8438,0.7447262384451292,0.09831160504381278,
cic,ton,17,False,forest,random10,9,random,0.1,9358,7527,920,6689,668,5964,57,6624,65,8438,0.7135577150983645,0.09831160504381278,
cic,cic,17,False,forest,clean,0,forced,0.0,12192,306,0,306,0,306,0,306,0,12192,0.025098425196850394,0.0,
cic,cic,17,False,forest,clean,0,frozen,0.01,12192,306,57,306,15,291,0,306,0,12135,0.023980222496909766,0.004675196850393701,0.13366239316239314
cic,cic,17,False,forest,clean,0,cap,0.01,12192,306,110,306,26,280,0,306,0,12082,0.023174971031286212,0.00902230971128609,
cic,cic,17,False,forest,clean,0,random,0.01,12192,306,110,306,3,303,0,306,0,12082,0.025078629365999007,0.00902230971128609,
cic,cic,17,False,forest,clean,0,frozen,0.05,12192,306,658,306,120,186,0,306,0,11534,0.016126235477718052,0.053969816272965876,0.015555555555555545
cic,cic,17,False,forest,clean,0,cap,0.05,12192,306,599,306,105,201,0,306,0,11593,0.01733804882256534,0.04913057742782152,
cic,cic,17,False,forest,clean,0,random,0.05,12192,306,599,306,17,289,0,306,0,11593,0.024928836366773052,0.04913057742782152,
cic,cic,17,False,forest,clean,0,frozen,0.1,12192,306,1230,306,131,175,0,306,0,10962,0.015964240102171137,0.10088582677165354,0.0022222222222222365
cic,cic,17,False,forest,clean,0,cap,0.1,12192,306,1210,306,126,180,0,306,0,10982,0.016390457111637224,0.09924540682414698,
cic,cic,17,False,forest,clean,0,random,0.1,12192,306,1210,306,29,277,0,306,0,10982,0.025223092332908394,0.09924540682414698,
cic,cic,17,False,forest,temporal,0,forced,0.0,12192,306,0,306,0,306,0,306,0,12192,0.025098425196850394,0.0,
cic,cic,17,False,forest,temporal,0,frozen,0.01,12192,306,213,306,13,293,0,306,0,11979,0.024459470740462477,0.017470472440944882,0.13366239316239314
cic,cic,17,False,forest,temporal,0,cap,0.01,12192,306,110,306,8,298,0,306,0,12082,0.024664790597583183,0.00902230971128609,
cic,cic,17,False,forest,temporal,0,random,0.01,12192,306,110,306,3,303,0,306,0,12082,0.025078629365999007,0.00902230971128609,
cic,cic,17,False,forest,temporal,0,frozen,0.05,12192,306,4978,306,233,73,0,306,0,7214,0.010119212642084836,0.4083005249343832,0.015555555555555545
cic,cic,17,False,forest,temporal,0,cap,0.05,12192,306,599,306,82,224,0,306,0,11593,0.019322004657983265,0.04913057742782152,
cic,cic,17,False,forest,temporal,0,random,0.05,12192,306,599,306,17,289,0,306,0,11593,0.024928836366773052,0.04913057742782152,
cic,cic,17,False,forest,temporal,0,frozen,0.1,12192,306,7389,306,259,47,0,306,0,4803,0.009785550697480742,0.6060531496062992,0.0022222222222222365
cic,cic,17,False,forest,temporal,0,cap,0.1,12192,306,1210,306,118,188,0,306,0,10982,0.017118921872154434,0.09924540682414698,
cic,cic,17,False,forest,temporal,0,random,0.1,12192,306,1210,306,29,277,0,306,0,10982,0.025223092332908394,0.09924540682414698,
cic,cic,17,False,forest,size,0,forced,0.0,12192,306,0,306,0,306,0,306,0,12192,0.025098425196850394,0.0,
cic,cic,17,False,forest,size,0,frozen,0.01,12192,306,6326,306,218,88,0,306,0,5866,0.015001704739174906,0.5188648293963255,0.13366239316239314
cic,cic,17,False,forest,size,0,cap,0.01,12192,306,110,306,6,300,0,306,0,12082,0.02483032610494951,0.00902230971128609,
cic,cic,17,False,forest,size,0,random,0.01,12192,306,110,306,3,303,0,306,0,12082,0.025078629365999007,0.00902230971128609,
cic,cic,17,False,forest,size,0,frozen,0.05,12192,306,12073,306,305,1,0,306,0,119,0.008403361344537815,0.990239501312336,0.015555555555555545
cic,cic,17,False,forest,size,0,cap,0.05,12192,306,599,306,21,285,0,306,0,11593,0.024583800569309065,0.04913057742782152,
cic,cic,17,False,forest,size,0,random,0.05,12192,306,599,306,17,289,0,306,0,11593,0.024928836366773052,0.04913057742782152,
cic,cic,17,False,forest,size,0,frozen,0.1,12192,306,12182,306,306,0,0,306,0,10,0.0,0.9991797900262467,0.0022222222222222365
cic,cic,17,False,forest,size,0,cap,0.1,12192,306,1210,306,41,265,0,306,0,10982,0.02413039519213258,0.09924540682414698,
cic,cic,17,False,forest,size,0,random,0.1,12192,306,1210,306,29,277,0,306,0,10982,0.025223092332908394,0.09924540682414698,
cic,cic,17,False,forest,tcp,0,forced,0.0,12192,306,0,306,0,306,0,306,0,12192,0.025098425196850394,0.0,
cic,cic,17,False,forest,tcp,0,frozen,0.01,12192,306,2131,306,78,228,0,306,0,10061,0.022661763244210317,0.17478674540682415,0.13366239316239314
cic,cic,17,False,forest,tcp,0,cap,0.01,12192,306,110,306,7,299,0,306,0,12082,0.024747558351266345,0.00902230971128609,
cic,cic,17,False,forest,tcp,0,random,0.01,12192,306,110,306,3,303,0,306,0,12082,0.025078629365999007,0.00902230971128609,
cic,cic,17,False,forest,tcp,0,frozen,0.05,12192,306,12103,306,306,0,0,306,0,89,0.0,0.9927001312335958,0.015555555555555545
cic,cic,17,False,forest,tcp,0,cap,0.05,12192,306,599,306,27,279,0,306,0,11593,0.024066246873113085,0.04913057742782152,
cic,cic,17,False,forest,tcp,0,random,0.05,12192,306,599,306,17,289,0,306,0,11593,0.024928836366773052,0.04913057742782152,
cic,cic,17,False,forest,tcp,0,frozen,0.1,12192,306,12154,306,306,0,0,306,0,38,0.0,0.9968832020997376,0.0022222222222222365
cic,cic,17,False,forest,tcp,0,cap,0.1,12192,306,1210,306,46,260,0,306,0,10982,0.023675104716809326,0.09924540682414698,
cic,cic,17,False,forest,tcp,0,random,0.1,12192,306,1210,306,29,277,0,306,0,10982,0.025223092332908394,0.09924540682414698,
cic,cic,17,False,forest,temporal+tcp,0,forced,0.0,12192,306,0,306,0,306,0,306,0,12192,0.025098425196850394,0.0,
cic,cic,17,False,forest,temporal+tcp,0,frozen,0.01,12192,306,2031,306,57,249,0,306,0,10161,0.024505462060820785,0.16658464566929135,0.13366239316239314
cic,cic,17,False,forest,temporal+tcp,0,cap,0.01,12192,306,110,306,2,304,0,306,0,12082,0.025161397119682172,0.00902230971128609,
cic,cic,17,False,forest,temporal+tcp,0,random,0.01,12192,306,110,306,3,303,0,306,0,12082,0.025078629365999007,0.00902230971128609,
cic,cic,17,False,forest,temporal+tcp,0,frozen,0.05,12192,306,12074,306,306,0,0,306,0,118,0.0,0.9903215223097113,0.015555555555555545
cic,cic,17,False,forest,temporal+tcp,0,cap,0.05,12192,306,599,306,15,291,0,306,0,11593,0.025101354265505048,0.04913057742782152,
cic,cic,17,False,forest,temporal+tcp,0,random,0.05,12192,306,599,306,17,289,0,306,0,11593,0.024928836366773052,0.04913057742782152,
cic,cic,17,False,forest,temporal+tcp,0,frozen,0.1,12192,306,12191,306,306,0,0,306,0,1,0.0,0.9999179790026247,0.0022222222222222365
cic,cic,17,False,forest,temporal+tcp,0,cap,0.1,12192,306,1210,306,41,265,0,306,0,10982,0.02413039519213258,0.09924540682414698,
cic,cic,17,False,forest,temporal+tcp,0,random,0.1,12192,306,1210,306,29,277,0,306,0,10982,0.025223092332908394,0.09924540682414698,
cic,cic,17,False,forest,random10,0,forced,0.0,12192,306,0,306,0,306,0,306,0,12192,0.025098425196850394,0.0,
cic,cic,17,False,forest,random10,0,frozen,0.01,12192,306,1375,306,86,220,0,306,0,10817,0.020338356291023388,0.11277887139107612,0.13366239316239314
cic,cic,17,False,forest,random10,0,cap,0.01,12192,306,110,306,14,292,0,306,0,12082,0.02416818407548419,0.00902230971128609,
cic,cic,17,False,forest,random10,0,random,0.01,12192,306,110,306,3,303,0,306,0,12082,0.025078629365999007,0.00902230971128609,
cic,cic,17,False,forest,random10,0,frozen,0.05,12192,306,7540,306,250,56,0,306,0,4652,0.012037833190025795,0.6184383202099738,0.015555555555555545
cic,cic,17,False,forest,random10,0,cap,0.05,12192,306,599,306,47,259,0,306,0,11593,0.02234106788579315,0.04913057742782152,
cic,cic,17,False,forest,random10,0,random,0.05,12192,306,599,306,17,289,0,306,0,11593,0.024928836366773052,0.04913057742782152,
cic,cic,17,False,forest,random10,0,frozen,0.1,12192,306,8922,306,269,37,0,306,0,3270,0.011314984709480122,0.7317913385826772,0.0022222222222222365
cic,cic,17,False,forest,random10,0,cap,0.1,12192,306,1210,306,74,232,0,306,0,10982,0.021125478054999088,0.09924540682414698,
cic,cic,17,False,forest,random10,0,random,0.1,12192,306,1210,306,29,277,0,306,0,10982,0.025223092332908394,0.09924540682414698,
cic,unsw,17,True,logistic,clean,0,forced,0.0,10417,1285,0,2199,0,1191,1008,1191,1008,10417,0.2110972448881636,0.0,
cic,unsw,17,True,logistic,clean,0,frozen,0.01,10417,1285,430,2199,264,1158,777,1191,1008,9987,0.19375187744067288,0.04127867908226937,0.3648276337228227
cic,unsw,17,True,logistic,clean,0,cap,0.01,10417,1285,101,2199,49,1186,964,1191,1008,10316,0.2084141139976735,0.009695689737928385,
cic,unsw,17,True,logistic,clean,0,random,0.01,10417,1285,101,2199,12,1183,1004,1191,1008,10316,0.21200077549437765,0.009695689737928385,
cic,unsw,17,True,logistic,clean,0,frozen,0.05,10417,1285,1029,2199,662,1071,466,1191,1008,9388,0.16371964209629314,0.09878083901315157,0.04271157266762593
cic,unsw,17,True,logistic,clean,0,cap,0.05,10417,1285,518,2199,338,1144,717,1191,1008,9899,0.18799878775633902,0.04972640875491984,
cic,unsw,17,True,logistic,clean,0,random,0.05,10417,1285,518,2199,102,1133,964,1191,1008,9899,0.21183957975553086,0.04972640875491984,
cic,unsw,17,True,logistic,clean,0,frozen,0.1,10417,1285,1632,2199,921,946,332,1191,1008,8785,0.14547524188958452,0.156666986656427,0.008498275419915324
cic,unsw,17,True,logistic,clean,0,cap,0.1,10417,1285,1040,2199,670,1067,462,1191,1008,9377,0.16305854750986457,0.09983680522223289,
cic,unsw,17,True,logistic,clean,0,random,0.1,10417,1285,1040,2199,202,1081,916,1191,1008,9377,0.21296790018129466,0.09983680522223289,
cic,unsw,17,True,logistic,temporal,0,forced,0.0,10417,1285,0,1782,0,1195,587,1195,587,10417,0.17106652587117213,0.0,
cic,unsw,17,True,logistic,temporal,0,frozen,0.01,10417,1285,488,1782,182,1154,446,1195,587,9929,0.1611441232752543,0.04684650091197082,0.3648276337228227
cic,unsw,17,True,logistic,temporal,0,cap,0.01,10417,1285,101,1782,41,1189,552,1195,587,10316,0.16876696393951143,0.009695689737928385,
cic,unsw,17,True,logistic,temporal,0,random,0.01,10417,1285,101,1782,11,1187,584,1195,587,10316,0.17167506785575803,0.009695689737928385,
cic,unsw,17,True,logistic,temporal,0,frozen,0.05,10417,1285,987,1782,386,1067,329,1195,587,9430,0.14803817603393427,0.09474896803302295,0.04271157266762593
cic,unsw,17,True,logistic,temporal,0,cap,0.05,10417,1285,518,1782,187,1150,445,1195,587,9899,0.16112738660470755,0.04972640875491984,
cic,unsw,17,True,logistic,temporal,0,random,0.05,10417,1285,518,1782,78,1137,567,1195,587,9899,0.17213859985857158,0.04972640875491984,
cic,unsw,17,True,logistic,temporal,0,frozen,0.1,10417,1285,1473,1782,696,939,147,1195,587,8944,0.1214221824686941,0.14140347508879716,0.008498275419915324
cic,unsw,17,True,logistic,temporal,0,cap,0.1,10417,1285,1040,1782,424,1052,306,1195,587,9377,0.14482243787991894,0.09983680522223289,
cic,unsw,17,True,logistic,temporal,0,random,0.1,10417,1285,1040,1782,155,1085,542,1195,587,9377,0.1735096512743948,0.09983680522223289,
cic,unsw,17,True,logistic,size,0,forced,0.0,10417,1285,0,7738,0,1167,6571,1167,6571,10417,0.742824229624652,0.0,
cic,unsw,17,True,logistic,size,0,frozen,0.01,10417,1285,3673,7738,2113,845,4780,1167,6571,6744,0.8340747330960854,0.35259671690505906,0.3648276337228227
cic,unsw,17,True,logistic,size,0,cap,0.01,10417,1285,101,7738,45,1161,6532,1167,6571,10316,0.7457347809228383,0.009695689737928385,
cic,unsw,17,True,logistic,size,0,random,0.01,10417,1285,101,7738,72,1159,6507,1167,6571,10316,0.7431174873982164,0.009695689737928385,
cic,unsw,17,True,logistic,size,0,frozen,0.05,10417,1285,8550,7738,6264,148,1326,1167,6571,1867,0.7895018746652384,0.8207737352404723,0.04271157266762593
cic,unsw,17,True,logistic,size,0,cap,0.05,10417,1285,518,7738,269,1136,6333,1167,6571,9899,0.7545206586523892,0.04972640875491984,
cic,unsw,17,True,logistic,size,0,random,0.05,10417,1285,518,7738,361,1109,6268,1167,6571,9899,0.7452267905849076,0.04972640875491984,
cic,unsw,17,True,logistic,size,0,frozen,0.1,10417,1285,9423,7738,7137,135,466,1167,6571,994,0.6046277665995976,0.904579053470289,0.008498275419915324
cic,unsw,17,True,logistic,size,0,cap,0.1,10417,1285,1040,7738,513,1102,6123,1167,6571,9377,0.7705022928441932,0.09983680522223289,
cic,unsw,17,True,logistic,size,0,random,0.1,10417,1285,1040,7738,742,1060,5936,1167,6571,9377,0.7460808360883011,0.09983680522223289,
cic,unsw,17,True,logistic,tcp,0,forced,0.0,10417,1285,0,2165,0,1122,1043,1122,1043,10417,0.20783334933282135,0.0,
cic,unsw,17,True,logistic,tcp,0,frozen,0.01,10417,1285,646,2165,339,1081,745,1122,1043,9771,0.1868795415003582,0.06201401555150235,0.3648276337228227
cic,unsw,17,True,logistic,tcp,0,cap,0.01,10417,1285,101,2165,50,1121,994,1122,1043,10316,0.20502132609538581,0.009695689737928385,
cic,unsw,17,True,logistic,tcp,0,random,0.01,10417,1285,101,2165,14,1115,1036,1122,1043,10316,0.20851105079488175,0.009695689737928385,
cic,unsw,17,True,logistic,tcp,0,frozen,0.05,10417,1285,1353,2165,634,984,547,1122,1043,9064,0.168909973521624,0.12988384371700107,0.04271157266762593
cic,unsw,17,True,logistic,tcp,0,cap,0.05,10417,1285,518,2165,259,1088,818,1122,1043,9899,0.1925447014849985,0.04972640875491984,
cic,unsw,17,True,logistic,tcp,0,random,0.05,10417,1285,518,2165,105,1067,993,1122,1043,9899,0.20810182846752198,0.04972640875491984,
cic,unsw,17,True,logistic,tcp,0,frozen,0.1,10417,1285,1907,2165,830,857,478,1122,1043,8510,0.15687426556991774,0.18306614188345974,0.008498275419915324
cic,unsw,17,True,logistic,tcp,0,cap,0.1,10417,1285,1040,2165,537,1028,600,1122,1043,9377,0.1736162951903594,0.09983680522223289,
cic,unsw,17,True,logistic,tcp,0,random,0.1,10417,1285,1040,2165,207,1018,940,1122,1043,9377,0.20880878745867548,0.09983680522223289,
cic,unsw,17,True,logistic,temporal+tcp,0,forced,0.0,10417,1285,0,1784,0,1127,657,1127,657,10417,0.17125851972736872,0.0,
cic,unsw,17,True,logistic,temporal+tcp,0,frozen,0.01,10417,1285,462,1784,186,1073,525,1127,657,9955,0.1605223505775992,0.044350580781414996,0.3648276337228227
cic,unsw,17,True,logistic,temporal+tcp,0,cap,0.01,10417,1285,101,1784,56,1120,608,1127,657,10316,0.16750678557580456,0.009695689737928385,
cic,unsw,17,True,logistic,temporal+tcp,0,random,0.01,10417,1285,101,1784,12,1120,652,1127,657,10316,0.17177200465296627,0.009695689737928385,
cic,unsw,17,True,logistic,temporal+tcp,0,frozen,0.05,10417,1285,1044,1784,364,986,434,1127,657,9373,0.15149898645044277,0.10022079293462609,0.04271157266762593
cic,unsw,17,True,logistic,temporal+tcp,0,cap,0.05,10417,1285,518,1784,197,1065,522,1127,657,9899,0.16031922416405697,0.04972640875491984,
cic,unsw,17,True,logistic,temporal+tcp,0,random,0.05,10417,1285,518,1784,85,1072,627,1127,657,9899,0.17163349833316496,0.04972640875491984,
cic,unsw,17,True,logistic,temporal+tcp,0,frozen,0.1,10417,1285,1710,1784,551,857,376,1127,657,8707,0.14161019869070862,0.16415474704809446,0.008498275419915324
cic,unsw,17,True,logistic,temporal+tcp,0,cap,0.1,10417,1285,1040,1784,360,988,436,1127,657,9377,0.15186093633358216,0.09983680522223289,
cic,unsw,17,True,logistic,temporal+tcp,0,random,0.1,10417,1285,1040,1784,168,1023,593,1127,657,9377,0.17233656819878426,0.09983680522223289,
cic,unsw,17,True,logistic,random10,0,forced,0.0,10417,1285,0,2797,0,1115,1682,1115,1682,10417,0.2685034078909475,0.0,
cic,unsw,17,True,logistic,random10,0,frozen,0.01,10417,1285,616,2797,321,1053,1423,1115,1682,9801,0.2526272829303132,0.059134107708553325,0.3648276337228227
cic,unsw,17,True,logistic,random10,0,cap,0.01,10417,1285,101,2797,55,1105,1637,1115,1682,10316,0.2658006979449399,0.009695689737928385,
cic,unsw,17,True,logistic,random10,0,random,0.01,10417,1285,101,2797,18,1108,1671,1115,1682,10316,0.26938735944164405,0.009695689737928385,
cic,unsw,17,True,logistic,random10,0,frozen,0.05,10417,1285,1697,2797,823,944,1030,1115,1682,8720,0.22637614678899082,0.16290678698281655,0.04271157266762593
cic,unsw,17,True,logistic,random10,0,cap,0.05,10417,1285,518,2797,271,1064,1462,1115,1682,9899,0.2551772906354177,0.04972640875491984,
cic,unsw,17,True,logistic,random10,0,random,0.05,10417,1285,518,2797,124,1062,1611,1115,1682,9899,0.27002727548237193,0.04972640875491984,
cic,unsw,17,True,logistic,random10,0,frozen,0.1,10417,1285,2444,2797,1130,866,801,1115,1682,7973,0.20908064718424682,0.2346164922722473,0.008498275419915324
cic,unsw,17,True,logistic,random10,0,cap,0.1,10417,1285,1040,2797,529,1009,1259,1115,1682,9377,0.2418684014076997,0.09983680522223289,
cic,unsw,17,True,logistic,random10,0,random,0.1,10417,1285,1040,2797,266,1015,1516,1115,1682,9377,0.26991575130638795,0.09983680522223289,
cic,ton,17,True,logistic,clean,9,forced,0.0,9358,7527,0,5987,0,5628,359,5628,359,9358,0.6397734558666381,0.0,
cic,ton,17,True,logistic,clean,9,frozen,0.01,9358,7527,606,5987,398,5279,310,5628,359,8752,0.6385968921389397,0.06475742680059841,0.3648276337228227
cic,ton,17,True,logistic,clean,9,cap,0.01,9358,7527,78,5987,44,5588,355,5628,359,9280,0.6404094827586206,0.008335114340671083,
cic,ton,17,True,logistic,clean,9,random,0.01,9358,7527,78,5987,49,5580,358,5628,359,9280,0.6398706896551725,0.008335114340671083,
cic,ton,17,True,logistic,clean,9,frozen,0.05,9358,7527,2503,5987,1498,4280,209,5628,359,6855,0.6548504741064917,0.26747168198332977,0.04271157266762593
cic,ton,17,True,logistic,clean,9,cap,0.05,9358,7527,453,5987,285,5383,319,5628,359,8905,0.640314430095452,0.04840777944005129,
cic,ton,17,True,logistic,clean,9,random,0.05,9358,7527,453,5987,284,5357,346,5628,359,8905,0.6404267265581134,0.04840777944005129,
cic,ton,17,True,logistic,clean,9,frozen,0.1,9358,7527,3680,5987,1929,3904,154,5628,359,5678,0.7146882705177879,0.39324642017525113,0.008498275419915324
cic,ton,17,True,logistic,clean,9,cap,0.1,9358,7527,920,5987,584,5128,275,5628,359,8438,0.6403176108082484,0.09831160504381278,
cic,ton,17,True,logistic,clean,9,random,0.1,9358,7527,920,5987,593,5068,326,5628,359,8438,0.6392510073477127,0.09831160504381278,
cic,ton,17,True,logistic,temporal,9,forced,0.0,9358,7527,0,5825,0,5465,360,5465,360,9358,0.6224620645437059,0.0,
cic,ton,17,True,logistic,temporal,9,frozen,0.01,9358,7527,1267,5825,867,4672,286,5465,360,8091,0.6127796316895315,0.1353921778157726,0.3648276337228227
cic,ton,17,True,logistic,temporal,9,cap,0.01,9358,7527,78,5825,45,5426,354,5465,360,9280,0.6228448275862069,0.008335114340671083,
cic,ton,17,True,logistic,temporal,9,random,0.01,9358,7527,78,5825,47,5419,359,5465,360,9280,0.6226293103448276,0.008335114340671083,
cic,ton,17,True,logistic,temporal,9,frozen,0.05,9358,7527,2781,5825,1616,4015,194,5465,360,6577,0.6399574273985099,0.2971788843770036,0.04271157266762593
cic,ton,17,True,logistic,temporal,9,cap,0.05,9358,7527,453,5825,286,5218,321,5465,360,8905,0.6220101066816395,0.04840777944005129,
cic,ton,17,True,logistic,temporal,9,random,0.05,9358,7527,453,5825,277,5204,344,5465,360,8905,0.6230207748455924,0.04840777944005129,
cic,ton,17,True,logistic,temporal,9,frozen,0.1,9358,7527,4063,5825,1977,3713,135,5465,360,5295,0.7267233238904627,0.43417396879675146,0.008498275419915324
cic,ton,17,True,logistic,temporal,9,cap,0.1,9358,7527,920,5825,597,4948,280,5465,360,8438,0.6195780990756103,0.09831160504381278,
cic,ton,17,True,logistic,temporal,9,random,0.1,9358,7527,920,5825,579,4922,324,5465,360,8438,0.6217113059966817,0.09831160504381278,
cic,ton,17,True,logistic,size,9,forced,0.0,9358,7527,0,5888,0,5350,538,5350,538,9358,0.6291942722804018,0.0,
cic,ton,17,True,logistic,size,9,frozen,0.01,9358,7527,3746,5888,1783,3913,192,5350,538,5612,0.7314682822523164,0.40029920923274204,0.3648276337228227
cic,ton,17,True,logistic,size,9,cap,0.01,9358,7527,78,5888,38,5315,535,5350,538,9280,0.6303879310344828,0.008335114340671083,
cic,ton,17,True,logistic,size,9,random,0.01,9358,7527,78,5888,48,5303,537,5350,538,9280,0.6293103448275862,0.008335114340671083,
cic,ton,17,True,logistic,size,9,frozen,0.05,9358,7527,6266,5888,3754,2126,8,5350,538,3092,0.6901681759379042,0.6695875187005771,0.04271157266762593
cic,ton,17,True,logistic,size,9,cap,0.05,9358,7527,453,5888,202,5201,485,5350,538,8905,0.6385176866928691,0.04840777944005129,
cic,ton,17,True,logistic,size,9,random,0.05,9358,7527,453,5888,289,5088,511,5350,538,8905,0.6287478944413251,0.04840777944005129,
cic,ton,17,True,logistic,size,9,frozen,0.1,9358,7527,6348,5888,3774,2113,1,5350,538,3010,0.7023255813953488,0.6783500748023081,0.008498275419915324
cic,ton,17,True,logistic,size,9,cap,0.1,9358,7527,920,5888,421,5044,423,5350,538,8438,0.6479023465276131,0.09831160504381278,
cic,ton,17,True,logistic,size,9,random,0.1,9358,7527,920,5888,591,4812,485,5350,538,8438,0.6277553922730504,0.09831160504381278,
cic,ton,17,True,logistic,tcp,9,forced,0.0,9358,7527,0,6099,0,5736,363,5736,363,9358,0.6517418251763197,0.0,
cic,ton,17,True,logistic,tcp,9,frozen,0.01,9358,7527,738,6099,388,5425,286,5736,363,8620,0.6625290023201856,0.07886300491558025,0.3648276337228227
cic,ton,17,True,logistic,tcp,9,cap,0.01,9358,7527,78,6099,43,5698,358,5736,363,9280,0.6525862068965518,0.008335114340671083,
cic,ton,17,True,logistic,tcp,9,random,0.01,9358,7527,78,6099,49,5688,362,5736,363,9280,0.6519396551724138,0.008335114340671083,
cic,ton,17,True,logistic,tcp,9,frozen,0.05,9358,7527,2877,6099,1415,4489,195,5736,363,6481,0.7227279740780743,0.30743748664244497,0.04271157266762593
cic,ton,17,True,logistic,tcp,9,cap,0.05,9358,7527,453,6099,242,5545,312,5736,363,8905,0.6577203818079731,0.04840777944005129,
cic,ton,17,True,logistic,tcp,9,random,0.05,9358,7527,453,6099,295,5458,346,5736,363,8905,0.6517686692869175,0.04840777944005129,
cic,ton,17,True,logistic,tcp,9,frozen,0.1,9358,7527,3962,6099,1910,4026,163,5736,363,5396,0.7763157894736842,0.423381064329985,0.008498275419915324
cic,ton,17,True,logistic,tcp,9,cap,0.1,9358,7527,920,6099,459,5365,275,5736,363,8438,0.6684048352690211,0.09831160504381278,
cic,ton,17,True,logistic,tcp,9,random,0.1,9358,7527,920,6099,614,5163,322,5736,363,8438,0.6500355534486846,0.09831160504381278,
cic,ton,17,True,logistic,temporal+tcp,9,forced,0.0,9358,7527,0,5893,0,5561,332,5561,332,9358,0.6297285744817268,0.0,
cic,ton,17,True,logistic,temporal+tcp,9,frozen,0.01,9358,7527,958,5893,431,5200,262,5561,332,8400,0.6502380952380953,0.1023723017738833,0.3648276337228227
cic,ton,17,True,logistic,temporal+tcp,9,cap,0.01,9358,7527,78,5893,30,5534,329,5561,332,9280,0.6317887931034483,0.008335114340671083,
cic,ton,17,True,logistic,temporal+tcp,9,random,0.01,9358,7527,78,5893,47,5515,331,5561,332,9280,0.6299568965517242,0.008335114340671083,
cic,ton,17,True,logistic,temporal+tcp,9,frozen,0.05,9358,7527,3167,5893,1525,4168,200,5561,332,6191,0.7055403004361169,0.338427014319299,0.04271157266762593
cic,ton,17,True,logistic,temporal+tcp,9,cap,0.05,9358,7527,453,5893,163,5435,295,5561,332,8905,0.643458731049972,0.04840777944005129,
cic,ton,17,True,logistic,temporal+tcp,9,random,0.05,9358,7527,453,5893,277,5300,316,5561,332,8905,0.6306569343065693,0.04840777944005129,
cic,ton,17,True,logistic,temporal+tcp,9,frozen,0.1,9358,7527,4410,5893,1965,3781,147,5561,332,4948,0.793856103476152,0.47125454156871127,0.008498275419915324
cic,ton,17,True,logistic,temporal+tcp,9,cap,0.1,9358,7527,920,5893,380,5247,266,5561,332,8438,0.6533538753259066,0.09831160504381278,
cic,ton,17,True,logistic,temporal+tcp,9,random,0.1,9358,7527,920,5893,581,5014,298,5561,332,8438,0.6295330647072767,0.09831160504381278,
cic,ton,17,True,logistic,random10,9,forced,0.0,9358,7527,0,5926,0,5492,434,5492,434,9358,0.6332549690104723,0.0,
cic,ton,17,True,logistic,random10,9,frozen,0.01,9358,7527,1024,5926,562,5001,363,5492,434,8334,0.6436285097192225,0.10942509083137422,0.3648276337228227
cic,ton,17,True,logistic,random10,9,cap,0.01,9358,7527,78,5926,45,5454,427,5492,434,9280,0.633728448275862,0.008335114340671083,
cic,ton,17,True,logistic,random10,9,random,0.01,9358,7527,78,5926,47,5447,432,5492,434,9280,0.6335129310344828,0.008335114340671083,
cic,ton,17,True,logistic,random10,9,frozen,0.05,9358,7527,2703,5926,1443,4216,267,5492,434,6655,0.6736288504883546,0.28884377003633255,0.04271157266762593
cic,ton,17,True,logistic,random10,9,cap,0.05,9358,7527,453,5926,248,5288,390,5492,434,8905,0.6376193149915778,0.04840777944005129,
cic,ton,17,True,logistic,random10,9,random,0.05,9358,7527,453,5926,278,5232,416,5492,434,8905,0.634250421111735,0.04840777944005129,
cic,ton,17,True,logistic,random10,9,frozen,0.1,9358,7527,3678,5926,1930,3781,215,5492,434,5680,0.7035211267605633,0.3930326992947211,0.008498275419915324
cic,ton,17,True,logistic,random10,9,cap,0.1,9358,7527,920,5926,491,5086,349,5492,434,8438,0.6441099786679307,0.09831160504381278,
cic,ton,17,True,logistic,random10,9,random,0.1,9358,7527,920,5926,574,4962,390,5492,434,8438,0.6342735245318796,0.09831160504381278,
cic,cic,17,True,logistic,clean,0,forced,0.0,12192,306,0,317,0,303,14,303,14,12192,0.026000656167979003,0.0,
cic,cic,17,True,logistic,clean,0,frozen,0.01,12192,306,88,317,8,302,7,303,14,12104,0.025528750826173167,0.007217847769028871,0.3648276337228227
cic,cic,17,True,logistic,clean,0,cap,0.01,12192,306,110,317,10,302,5,303,14,12082,0.025409700380731665,0.00902230971128609,
cic,cic,17,True,logistic,clean,0,random,0.01,12192,306,110,317,3,300,14,303,14,12082,0.025989074656513823,0.00902230971128609,
cic,cic,17,True,logistic,clean,0,frozen,0.05,12192,306,571,317,13,302,2,303,14,11621,0.02615953876602702,0.04683398950131234,0.04271157266762593
cic,cic,17,True,logistic,clean,0,cap,0.05,12192,306,599,317,20,295,2,303,14,11593,0.025618907961701028,0.04913057742782152,
cic,cic,17,True,logistic,clean,0,random,0.05,12192,306,599,317,18,286,13,303,14,11593,0.02579142586043302,0.04913057742782152,
cic,cic,17,True,logistic,clean,0,frozen,0.1,12192,306,1126,317,80,236,1,303,14,11066,0.021416952828483642,0.09235564304461942,0.008498275419915324
cic,cic,17,True,logistic,clean,0,cap,0.1,12192,306,1210,317,78,238,1,303,14,10982,0.02176288472045165,0.09924540682414698,
cic,cic,17,True,logistic,clean,0,random,0.1,12192,306,1210,317,30,274,13,303,14,10982,0.02613367328355491,0.09924540682414698,
cic,cic,17,True,logistic,temporal,0,forced,0.0,12192,306,0,327,0,304,23,304,23,12192,0.026820866141732284,0.0,
cic,cic,17,True,logistic,temporal,0,frozen,0.01,12192,306,279,327,15,303,9,304,23,11913,0.02618987660538907,0.022883858267716536,0.3648276337228227
cic,cic,17,True,logistic,temporal,0,cap,0.01,12192,306,110,327,15,303,9,304,23,12082,0.025823539149147492,0.00902230971128609,
cic,cic,17,True,logistic,temporal,0,random,0.01,12192,306,110,327,3,301,23,304,23,12082,0.026816752193345474,0.00902230971128609,
cic,cic,17,True,logistic,temporal,0,frozen,0.05,12192,306,1142,327,43,283,1,304,23,11050,0.02570135746606335,0.09366797900262468,0.04271157266762593
cic,cic,17,True,logistic,temporal,0,cap,0.05,12192,306,599,327,25,298,4,304,23,11593,0.02605020270853101,0.04913057742782152,
cic,cic,17,True,logistic,temporal,0,random,0.05,12192,306,599,327,17,287,23,304,23,11593,0.026740274303458985,0.04913057742782152,
cic,cic,17,True,logistic,temporal,0,frozen,0.1,12192,306,2184,327,52,274,1,304,23,10008,0.027478017585931255,0.17913385826771652,0.008498275419915324
cic,cic,17,True,logistic,temporal,0,cap,0.1,12192,306,1210,327,44,281,2,304,23,10982,0.025769440903296303,0.09924540682414698,
cic,cic,17,True,logistic,temporal,0,random,0.1,12192,306,1210,327,30,275,22,304,23,10982,0.02704425423420142,0.09924540682414698,
cic,cic,17,True,logistic,size,0,forced,0.0,12192,306,0,591,0,304,287,304,287,12192,0.048474409448818895,0.0,
cic,cic,17,True,logistic,size,0,frozen,0.01,12192,306,736,591,271,254,66,304,287,11456,0.027932960893854747,0.06036745406824147,0.3648276337228227
cic,cic,17,True,logistic,size,0,cap,0.01,12192,306,110,591,61,304,226,304,287,12082,0.04386690945207747,0.00902230971128609,
cic,cic,17,True,logistic,size,0,random,0.01,12192,306,110,591,8,301,282,304,287,12082,0.04825360039728522,0.00902230971128609,
cic,cic,17,True,logistic,size,0,frozen,0.05,12192,306,3621,591,414,158,19,304,287,8571,0.02065103255162758,0.296998031496063,0.04271157266762593
cic,cic,17,True,logistic,size,0,cap,0.05,12192,306,599,591,235,276,80,304,287,11593,0.030708185974294835,0.04913057742782152,
cic,cic,17,True,logistic,size,0,random,0.05,12192,306,599,591,34,287,270,304,287,11593,0.048046234796860175,0.04913057742782152,
cic,cic,17,True,logistic,size,0,frozen,0.1,12192,306,5808,591,441,146,4,304,287,6384,0.023496240601503758,0.4763779527559055,0.008498275419915324
cic,cic,17,True,logistic,size,0,cap,0.1,12192,306,1210,591,347,208,36,304,287,10982,0.022218175195774903,0.09924540682414698,
cic,cic,17,True,logistic,size,0,random,0.1,12192,306,1210,591,59,275,257,304,287,10982,0.04844290657439446,0.09924540682414698,
cic,cic,17,True,logistic,tcp,0,forced,0.0,12192,306,0,351,0,301,50,301,50,12192,0.02878937007874016,0.0,
cic,cic,17,True,logistic,tcp,0,frozen,0.01,12192,306,374,351,26,300,25,301,50,11818,0.027500423083432052,0.030675853018372702,0.3648276337228227
cic,cic,17,True,logistic,tcp,0,cap,0.01,12192,306,110,351,16,300,35,301,50,12082,0.027727197483860287,0.00902230971128609,
cic,cic,17,True,logistic,tcp,0,random,0.01,12192,306,110,351,4,298,49,301,50,12082,0.02872041052805827,0.00902230971128609,
cic,cic,17,True,logistic,tcp,0,frozen,0.05,12192,306,865,351,50,286,15,301,50,11327,0.02657367352343957,0.07094816272965879,0.04271157266762593
cic,cic,17,True,logistic,tcp,0,cap,0.05,12192,306,599,351,36,296,19,301,50,11593,0.027171569050288967,0.04913057742782152,
cic,cic,17,True,logistic,tcp,0,random,0.05,12192,306,599,351,21,284,46,301,50,11593,0.02846545329077892,0.04913057742782152,
cic,cic,17,True,logistic,tcp,0,frozen,0.1,12192,306,1766,351,125,215,11,301,50,10426,0.021676577786303473,0.1448490813648294,0.008498275419915324
cic,cic,17,True,logistic,tcp,0,cap,0.1,12192,306,1210,351,97,240,14,301,50,10982,0.023128756146421417,0.09924540682414698,
cic,cic,17,True,logistic,tcp,0,random,0.1,12192,306,1210,351,34,272,45,301,50,10982,0.028865416135494447,0.09924540682414698,
cic,cic,17,True,logistic,temporal+tcp,0,forced,0.0,12192,306,0,384,0,303,81,303,81,12192,0.031496062992125984,0.0,
cic,cic,17,True,logistic,temporal+tcp,0,frozen,0.01,12192,306,592,384,44,302,38,303,81,11600,0.029310344827586206,0.048556430446194225,0.3648276337228227
cic,cic,17,True,logistic,temporal+tcp,0,cap,0.01,12192,306,110,384,20,303,61,303,81,12082,0.030127462340672075,0.00902230971128609,
cic,cic,17,True,logistic,temporal+tcp,0,random,0.01,12192,306,110,384,5,300,79,303,81,12082,0.03136897864591955,0.00902230971128609,
cic,cic,17,True,logistic,temporal+tcp,0,frozen,0.05,12192,306,1339,384,77,295,12,303,81,10853,0.028287109554961762,0.1098261154855643,0.04271157266762593
cic,cic,17,True,logistic,temporal+tcp,0,cap,0.05,12192,306,599,384,50,300,34,303,81,11593,0.028810489088242904,0.04913057742782152,
cic,cic,17,True,logistic,temporal+tcp,0,random,0.05,12192,306,599,384,23,286,75,303,81,11593,0.031139480721124817,0.04913057742782152,
cic,cic,17,True,logistic,temporal+tcp,0,frozen,0.1,12192,306,2992,384,151,225,8,303,81,9200,0.025326086956521738,0.24540682414698162,0.008498275419915324
cic,cic,17,True,logistic,temporal+tcp,0,cap,0.1,12192,306,1210,384,78,295,11,303,81,10982,0.02786377708978328,0.09924540682414698,
cic,cic,17,True,logistic,temporal+tcp,0,random,0.1,12192,306,1210,384,37,274,73,303,81,10982,0.03159715898743398,0.09924540682414698,
cic,cic,17,True,logistic,random10,0,forced,0.0,12192,306,0,747,0,295,452,295,452,12192,0.06126968503937008,0.0,
cic,cic,17,True,logistic,random10,0,frozen,0.01,12192,306,450,747,172,287,288,295,452,11742,0.04896951115653211,0.036909448818897635,0.3648276337228227
cic,cic,17,True,logistic,random10,0,cap,0.01,12192,306,110,747,49,293,405,295,452,12082,0.0577718920708492,0.00902230971128609,
cic,cic,17,True,logistic,random10,0,random,0.01,12192,306,110,747,9,292,446,295,452,12082,0.0610826022181758,0.00902230971128609,
cic,cic,17,True,logistic,random10,0,frozen,0.05,12192,306,1302,747,350,254,143,295,452,10890,0.036455463728191,0.10679133858267717,0.04271157266762593
cic,cic,17,True,logistic,random10,0,cap,0.05,12192,306,599,747,218,282,247,295,452,11593,0.045630984214612265,0.04913057742782152,
cic,cic,17,True,logistic,random10,0,random,0.05,12192,306,599,747,43,278,426,295,452,11593,0.060726300353661694,0.04913057742782152,
cic,cic,17,True,logistic,random10,0,frozen,0.1,12192,306,2050,747,444,226,77,295,452,10142,0.029875764149083023,0.16814304461942256,0.008498275419915324
cic,cic,17,True,logistic,random10,0,cap,0.1,12192,306,1210,747,344,254,149,295,452,10982,0.03669641231105445,0.09924540682414698,
cic,cic,17,True,logistic,random10,0,random,0.1,12192,306,1210,747,75,266,406,295,452,10982,0.06119103988344564,0.09924540682414698,
cic,unsw,17,True,forest,clean,0,forced,0.0,10417,1285,0,1630,0,1285,345,1285,345,10417,0.1564749928002304,0.0,
cic,unsw,17,True,forest,clean,0,frozen,0.01,10417,1285,9352,1630,925,705,0,1285,345,1065,0.6619718309859155,0.8977632715753096,0.11434108527131781
cic,unsw,17,True,forest,clean,0,cap,0.01,10417,1285,101,1630,54,1285,291,1285,345,10316,0.1527723924001551,0.009695689737928385,
cic,unsw,17,True,forest,clean,0,random,0.01,10417,1285,101,1630,9,1277,344,1285,345,10316,0.157134548274525,0.009695689737928385,
cic,unsw,17,True,forest,clean,0,frozen,0.05,10417,1285,10402,1630,1630,0,0,1285,345,15,0.0,0.9985600460785254,0.007948717948717987
cic,unsw,17,True,forest,clean,0,cap,0.05,10417,1285,518,1630,250,1285,95,1285,345,9899,0.13940802101222347,0.04972640875491984,
cic,unsw,17,True,forest,clean,0,random,0.05,10417,1285,518,1630,77,1223,330,1285,345,9899,0.15688453379129205,0.04972640875491984,
cic,unsw,17,True,forest,clean,0,frozen,0.1,10417,1285,10415,1630,1630,0,0,1285,345,2,0.0,0.9998080061438034,0.00016740411636007035
cic,unsw,17,True,forest,clean,0,cap,0.1,10417,1285,1040,1630,277,1285,68,1285,345,9377,0.14428921830009597,0.09983680522223289,
cic,unsw,17,True,forest,clean,0,random,0.1,10417,1285,1040,1630,153,1168,309,1285,345,9377,0.15751306387970565,0.09983680522223289,
cic,unsw,17,True,forest,temporal,0,forced,0.0,10417,1285,0,1610,0,1285,325,1285,325,10417,0.15455505423826438,0.0,
cic,unsw,17,True,forest,temporal,0,frozen,0.01,10417,1285,9330,1610,903,707,0,1285,325,1087,0.6504139834406624,0.895651339157147,0.11434108527131781
cic,unsw,17,True,forest,temporal,0,cap,0.01,10417,1285,101,1610,47,1285,278,1285,325,10316,0.15151221403644824,0.009695689737928385,
cic,unsw,17,True,forest,temporal,0,random,0.01,10417,1285,101,1610,9,1277,324,1285,325,10316,0.15519581233036062,0.009695689737928385,
cic,unsw,17,True,forest,temporal,0,frozen,0.05,10417,1285,10413,1610,1610,0,0,1285,325,4,0.0,0.9996160122876068,0.007948717948717987
cic,unsw,17,True,forest,temporal,0,cap,0.05,10417,1285,518,1610,136,1285,189,1285,325,9899,0.14890392968986765,0.04972640875491984,
cic,unsw,17,True,forest,temporal,0,random,0.05,10417,1285,518,1610,74,1223,313,1285,325,9899,0.15516718860490958,0.04972640875491984,
cic,unsw,17,True,forest,temporal,0,frozen,0.1,10417,1285,10415,1610,1610,0,0,1285,325,2,0.0,0.9998080061438034,0.00016740411636007035
cic,unsw,17,True,forest,temporal,0,cap,0.1,10417,1285,1040,1610,227,1285,98,1285,325,9377,0.1474885357790338,0.09983680522223289,
cic,unsw,17,True,forest,temporal,0,random,0.1,10417,1285,1040,1610,148,1168,294,1285,325,9377,0.15591340514023674,0.09983680522223289,
cic,unsw,17,True,forest,size,0,forced,0.0,10417,1285,0,1355,0,1285,70,1285,70,10417,0.13007583757319766,0.0,
cic,unsw,17,True,forest,size,0,frozen,0.01,10417,1285,9048,1355,498,857,0,1285,70,1369,0.6260043827611396,0.8685802054334262,0.11434108527131781
cic,unsw,17,True,forest,size,0,cap,0.01,10417,1285,101,1355,23,1285,47,1285,70,10316,0.12911981388134935,0.009695689737928385,
cic,unsw,17,True,forest,size,0,random,0.01,10417,1285,101,1355,9,1277,69,1285,70,10316,0.13047692904226443,0.009695689737928385,
cic,unsw,17,True,forest,size,0,frozen,0.05,10417,1285,10413,1355,1355,0,0,1285,70,4,0.0,0.9996160122876068,0.007948717948717987
cic,unsw,17,True,forest,size,0,cap,0.05,10417,1285,518,1355,60,1285,10,1285,70,9899,0.13082129508031115,0.04972640875491984,
cic,unsw,17,True,forest,size,0,random,0.05,10417,1285,518,1355,64,1223,68,1285,70,9899,0.13041721385998586,0.04972640875491984,
cic,unsw,17,True,forest,size,0,frozen,0.1,10417,1285,10413,1355,1355,0,0,1285,70,4,0.0,0.9996160122876068,0.00016740411636007035
cic,unsw,17,True,forest,size,0,cap,0.1,10417,1285,1040,1355,69,1285,1,1285,70,9377,0.13714407593046818,0.09983680522223289,
cic,unsw,17,True,forest,size,0,random,0.1,10417,1285,1040,1355,124,1168,63,1285,70,9377,0.1312786605524155,0.09983680522223289,
cic,unsw,17,True,forest,tcp,0,forced,0.0,10417,1285,0,1946,0,1285,661,1285,661,10417,0.18681002207929345,0.0,
cic,unsw,17,True,forest,tcp,0,frozen,0.01,10417,1285,9431,1946,1293,653,0,1285,661,986,0.6622718052738337,0.9053470288950753,0.11434108527131781
cic,unsw,17,True,forest,tcp,0,cap,0.01,10417,1285,101,1946,54,1285,607,1285,661,10316,0.1834044203179527,0.009695689737928385,
cic,unsw,17,True,forest,tcp,0,random,0.01,10417,1285,101,1946,9,1277,660,1285,661,10316,0.1877665761923226,0.009695689737928385,
cic,unsw,17,True,forest,tcp,0,frozen,0.05,10417,1285,10366,1946,1897,49,0,1285,661,51,0.9607843137254902,0.9951041566669867,0.007948717948717987
cic,unsw,17,True,forest,tcp,0,cap,0.05,10417,1285,518,1946,134,1284,528,1285,661,9899,0.18304879280735428,0.04972640875491984,
cic,unsw,17,True,forest,tcp,0,random,0.05,10417,1285,518,1946,91,1223,632,1285,661,9899,0.1873926659258511,0.04972640875491984,
cic,unsw,17,True,forest,tcp,0,frozen,0.1,10417,1285,10405,1946,1936,10,0,1285,661,12,0.8333333333333334,0.9988480368628204,0.00016740411636007035
cic,unsw,17,True,forest,tcp,0,cap,0.1,10417,1285,1040,1946,213,1282,451,1285,661,9377,0.18481390636664177,0.09983680522223289,
cic,unsw,17,True,forest,tcp,0,random,0.1,10417,1285,1040,1946,179,1168,599,1285,661,9377,0.18843979950943798,0.09983680522223289,
cic,unsw,17,True,forest,temporal+tcp,0,forced,0.0,10417,1285,0,1989,0,1285,704,1285,704,10417,0.1909378899875204,0.0,
cic,unsw,17,True,forest,temporal+tcp,0,frozen,0.01,10417,1285,9579,1989,1313,676,0,1285,704,838,0.8066825775656324,0.9195545742536239,0.11434108527131781
cic,unsw,17,True,forest,temporal+tcp,0,cap,0.01,10417,1285,101,1989,71,1285,633,1285,704,10316,0.18592477704536642,0.009695689737928385,
cic,unsw,17,True,forest,temporal+tcp,0,random,0.01,10417,1285,101,1989,9,1277,703,1285,704,10316,0.19193485847227607,0.009695689737928385,
cic,unsw,17,True,forest,temporal+tcp,0,frozen,0.05,10417,1285,10381,1989,1953,36,0,1285,704,36,1.0,0.9965441105884612,0.007948717948717987
cic,unsw,17,True,forest,temporal+tcp,0,cap,0.05,10417,1285,518,1989,180,1284,525,1285,704,9899,0.18274573189211032,0.04972640875491984,
cic,unsw,17,True,forest,temporal+tcp,0,random,0.05,10417,1285,518,1989,93,1223,673,1285,704,9899,0.19153449843418527,0.04972640875491984,
cic,unsw,17,True,forest,temporal+tcp,0,frozen,0.1,10417,1285,10415,1989,1987,2,0,1285,704,2,1.0,0.9998080061438034,0.00016740411636007035
cic,unsw,17,True,forest,temporal+tcp,0,cap,0.1,10417,1285,1040,1989,283,1280,426,1285,704,9377,0.18193452063559773,0.09983680522223289,
cic,unsw,17,True,forest,temporal+tcp,0,random,0.1,10417,1285,1040,1989,184,1168,637,1285,704,9377,0.19249226831609256,0.09983680522223289,
cic,unsw,17,True,forest,random10,0,forced,0.0,10417,1285,0,1576,0,1285,291,1285,291,10417,0.15129115868292214,0.0,
cic,unsw,17,True,forest,random10,0,frozen,0.01,10417,1285,9608,1576,1004,572,0,1285,291,809,0.7070457354758962,0.9223384851684746,0.11434108527131781
cic,unsw,17,True,forest,random10,0,cap,0.01,10417,1285,101,1576,44,1285,247,1285,291,10316,0.1485071733229934,0.009695689737928385,
cic,unsw,17,True,forest,random10,0,random,0.01,10417,1285,101,1576,10,1277,289,1285,291,10316,0.1518030244280729,0.009695689737928385,
cic,unsw,17,True,forest,random10,0,frozen,0.05,10417,1285,10404,1576,1575,1,0,1285,291,13,0.07692307692307693,0.9987520399347221,0.007948717948717987
cic,unsw,17,True,forest,random10,0,cap,0.05,10417,1285,518,1576,176,1284,116,1285,291,9899,0.1414284271138499,0.04972640875491984,
cic,unsw,17,True,forest,random10,0,random,0.05,10417,1285,518,1576,75,1223,278,1285,291,9899,0.15163147792706333,0.04972640875491984,
cic,unsw,17,True,forest,random10,0,frozen,0.1,10417,1285,10416,1576,1576,0,0,1285,291,1,0.0,0.9999040030719017,0.00016740411636007035
cic,unsw,17,True,forest,random10,0,cap,0.1,10417,1285,1040,1576,235,1282,59,1285,291,9377,0.14300949130852084,0.09983680522223289,
cic,unsw,17,True,forest,random10,0,random,0.1,10417,1285,1040,1576,149,1168,259,1285,291,9377,0.15218086808147596,0.09983680522223289,
cic,ton,17,True,forest,clean,9,forced,0.0,9358,7527,0,6925,0,6886,39,6886,39,9358,0.7400085488352212,0.0,
cic,ton,17,True,forest,clean,9,frozen,0.01,9358,7527,6709,6925,4877,2048,0,6886,39,2649,0.773121932804832,0.7169266937379782,0.11434108527131781
cic,ton,17,True,forest,clean,9,cap,0.01,9358,7527,78,6925,45,6844,36,6886,39,9280,0.7413793103448276,0.008335114340671083,
cic,ton,17,True,forest,clean,9,random,0.01,9358,7527,78,6925,66,6820,39,6886,39,9280,0.7391163793103448,0.008335114340671083,
cic,ton,17,True,forest,clean,9,frozen,0.05,9358,7527,7494,6925,5273,1652,0,6886,39,1864,0.8862660944206009,0.8008121393460141,0.007948717948717987
cic,ton,17,True,forest,clean,9,cap,0.05,9358,7527,453,6925,280,6618,27,6886,39,8905,0.7462099943851769,0.04840777944005129,
cic,ton,17,True,forest,clean,9,random,0.05,9358,7527,453,6925,333,6555,37,6886,39,8905,0.7402582818641212,0.04840777944005129,
cic,ton,17,True,forest,clean,9,frozen,0.1,9358,7527,7607,6925,5277,1648,0,6886,39,1751,0.9411764705882353,0.8128873690959607,0.00016740411636007035
cic,ton,17,True,forest,clean,9,cap,0.1,9358,7527,920,6925,540,6365,20,6886,39,8438,0.7566958995022517,0.09831160504381278,
cic,ton,17,True,forest,clean,9,random,0.1,9358,7527,920,6925,693,6196,36,6886,39,8438,0.7385636406731453,0.09831160504381278,
cic,ton,17,True,forest,temporal,9,forced,0.0,9358,7527,0,6763,0,6714,49,6714,49,9358,0.7226971575122889,0.0,
cic,ton,17,True,forest,temporal,9,frozen,0.01,9358,7527,6776,6763,4743,2020,0,6714,49,2582,0.7823392718822618,0.7240863432357342,0.11434108527131781
cic,ton,17,True,forest,temporal,9,cap,0.01,9358,7527,78,6763,35,6683,45,6714,49,9280,0.725,0.008335114340671083,
cic,ton,17,True,forest,temporal,9,random,0.01,9358,7527,78,6763,66,6648,49,6714,49,9280,0.7216594827586207,0.008335114340671083,
cic,ton,17,True,forest,temporal,9,frozen,0.05,9358,7527,7465,6763,5111,1652,0,6714,49,1893,0.872688853671421,0.7977131865783287,0.007948717948717987
cic,ton,17,True,forest,temporal,9,cap,0.05,9358,7527,453,6763,255,6469,39,6714,49,8905,0.7308253790005614,0.04840777944005129,
cic,ton,17,True,forest,temporal,9,random,0.05,9358,7527,453,6763,328,6390,45,6714,49,8905,0.7226277372262774,0.04840777944005129,
cic,ton,17,True,forest,temporal,9,frozen,0.1,9358,7527,7661,6763,5184,1579,0,6714,49,1697,0.9304655274012964,0.8186578328702714,0.00016740411636007035
cic,ton,17,True,forest,temporal,9,cap,0.1,9358,7527,920,6763,588,6144,31,6714,49,8438,0.7318084854230861,0.09831160504381278,
cic,ton,17,True,forest,temporal,9,random,0.1,9358,7527,920,6763,678,6041,44,6714,49,8438,0.7211424508177293,0.09831160504381278,
cic,ton,17,True,forest,size,9,forced,0.0,9358,7527,0,4942,0,4771,171,4771,171,9358,0.5281042957896986,0.0,
cic,ton,17,True,forest,size,9,frozen,0.01,9358,7527,6608,4942,2913,2029,0,4771,171,2750,0.7378181818181818,0.7061337892712118,0.11434108527131781
cic,ton,17,True,forest,size,9,cap,0.01,9358,7527,78,4942,43,4729,170,4771,171,9280,0.5279094827586207,0.008335114340671083,
cic,ton,17,True,forest,size,9,random,0.01,9358,7527,78,4942,43,4728,171,4771,171,9280,0.5279094827586207,0.008335114340671083,
cic,ton,17,True,forest,size,9,frozen,0.05,9358,7527,7450,4942,3294,1648,0,4771,171,1908,0.8637316561844863,0.7961102799743535,0.007948717948717987
cic,ton,17,True,forest,size,9,cap,0.05,9358,7527,453,4942,163,4619,160,4771,171,8905,0.5366647950589556,0.04840777944005129,
cic,ton,17,True,forest,size,9,random,0.05,9358,7527,453,4942,250,4531,161,4771,171,8905,0.5268950028074115,0.04840777944005129,
cic,ton,17,True,forest,size,9,frozen,0.1,9358,7527,7581,4942,3364,1578,0,4771,171,1777,0.8880135059088351,0.8101089976490703,0.00016740411636007035
cic,ton,17,True,forest,size,9,cap,0.1,9358,7527,920,4942,354,4444,144,4771,171,8438,0.5437307418819626,0.09831160504381278,
cic,ton,17,True,forest,size,9,random,0.1,9358,7527,920,4942,506,4285,151,4771,171,8438,0.5257169945484712,0.09831160504381278,
cic,ton,17,True,forest,tcp,9,forced,0.0,9358,7527,0,6559,0,6477,82,6477,82,9358,0.7008976276982262,0.0,
cic,ton,17,True,forest,tcp,9,frozen,0.01,9358,7527,6680,6559,4538,2021,0,6477,82,2678,0.7546676624346528,0.7138277409702928,0.11434108527131781
cic,ton,17,True,forest,tcp,9,cap,0.01,9358,7527,78,6559,46,6434,79,6477,82,9280,0.7018318965517242,0.008335114340671083,
cic,ton,17,True,forest,tcp,9,random,0.01,9358,7527,78,6559,58,6419,82,6477,82,9280,0.7005387931034482,0.008335114340671083,
cic,ton,17,True,forest,tcp,9,frozen,0.05,9358,7527,7534,6559,4902,1657,0,6477,82,1824,0.9084429824561403,0.8050865569566147,0.007948717948717987
cic,ton,17,True,forest,tcp,9,cap,0.05,9358,7527,453,6559,272,6219,68,6477,82,8905,0.7060078607523863,0.04840777944005129,
cic,ton,17,True,forest,tcp,9,random,0.05,9358,7527,453,6559,311,6170,78,6477,82,8905,0.7016282987085907,0.04840777944005129,
cic,ton,17,True,forest,tcp,9,frozen,0.1,9358,7527,7656,6559,4984,1575,0,6477,82,1702,0.9253819036427732,0.8181235306689464,0.00016740411636007035
cic,ton,17,True,forest,tcp,9,cap,0.1,9358,7527,920,6559,573,5927,59,6477,82,8438,0.7094098127518369,0.09831160504381278,
cic,ton,17,True,forest,tcp,9,random,0.1,9358,7527,920,6559,651,5832,76,6477,82,8438,0.7001659160938611,0.09831160504381278,
cic,ton,17,True,forest,temporal+tcp,9,forced,0.0,9358,7527,0,6539,0,6454,85,6454,85,9358,0.6987604188929258,0.0,
cic,ton,17,True,forest,temporal+tcp,9,frozen,0.01,9358,7527,6722,6539,4530,2009,0,6454,85,2636,0.7621396054628224,0.7183158794614234,0.11434108527131781
cic,ton,17,True,forest,temporal+tcp,9,cap,0.01,9358,7527,78,6539,45,6412,82,6454,85,9280,0.6997844827586207,0.008335114340671083,
cic,ton,17,True,forest,temporal+tcp,9,random,0.01,9358,7527,78,6539,58,6396,85,6454,85,9280,0.6983836206896552,0.008335114340671083,
cic,ton,17,True,forest,temporal+tcp,9,frozen,0.05,9358,7527,9308,6539,6539,0,0,6454,85,50,0.0,0.9946569779867493,0.007948717948717987
cic,ton,17,True,forest,temporal+tcp,9,cap,0.05,9358,7527,453,6539,278,6188,73,6454,85,8905,0.7030881527231893,0.04840777944005129,
cic,ton,17,True,forest,temporal+tcp,9,random,0.05,9358,7527,453,6539,310,6148,81,6454,85,8905,0.6994946659180236,0.04840777944005129,
cic,ton,17,True,forest,temporal+tcp,9,frozen,0.1,9358,7527,9312,6539,6539,0,0,6454,85,46,0.0,0.9950844197478094,0.00016740411636007035
cic,ton,17,True,forest,temporal+tcp,9,cap,0.1,9358,7527,920,6539,499,5980,60,6454,85,8438,0.715809433515051,0.09831160504381278,
cic,ton,17,True,forest,temporal+tcp,9,random,0.1,9358,7527,920,6539,645,5814,80,6454,85,8438,0.6985067551552501,0.09831160504381278,
cic,ton,17,True,forest,random10,9,forced,0.0,9358,7527,0,6880,0,6831,49,6831,49,9358,0.7351998290232956,0.0,
cic,ton,17,True,forest,random10,9,frozen,0.01,9358,7527,7524,6880,5415,1465,0,6831,49,1834,0.7988004362050164,0.8040179525539646,0.11434108527131781
cic,ton,17,True,forest,random10,9,cap,0.01,9358,7527,78,6880,42,6793,45,6831,49,9280,0.7368534482758621,0.008335114340671083,
cic,ton,17,True,forest,random10,9,random,0.01,9358,7527,78,6880,65,6766,49,6831,49,9280,0.734375,0.008335114340671083,
cic,ton,17,True,forest,random10,9,frozen,0.05,9358,7527,8935,6880,6505,375,0,6831,49,423,0.8865248226950354,0.9547980337678992,0.007948717948717987
cic,ton,17,True,forest,random10,9,cap,0.05,9358,7527,453,6880,241,6603,36,6831,49,8905,0.7455362156092084,0.04840777944005129,
cic,ton,17,True,forest,random10,9,random,0.05,9358,7527,453,6880,333,6503,44,6831,49,8905,0.7352049410443571,0.04840777944005129,
cic,ton,17,True,forest,random10,9,frozen,0.1,9358,7527,9108,6880,6654,226,0,6831,49,250,0.904,0.9732848899337465,0.00016740411636007035
cic,ton,17,True,forest,random10,9,cap,0.1,9358,7527,920,6880,518,6330,32,6831,49,8438,0.753970135103105,0.09831160504381278,
cic,ton,17,True,forest,random10,9,random,0.1,9358,7527,920,6880,692,6147,41,6831,49,8438,0.733349134866082,0.09831160504381278,
cic,cic,17,True,forest,clean,0,forced,0.0,12192,306,0,306,0,306,0,306,0,12192,0.025098425196850394,0.0,
cic,cic,17,True,forest,clean,0,frozen,0.01,12192,306,237,306,63,243,0,306,0,11955,0.020326223337515683,0.019438976377952756,0.11434108527131781
cic,cic,17,True,forest,clean,0,cap,0.01,12192,306,110,306,30,276,0,306,0,12082,0.02284390001655355,0.00902230971128609,
cic,cic,17,True,forest,clean,0,random,0.01,12192,306,110,306,3,303,0,306,0,12082,0.025078629365999007,0.00902230971128609,
cic,cic,17,True,forest,clean,0,frozen,0.05,12192,306,718,306,120,186,0,306,0,11474,0.016210563012027192,0.058891076115485566,0.007948717948717987
cic,cic,17,True,forest,clean,0,cap,0.05,12192,306,599,306,101,205,0,306,0,11593,0.017683084620029328,0.04913057742782152,
cic,cic,17,True,forest,clean,0,random,0.05,12192,306,599,306,17,289,0,306,0,11593,0.024928836366773052,0.04913057742782152,
cic,cic,17,True,forest,clean,0,frozen,0.1,12192,306,1277,306,131,175,0,306,0,10915,0.01603298213467705,0.10474081364829396,0.00016740411636007035
cic,cic,17,True,forest,clean,0,cap,0.1,12192,306,1210,306,125,181,0,306,0,10982,0.016481515206701877,0.09924540682414698,
cic,cic,17,True,forest,clean,0,random,0.1,12192,306,1210,306,29,277,0,306,0,10982,0.025223092332908394,0.09924540682414698,
cic,cic,17,True,forest,temporal,0,forced,0.0,12192,306,0,306,0,306,0,306,0,12192,0.025098425196850394,0.0,
cic,cic,17,True,forest,temporal,0,frozen,0.01,12192,306,260,306,82,224,0,306,0,11932,0.018773047267851155,0.021325459317585303,0.11434108527131781
cic,cic,17,True,forest,temporal,0,cap,0.01,12192,306,110,306,30,276,0,306,0,12082,0.02284390001655355,0.00902230971128609,
cic,cic,17,True,forest,temporal,0,random,0.01,12192,306,110,306,3,303,0,306,0,12082,0.025078629365999007,0.00902230971128609,
cic,cic,17,True,forest,temporal,0,frozen,0.05,12192,306,942,306,123,183,0,306,0,11250,0.016266666666666665,0.07726377952755906,0.007948717948717987
cic,cic,17,True,forest,temporal,0,cap,0.05,12192,306,599,306,102,204,0,306,0,11593,0.01759682567066333,0.04913057742782152,
cic,cic,17,True,forest,temporal,0,random,0.05,12192,306,599,306,17,289,0,306,0,11593,0.024928836366773052,0.04913057742782152,
cic,cic,17,True,forest,temporal,0,frozen,0.1,12192,306,2067,306,134,172,0,306,0,10125,0.016987654320987654,0.16953740157480315,0.00016740411636007035
cic,cic,17,True,forest,temporal,0,cap,0.1,12192,306,1210,306,121,185,0,306,0,10982,0.01684574758696048,0.09924540682414698,
cic,cic,17,True,forest,temporal,0,random,0.1,12192,306,1210,306,29,277,0,306,0,10982,0.025223092332908394,0.09924540682414698,
cic,cic,17,True,forest,size,0,forced,0.0,12192,306,0,306,0,306,0,306,0,12192,0.025098425196850394,0.0,
cic,cic,17,True,forest,size,0,frozen,0.01,12192,306,199,306,90,216,0,306,0,11993,0.018010506128575,0.01632217847769029,0.11434108527131781
cic,cic,17,True,forest,size,0,cap,0.01,12192,306,110,306,25,281,0,306,0,12082,0.023257738784969374,0.00902230971128609,
cic,cic,17,True,forest,size,0,random,0.01,12192,306,110,306,3,303,0,306,0,12082,0.025078629365999007,0.00902230971128609,
cic,cic,17,True,forest,size,0,frozen,0.05,12192,306,2191,306,140,166,0,306,0,10001,0.0165983401659834,0.17970800524934383,0.007948717948717987
cic,cic,17,True,forest,size,0,cap,0.05,12192,306,599,306,113,193,0,306,0,11593,0.01664797722763737,0.04913057742782152,
cic,cic,17,True,forest,size,0,random,0.05,12192,306,599,306,17,289,0,306,0,11593,0.024928836366773052,0.04913057742782152,
cic,cic,17,True,forest,size,0,frozen,0.1,12192,306,5091,306,174,132,0,306,0,7101,0.018588931136459652,0.41756889763779526,0.00016740411636007035
cic,cic,17,True,forest,size,0,cap,0.1,12192,306,1210,306,129,177,0,306,0,10982,0.01611728282644327,0.09924540682414698,
cic,cic,17,True,forest,size,0,random,0.1,12192,306,1210,306,29,277,0,306,0,10982,0.025223092332908394,0.09924540682414698,
cic,cic,17,True,forest,tcp,0,forced,0.0,12192,306,0,306,0,306,0,306,0,12192,0.025098425196850394,0.0,
cic,cic,17,True,forest,tcp,0,frozen,0.01,12192,306,196,306,11,295,0,306,0,11996,0.024591530510170056,0.016076115485564306,0.11434108527131781
cic,cic,17,True,forest,tcp,0,cap,0.01,12192,306,110,306,19,287,0,306,0,12082,0.023754345307068367,0.00902230971128609,
cic,cic,17,True,forest,tcp,0,random,0.01,12192,306,110,306,3,303,0,306,0,12082,0.025078629365999007,0.00902230971128609,
cic,cic,17,True,forest,tcp,0,frozen,0.05,12192,306,1035,306,122,184,0,306,0,11157,0.016491888500492963,0.08489173228346457,0.007948717948717987
cic,cic,17,True,forest,tcp,0,cap,0.05,12192,306,599,306,90,216,0,306,0,11593,0.018631933063055293,0.04913057742782152,
cic,cic,17,True,forest,tcp,0,random,0.05,12192,306,599,306,17,289,0,306,0,11593,0.024928836366773052,0.04913057742782152,
cic,cic,17,True,forest,tcp,0,frozen,0.1,12192,306,1844,306,137,169,0,306,0,10348,0.016331658291457288,0.151246719160105,0.00016740411636007035
cic,cic,17,True,forest,tcp,0,cap,0.1,12192,306,1210,306,120,186,0,306,0,10982,0.016936805682025134,0.09924540682414698,
cic,cic,17,True,forest,tcp,0,random,0.1,12192,306,1210,306,29,277,0,306,0,10982,0.025223092332908394,0.09924540682414698,
cic,cic,17,True,forest,temporal+tcp,0,forced,0.0,12192,306,0,307,0,306,1,306,1,12192,0.02518044619422572,0.0,
cic,cic,17,True,forest,temporal+tcp,0,frozen,0.01,12192,306,278,307,11,296,0,306,1,11914,0.024844720496894408,0.022801837270341206,0.11434108527131781
cic,cic,17,True,forest,temporal+tcp,0,cap,0.01,12192,306,110,307,8,299,0,306,1,12082,0.024747558351266345,0.00902230971128609,
cic,cic,17,True,forest,temporal+tcp,0,random,0.01,12192,306,110,307,3,303,1,306,1,12082,0.025161397119682172,0.00902230971128609,
cic,cic,17,True,forest,temporal+tcp,0,frozen,0.05,12192,306,7752,307,219,88,0,306,1,4440,0.01981981981981982,0.6358267716535433,0.007948717948717987
cic,cic,17,True,forest,temporal+tcp,0,cap,0.05,12192,306,599,307,82,225,0,306,1,11593,0.019408263607349263,0.04913057742782152,
cic,cic,17,True,forest,temporal+tcp,0,random,0.05,12192,306,599,307,17,289,1,306,1,11593,0.02501509531613905,0.04913057742782152,
cic,cic,17,True,forest,temporal+tcp,0,frozen,0.1,12192,306,10195,307,272,35,0,306,1,1997,0.017526289434151226,0.8362040682414699,0.00016740411636007035
cic,cic,17,True,forest,temporal+tcp,0,cap,0.1,12192,306,1210,307,111,196,0,306,1,10982,0.017847386632671644,0.09924540682414698,
cic,cic,17,True,forest,temporal+tcp,0,random,0.1,12192,306,1210,307,29,277,1,306,1,10982,0.025314150427973046,0.09924540682414698,
cic,cic,17,True,forest,random10,0,forced,0.0,12192,306,0,306,0,306,0,306,0,12192,0.025098425196850394,0.0,
cic,cic,17,True,forest,random10,0,frozen,0.01,12192,306,2315,306,117,189,0,306,0,9877,0.01913536498936924,0.1898786089238845,0.11434108527131781
cic,cic,17,True,forest,random10,0,cap,0.01,12192,306,110,306,12,294,0,306,0,12082,0.02433371958285052,0.00902230971128609,
cic,cic,17,True,forest,random10,0,random,0.01,12192,306,110,306,3,303,0,306,0,12082,0.025078629365999007,0.00902230971128609,
cic,cic,17,True,forest,random10,0,frozen,0.05,12192,306,7677,306,245,61,0,306,0,4515,0.013510520487264673,0.6296751968503937,0.007948717948717987
cic,cic,17,True,forest,random10,0,cap,0.05,12192,306,599,306,44,262,0,306,0,11593,0.02259984473389114,0.04913057742782152,
cic,cic,17,True,forest,random10,0,random,0.05,12192,306,599,306,17,289,0,306,0,11593,0.024928836366773052,0.04913057742782152,
cic,cic,17,True,forest,random10,0,frozen,0.1,12192,306,8705,306,259,47,0,306,0,3487,0.01347863492973903,0.7139927821522309,0.00016740411636007035
cic,cic,17,True,forest,random10,0,cap,0.1,12192,306,1210,306,62,244,0,306,0,10982,0.022218175195774903,0.09924540682414698,
cic,cic,17,True,forest,random10,0,random,0.1,12192,306,1210,306,29,277,0,306,0,10982,0.025223092332908394,0.09924540682414698,
cic,unsw,29,False,logistic,clean,0,forced,0.0,10417,1285,0,1912,0,1178,734,1178,734,10417,0.18354612652395125,0.0,
cic,unsw,29,False,logistic,clean,0,frozen,0.01,10417,1285,763,1912,344,1116,452,1178,734,9654,0.16241972239486224,0.07324565613900355,0.2284948019553562
cic,unsw,29,False,logistic,clean,0,cap,0.01,10417,1285,101,1912,53,1178,681,1178,734,10316,0.18020550601008142,0.009695689737928385,
cic,unsw,29,False,logistic,clean,0,random,0.01,10417,1285,101,1912,25,1164,723,1178,734,10316,0.18291973633191158,0.009695689737928385,
cic,unsw,29,False,logistic,clean,0,frozen,0.05,10417,1285,1639,1912,609,1000,303,1178,734,8778,0.1484392800182274,0.1573389651531151,0.033812694573669755
cic,unsw,29,False,logistic,clean,0,cap,0.05,10417,1285,518,1912,263,1143,506,1178,734,9899,0.1665824830790989,0.04972640875491984,
cic,unsw,29,False,logistic,clean,0,random,0.05,10417,1285,518,1912,96,1122,694,1178,734,9899,0.18345287402767957,0.04972640875491984,
cic,unsw,29,False,logistic,clean,0,frozen,0.1,10417,1285,2047,1912,724,942,246,1178,734,8370,0.14193548387096774,0.19650571181722185,0.01168527833816524
cic,unsw,29,False,logistic,clean,0,cap,0.1,10417,1285,1040,1912,424,1072,416,1178,734,9377,0.1586861469553162,0.09983680522223289,
cic,unsw,29,False,logistic,clean,0,random,0.1,10417,1285,1040,1912,192,1061,659,1178,734,9377,0.18342753545910206,0.09983680522223289,
cic,unsw,29,False,logistic,temporal,0,forced,0.0,10417,1285,0,2001,0,1172,829,1172,829,10417,0.1920898531247,0.0,
cic,unsw,29,False,logistic,temporal,0,frozen,0.01,10417,1285,892,2001,410,1099,492,1172,829,9525,0.16703412073490814,0.08562925986368436,0.2284948019553562
cic,unsw,29,False,logistic,temporal,0,cap,0.01,10417,1285,101,2001,42,1167,792,1172,829,10316,0.18989918573090345,0.009695689737928385,
cic,unsw,29,False,logistic,temporal,0,random,0.01,10417,1285,101,2001,26,1158,817,1172,829,10316,0.19145017448623497,0.009695689737928385,
cic,unsw,29,False,logistic,temporal,0,frozen,0.05,10417,1285,1655,2001,699,968,334,1172,829,8762,0.14859621091075098,0.1588749160026879,0.033812694573669755
cic,unsw,29,False,logistic,temporal,0,cap,0.05,10417,1285,518,2001,260,1139,602,1172,829,9899,0.17587635114658046,0.04972640875491984,
cic,unsw,29,False,logistic,temporal,0,random,0.05,10417,1285,518,2001,101,1115,785,1172,829,9899,0.19193857965451055,0.04972640875491984,
cic,unsw,29,False,logistic,temporal,0,frozen,0.1,10417,1285,2209,2001,833,910,258,1172,829,8208,0.14230019493177387,0.21205721416914658,0.01168527833816524
cic,unsw,29,False,logistic,temporal,0,cap,0.1,10417,1285,1040,2001,472,1073,456,1172,829,9377,0.16305854750986457,0.09983680522223289,
cic,unsw,29,False,logistic,temporal,0,random,0.1,10417,1285,1040,2001,202,1055,744,1172,829,9377,0.191852404820305,0.09983680522223289,
cic,unsw,29,False,logistic,size,0,forced,0.0,10417,1285,0,1625,0,1237,388,1237,388,10417,0.15599500815973888,0.0,
cic,unsw,29,False,logistic,size,0,frozen,0.01,10417,1285,1594,1625,169,1200,256,1237,388,8823,0.16502323472741698,0.15301910338869157,0.2284948019553562
cic,unsw,29,False,logistic,size,0,cap,0.01,10417,1285,101,1625,31,1228,366,1237,388,10316,0.15451725474990308,0.009695689737928385,
cic,unsw,29,False,logistic,size,0,random,0.01,10417,1285,101,1625,18,1221,386,1237,388,10316,0.15577743311360992,0.009695689737928385,
cic,unsw,29,False,logistic,size,0,frozen,0.05,10417,1285,7904,1625,645,980,0,1237,388,2513,0.38997214484679665,0.7587597196889699,0.033812694573669755
cic,unsw,29,False,logistic,size,0,cap,0.05,10417,1285,518,1625,79,1206,340,1237,388,9899,0.1561773916557228,0.04972640875491984,
cic,unsw,29,False,logistic,size,0,random,0.05,10417,1285,518,1625,86,1173,366,1237,388,9899,0.15547024952015356,0.04972640875491984,
cic,unsw,29,False,logistic,size,0,frozen,0.1,10417,1285,9042,1625,805,820,0,1237,388,1375,0.5963636363636363,0.8680042238648363,0.01168527833816524
cic,unsw,29,False,logistic,size,0,cap,0.1,10417,1285,1040,1625,125,1203,297,1237,388,9377,0.15996587394689132,0.09983680522223289,
cic,unsw,29,False,logistic,size,0,random,0.1,10417,1285,1040,1625,161,1114,350,1237,388,9377,0.15612669297216594,0.09983680522223289,
cic,unsw,29,False,logistic,tcp,0,forced,0.0,10417,1285,0,1857,0,1243,614,1243,614,10417,0.1782662954785447,0.0,
cic,unsw,29,False,logistic,tcp,0,frozen,0.01,10417,1285,750,1857,293,1171,393,1243,614,9667,0.16178752456811835,0.07199769607372564,0.2284948019553562
cic,unsw,29,False,logistic,tcp,0,cap,0.01,10417,1285,101,1857,49,1231,577,1243,614,10316,0.1752617293524622,0.009695689737928385,
cic,unsw,29,False,logistic,tcp,0,random,0.01,10417,1285,101,1857,23,1228,606,1243,614,10316,0.17778208607987592,0.009695689737928385,
cic,unsw,29,False,logistic,tcp,0,frozen,0.05,10417,1285,1374,1857,485,1108,264,1243,614,9043,0.15171956209222603,0.1318997792070654,0.033812694573669755
cic,unsw,29,False,logistic,tcp,0,cap,0.05,10417,1285,518,1857,212,1183,462,1243,614,9899,0.1661784018587736,0.04972640875491984,
cic,unsw,29,False,logistic,tcp,0,random,0.05,10417,1285,518,1857,95,1181,581,1243,614,9899,0.17799777755328822,0.04972640875491984,
cic,unsw,29,False,logistic,tcp,0,frozen,0.1,10417,1285,1640,1857,623,1035,199,1243,614,8777,0.14059473624245186,0.1574349620812134,0.01168527833816524
cic,unsw,29,False,logistic,tcp,0,cap,0.1,10417,1285,1040,1857,377,1152,328,1243,614,9377,0.15783299562759945,0.09983680522223289,
cic,unsw,29,False,logistic,tcp,0,random,0.1,10417,1285,1040,1857,189,1117,551,1243,614,9377,0.17788205182894315,0.09983680522223289,
cic,unsw,29,False,logistic,temporal+tcp,0,forced,0.0,10417,1285,0,1986,0,1243,743,1243,743,10417,0.1906498992032255,0.0,
cic,unsw,29,False,logistic,temporal+tcp,0,frozen,0.01,10417,1285,836,1986,413,1179,394,1243,743,9581,0.16417910447761194,0.08025343189017951,0.2284948019553562
cic,unsw,29,False,logistic,temporal+tcp,0,cap,0.01,10417,1285,101,1986,58,1239,689,1243,743,10316,0.1868941450174486,0.009695689737928385,
cic,unsw,29,False,logistic,temporal+tcp,0,random,0.01,10417,1285,101,1986,26,1228,732,1243,743,10316,0.18999612252811168,0.009695689737928385,
cic,unsw,29,False,logistic,temporal+tcp,0,frozen,0.05,10417,1285,1471,1986,637,1091,258,1243,743,8946,0.15079365079365079,0.14121148123260055,0.033812694573669755
cic,unsw,29,False,logistic,temporal+tcp,0,cap,0.05,10417,1285,518,1986,260,1216,510,1243,743,9899,0.17436104657036064,0.04972640875491984,
cic,unsw,29,False,logistic,temporal+tcp,0,random,0.05,10417,1285,518,1986,105,1180,701,1243,743,9899,0.19001919385796545,0.04972640875491984,
cic,unsw,29,False,logistic,temporal+tcp,0,frozen,0.1,10417,1285,1766,1986,780,1014,192,1243,743,8651,0.13940584903479367,0.16953057502159932,0.01168527833816524
cic,unsw,29,False,logistic,temporal+tcp,0,cap,0.1,10417,1285,1040,1986,471,1166,349,1243,743,9377,0.16156553268636023,0.09983680522223289,
cic,unsw,29,False,logistic,temporal+tcp,0,random,0.1,10417,1285,1040,1986,207,1116,663,1243,743,9377,0.18971952650101312,0.09983680522223289,
cic,unsw,29,False,logistic,random10,0,forced,0.0,10417,1285,0,2869,0,1117,1752,1117,1752,10417,0.27541518671402515,0.0,
cic,unsw,29,False,logistic,random10,0,frozen,0.01,10417,1285,1078,2869,508,1042,1319,1117,1752,9339,0.2528107934468358,0.10348468848996832,0.2284948019553562
cic,unsw,29,False,logistic,random10,0,cap,0.01,10417,1285,101,2869,44,1111,1714,1117,1752,10316,0.27384645211322217,0.009695689737928385,
cic,unsw,29,False,logistic,random10,0,random,0.01,10417,1285,101,2869,30,1106,1733,1117,1752,10316,0.27520356727413725,0.009695689737928385,
cic,unsw,29,False,logistic,random10,0,frozen,0.05,10417,1285,2100,2869,908,963,998,1117,1752,8317,0.23578213298064205,0.20159354900643178,0.033812694573669755
cic,unsw,29,False,logistic,random10,0,cap,0.05,10417,1285,518,2869,258,1083,1528,1117,1752,9899,0.26376401656733,0.04972640875491984,
cic,unsw,29,False,logistic,random10,0,random,0.05,10417,1285,518,2869,131,1066,1672,1117,1752,9899,0.27659359531265787,0.04972640875491984,
cic,unsw,29,False,logistic,random10,0,frozen,0.1,10417,1285,2692,2869,1158,887,824,1117,1752,7725,0.22148867313915857,0.2584237304406259,0.01168527833816524
cic,unsw,29,False,logistic,random10,0,cap,0.1,10417,1285,1040,2869,495,1047,1327,1117,1752,9377,0.2531726564999467,0.09983680522223289,
cic,unsw,29,False,logistic,random10,0,random,0.1,10417,1285,1040,2869,268,1007,1594,1117,1752,9377,0.27738082542390957,0.09983680522223289,
cic,ton,29,False,logistic,clean,9,forced,0.0,9358,7527,0,5925,0,5597,328,5597,328,9358,0.6331481085702073,0.0,
cic,ton,29,False,logistic,clean,9,frozen,0.01,9358,7527,1409,5925,872,4807,246,5597,328,7949,0.6356774437036106,0.15056636033340456,0.2284948019553562
cic,ton,29,False,logistic,clean,9,cap,0.01,9358,7527,78,5925,45,5555,325,5597,328,9280,0.6336206896551724,0.008335114340671083,
cic,ton,29,False,logistic,clean,9,random,0.01,9358,7527,78,5925,47,5552,326,5597,328,9280,0.6334051724137931,0.008335114340671083,
cic,ton,29,False,logistic,clean,9,frozen,0.05,9358,7527,3556,5925,2021,3731,173,5597,328,5802,0.6728714236470182,0.3799957255823894,0.033812694573669755
cic,ton,29,False,logistic,clean,9,cap,0.05,9358,7527,453,5925,286,5345,294,5597,328,8905,0.6332397529477821,0.04840777944005129,
cic,ton,29,False,logistic,clean,9,random,0.05,9358,7527,453,5925,297,5315,313,5597,328,8905,0.6320044918585065,0.04840777944005129,
cic,ton,29,False,logistic,clean,9,frozen,0.1,9358,7527,4677,5925,2592,3196,137,5597,328,4681,0.7120273445844905,0.49978627911947,0.01168527833816524
cic,ton,29,False,logistic,clean,9,cap,0.1,9358,7527,920,5925,575,5087,263,5597,328,8438,0.6340365015406494,0.09831160504381278,
cic,ton,29,False,logistic,clean,9,random,0.1,9358,7527,920,5925,582,5045,298,5597,328,8438,0.6332069210713439,0.09831160504381278,
cic,ton,29,False,logistic,temporal,9,forced,0.0,9358,7527,0,5616,0,5256,360,5256,360,9358,0.600128232528318,0.0,
cic,ton,29,False,logistic,temporal,9,frozen,0.01,9358,7527,1803,5616,1040,4299,277,5256,360,7555,0.6056915949702184,0.19266937379782004,0.2284948019553562
cic,ton,29,False,logistic,temporal,9,cap,0.01,9358,7527,78,5616,40,5219,357,5256,360,9280,0.6008620689655172,0.008335114340671083,
cic,ton,29,False,logistic,temporal,9,random,0.01,9358,7527,78,5616,45,5213,358,5256,360,9280,0.600323275862069,0.008335114340671083,
cic,ton,29,False,logistic,temporal,9,frozen,0.05,9358,7527,3691,5616,2092,3325,199,5256,360,5667,0.6218457737780131,0.3944218850181663,0.033812694573669755
cic,ton,29,False,logistic,temporal,9,cap,0.05,9358,7527,453,5616,201,5089,326,5256,360,8905,0.6080853453116227,0.04840777944005129,
cic,ton,29,False,logistic,temporal,9,random,0.05,9358,7527,453,5616,274,4998,344,5256,360,8905,0.5998877035373386,0.04840777944005129,
cic,ton,29,False,logistic,temporal,9,frozen,0.1,9358,7527,4456,5616,2295,3166,155,5256,360,4902,0.6774785801713586,0.4761701218209019,0.01168527833816524
cic,ton,29,False,logistic,temporal,9,cap,0.1,9358,7527,920,5616,443,4880,293,5256,360,8438,0.6130599668167812,0.09831160504381278,
cic,ton,29,False,logistic,temporal,9,random,0.1,9358,7527,920,5616,547,4740,329,5256,360,8438,0.6007347712728135,0.09831160504381278,
cic,ton,29,False,logistic,size,9,forced,0.0,9358,7527,0,7438,0,7108,330,7108,330,9358,0.7948279546911733,0.0,
cic,ton,29,False,logistic,size,9,frozen,0.01,9358,7527,5581,7438,4654,2626,158,7108,330,3777,0.7370929308975377,0.5963881171190425,0.2284948019553562
cic,ton,29,False,logistic,size,9,cap,0.01,9358,7527,78,7438,44,7072,322,7108,330,9280,0.7967672413793103,0.008335114340671083,
cic,ton,29,False,logistic,size,9,random,0.01,9358,7527,78,7438,63,7045,330,7108,330,9280,0.7947198275862069,0.008335114340671083,
cic,ton,29,False,logistic,size,9,frozen,0.05,9358,7527,6459,7438,5334,2064,40,7108,330,2899,0.7257675060365644,0.6902115836717247,0.033812694573669755
cic,ton,29,False,logistic,size,9,cap,0.05,9358,7527,453,7438,252,6905,281,7108,330,8905,0.8069623806850085,0.04840777944005129,
cic,ton,29,False,logistic,size,9,random,0.05,9358,7527,453,7438,363,6760,315,7108,330,8905,0.7944974733295901,0.04840777944005129,
cic,ton,29,False,logistic,size,9,frozen,0.1,9358,7527,6829,7438,5630,1781,27,7108,330,2529,0.7149070778964017,0.7297499465697799,0.01168527833816524
cic,ton,29,False,logistic,size,9,cap,0.1,9358,7527,920,7438,571,6618,249,7108,330,8438,0.8138184403887178,0.09831160504381278,
cic,ton,29,False,logistic,size,9,random,0.1,9358,7527,920,7438,748,6398,292,7108,330,8438,0.7928419056648495,0.09831160504381278,
cic,ton,29,False,logistic,tcp,9,forced,0.0,9358,7527,0,6429,0,6189,240,6189,240,9358,0.6870057704637743,0.0,
cic,ton,29,False,logistic,tcp,9,frozen,0.01,9358,7527,1427,6429,616,5631,182,6189,240,7931,0.7329466649855,0.15248984825817483,0.2284948019553562
cic,ton,29,False,logistic,tcp,9,cap,0.01,9358,7527,78,6429,46,6146,237,6189,240,9280,0.6878232758620689,0.008335114340671083,
cic,ton,29,False,logistic,tcp,9,random,0.01,9358,7527,78,6429,54,6137,238,6189,240,9280,0.6869612068965517,0.008335114340671083,
cic,ton,29,False,logistic,tcp,9,frozen,0.05,9358,7527,2845,6429,1327,4967,135,6189,240,6513,0.7833563641946876,0.3040179525539645,0.033812694573669755
cic,ton,29,False,logistic,tcp,9,cap,0.05,9358,7527,453,6429,250,5958,221,6189,240,8905,0.6938798427849523,0.04840777944005129,
cic,ton,29,False,logistic,tcp,9,random,0.05,9358,7527,453,6429,323,5880,226,6189,240,8905,0.6856822010106681,0.04840777944005129,
cic,ton,29,False,logistic,tcp,9,frozen,0.1,9358,7527,3624,6429,1940,4363,126,6189,240,5734,0.7828740844087897,0.38726223552041034,0.01168527833816524
cic,ton,29,False,logistic,tcp,9,cap,0.1,9358,7527,920,6429,444,5786,199,6189,240,8438,0.7092913012562219,0.09831160504381278,
cic,ton,29,False,logistic,tcp,9,random,0.1,9358,7527,920,6429,636,5578,215,6189,240,8438,0.6865370940981275,0.09831160504381278,
cic,ton,29,False,logistic,temporal+tcp,9,forced,0.0,9358,7527,0,6205,0,5920,285,5920,285,9358,0.6630690318444112,0.0,
cic,ton,29,False,logistic,temporal+tcp,9,frozen,0.01,9358,7527,1421,6205,541,5463,201,5920,285,7937,0.7136197555751543,0.15184868561658474,0.2284948019553562
cic,ton,29,False,logistic,temporal+tcp,9,cap,0.01,9358,7527,78,6205,37,5889,279,5920,285,9280,0.6646551724137931,0.008335114340671083,
cic,ton,29,False,logistic,temporal+tcp,9,random,0.01,9358,7527,78,6205,53,5870,282,5920,285,9280,0.6629310344827586,0.008335114340671083,
cic,ton,29,False,logistic,temporal+tcp,9,frozen,0.05,9358,7527,3584,6205,1810,4253,142,5920,285,5774,0.7611707655005195,0.3829878179098098,0.033812694573669755
cic,ton,29,False,logistic,temporal+tcp,9,cap,0.05,9358,7527,453,6205,205,5758,242,5920,285,8905,0.673778775968557,0.04840777944005129,
cic,ton,29,False,logistic,temporal+tcp,9,random,0.05,9358,7527,453,6205,319,5621,265,5920,285,8905,0.6609769792251544,0.04840777944005129,
cic,ton,29,False,logistic,temporal+tcp,9,frozen,0.1,9358,7527,4444,6205,2488,3591,126,5920,285,4914,0.7564102564102564,0.47488779653772173,0.01168527833816524
cic,ton,29,False,logistic,temporal+tcp,9,cap,0.1,9358,7527,920,6205,338,5653,214,5920,285,8438,0.6953069447736431,0.09831160504381278,
cic,ton,29,False,logistic,temporal+tcp,9,random,0.1,9358,7527,920,6205,615,5336,254,5920,285,8438,0.6624792604882673,0.09831160504381278,
cic,ton,29,False,logistic,random10,9,forced,0.0,9358,7527,0,5724,0,5323,401,5323,401,9358,0.6116691600769395,0.0,
cic,ton,29,False,logistic,random10,9,frozen,0.01,9358,7527,1750,5724,853,4576,295,5323,401,7608,0.6402471083070452,0.1870057704637743,0.2284948019553562
cic,ton,29,False,logistic,random10,9,cap,0.01,9358,7527,78,5724,44,5284,396,5323,401,9280,0.6120689655172413,0.008335114340671083,
cic,ton,29,False,logistic,random10,9,random,0.01,9358,7527,78,5724,48,5277,399,5323,401,9280,0.6116379310344827,0.008335114340671083,
cic,ton,29,False,logistic,random10,9,frozen,0.05,9358,7527,3701,5724,1793,3738,193,5323,401,5657,0.694891285133463,0.39549048942081644,0.033812694573669755
cic,ton,29,False,logistic,random10,9,cap,0.05,9358,7527,453,5724,228,5133,363,5323,401,8905,0.6171813587871982,0.04840777944005129,
cic,ton,29,False,logistic,random10,9,random,0.05,9358,7527,453,5724,283,5058,383,5323,401,8905,0.6110050533408198,0.04840777944005129,
cic,ton,29,False,logistic,random10,9,frozen,0.1,9358,7527,4455,5724,2212,3340,172,5323,401,4903,0.716296145217214,0.47606326138063687,0.01168527833816524
cic,ton,29,False,logistic,random10,9,cap,0.1,9358,7527,920,5724,471,4931,322,5323,401,8438,0.6225408864659872,0.09831160504381278,
cic,ton,29,False,logistic,random10,9,random,0.1,9358,7527,920,5724,563,4795,366,5323,401,8438,0.6116378288694003,0.09831160504381278,
cic,cic,29,False,logistic,clean,0,forced,0.0,12192,306,0,323,0,303,20,303,20,12192,0.02649278215223097,0.0,
cic,cic,29,False,logistic,clean,0,frozen,0.01,12192,306,77,323,18,301,4,303,20,12115,0.025175402393726783,0.006315616797900263,0.2284948019553562
cic,cic,29,False,logistic,clean,0,cap,0.01,12192,306,110,323,20,299,4,303,20,12082,0.025078629365999007,0.00902230971128609,
cic,cic,29,False,logistic,clean,0,random,0.01,12192,306,110,323,6,297,20,303,20,12082,0.026237377917563316,0.00902230971128609,
cic,cic,29,False,logistic,clean,0,frozen,0.05,12192,306,482,323,22,299,2,303,20,11710,0.025704526046114434,0.03953412073490813,0.033812694573669755
cic,cic,29,False,logistic,clean,0,cap,0.05,12192,306,599,323,30,291,2,303,20,11593,0.02527387216423704,0.04913057742782152,
cic,cic,29,False,logistic,clean,0,random,0.05,12192,306,599,323,25,279,19,303,20,11593,0.025705166911067022,0.04913057742782152,
cic,cic,29,False,logistic,clean,0,frozen,0.1,12192,306,1089,323,58,263,2,303,20,11103,0.023867423218949833,0.08932086614173228,0.01168527833816524
cic,cic,29,False,logistic,clean,0,cap,0.1,12192,306,1210,323,81,241,1,303,20,10982,0.022036059005645602,0.09924540682414698,
cic,cic,29,False,logistic,clean,0,random,0.1,12192,306,1210,323,45,260,18,303,20,10982,0.025314150427973046,0.09924540682414698,
cic,cic,29,False,logistic,temporal,0,forced,0.0,12192,306,0,319,0,304,15,304,15,12192,0.02616469816272966,0.0,
cic,cic,29,False,logistic,temporal,0,frozen,0.01,12192,306,88,319,11,302,6,304,15,12104,0.025446133509583607,0.007217847769028871,0.2284948019553562
cic,cic,29,False,logistic,temporal,0,cap,0.01,12192,306,110,319,13,302,4,304,15,12082,0.025326932627048503,0.00902230971128609,
cic,cic,29,False,logistic,temporal,0,random,0.01,12192,306,110,319,6,298,15,304,15,12082,0.025906306902830658,0.00902230971128609,
cic,cic,29,False,logistic,temporal,0,frozen,0.05,12192,306,763,319,38,280,1,304,15,11429,0.024586578003324876,0.06258202099737532,0.033812694573669755
cic,cic,29,False,logistic,temporal,0,cap,0.05,12192,306,599,319,36,282,1,304,15,11593,0.024411282670577072,0.04913057742782152,
cic,cic,29,False,logistic,temporal,0,random,0.05,12192,306,599,319,25,280,14,304,15,11593,0.025360131113603038,0.04913057742782152,
cic,cic,29,False,logistic,temporal,0,frozen,0.1,12192,306,1426,319,102,217,0,304,15,10766,0.020156046814044214,0.11696194225721784,0.01168527833816524
cic,cic,29,False,logistic,temporal,0,cap,0.1,12192,306,1210,319,74,245,0,304,15,10982,0.022309233290839555,0.09924540682414698,
cic,cic,29,False,logistic,temporal,0,random,0.1,12192,306,1210,319,46,261,12,304,15,10982,0.02485885995264979,0.09924540682414698,
cic,cic,29,False,logistic,size,0,forced,0.0,12192,306,0,773,0,297,476,297,476,12192,0.06340223097112861,0.0,
cic,cic,29,False,logistic,size,0,frozen,0.01,12192,306,907,773,199,270,304,297,476,11285,0.05086397873283119,0.07439304461942257,0.2284948019553562
cic,cic,29,False,logistic,size,0,cap,0.01,12192,306,110,773,34,296,443,297,476,12082,0.061165369971858966,0.00902230971128609,
cic,cic,29,False,logistic,size,0,random,0.01,12192,306,110,773,8,291,474,297,476,12082,0.06331733156762126,0.00902230971128609,
cic,cic,29,False,logistic,size,0,frozen,0.05,12192,306,2968,773,303,234,236,297,476,9224,0.05095403295750217,0.24343832020997375,0.033812694573669755
cic,cic,29,False,logistic,size,0,cap,0.05,12192,306,599,773,159,286,328,297,476,11593,0.05296299491072199,0.04913057742782152,
cic,cic,29,False,logistic,size,0,random,0.05,12192,306,599,773,45,274,454,297,476,11593,0.06279651513844561,0.04913057742782152,
cic,cic,29,False,logistic,size,0,frozen,0.1,12192,306,4141,773,419,162,192,297,476,8051,0.04396969320581294,0.3396489501312336,0.01168527833816524
cic,cic,29,False,logistic,size,0,cap,0.1,12192,306,1210,773,221,268,284,297,476,10982,0.05026406847568749,0.09924540682414698,
cic,cic,29,False,logistic,size,0,random,0.1,12192,306,1210,773,90,255,428,297,476,10982,0.0621926789291568,0.09924540682414698,
cic,cic,29,False,logistic,tcp,0,forced,0.0,12192,306,0,335,0,300,35,300,35,12192,0.02747703412073491,0.0,
cic,cic,29,False,logistic,tcp,0,frozen,0.01,12192,306,360,335,23,300,12,300,35,11832,0.02636916835699797,0.02952755905511811,0.2284948019553562
cic,cic,29,False,logistic,tcp,0,cap,0.01,12192,306,110,335,16,300,19,300,35,12082,0.026402913424929647,0.00902230971128609,
cic,cic,29,False,logistic,tcp,0,random,0.01,12192,306,110,335,6,294,35,300,35,12082,0.027230590961761298,0.00902230971128609,
cic,cic,29,False,logistic,tcp,0,frozen,0.05,12192,306,753,335,39,294,2,300,35,11439,0.025876387796136026,0.06176181102362205,0.033812694573669755
cic,cic,29,False,logistic,tcp,0,cap,0.05,12192,306,599,335,33,297,5,300,35,11593,0.02605020270853101,0.04913057742782152,
cic,cic,29,False,logistic,tcp,0,random,0.05,12192,306,599,335,24,276,35,300,35,11593,0.02682653325282498,0.04913057742782152,
cic,cic,29,False,logistic,tcp,0,frozen,0.1,12192,306,1219,335,52,282,1,300,35,10973,0.02579057687050032,0.09998359580052493,0.01168527833816524
cic,cic,29,False,logistic,tcp,0,cap,0.1,12192,306,1210,335,59,275,1,300,35,10982,0.025132034237843746,0.09924540682414698,
cic,cic,29,False,logistic,tcp,0,random,0.1,12192,306,1210,335,47,257,31,300,35,10982,0.02622473137861956,0.09924540682414698,
cic,cic,29,False,logistic,temporal+tcp,0,forced,0.0,12192,306,0,347,0,299,48,299,48,12192,0.028461286089238844,0.0,
cic,cic,29,False,logistic,temporal+tcp,0,frozen,0.01,12192,306,600,347,39,293,15,299,48,11592,0.026570048309178744,0.04921259842519685,0.2284948019553562
cic,cic,29,False,logistic,temporal+tcp,0,cap,0.01,12192,306,110,347,30,297,20,299,48,12082,0.026237377917563316,0.00902230971128609,
cic,cic,29,False,logistic,temporal+tcp,0,random,0.01,12192,306,110,347,6,293,48,299,48,12082,0.02822380400595928,0.00902230971128609,
cic,cic,29,False,logistic,temporal+tcp,0,frozen,0.05,12192,306,1051,347,59,284,4,299,48,11141,0.025850462256529934,0.08620406824146981,0.033812694573669755
cic,cic,29,False,logistic,temporal+tcp,0,cap,0.05,12192,306,599,347,43,292,12,299,48,11593,0.026222720607263005,0.04913057742782152,
cic,cic,29,False,logistic,temporal+tcp,0,random,0.05,12192,306,599,347,28,275,44,299,48,11593,0.027516604847752955,0.04913057742782152,
cic,cic,29,False,logistic,temporal+tcp,0,frozen,0.1,12192,306,1599,347,108,238,1,299,48,10593,0.022562069291041254,0.1311515748031496,0.01168527833816524
cic,cic,29,False,logistic,temporal+tcp,0,cap,0.1,12192,306,1210,347,68,277,2,299,48,10982,0.0254052085230377,0.09924540682414698,
cic,cic,29,False,logistic,temporal+tcp,0,random,0.1,12192,306,1210,347,52,256,39,299,48,10982,0.026862138044072118,0.09924540682414698,
cic,cic,29,False,logistic,random10,0,forced,0.0,12192,306,0,743,0,286,457,286,457,12192,0.06094160104986877,0.0,
cic,cic,29,False,logistic,random10,0,frozen,0.01,12192,306,607,743,198,276,269,286,457,11585,0.04704359085023738,0.049786745406824144,0.2284948019553562
cic,cic,29,False,logistic,random10,0,cap,0.01,12192,306,110,743,44,286,413,286,457,12082,0.05785465982453236,0.00902230971128609,
cic,cic,29,False,logistic,random10,0,random,0.01,12192,306,110,743,7,280,456,286,457,12082,0.060917066710809466,0.00902230971128609,
cic,cic,29,False,logistic,random10,0,frozen,0.05,12192,306,1497,743,334,252,157,286,457,10695,0.038242169237961664,0.12278543307086615,0.033812694573669755
cic,cic,29,False,logistic,random10,0,cap,0.05,12192,306,599,743,197,277,269,286,457,11593,0.04709738635383421,0.04913057742782152,
cic,cic,29,False,logistic,random10,0,random,0.05,12192,306,599,743,42,263,438,286,457,11593,0.060467523505563704,0.04913057742782152,
cic,cic,29,False,logistic,random10,0,frozen,0.1,12192,306,2083,743,391,234,118,286,457,10109,0.03482045701849837,0.1708497375328084,0.01168527833816524
cic,cic,29,False,logistic,random10,0,cap,0.1,12192,306,1210,743,295,263,185,286,457,10982,0.04079402658896376,0.09924540682414698,
cic,cic,29,False,logistic,random10,0,random,0.1,12192,306,1210,743,84,244,415,286,457,10982,0.06000728464760517,0.09924540682414698,
cic,unsw,29,False,forest,clean,0,forced,0.0,10417,1285,0,1522,0,1285,237,1285,237,10417,0.1461073245656139,0.0,
cic,unsw,29,False,forest,clean,0,frozen,0.01,10417,1285,9496,1522,862,660,0,1285,237,921,0.7166123778501629,0.911586829221465,0.10382531357531355
cic,unsw,29,False,forest,clean,0,cap,0.01,10417,1285,101,1522,20,1285,217,1285,237,10316,0.1455990694067468,0.009695689737928385,
cic,unsw,29,False,forest,clean,0,random,0.01,10417,1285,101,1522,19,1269,234,1285,237,10316,0.145696006203955,0.009695689737928385,
cic,unsw,29,False,forest,clean,0,frozen,0.05,10417,1285,10234,1522,1517,5,0,1285,237,183,0.0273224043715847,0.9824325621580109,0.01288961038961034
cic,unsw,29,False,forest,clean,0,cap,0.05,10417,1285,518,1522,171,1285,66,1285,237,9899,0.13647843216486513,0.04972640875491984,
cic,unsw,29,False,forest,clean,0,random,0.05,10417,1285,518,1522,80,1220,222,1285,237,9899,0.1456712799272654,0.04972640875491984,
cic,unsw,29,False,forest,clean,0,frozen,0.1,10417,1285,10407,1522,1522,0,0,1285,237,10,0.0,0.999040030719017,0.001859410430839037
cic,unsw,29,False,forest,clean,0,cap,0.1,10417,1285,1040,1522,200,1282,40,1285,237,9377,0.14098325690519356,0.09983680522223289,
cic,unsw,29,False,forest,clean,0,random,0.1,10417,1285,1040,1522,159,1154,209,1285,237,9377,0.1453556574597419,0.09983680522223289,
cic,unsw,29,False,forest,temporal,0,forced,0.0,10417,1285,0,1526,0,1285,241,1285,241,10417,0.1464913122780071,0.0,
cic,unsw,29,False,forest,temporal,0,frozen,0.01,10417,1285,9493,1526,863,663,0,1285,241,924,0.7175324675324676,0.91129883843717,0.10382531357531355
cic,unsw,29,False,forest,temporal,0,cap,0.01,10417,1285,101,1526,17,1285,224,1285,241,10316,0.14627762698720434,0.009695689737928385,
cic,unsw,29,False,forest,temporal,0,random,0.01,10417,1285,101,1526,19,1269,238,1285,241,10316,0.1460837533927879,0.009695689737928385,
cic,unsw,29,False,forest,temporal,0,frozen,0.05,10417,1285,10203,1526,1525,1,0,1285,241,214,0.004672897196261682,0.9794566573869636,0.01288961038961034
cic,unsw,29,False,forest,temporal,0,cap,0.05,10417,1285,518,1526,186,1285,55,1285,241,9899,0.1353672088089706,0.04972640875491984,
cic,unsw,29,False,forest,temporal,0,random,0.05,10417,1285,518,1526,80,1220,226,1285,241,9899,0.14607536114759068,0.04972640875491984,
cic,unsw,29,False,forest,temporal,0,frozen,0.1,10417,1285,10415,1526,1526,0,0,1285,241,2,0.0,0.9998080061438034,0.001859410430839037
cic,unsw,29,False,forest,temporal,0,cap,0.1,10417,1285,1040,1526,220,1285,21,1285,241,9377,0.13927695424976005,0.09983680522223289,
cic,unsw,29,False,forest,temporal,0,random,0.1,10417,1285,1040,1526,159,1154,213,1285,241,9377,0.1457822331236003,0.09983680522223289,
cic,unsw,29,False,forest,size,0,forced,0.0,10417,1285,0,1285,0,1285,0,1285,0,10417,0.1233560526063166,0.0,
cic,unsw,29,False,forest,size,0,frozen,0.01,10417,1285,9735,1285,605,680,0,1285,0,682,0.9970674486803519,0.9345300950369588,0.10382531357531355
cic,unsw,29,False,forest,size,0,cap,0.01,10417,1285,101,1285,2,1283,0,1285,0,10316,0.12436991081814656,0.009695689737928385,
cic,unsw,29,False,forest,size,0,random,0.01,10417,1285,101,1285,16,1269,0,1285,0,10316,0.12301279565723149,0.009695689737928385,
cic,unsw,29,False,forest,size,0,frozen,0.05,10417,1285,10417,1285,1285,0,0,1285,0,0,,1.0,0.01288961038961034
cic,unsw,29,False,forest,size,0,cap,0.05,10417,1285,518,1285,11,1274,0,1285,0,9899,0.1286998686736034,0.04972640875491984,
cic,unsw,29,False,forest,size,0,random,0.05,10417,1285,518,1285,65,1220,0,1285,0,9899,0.12324477219921204,0.04972640875491984,
cic,unsw,29,False,forest,size,0,frozen,0.1,10417,1285,10417,1285,1285,0,0,1285,0,0,,1.0,0.001859410430839037
cic,unsw,29,False,forest,size,0,cap,0.1,10417,1285,1040,1285,13,1272,0,1285,0,9377,0.13565106110696384,0.09983680522223289,
cic,unsw,29,False,forest,size,0,random,0.1,10417,1285,1040,1285,131,1154,0,1285,0,9377,0.12306707902314173,0.09983680522223289,
cic,unsw,29,False,forest,tcp,0,forced,0.0,10417,1285,0,1719,0,1285,434,1285,434,10417,0.16501871940097917,0.0,
cic,unsw,29,False,forest,tcp,0,frozen,0.01,10417,1285,10016,1719,1320,399,0,1285,434,401,0.9950124688279302,0.9615052318325814,0.10382531357531355
cic,unsw,29,False,forest,tcp,0,cap,0.01,10417,1285,101,1719,53,1285,381,1285,434,10316,0.16149670414889492,0.009695689737928385,
cic,unsw,29,False,forest,tcp,0,random,0.01,10417,1285,101,1719,21,1269,429,1285,434,10316,0.16459868165955796,0.009695689737928385,
cic,unsw,29,False,forest,tcp,0,frozen,0.05,10417,1285,10417,1719,1719,0,0,1285,434,0,,1.0,0.01288961038961034
cic,unsw,29,False,forest,tcp,0,cap,0.05,10417,1285,518,1719,285,1284,150,1285,434,9899,0.14486311748661482,0.04972640875491984,
cic,unsw,29,False,forest,tcp,0,random,0.05,10417,1285,518,1719,90,1220,409,1285,434,9899,0.16456207697747247,0.04972640875491984,
cic,unsw,29,False,forest,tcp,0,frozen,0.1,10417,1285,10417,1719,1719,0,0,1285,434,0,,1.0,0.001859410430839037
cic,unsw,29,False,forest,tcp,0,cap,0.1,10417,1285,1040,1719,405,1279,35,1285,434,9377,0.1401301055774768,0.09983680522223289,
cic,unsw,29,False,forest,tcp,0,random,0.1,10417,1285,1040,1719,181,1154,384,1285,434,9377,0.1640183427535459,0.09983680522223289,
cic,unsw,29,False,forest,temporal+tcp,0,forced,0.0,10417,1285,0,1721,0,1285,436,1285,436,10417,0.16521071325717576,0.0,
cic,unsw,29,False,forest,temporal+tcp,0,frozen,0.01,10417,1285,10111,1721,1417,304,0,1285,436,306,0.9934640522875817,0.9706249400019199,0.10382531357531355
cic,unsw,29,False,forest,temporal+tcp,0,cap,0.01,10417,1285,101,1721,79,1285,357,1285,436,10316,0.15917022101589764,0.009695689737928385,
cic,unsw,29,False,forest,temporal+tcp,0,random,0.01,10417,1285,101,1721,21,1269,431,1285,436,10316,0.1647925552539744,0.009695689737928385,
cic,unsw,29,False,forest,temporal+tcp,0,frozen,0.05,10417,1285,10417,1721,1721,0,0,1285,436,0,,1.0,0.01288961038961034
cic,unsw,29,False,forest,temporal+tcp,0,cap,0.05,10417,1285,518,1721,322,1285,114,1285,436,9899,0.14132740680876857,0.04972640875491984,
cic,unsw,29,False,forest,temporal+tcp,0,random,0.05,10417,1285,518,1721,89,1220,412,1285,436,9899,0.16486513789271642,0.04972640875491984,
cic,unsw,29,False,forest,temporal+tcp,0,frozen,0.1,10417,1285,10417,1721,1721,0,0,1285,436,0,,1.0,0.001859410430839037
cic,unsw,29,False,forest,temporal+tcp,0,cap,0.1,10417,1285,1040,1721,437,1282,2,1285,436,9377,0.13693078809853898,0.09983680522223289,
cic,unsw,29,False,forest,temporal+tcp,0,random,0.1,10417,1285,1040,1721,179,1154,388,1285,436,9377,0.16444491841740427,0.09983680522223289,
cic,unsw,29,False,forest,random10,0,forced,0.0,10417,1285,0,1524,0,1285,239,1285,239,10417,0.14629931842181051,0.0,
cic,unsw,29,False,forest,random10,0,frozen,0.01,10417,1285,9723,1524,997,527,0,1285,239,694,0.7593659942363112,0.9333781318997793,0.10382531357531355
cic,unsw,29,False,forest,random10,0,cap,0.01,10417,1285,101,1524,38,1285,201,1285,239,10316,0.14404808065141528,0.009695689737928385,
cic,unsw,29,False,forest,random10,0,random,0.01,10417,1285,101,1524,21,1269,234,1285,239,10316,0.145696006203955,0.009695689737928385,
cic,unsw,29,False,forest,random10,0,frozen,0.05,10417,1285,10343,1524,1518,6,0,1285,239,74,0.08108108108108109,0.9928962273207257,0.01288961038961034
cic,unsw,29,False,forest,random10,0,cap,0.05,10417,1285,518,1524,136,1284,104,1285,239,9899,0.14021618345287404,0.04972640875491984,
cic,unsw,29,False,forest,random10,0,random,0.05,10417,1285,518,1524,82,1220,222,1285,239,9899,0.1456712799272654,0.04972640875491984,
cic,unsw,29,False,forest,random10,0,frozen,0.1,10417,1285,10413,1524,1524,0,0,1285,239,4,0.0,0.9996160122876068,0.001859410430839037
cic,unsw,29,False,forest,random10,0,cap,0.1,10417,1285,1040,1524,194,1283,47,1285,239,9377,0.1418364082329103,0.09983680522223289,
cic,unsw,29,False,forest,random10,0,random,0.1,10417,1285,1040,1524,161,1154,209,1285,239,9377,0.1453556574597419,0.09983680522223289,
cic,ton,29,False,forest,clean,9,forced,0.0,9358,7527,0,7434,0,7432,2,7432,2,9358,0.7944005129301133,0.0,
cic,ton,29,False,forest,clean,9,frozen,0.01,9358,7527,6679,7434,5388,2046,0,7432,2,2679,0.7637178051511758,0.7137208805300278,0.10382531357531355
cic,ton,29,False,forest,clean,9,cap,0.01,9358,7527,78,7434,57,7376,1,7432,2,9280,0.7949353448275862,0.008335114340671083,
cic,ton,29,False,forest,clean,9,random,0.01,9358,7527,78,7434,67,7365,2,7432,2,9280,0.7938577586206896,0.008335114340671083,
cic,ton,29,False,forest,clean,9,frozen,0.05,9358,7527,7467,7434,5751,1683,0,7432,2,1891,0.8900052882072977,0.7979269074588587,0.01288961038961034
cic,ton,29,False,forest,clean,9,cap,0.05,9358,7527,453,7434,331,7102,1,7432,2,8905,0.7976417742841101,0.04840777944005129,
cic,ton,29,False,forest,clean,9,random,0.05,9358,7527,453,7434,366,7066,2,7432,2,8905,0.7937113980909601,0.04840777944005129,
cic,ton,29,False,forest,clean,9,frozen,0.1,9358,7527,7535,7434,5797,1637,0,7432,2,1823,0.897970378496983,0.8051934173968797,0.001859410430839037
cic,ton,29,False,forest,clean,9,cap,0.1,9358,7527,920,7434,714,6719,1,7432,2,8438,0.7963972505333017,0.09831160504381278,
cic,ton,29,False,forest,clean,9,random,0.1,9358,7527,920,7434,738,6694,2,7432,2,8438,0.7935529746385399,0.09831160504381278,
cic,ton,29,False,forest,temporal,9,forced,0.0,9358,7527,0,7462,0,7460,2,7460,2,9358,0.7973926052575336,0.0,
cic,ton,29,False,forest,temporal,9,frozen,0.01,9358,7527,6638,7462,5406,2056,0,7460,2,2720,0.7558823529411764,0.7093396024791622,0.10382531357531355
cic,ton,29,False,forest,temporal,9,cap,0.01,9358,7527,78,7462,65,7396,1,7460,2,9280,0.7970905172413794,0.008335114340671083,
cic,ton,29,False,forest,temporal,9,random,0.01,9358,7527,78,7462,67,7393,2,7460,2,9280,0.796875,0.008335114340671083,
cic,ton,29,False,forest,temporal,9,frozen,0.05,9358,7527,7512,7462,5802,1660,0,7460,2,1846,0.8992416034669556,0.8027356272707844,0.01288961038961034
cic,ton,29,False,forest,temporal,9,cap,0.05,9358,7527,453,7462,358,7103,1,7460,2,8905,0.7977540707467715,0.04840777944005129,
cic,ton,29,False,forest,temporal,9,random,0.05,9358,7527,453,7462,366,7094,2,7460,2,8905,0.79685569904548,0.04840777944005129,
cic,ton,29,False,forest,temporal,9,frozen,0.1,9358,7527,8913,7462,7126,336,0,7460,2,445,0.755056179775281,0.9524471040820688,0.001859410430839037
cic,ton,29,False,forest,temporal,9,cap,0.1,9358,7527,920,7462,746,6715,1,7460,2,8438,0.7959232045508414,0.09831160504381278,
cic,ton,29,False,forest,temporal,9,random,0.1,9358,7527,920,7462,739,6721,2,7460,2,8438,0.7967527850201469,0.09831160504381278,
cic,ton,29,False,forest,size,9,forced,0.0,9358,7527,0,7527,0,7527,0,7527,0,9358,0.8043385338747595,0.0,
cic,ton,29,False,forest,size,9,frozen,0.01,9358,7527,9229,7527,7527,0,0,7527,0,129,0.0,0.9862150032058132,0.10382531357531355
cic,ton,29,False,forest,size,9,cap,0.01,9358,7527,78,7527,72,7455,0,7527,0,9280,0.8033405172413793,0.008335114340671083,
cic,ton,29,False,forest,size,9,random,0.01,9358,7527,78,7527,67,7460,0,7527,0,9280,0.8038793103448276,0.008335114340671083,
cic,ton,29,False,forest,size,9,frozen,0.05,9358,7527,9358,7527,7527,0,0,7527,0,0,,1.0,0.01288961038961034
cic,ton,29,False,forest,size,9,cap,0.05,9358,7527,453,7527,382,7145,0,7527,0,8905,0.80235822571589,0.04840777944005129,
cic,ton,29,False,forest,size,9,random,0.05,9358,7527,453,7527,369,7158,0,7527,0,8905,0.8038180797304885,0.04840777944005129,
cic,ton,29,False,forest,size,9,frozen,0.1,9358,7527,9358,7527,7527,0,0,7527,0,0,,1.0,0.001859410430839037
cic,ton,29,False,forest,size,9,cap,0.1,9358,7527,920,7527,762,6765,0,7527,0,8438,0.8017302678359801,0.09831160504381278,
cic,ton,29,False,forest,size,9,random,0.1,9358,7527,920,7527,746,6781,0,7527,0,8438,0.8036264517658213,0.09831160504381278,
cic,ton,29,False,forest,tcp,9,forced,0.0,9358,7527,0,7514,0,7510,4,7510,4,9358,0.8029493481513144,0.0,
cic,ton,29,False,forest,tcp,9,frozen,0.01,9358,7527,9066,7514,7362,152,0,7510,4,292,0.5205479452054794,0.9687967514426159,0.10382531357531355
cic,ton,29,False,forest,tcp,9,cap,0.01,9358,7527,78,7514,67,7444,3,7510,4,9280,0.8024784482758621,0.008335114340671083,
cic,ton,29,False,forest,tcp,9,random,0.01,9358,7527,78,7514,67,7443,4,7510,4,9280,0.8024784482758621,0.008335114340671083,
cic,ton,29,False,forest,tcp,9,frozen,0.05,9358,7527,9358,7514,7514,0,0,7510,4,0,,1.0,0.01288961038961034
cic,ton,29,False,forest,tcp,9,cap,0.05,9358,7527,453,7514,364,7149,1,7510,4,8905,0.8029197080291971,0.04840777944005129,
cic,ton,29,False,forest,tcp,9,random,0.05,9358,7527,453,7514,369,7141,4,7510,4,8905,0.80235822571589,0.04840777944005129,
cic,ton,29,False,forest,tcp,9,frozen,0.1,9358,7527,9358,7514,7514,0,0,7510,4,0,,1.0,0.001859410430839037
cic,ton,29,False,forest,tcp,9,cap,0.1,9358,7527,920,7514,744,6770,0,7510,4,8438,0.8023228253140554,0.09831160504381278,
cic,ton,29,False,forest,tcp,9,random,0.1,9358,7527,920,7514,746,6765,3,7510,4,8438,0.8020858023228253,0.09831160504381278,
cic,ton,29,False,forest,temporal+tcp,9,forced,0.0,9358,7527,0,7520,0,7517,3,7517,3,9358,0.8035905107929044,0.0,
cic,ton,29,False,forest,temporal+tcp,9,frozen,0.01,9358,7527,9167,7520,7506,14,0,7517,3,191,0.07329842931937172,0.9795896559093823,0.10382531357531355
cic,ton,29,False,forest,temporal+tcp,9,cap,0.01,9358,7527,78,7520,68,7449,3,7517,3,9280,0.8030172413793103,0.008335114340671083,
cic,ton,29,False,forest,temporal+tcp,9,random,0.01,9358,7527,78,7520,66,7451,3,7517,3,9280,0.8032327586206897,0.008335114340671083,
cic,ton,29,False,forest,temporal+tcp,9,frozen,0.05,9358,7527,9357,7520,7520,0,0,7517,3,1,0.0,0.999893139559735,0.01288961038961034
cic,ton,29,False,forest,temporal+tcp,9,cap,0.05,9358,7527,453,7520,367,7152,1,7517,3,8905,0.8032565974171814,0.04840777944005129,
cic,ton,29,False,forest,temporal+tcp,9,random,0.05,9358,7527,453,7520,368,7149,3,7517,3,8905,0.8031443009545199,0.04840777944005129,
cic,ton,29,False,forest,temporal+tcp,9,frozen,0.1,9358,7527,9358,7520,7520,0,0,7517,3,0,,1.0,0.001859410430839037
cic,ton,29,False,forest,temporal+tcp,9,cap,0.1,9358,7527,920,7520,748,6772,0,7517,3,8438,0.8025598483052856,0.09831160504381278,
cic,ton,29,False,forest,temporal+tcp,9,random,0.1,9358,7527,920,7520,745,6773,2,7517,3,8438,0.8029153827921308,0.09831160504381278,
cic,ton,29,False,forest,random10,9,forced,0.0,9358,7527,0,7330,0,7321,9,7321,9,9358,0.7832870271425518,0.0,
cic,ton,29,False,forest,random10,9,frozen,0.01,9358,7527,7595,7330,5947,1383,0,7321,9,1763,0.784458309699376,0.8116050438127805,0.10382531357531355
cic,ton,29,False,forest,random10,9,cap,0.01,9358,7527,78,7330,47,7277,6,7321,9,9280,0.7848060344827587,0.008335114340671083,
cic,ton,29,False,forest,random10,9,random,0.01,9358,7527,78,7330,67,7254,9,7321,9,9280,0.7826508620689655,0.008335114340671083,
cic,ton,29,False,forest,random10,9,frozen,0.05,9358,7527,8804,7330,6834,496,0,7321,9,554,0.8953068592057761,0.9407993160931823,0.01288961038961034
cic,ton,29,False,forest,random10,9,cap,0.05,9358,7527,453,7330,300,7028,2,7321,9,8905,0.7894441325098259,0.04840777944005129,
cic,ton,29,False,forest,random10,9,random,0.05,9358,7527,453,7330,362,6960,8,7321,9,8905,0.7824817518248175,0.04840777944005129,
cic,ton,29,False,forest,random10,9,frozen,0.1,9358,7527,9018,7330,7028,302,0,7321,9,340,0.888235294117647,0.9636674503098953,0.001859410430839037
cic,ton,29,False,forest,random10,9,cap,0.1,9358,7527,920,7330,648,6681,1,7321,9,8438,0.7918938136999288,0.09831160504381278,
cic,ton,29,False,forest,random10,9,random,0.1,9358,7527,920,7330,729,6593,8,7321,9,8438,0.7822943825551079,0.09831160504381278,
cic,cic,29,False,forest,clean,0,forced,0.0,12192,306,0,306,0,306,0,306,0,12192,0.025098425196850394,0.0,
cic,cic,29,False,forest,clean,0,frozen,0.01,12192,306,193,306,14,292,0,306,0,11999,0.024335361280106677,0.01583005249343832,0.10382531357531355
cic,cic,29,False,forest,clean,0,cap,0.01,12192,306,110,306,23,283,0,306,0,12082,0.023423274292335705,0.00902230971128609,
cic,cic,29,False,forest,clean,0,random,0.01,12192,306,110,306,6,300,0,306,0,12082,0.02483032610494951,0.00902230971128609,
cic,cic,29,False,forest,clean,0,frozen,0.05,12192,306,677,306,121,185,0,306,0,11515,0.01606600086843248,0.055528215223097116,0.01288961038961034
cic,cic,29,False,forest,clean,0,cap,0.05,12192,306,599,306,101,205,0,306,0,11593,0.017683084620029328,0.04913057742782152,
cic,cic,29,False,forest,clean,0,random,0.05,12192,306,599,306,24,282,0,306,0,11593,0.024325023721211075,0.04913057742782152,
cic,cic,29,False,forest,clean,0,frozen,0.1,12192,306,1118,306,128,178,0,306,0,11074,0.016073686111612785,0.09169947506561679,0.001859410430839037
cic,cic,29,False,forest,clean,0,cap,0.1,12192,306,1210,306,126,180,0,306,0,10982,0.016390457111637224,0.09924540682414698,
cic,cic,29,False,forest,clean,0,random,0.1,12192,306,1210,306,43,263,0,306,0,10982,0.02394827900200328,0.09924540682414698,
cic,cic,29,False,forest,temporal,0,forced,0.0,12192,306,0,306,0,306,0,306,0,12192,0.025098425196850394,0.0,
cic,cic,29,False,forest,temporal,0,frozen,0.01,12192,306,1004,306,96,210,0,306,0,11188,0.018770110833035394,0.0823490813648294,0.10382531357531355
cic,cic,29,False,forest,temporal,0,cap,0.01,12192,306,110,306,3,303,0,306,0,12082,0.025078629365999007,0.00902230971128609,
cic,cic,29,False,forest,temporal,0,random,0.01,12192,306,110,306,6,300,0,306,0,12082,0.02483032610494951,0.00902230971128609,
cic,cic,29,False,forest,temporal,0,frozen,0.05,12192,306,6206,306,179,127,0,306,0,5986,0.021216171065820248,0.509022309711286,0.01288961038961034
cic,cic,29,False,forest,temporal,0,cap,0.05,12192,306,599,306,64,242,0,306,0,11593,0.020874665746571208,0.04913057742782152,
cic,cic,29,False,forest,temporal,0,random,0.05,12192,306,599,306,24,282,0,306,0,11593,0.024325023721211075,0.04913057742782152,
cic,cic,29,False,forest,temporal,0,frozen,0.1,12192,306,9825,306,254,52,0,306,0,2367,0.021968736797634135,0.8058562992125984,0.001859410430839037
cic,cic,29,False,forest,temporal,0,cap,0.1,12192,306,1210,306,99,207,0,306,0,10982,0.018849025678382807,0.09924540682414698,
cic,cic,29,False,forest,temporal,0,random,0.1,12192,306,1210,306,43,263,0,306,0,10982,0.02394827900200328,0.09924540682414698,
cic,cic,29,False,forest,size,0,forced,0.0,12192,306,0,306,0,306,0,306,0,12192,0.025098425196850394,0.0,
cic,cic,29,False,forest,size,0,frozen,0.01,12192,306,10426,306,285,21,0,306,0,1766,0.01189127972819932,0.8551509186351706,0.10382531357531355
cic,cic,29,False,forest,size,0,cap,0.01,12192,306,110,306,10,296,0,306,0,12082,0.024499255090216852,0.00902230971128609,
cic,cic,29,False,forest,size,0,random,0.01,12192,306,110,306,6,300,0,306,0,12082,0.02483032610494951,0.00902230971128609,
cic,cic,29,False,forest,size,0,frozen,0.05,12192,306,12192,306,306,0,0,306,0,0,,1.0,0.01288961038961034
cic,cic,29,False,forest,size,0,cap,0.05,12192,306,599,306,97,209,0,306,0,11593,0.018028120417493316,0.04913057742782152,
cic,cic,29,False,forest,size,0,random,0.05,12192,306,599,306,24,282,0,306,0,11593,0.024325023721211075,0.04913057742782152,
cic,cic,29,False,forest,size,0,frozen,0.1,12192,306,12192,306,306,0,0,306,0,0,,1.0,0.001859410430839037
cic,cic,29,False,forest,size,0,cap,0.1,12192,306,1210,306,135,171,0,306,0,10982,0.015570934256055362,0.09924540682414698,
cic,cic,29,False,forest,size,0,random,0.1,12192,306,1210,306,43,263,0,306,0,10982,0.02394827900200328,0.09924540682414698,
cic,cic,29,False,forest,tcp,0,forced,0.0,12192,306,0,306,0,306,0,306,0,12192,0.025098425196850394,0.0,
cic,cic,29,False,forest,tcp,0,frozen,0.01,12192,306,5143,306,208,98,0,306,0,7049,0.013902681231380337,0.42183398950131235,0.10382531357531355
cic,cic,29,False,forest,tcp,0,cap,0.01,12192,306,110,306,6,300,0,306,0,12082,0.02483032610494951,0.00902230971128609,
cic,cic,29,False,forest,tcp,0,random,0.01,12192,306,110,306,6,300,0,306,0,12082,0.02483032610494951,0.00902230971128609,
cic,cic,29,False,forest,tcp,0,frozen,0.05,12192,306,12183,306,306,0,0,306,0,9,0.0,0.999261811023622,0.01288961038961034
cic,cic,29,False,forest,tcp,0,cap,0.05,12192,306,599,306,19,287,0,306,0,11593,0.02475631846804106,0.04913057742782152,
cic,cic,29,False,forest,tcp,0,random,0.05,12192,306,599,306,24,282,0,306,0,11593,0.024325023721211075,0.04913057742782152,
cic,cic,29,False,forest,tcp,0,frozen,0.1,12192,306,12185,306,306,0,0,306,0,7,0.0,0.9994258530183727,0.001859410430839037
cic,cic,29,False,forest,tcp,0,cap,0.1,12192,306,1210,306,38,268,0,306,0,10982,0.024403569477326536,0.09924540682414698,
cic,cic,29,False,forest,tcp,0,random,0.1,12192,306,1210,306,43,263,0,306,0,10982,0.02394827900200328,0.09924540682414698,
cic,cic,29,False,forest,temporal+tcp,0,forced,0.0,12192,306,0,306,0,306,0,306,0,12192,0.025098425196850394,0.0,
cic,cic,29,False,forest,temporal+tcp,0,frozen,0.01,12192,306,7578,306,222,84,0,306,0,4614,0.018205461638491547,0.6215551181102362,0.10382531357531355
cic,cic,29,False,forest,temporal+tcp,0,cap,0.01,12192,306,110,306,5,301,0,306,0,12082,0.024913093858632676,0.00902230971128609,
cic,cic,29,False,forest,temporal+tcp,0,random,0.01,12192,306,110,306,6,300,0,306,0,12082,0.02483032610494951,0.00902230971128609,
cic,cic,29,False,forest,temporal+tcp,0,frozen,0.05,12192,306,12192,306,306,0,0,306,0,0,,1.0,0.01288961038961034
cic,cic,29,False,forest,temporal+tcp,0,cap,0.05,12192,306,599,306,18,288,0,306,0,11593,0.024842577417407054,0.04913057742782152,
cic,cic,29,False,forest,temporal+tcp,0,random,0.05,12192,306,599,306,24,282,0,306,0,11593,0.024325023721211075,0.04913057742782152,
cic,cic,29,False,forest,temporal+tcp,0,frozen,0.1,12192,306,12192,306,306,0,0,306,0,0,,1.0,0.001859410430839037
cic,cic,29,False,forest,temporal+tcp,0,cap,0.1,12192,306,1210,306,37,269,0,306,0,10982,0.024494627572391185,0.09924540682414698,
cic,cic,29,False,forest,temporal+tcp,0,random,0.1,12192,306,1210,306,43,263,0,306,0,10982,0.02394827900200328,0.09924540682414698,
cic,cic,29,False,forest,random10,0,forced,0.0,12192,306,0,306,0,306,0,306,0,12192,0.025098425196850394,0.0,
cic,cic,29,False,forest,random10,0,frozen,0.01,12192,306,2262,306,112,194,0,306,0,9930,0.019536757301107755,0.18553149606299213,0.10382531357531355
cic,cic,29,False,forest,random10,0,cap,0.01,12192,306,110,306,13,293,0,306,0,12082,0.024250951829167356,0.00902230971128609,
cic,cic,29,False,forest,random10,0,random,0.01,12192,306,110,306,6,300,0,306,0,12082,0.02483032610494951,0.00902230971128609,
cic,cic,29,False,forest,random10,0,frozen,0.05,12192,306,7798,306,245,61,0,306,0,4394,0.013882567137005006,0.6395997375328084,0.01288961038961034
cic,cic,29,False,forest,random10,0,cap,0.05,12192,306,599,306,47,259,0,306,0,11593,0.02234106788579315,0.04913057742782152,
cic,cic,29,False,forest,random10,0,random,0.05,12192,306,599,306,24,282,0,306,0,11593,0.024325023721211075,0.04913057742782152,
cic,cic,29,False,forest,random10,0,frozen,0.1,12192,306,9000,306,258,48,0,306,0,3192,0.015037593984962405,0.7381889763779528,0.001859410430839037
cic,cic,29,False,forest,random10,0,cap,0.1,12192,306,1210,306,66,240,0,306,0,10982,0.021853942815516298,0.09924540682414698,
cic,cic,29,False,forest,random10,0,random,0.1,12192,306,1210,306,43,263,0,306,0,10982,0.02394827900200328,0.09924540682414698,
cic,unsw,29,True,logistic,clean,0,forced,0.0,10417,1285,0,2284,0,1189,1095,1189,1095,10417,0.21925698377651914,0.0,
cic,unsw,29,True,logistic,clean,0,frozen,0.01,10417,1285,407,2284,269,1147,868,1189,1095,10010,0.2012987012987013,0.03907074973600845,0.35422371401603336
cic,unsw,29,True,logistic,clean,0,cap,0.01,10417,1285,101,2284,62,1180,1042,1189,1095,10316,0.21539356339666538,0.009695689737928385,
cic,unsw,29,True,logistic,clean,0,random,0.01,10417,1285,101,2284,26,1175,1083,1189,1095,10316,0.2188832880961613,0.009695689737928385,
cic,unsw,29,True,logistic,clean,0,frozen,0.05,10417,1285,1100,2284,691,1041,552,1189,1095,9317,0.17097778254803048,0.10559662090813093,0.04320409689533933
cic,unsw,29,True,logistic,clean,0,cap,0.05,10417,1285,518,2284,339,1134,811,1189,1095,9899,0.19648449338317,0.04972640875491984,
cic,unsw,29,True,logistic,clean,0,random,0.05,10417,1285,518,2284,108,1131,1045,1189,1095,9899,0.21982018385695526,0.04972640875491984,
cic,unsw,29,True,logistic,clean,0,frozen,0.1,10417,1285,1978,2284,1044,891,349,1189,1095,8439,0.14693684085792155,0.1898819237784391,0.007430275165358213
cic,unsw,29,True,logistic,clean,0,cap,0.1,10417,1285,1040,2284,660,1053,571,1189,1095,9377,0.173189719526501,0.09983680522223289,
cic,unsw,29,True,logistic,clean,0,random,0.1,10417,1285,1040,2284,232,1068,984,1189,1095,9377,0.21883331555934735,0.09983680522223289,
cic,unsw,29,True,logistic,temporal,0,forced,0.0,10417,1285,0,1824,0,1193,631,1193,631,10417,0.17509839685130077,0.0,
cic,unsw,29,True,logistic,temporal,0,frozen,0.01,10417,1285,570,1824,155,1144,525,1193,631,9847,0.16949324667411395,0.054718249016031485,0.35422371401603336
cic,unsw,29,True,logistic,temporal,0,cap,0.01,10417,1285,101,1824,32,1184,608,1193,631,10316,0.17371074059713068,0.009695689737928385,
cic,unsw,29,True,logistic,temporal,0,random,0.01,10417,1285,101,1824,20,1179,625,1193,631,10316,0.17487398216362932,0.009695689737928385,
cic,unsw,29,True,logistic,temporal,0,frozen,0.05,10417,1285,1056,1824,447,1033,344,1193,631,9361,0.14709966883879927,0.10137275607180571,0.04320409689533933
cic,unsw,29,True,logistic,temporal,0,cap,0.05,10417,1285,518,1824,140,1151,533,1193,631,9899,0.17011819375694515,0.04972640875491984,
cic,unsw,29,True,logistic,temporal,0,random,0.05,10417,1285,518,1824,88,1136,600,1193,631,9899,0.17537124962117387,0.04972640875491984,
cic,unsw,29,True,logistic,temporal,0,frozen,0.1,10417,1285,1685,1824,780,881,163,1193,631,8732,0.119560238204306,0.16175482384563694,0.007430275165358213
cic,unsw,29,True,logistic,temporal,0,cap,0.1,10417,1285,1040,1824,440,1030,354,1193,631,9377,0.1475951796949984,0.09983680522223289,
cic,unsw,29,True,logistic,temporal,0,random,0.1,10417,1285,1040,1824,187,1073,564,1193,631,9377,0.17457609043404074,0.09983680522223289,
cic,unsw,29,True,logistic,size,0,forced,0.0,10417,1285,0,8188,0,1151,7037,1151,7037,10417,0.7860228472688874,0.0,
cic,unsw,29,True,logistic,size,0,frozen,0.01,10417,1285,3500,8188,2140,777,5271,1151,7037,6917,0.8743675003614284,0.33598924834405297,0.35422371401603336
cic,unsw,29,True,logistic,size,0,cap,0.01,10417,1285,101,8188,58,1148,6982,1151,7037,10316,0.7880961613028306,0.009695689737928385,
cic,unsw,29,True,logistic,size,0,random,0.01,10417,1285,101,8188,72,1136,6980,1151,7037,10316,0.7867390461419155,0.009695689737928385,
cic,unsw,29,True,logistic,size,0,frozen,0.05,10417,1285,8207,8188,6371,153,1664,1151,7037,2210,0.8221719457013574,0.7878467889027551,0.04320409689533933
cic,unsw,29,True,logistic,size,0,cap,0.05,10417,1285,518,8188,229,1130,6829,1151,7037,9899,0.8040206081422366,0.04972640875491984,
cic,unsw,29,True,logistic,size,0,random,0.05,10417,1285,518,8188,395,1091,6702,1151,7037,9899,0.7872512374987373,0.04972640875491984,
cic,unsw,29,True,logistic,size,0,frozen,0.1,10417,1285,9356,8188,7520,135,533,1151,7037,1061,0.6295947219604147,0.8981472592877028,0.007430275165358213
cic,unsw,29,True,logistic,size,0,cap,0.1,10417,1285,1040,8188,482,1103,6603,1151,7037,9377,0.8217980164231631,0.09983680522223289,
cic,unsw,29,True,logistic,size,0,random,0.1,10417,1285,1040,8188,806,1030,6352,1151,7037,9377,0.7872453876506346,0.09983680522223289,
cic,unsw,29,True,logistic,tcp,0,forced,0.0,10417,1285,0,2340,0,1109,1231,1109,1231,10417,0.224632811750024,0.0,
cic,unsw,29,True,logistic,tcp,0,frozen,0.01,10417,1285,646,2340,431,1062,847,1109,1231,9771,0.19537406611401084,0.06201401555150235,0.35422371401603336
cic,unsw,29,True,logistic,tcp,0,cap,0.01,10417,1285,101,2340,51,1104,1185,1109,1231,10316,0.22188832880961612,0.009695689737928385,
cic,unsw,29,True,logistic,tcp,0,random,0.01,10417,1285,101,2340,28,1096,1216,1109,1231,10316,0.22411787514540518,0.009695689737928385,
cic,unsw,29,True,logistic,tcp,0,frozen,0.05,10417,1285,1531,2340,807,971,562,1109,1231,8886,0.1725185685347738,0.1469712969184986,0.04320409689533933
cic,unsw,29,True,logistic,tcp,0,cap,0.05,10417,1285,518,2340,334,1071,935,1109,1231,9899,0.20264673199313063,0.04972640875491984,
cic,unsw,29,True,logistic,tcp,0,random,0.05,10417,1285,518,2340,119,1053,1168,1109,1231,9899,0.2243660975856147,0.04972640875491984,
cic,unsw,29,True,logistic,tcp,0,frozen,0.1,10417,1285,2169,2340,1017,829,494,1109,1231,8248,0.16040252182347237,0.20821733704521456,0.007430275165358213
cic,unsw,29,True,logistic,tcp,0,cap,0.1,10417,1285,1040,2340,654,1027,659,1109,1231,9377,0.17980164231630585,0.09983680522223289,
cic,unsw,29,True,logistic,tcp,0,random,0.1,10417,1285,1040,2340,243,996,1101,1109,1231,9377,0.22363229177775407,0.09983680522223289,
cic,unsw,29,True,logistic,temporal+tcp,0,forced,0.0,10417,1285,0,1790,0,1116,674,1116,674,10417,0.17183450129595854,0.0,
cic,unsw,29,True,logistic,temporal+tcp,0,frozen,0.01,10417,1285,529,1790,182,1069,539,1116,674,9888,0.16262135922330098,0.050782374964001155,0.35422371401603336
cic,unsw,29,True,logistic,temporal+tcp,0,cap,0.01,10417,1285,101,1790,50,1105,635,1116,674,10316,0.16867002714230322,0.009695689737928385,
cic,unsw,29,True,logistic,temporal+tcp,0,random,0.01,10417,1285,101,1790,23,1103,664,1116,674,10316,0.17128732066692517,0.009695689737928385,
cic,unsw,29,True,logistic,temporal+tcp,0,frozen,0.05,10417,1285,1201,1790,378,971,441,1116,674,9216,0.15321180555555555,0.11529231064605933,0.04320409689533933
cic,unsw,29,True,logistic,temporal+tcp,0,cap,0.05,10417,1285,518,1790,178,1069,543,1116,674,9899,0.16284473179109002,0.04972640875491984,
cic,unsw,29,True,logistic,temporal+tcp,0,random,0.05,10417,1285,518,1790,91,1061,638,1116,674,9899,0.17163349833316496,0.04972640875491984,
cic,unsw,29,True,logistic,temporal+tcp,0,frozen,0.1,10417,1285,1891,1790,576,829,385,1116,674,8526,0.14238798967863006,0.18153019103388693,0.007430275165358213
cic,unsw,29,True,logistic,temporal+tcp,0,cap,0.1,10417,1285,1040,1790,326,993,471,1116,674,9377,0.15612669297216594,0.09983680522223289,
cic,unsw,29,True,logistic,temporal+tcp,0,random,0.1,10417,1285,1040,1790,187,1002,601,1116,674,9377,0.17095019729124453,0.09983680522223289,
cic,unsw,29,True,logistic,random10,0,forced,0.0,10417,1285,0,2916,0,1118,1798,1118,1798,10417,0.27992704233464527,0.0,
cic,unsw,29,True,logistic,random10,0,frozen,0.01,10417,1285,652,2916,313,1064,1539,1118,1798,9765,0.2665642601126472,0.06258999712009215,0.35422371401603336
cic,unsw,29,True,logistic,random10,0,cap,0.01,10417,1285,101,2916,43,1114,1759,1118,1798,10316,0.27849941837921677,0.009695689737928385,
cic,unsw,29,True,logistic,random10,0,random,0.01,10417,1285,101,2916,30,1106,1780,1118,1798,10316,0.2797595967429236,0.009695689737928385,
cic,unsw,29,True,logistic,random10,0,frozen,0.05,10417,1285,1780,2916,823,946,1147,1118,1798,8637,0.24232951256223226,0.17087453201497552,0.04320409689533933
cic,unsw,29,True,logistic,random10,0,cap,0.05,10417,1285,518,2916,254,1079,1583,1118,1798,9899,0.2689160521264774,0.04972640875491984,
cic,unsw,29,True,logistic,random10,0,random,0.05,10417,1285,518,2916,131,1063,1722,1118,1798,9899,0.28134154965147995,0.04972640875491984,
cic,unsw,29,True,logistic,random10,0,frozen,0.1,10417,1285,2673,2916,1185,841,890,1118,1798,7744,0.22352789256198347,0.2565997888067582,0.007430275165358213
cic,unsw,29,True,logistic,random10,0,cap,0.1,10417,1285,1040,2916,497,1032,1387,1118,1798,9377,0.25797163271835344,0.09983680522223289,
cic,unsw,29,True,logistic,random10,0,random,0.1,10417,1285,1040,2916,277,1004,1635,1118,1798,9377,0.2814332942305641,0.09983680522223289,
cic,ton,29,True,logistic,clean,9,forced,0.0,9358,7527,0,5994,0,5638,356,5638,356,9358,0.6405214789484933,0.0,
cic,ton,29,True,logistic,clean,9,frozen,0.01,9358,7527,590,5994,368,5309,317,5638,356,8768,0.6416514598540146,0.06304765975635819,0.35422371401603336
cic,ton,29,True,logistic,clean,9,cap,0.01,9358,7527,78,5994,40,5599,355,5638,356,9280,0.6415948275862069,0.008335114340671083,
cic,ton,29,True,logistic,clean,9,random,0.01,9358,7527,78,5994,48,5592,354,5638,356,9280,0.6407327586206897,0.008335114340671083,
cic,ton,29,True,logistic,clean,9,frozen,0.05,9358,7527,2431,5994,1478,4292,224,5638,356,6927,0.6519416774938646,0.2597777302842488,0.04320409689533933
cic,ton,29,True,logistic,clean,9,cap,0.05,9358,7527,453,5994,267,5405,322,5638,356,8905,0.6431218416619876,0.04840777944005129,
cic,ton,29,True,logistic,clean,9,random,0.05,9358,7527,453,5994,302,5351,341,5638,356,8905,0.6391914654688378,0.04840777944005129,
cic,ton,29,True,logistic,clean,9,frozen,0.1,9358,7527,3665,5994,1946,3891,157,5638,356,5693,0.7110486562445109,0.3916435135712759,0.007430275165358213
cic,ton,29,True,logistic,clean,9,cap,0.1,9358,7527,920,5994,557,5150,287,5638,356,8438,0.6443470016591609,0.09831160504381278,
cic,ton,29,True,logistic,clean,9,random,0.1,9358,7527,920,5994,590,5079,325,5638,356,8438,0.6404361223038635,0.09831160504381278,
cic,ton,29,True,logistic,temporal,9,forced,0.0,9358,7527,0,5855,0,5496,359,5496,359,9358,0.6256678777516563,0.0,
cic,ton,29,True,logistic,temporal,9,frozen,0.01,9358,7527,1298,5855,934,4627,294,5496,359,8060,0.610545905707196,0.13870485146398803,0.35422371401603336
cic,ton,29,True,logistic,temporal,9,cap,0.01,9358,7527,78,5855,36,5466,353,5496,359,9280,0.6270474137931035,0.008335114340671083,
cic,ton,29,True,logistic,temporal,9,random,0.01,9358,7527,78,5855,47,5451,357,5496,359,9280,0.6258620689655172,0.008335114340671083,
cic,ton,29,True,logistic,temporal,9,frozen,0.05,9358,7527,2704,5855,1600,4046,209,5496,359,6654,0.6394649834685904,0.2889506304765976,0.04320409689533933
cic,ton,29,True,logistic,temporal,9,cap,0.05,9358,7527,453,5855,269,5265,321,5496,359,8905,0.6272880404267266,0.04840777944005129,
cic,ton,29,True,logistic,temporal,9,random,0.05,9358,7527,453,5855,289,5222,344,5496,359,8905,0.6250421111734981,0.04840777944005129,
cic,ton,29,True,logistic,temporal,9,frozen,0.1,9358,7527,4038,5855,1946,3765,144,5496,359,5320,0.7347744360902255,0.4315024577901261,0.007430275165358213
cic,ton,29,True,logistic,temporal,9,cap,0.1,9358,7527,920,5855,609,4959,287,5496,359,8438,0.6217113059966817,0.09831160504381278,
cic,ton,29,True,logistic,temporal,9,random,0.1,9358,7527,920,5855,572,4956,327,5496,359,8438,0.6260962313344395,0.09831160504381278,
cic,ton,29,True,logistic,size,9,forced,0.0,9358,7527,0,5785,0,5251,534,5251,534,9358,0.6181876469331054,0.0,
cic,ton,29,True,logistic,size,9,frozen,0.01,9358,7527,3480,5785,1556,4014,215,5251,534,5878,0.7194624021776115,0.37187433212224835,0.35422371401603336
cic,ton,29,True,logistic,size,9,cap,0.01,9358,7527,78,5785,35,5220,530,5251,534,9280,0.6196120689655172,0.008335114340671083,
cic,ton,29,True,logistic,size,9,random,0.01,9358,7527,78,5785,48,5204,533,5251,534,9280,0.6182112068965517,0.008335114340671083,
cic,ton,29,True,logistic,size,9,frozen,0.05,9358,7527,6229,5785,3637,2138,10,5251,534,3129,0.6864813039309684,0.6656336824107716,0.04320409689533933
cic,ton,29,True,logistic,size,9,cap,0.05,9358,7527,453,5785,222,5083,480,5251,534,8905,0.6247052217855138,0.04840777944005129,
cic,ton,29,True,logistic,size,9,random,0.05,9358,7527,453,5785,282,4991,512,5251,534,8905,0.6179674340258282,0.04840777944005129,
cic,ton,29,True,logistic,size,9,frozen,0.1,9358,7527,6345,5785,3670,2114,1,5251,534,3013,0.7019581812147362,0.6780294934815131,0.007430275165358213
cic,ton,29,True,logistic,size,9,cap,0.1,9358,7527,920,5785,431,4932,422,5251,534,8438,0.6345105475231098,0.09831160504381278,
cic,ton,29,True,logistic,size,9,random,0.1,9358,7527,920,5785,587,4719,479,5251,534,8438,0.6160227542071581,0.09831160504381278,
cic,ton,29,True,logistic,tcp,9,forced,0.0,9358,7527,0,6135,0,5747,388,5747,388,9358,0.6555888010258603,0.0,
cic,ton,29,True,logistic,tcp,9,frozen,0.01,9358,7527,757,6135,349,5491,295,5747,388,8601,0.6727124752935705,0.08089335328061552,0.35422371401603336
cic,ton,29,True,logistic,tcp,9,cap,0.01,9358,7527,78,6135,37,5717,381,5747,388,9280,0.6571120689655172,0.008335114340671083,
cic,ton,29,True,logistic,tcp,9,random,0.01,9358,7527,78,6135,49,5700,386,5747,388,9280,0.6558189655172414,0.008335114340671083,
cic,ton,29,True,logistic,tcp,9,frozen,0.05,9358,7527,2811,6135,1414,4515,206,5747,388,6547,0.7210936306705361,0.30038469758495406,0.04320409689533933
cic,ton,29,True,logistic,tcp,9,cap,0.05,9358,7527,453,6135,213,5588,334,5747,388,8905,0.6650196518809658,0.04840777944005129,
cic,ton,29,True,logistic,tcp,9,random,0.05,9358,7527,453,6135,307,5458,370,5747,388,8905,0.6544637843907917,0.04840777944005129,
cic,ton,29,True,logistic,tcp,9,frozen,0.1,9358,7527,3965,6135,1928,4042,165,5747,388,5393,0.7800852957537548,0.42370164565078006,0.007430275165358213
cic,ton,29,True,logistic,tcp,9,cap,0.1,9358,7527,920,6135,421,5431,283,5747,388,8438,0.6771746859445367,0.09831160504381278,
cic,ton,29,True,logistic,tcp,9,random,0.1,9358,7527,920,6135,603,5183,349,5747,388,8438,0.6556055937425931,0.09831160504381278,
cic,ton,29,True,logistic,temporal+tcp,9,forced,0.0,9358,7527,0,5989,0,5629,360,5629,360,9358,0.6399871767471682,0.0,
cic,ton,29,True,logistic,temporal+tcp,9,frozen,0.01,9358,7527,1038,5989,549,5177,263,5629,360,8320,0.6538461538461539,0.11092113699508442,0.35422371401603336
cic,ton,29,True,logistic,temporal+tcp,9,cap,0.01,9358,7527,78,5989,39,5598,352,5629,360,9280,0.6411637931034483,0.008335114340671083,
cic,ton,29,True,logistic,temporal+tcp,9,random,0.01,9358,7527,78,5989,49,5582,358,5629,360,9280,0.6400862068965517,0.008335114340671083,
cic,ton,29,True,logistic,temporal+tcp,9,frozen,0.05,9358,7527,3211,5989,1575,4218,196,5629,360,6147,0.7180738571660973,0.3431288736909596,0.04320409689533933
cic,ton,29,True,logistic,temporal+tcp,9,cap,0.05,9358,7527,453,5989,202,5471,316,5629,360,8905,0.6498596294216732,0.04840777944005129,
cic,ton,29,True,logistic,temporal+tcp,9,random,0.05,9358,7527,453,5989,299,5349,341,5629,360,8905,0.6389668725435149,0.04840777944005129,
cic,ton,29,True,logistic,temporal+tcp,9,frozen,0.1,9358,7527,4424,5989,2065,3771,153,5629,360,4934,0.7952979327117957,0.47275058773242146,0.007430275165358213
cic,ton,29,True,logistic,temporal+tcp,9,cap,0.1,9358,7527,920,5989,455,5259,275,5629,360,8438,0.6558426167338232,0.09831160504381278,
cic,ton,29,True,logistic,temporal+tcp,9,random,0.1,9358,7527,920,5989,584,5080,325,5629,360,8438,0.6405546337994785,0.09831160504381278,
cic,ton,29,True,logistic,random10,9,forced,0.0,9358,7527,0,5928,0,5507,421,5507,421,9358,0.6334686898910024,0.0,
cic,ton,29,True,logistic,random10,9,frozen,0.01,9358,7527,941,5928,501,5063,364,5507,421,8417,0.6447665438992515,0.10055567428937807,0.35422371401603336
cic,ton,29,True,logistic,random10,9,cap,0.01,9358,7527,78,5928,44,5467,417,5507,421,9280,0.634051724137931,0.008335114340671083,
cic,ton,29,True,logistic,random10,9,random,0.01,9358,7527,78,5928,51,5458,419,5507,421,9280,0.6332974137931034,0.008335114340671083,
cic,ton,29,True,logistic,random10,9,frozen,0.05,9358,7527,2486,5928,1345,4311,272,5507,421,6872,0.6669091967403958,0.26565505449882454,0.04320409689533933
cic,ton,29,True,logistic,random10,9,cap,0.05,9358,7527,453,5928,224,5327,377,5507,421,8905,0.6405390230207748,0.04840777944005129,
cic,ton,29,True,logistic,random10,9,random,0.05,9358,7527,453,5928,292,5228,408,5507,421,8905,0.6329028635597979,0.04840777944005129,
cic,ton,29,True,logistic,random10,9,frozen,0.1,9358,7527,3595,5928,1897,3818,213,5507,421,5763,0.6994620857192434,0.38416328275272493,0.007430275165358213
cic,ton,29,True,logistic,random10,9,cap,0.1,9358,7527,920,5928,471,5116,341,5507,421,8438,0.6467172315714624,0.09831160504381278,
cic,ton,29,True,logistic,random10,9,random,0.1,9358,7527,920,5928,585,4957,386,5507,421,8438,0.6332069210713439,0.09831160504381278,
cic,cic,29,True,logistic,clean,0,forced,0.0,12192,306,0,319,0,303,16,303,16,12192,0.02616469816272966,0.0,
cic,cic,29,True,logistic,clean,0,frozen,0.01,12192,306,86,319,10,302,7,303,16,12106,0.025524533289278045,0.007053805774278215,0.35422371401603336
cic,cic,29,True,logistic,clean,0,cap,0.01,12192,306,110,319,12,302,5,303,16,12082,0.025409700380731665,0.00902230971128609,
cic,cic,29,True,logistic,clean,0,random,0.01,12192,306,110,319,6,297,16,303,16,12082,0.025906306902830658,0.00902230971128609,
cic,cic,29,True,logistic,clean,0,frozen,0.05,12192,306,586,319,17,300,2,303,16,11606,0.026021023608478373,0.04806430446194226,0.04320409689533933
cic,cic,29,True,logistic,clean,0,cap,0.05,12192,306,599,319,30,287,2,303,16,11593,0.024928836366773052,0.04913057742782152,
cic,cic,29,True,logistic,clean,0,random,0.05,12192,306,599,319,26,279,14,303,16,11593,0.02527387216423704,0.04913057742782152,
cic,cic,29,True,logistic,clean,0,frozen,0.1,12192,306,1195,319,104,214,1,303,16,10997,0.01955078657815768,0.09801509186351706,0.007430275165358213
cic,cic,29,True,logistic,clean,0,cap,0.1,12192,306,1210,319,92,226,1,303,16,10982,0.020670187579675835,0.09924540682414698,
cic,cic,29,True,logistic,clean,0,random,0.1,12192,306,1210,319,46,260,13,303,16,10982,0.02485885995264979,0.09924540682414698,
cic,cic,29,True,logistic,temporal,0,forced,0.0,12192,306,0,328,0,304,24,304,24,12192,0.02690288713910761,0.0,
cic,cic,29,True,logistic,temporal,0,frozen,0.01,12192,306,286,328,16,303,9,304,24,11906,0.02620527465143625,0.02345800524934383,0.35422371401603336
cic,cic,29,True,logistic,temporal,0,cap,0.01,12192,306,110,328,16,303,9,304,24,12082,0.025823539149147492,0.00902230971128609,
cic,cic,29,True,logistic,temporal,0,random,0.01,12192,306,110,328,6,298,24,304,24,12082,0.026651216685979143,0.00902230971128609,
cic,cic,29,True,logistic,temporal,0,frozen,0.05,12192,306,1173,328,45,282,1,304,24,11019,0.025682911334966876,0.09621062992125984,0.04320409689533933
cic,cic,29,True,logistic,temporal,0,cap,0.05,12192,306,599,328,27,297,4,304,24,11593,0.025963943759165012,0.04913057742782152,
cic,cic,29,True,logistic,temporal,0,random,0.05,12192,306,599,328,26,280,22,304,24,11593,0.02605020270853101,0.04913057742782152,
cic,cic,29,True,logistic,temporal,0,frozen,0.1,12192,306,2284,328,55,272,1,304,24,9908,0.027553492127573676,0.18733595800524935,0.007430275165358213
cic,cic,29,True,logistic,temporal,0,cap,0.1,12192,306,1210,328,45,281,2,304,24,10982,0.025769440903296303,0.09924540682414698,
cic,cic,29,True,logistic,temporal,0,random,0.1,12192,306,1210,328,46,261,21,304,24,10982,0.02567838280823165,0.09924540682414698,
cic,cic,29,True,logistic,size,0,forced,0.0,12192,306,0,576,0,304,272,304,272,12192,0.047244094488188976,0.0,
cic,cic,29,True,logistic,size,0,frozen,0.01,12192,306,772,576,265,247,64,304,272,11420,0.02723292469352014,0.06332020997375327,0.35422371401603336
cic,cic,29,True,logistic,size,0,cap,0.01,12192,306,110,576,49,304,223,304,272,12082,0.043618606191027975,0.00902230971128609,
cic,cic,29,True,logistic,size,0,random,0.01,12192,306,110,576,8,298,270,304,272,12082,0.04701208409203774,0.00902230971128609,
cic,cic,29,True,logistic,size,0,frozen,0.05,12192,306,3546,576,399,158,19,304,272,8646,0.020471894517696043,0.29084645669291337,0.04320409689533933
cic,cic,29,True,logistic,size,0,cap,0.05,12192,306,599,576,224,273,79,304,272,11593,0.030363150176830847,0.04913057742782152,
cic,cic,29,True,logistic,size,0,random,0.05,12192,306,599,576,39,280,257,304,272,11593,0.04632105580954024,0.04913057742782152,
cic,cic,29,True,logistic,size,0,frozen,0.1,12192,306,5944,576,426,146,4,304,272,6248,0.024007682458386685,0.48753280839895013,0.007430275165358213
cic,cic,29,True,logistic,size,0,cap,0.1,12192,306,1210,576,330,209,37,304,272,10982,0.022400291385904207,0.09924540682414698,
cic,cic,29,True,logistic,size,0,random,0.1,12192,306,1210,576,72,261,243,304,272,10982,0.045893279912584226,0.09924540682414698,
cic,cic,29,True,logistic,tcp,0,forced,0.0,12192,306,0,354,0,300,54,300,54,12192,0.029035433070866142,0.0,
cic,cic,29,True,logistic,tcp,0,frozen,0.01,12192,306,374,354,30,299,25,300,54,11818,0.027415806397021493,0.030675853018372702,0.35422371401603336
cic,cic,29,True,logistic,tcp,0,cap,0.01,12192,306,110,354,20,300,34,300,54,12082,0.027644429730177122,0.00902230971128609,
cic,cic,29,True,logistic,tcp,0,random,0.01,12192,306,110,354,6,294,54,300,54,12082,0.028803178281741434,0.00902230971128609,
cic,cic,29,True,logistic,tcp,0,frozen,0.05,12192,306,904,354,66,269,19,300,54,11288,0.025513819985825654,0.07414698162729659,0.04320409689533933
cic,cic,29,True,logistic,tcp,0,cap,0.05,12192,306,599,354,38,295,21,300,54,11593,0.027257827999654965,0.04913057742782152,
cic,cic,29,True,logistic,tcp,0,random,0.05,12192,306,599,354,25,276,53,300,54,11593,0.028379194341412922,0.04913057742782152,
cic,cic,29,True,logistic,tcp,0,frozen,0.1,12192,306,1904,354,128,213,13,300,54,10288,0.02196734059097978,0.15616797900262466,0.007430275165358213
cic,cic,29,True,logistic,tcp,0,cap,0.1,12192,306,1210,354,101,236,17,300,54,10982,0.023037698051356765,0.09924540682414698,
cic,cic,29,True,logistic,tcp,0,random,0.1,12192,306,1210,354,45,258,51,300,54,10982,0.028136951374977237,0.09924540682414698,
cic,cic,29,True,logistic,temporal+tcp,0,forced,0.0,12192,306,0,386,0,301,85,301,85,12192,0.03166010498687664,0.0,
cic,cic,29,True,logistic,temporal+tcp,0,frozen,0.01,12192,306,638,386,66,298,22,301,85,11554,0.027696036004846807,0.05232939632545932,0.35422371401603336
cic,cic,29,True,logistic,temporal+tcp,0,cap,0.01,12192,306,110,386,27,301,58,301,85,12082,0.029713623572256247,0.00902230971128609,
cic,cic,29,True,logistic,temporal+tcp,0,random,0.01,12192,306,110,386,6,295,85,301,85,12082,0.031451746399602715,0.00902230971128609,
cic,cic,29,True,logistic,temporal+tcp,0,frozen,0.05,12192,306,1375,386,81,294,11,301,85,10817,0.028196357585282425,0.11277887139107612,0.04320409689533933
cic,cic,29,True,logistic,temporal+tcp,0,cap,0.05,12192,306,599,386,61,297,28,301,85,11593,0.028034158543948934,0.04913057742782152,
cic,cic,29,True,logistic,temporal+tcp,0,random,0.05,12192,306,599,386,26,277,83,301,85,11593,0.03105322177175882,0.04913057742782152,
cic,cic,29,True,logistic,temporal+tcp,0,frozen,0.1,12192,306,3403,386,176,200,10,301,85,8789,0.023893503242689726,0.27911745406824146,0.007430275165358213
cic,cic,29,True,logistic,temporal+tcp,0,cap,0.1,12192,306,1210,386,79,294,13,301,85,10982,0.027954835184847933,0.09924540682414698,
cic,cic,29,True,logistic,temporal+tcp,0,random,0.1,12192,306,1210,386,53,259,74,301,85,10982,0.030322345656528867,0.09924540682414698,
cic,cic,29,True,logistic,random10,0,forced,0.0,12192,306,0,785,0,285,500,285,500,12192,0.06438648293963255,0.0,
cic,cic,29,True,logistic,random10,0,frozen,0.01,12192,306,475,785,210,273,302,285,500,11717,0.04907399504992745,0.03895997375328084,0.35422371401603336
cic,cic,29,True,logistic,random10,0,cap,0.01,12192,306,110,785,67,283,435,285,500,12082,0.059427247144512495,0.00902230971128609,
cic,cic,29,True,logistic,random10,0,random,0.01,12192,306,110,785,8,279,498,285,500,12082,0.06431054461181923,0.00902230971128609,
cic,cic,29,True,logistic,random10,0,frozen,0.05,12192,306,1350,785,393,244,148,285,500,10842,0.036155690831949826,0.11072834645669291,0.04320409689533933
cic,cic,29,True,logistic,random10,0,cap,0.05,12192,306,599,785,245,271,269,285,500,11593,0.04657983265763823,0.04913057742782152,
cic,cic,29,True,logistic,random10,0,random,0.05,12192,306,599,785,43,262,480,285,500,11593,0.06400414042956956,0.04913057742782152,
cic,cic,29,True,logistic,random10,0,frozen,0.1,12192,306,2169,785,502,204,79,285,500,10023,0.028235059363464033,0.1779035433070866,0.007430275165358213
cic,cic,29,True,logistic,random10,0,cap,0.1,12192,306,1210,785,371,252,162,285,500,10982,0.03769805135676561,0.09924540682414698,
cic,cic,29,True,logistic,random10,0,random,0.1,12192,306,1210,785,89,243,453,285,500,10982,0.06337643416499728,0.09924540682414698,
cic,unsw,29,True,forest,clean,0,forced,0.0,10417,1285,0,1751,0,1285,466,1285,466,10417,0.1680906211001248,0.0,
cic,unsw,29,True,forest,clean,0,frozen,0.01,10417,1285,9370,1751,1081,670,0,1285,466,1047,0.6399235912129895,0.899491216281079,0.09811517816334869
cic,unsw,29,True,forest,clean,0,cap,0.01,10417,1285,101,1751,53,1285,413,1285,466,10316,0.16459868165955796,0.009695689737928385,
cic,unsw,29,True,forest,clean,0,random,0.01,10417,1285,101,1751,21,1269,461,1285,466,10316,0.167700659170221,0.009695689737928385,
cic,unsw,29,True,forest,clean,0,frozen,0.05,10417,1285,10274,1751,1744,7,0,1285,466,143,0.04895104895104895,0.986272439281943,0.011696202531645605
cic,unsw,29,True,forest,clean,0,cap,0.05,10417,1285,518,1751,214,1285,252,1285,466,9899,0.1552682089099909,0.04972640875491984,
cic,unsw,29,True,forest,clean,0,random,0.05,10417,1285,518,1751,92,1220,439,1285,466,9899,0.1675926861299121,0.04972640875491984,
cic,unsw,29,True,forest,clean,0,frozen,0.1,10417,1285,10345,1751,1749,2,0,1285,466,72,0.027777777777777776,0.9930882211769223,0.00044943820224718767
cic,unsw,29,True,forest,clean,0,cap,0.1,10417,1285,1040,1751,273,1285,193,1285,466,9377,0.15761970779567025,0.09983680522223289,
cic,unsw,29,True,forest,clean,0,random,0.1,10417,1285,1040,1751,184,1154,413,1285,466,9377,0.16711101631651915,0.09983680522223289,
cic,unsw,29,True,forest,temporal,0,forced,0.0,10417,1285,0,1789,0,1285,504,1285,504,10417,0.17173850436786023,0.0,
cic,unsw,29,True,forest,temporal,0,frozen,0.01,10417,1285,9356,1789,1120,669,0,1285,504,1061,0.6305372290292177,0.8981472592877028,0.09811517816334869
cic,unsw,29,True,forest,temporal,0,cap,0.01,10417,1285,101,1789,7,1285,497,1285,504,10316,0.17274137262504846,0.009695689737928385,
cic,unsw,29,True,forest,temporal,0,random,0.01,10417,1285,101,1789,21,1269,499,1285,504,10316,0.17138425746413338,0.009695689737928385,
cic,unsw,29,True,forest,temporal,0,frozen,0.05,10417,1285,10267,1789,1762,27,0,1285,504,150,0.18,0.9856004607852549,0.011696202531645605
cic,unsw,29,True,forest,temporal,0,cap,0.05,10417,1285,518,1789,14,1285,490,1285,504,9899,0.17931104151934538,0.04972640875491984,
cic,unsw,29,True,forest,temporal,0,random,0.05,10417,1285,518,1789,92,1220,477,1285,504,9899,0.17143145772300233,0.04972640875491984,
cic,unsw,29,True,forest,temporal,0,frozen,0.1,10417,1285,10417,1789,1789,0,0,1285,504,0,,1.0,0.00044943820224718767
cic,unsw,29,True,forest,temporal,0,cap,0.1,10417,1285,1040,1789,62,1285,442,1285,504,9377,0.1841740428708542,0.09983680522223289,
cic,unsw,29,True,forest,temporal,0,random,0.1,10417,1285,1040,1789,185,1154,450,1285,504,9377,0.17105684120720913,0.09983680522223289,
cic,unsw,29,True,forest,size,0,forced,0.0,10417,1285,0,1633,0,1285,348,1285,348,10417,0.15676298358452528,0.0,
cic,unsw,29,True,forest,size,0,frozen,0.01,10417,1285,8881,1633,781,852,0,1285,348,1536,0.5546875,0.8525487184410099,0.09811517816334869
cic,unsw,29,True,forest,size,0,cap,0.01,10417,1285,101,1633,67,1285,281,1285,348,10316,0.1518030244280729,0.009695689737928385,
cic,unsw,29,True,forest,size,0,random,0.01,10417,1285,101,1633,17,1269,347,1285,348,10316,0.1566498642884839,0.009695689737928385,
cic,unsw,29,True,forest,size,0,frozen,0.05,10417,1285,10399,1633,1619,14,0,1285,348,18,0.7777777777777778,0.9982720552942306,0.011696202531645605
cic,unsw,29,True,forest,size,0,cap,0.05,10417,1285,518,1633,212,1285,136,1285,348,9899,0.14354985352055763,0.04972640875491984,
cic,unsw,29,True,forest,size,0,random,0.05,10417,1285,518,1633,80,1220,333,1285,348,9899,0.15688453379129205,0.04972640875491984,
cic,unsw,29,True,forest,size,0,frozen,0.1,10417,1285,10413,1633,1633,0,0,1285,348,4,0.0,0.9996160122876068,0.00044943820224718767
cic,unsw,29,True,forest,size,0,cap,0.1,10417,1285,1040,1633,233,1285,115,1285,348,9377,0.14930148235043192,0.09983680522223289,
cic,unsw,29,True,forest,size,0,random,0.1,10417,1285,1040,1633,162,1154,317,1285,348,9377,0.1568732003839181,0.09983680522223289,
cic,unsw,29,True,forest,tcp,0,forced,0.0,10417,1285,0,2347,0,1285,1062,1285,1062,10417,0.2253047902467121,0.0,
cic,unsw,29,True,forest,tcp,0,frozen,0.01,10417,1285,9622,2347,1750,597,0,1285,1062,795,0.7509433962264151,0.9236824421618508,0.09811517816334869
cic,unsw,29,True,forest,tcp,0,cap,0.01,10417,1285,101,2347,40,1285,1022,1285,1062,10316,0.2236331911593641,0.009695689737928385,
cic,unsw,29,True,forest,tcp,0,random,0.01,10417,1285,101,2347,25,1269,1053,1285,1062,10316,0.2250872431174874,0.009695689737928385,
cic,unsw,29,True,forest,tcp,0,frozen,0.05,10417,1285,10410,2347,2342,5,0,1285,1062,7,0.7142857142857143,0.9993280215033119,0.011696202531645605
cic,unsw,29,True,forest,tcp,0,cap,0.05,10417,1285,518,2347,85,1285,977,1285,1062,9899,0.22850793009394887,0.04972640875491984,
cic,unsw,29,True,forest,tcp,0,random,0.05,10417,1285,518,2347,113,1220,1014,1285,1062,9899,0.2256793615516719,0.04972640875491984,
cic,unsw,29,True,forest,tcp,0,frozen,0.1,10417,1285,10416,2347,2347,0,0,1285,1062,1,0.0,0.9999040030719017,0.00044943820224718767
cic,unsw,29,True,forest,tcp,0,cap,0.1,10417,1285,1040,2347,190,1285,872,1285,1062,9377,0.23003092673562972,0.09983680522223289,
cic,unsw,29,True,forest,tcp,0,random,0.1,10417,1285,1040,2347,244,1154,949,1285,1062,9377,0.22427215527354163,0.09983680522223289,
cic,unsw,29,True,forest,temporal+tcp,0,forced,0.0,10417,1285,0,2650,0,1285,1365,1285,1365,10417,0.25439185946049725,0.0,
cic,unsw,29,True,forest,temporal+tcp,0,frozen,0.01,10417,1285,9663,2650,2020,630,0,1285,1365,754,0.8355437665782494,0.9276183162138811,0.09811517816334869
cic,unsw,29,True,forest,temporal+tcp,0,cap,0.01,10417,1285,101,2650,5,1285,1360,1285,1365,10316,0.25639782861574256,0.009695689737928385,
cic,unsw,29,True,forest,temporal+tcp,0,random,0.01,10417,1285,101,2650,29,1269,1352,1285,1365,10316,0.25407134548274524,0.009695689737928385,
cic,unsw,29,True,forest,temporal+tcp,0,frozen,0.05,10417,1285,10374,2650,2608,42,0,1285,1365,43,0.9767441860465116,0.995872132091773,0.011696202531645605
cic,unsw,29,True,forest,temporal+tcp,0,cap,0.05,10417,1285,518,2650,100,1285,1265,1285,1365,9899,0.25760177795736944,0.04972640875491984,
cic,unsw,29,True,forest,temporal+tcp,0,random,0.05,10417,1285,518,2650,128,1220,1302,1285,1365,9899,0.25477320941509246,0.04972640875491984,
cic,unsw,29,True,forest,temporal+tcp,0,frozen,0.1,10417,1285,10417,2650,2650,0,0,1285,1365,0,,1.0,0.00044943820224718767
cic,unsw,29,True,forest,temporal+tcp,0,cap,0.1,10417,1285,1040,2650,346,1285,1019,1285,1365,9377,0.24570758238242507,0.09983680522223289,
cic,unsw,29,True,forest,temporal+tcp,0,random,0.1,10417,1285,1040,2650,271,1154,1225,1285,1365,9377,0.25370587607976963,0.09983680522223289,
cic,unsw,29,True,forest,random10,0,forced,0.0,10417,1285,0,1758,0,1285,473,1285,473,10417,0.1687625995968129,0.0,
cic,unsw,29,True,forest,random10,0,frozen,0.01,10417,1285,9684,1758,1236,522,0,1285,473,733,0.7121418826739427,0.9296342517039454,0.09811517816334869
cic,unsw,29,True,forest,random10,0,cap,0.01,10417,1285,101,1758,43,1285,430,1285,473,10316,0.16624660721209772,0.009695689737928385,
cic,unsw,29,True,forest,random10,0,random,0.01,10417,1285,101,1758,22,1269,467,1285,473,10316,0.16828227995347034,0.009695689737928385,
cic,unsw,29,True,forest,random10,0,frozen,0.05,10417,1285,10367,1758,1751,7,0,1285,473,50,0.14,0.995200153595085,0.011696202531645605
cic,unsw,29,True,forest,random10,0,cap,0.05,10417,1285,518,1758,195,1285,278,1285,473,9899,0.15789473684210525,0.04972640875491984,
cic,unsw,29,True,forest,random10,0,random,0.05,10417,1285,518,1758,90,1220,448,1285,473,9899,0.168501868875644,0.04972640875491984,
cic,unsw,29,True,forest,random10,0,frozen,0.1,10417,1285,10399,1758,1757,1,0,1285,473,18,0.05555555555555555,0.9982720552942306,0.00044943820224718767
cic,unsw,29,True,forest,random10,0,cap,0.1,10417,1285,1040,1758,299,1284,175,1285,473,9377,0.15559347339234297,0.09983680522223289,
cic,unsw,29,True,forest,random10,0,random,0.1,10417,1285,1040,1758,182,1154,422,1285,473,9377,0.16807081156020048,0.09983680522223289,
cic,ton,29,True,forest,clean,9,forced,0.0,9358,7527,0,6454,0,6385,69,6385,69,9358,0.6896772814703996,0.0,
cic,ton,29,True,forest,clean,9,frozen,0.01,9358,7527,6694,6454,4427,2027,0,6385,69,2664,0.7608858858858859,0.715323787134003,0.09811517816334869
cic,ton,29,True,forest,clean,9,cap,0.01,9358,7527,78,6454,33,6353,68,6385,69,9280,0.6919181034482759,0.008335114340671083,
cic,ton,29,True,forest,clean,9,random,0.01,9358,7527,78,6454,54,6332,68,6385,69,9280,0.6896551724137931,0.008335114340671083,
cic,ton,29,True,forest,clean,9,frozen,0.05,9358,7527,7479,6454,4798,1656,0,6385,69,1879,0.8813198509845662,0.7992092327420389,0.011696202531645605
cic,ton,29,True,forest,clean,9,cap,0.05,9358,7527,453,6454,195,6194,65,6385,69,8905,0.7028635597978664,0.04840777944005129,
cic,ton,29,True,forest,clean,9,random,0.05,9358,7527,453,6454,326,6064,64,6385,69,8905,0.6881527231892195,0.04840777944005129,
cic,ton,29,True,forest,clean,9,frozen,0.1,9358,7527,7552,6454,4807,1647,0,6385,69,1806,0.9119601328903655,0.807010044881385,0.00044943820224718767
cic,ton,29,True,forest,clean,9,cap,0.1,9358,7527,920,6454,430,5966,58,6385,69,8438,0.7139132495852097,0.09831160504381278,
cic,ton,29,True,forest,clean,9,random,0.1,9358,7527,920,6454,641,5755,58,6385,69,8438,0.688907324010429,0.09831160504381278,
cic,ton,29,True,forest,temporal,9,forced,0.0,9358,7527,0,6359,0,6291,68,6291,68,9358,0.6795255396452233,0.0,
cic,ton,29,True,forest,temporal,9,frozen,0.01,9358,7527,6620,6359,4333,2026,0,6291,68,2738,0.7399561723886048,0.707416114554392,0.09811517816334869
cic,ton,29,True,forest,temporal,9,cap,0.01,9358,7527,78,6359,71,6220,68,6291,68,9280,0.6775862068965517,0.008335114340671083,
cic,ton,29,True,forest,temporal,9,random,0.01,9358,7527,78,6359,54,6237,68,6291,68,9280,0.6794181034482759,0.008335114340671083,
cic,ton,29,True,forest,temporal,9,frozen,0.05,9358,7527,7457,6359,4702,1657,0,6291,68,1901,0.8716465018411362,0.7968583030562086,0.011696202531645605
cic,ton,29,True,forest,temporal,9,cap,0.05,9358,7527,453,6359,209,6089,61,6291,68,8905,0.6906232453677709,0.04840777944005129,
cic,ton,29,True,forest,temporal,9,random,0.05,9358,7527,453,6359,317,5978,64,6291,68,8905,0.6784952274003369,0.04840777944005129,
cic,ton,29,True,forest,temporal,9,frozen,0.1,9358,7527,7579,6359,4747,1612,0,6291,68,1779,0.9061270376616076,0.8098952767685403,0.00044943820224718767
cic,ton,29,True,forest,temporal,9,cap,0.1,9358,7527,920,6359,415,5890,54,6291,68,8438,0.7044323299360038,0.09831160504381278,
cic,ton,29,True,forest,temporal,9,random,0.1,9358,7527,920,6359,625,5673,61,6291,68,8438,0.6795449158568381,0.09831160504381278,
cic,ton,29,True,forest,size,9,forced,0.0,9358,7527,0,4493,0,4297,196,4297,196,9358,0.4801239581107074,0.0,
cic,ton,29,True,forest,size,9,frozen,0.01,9358,7527,6350,4493,2411,2082,0,4297,196,3008,0.692154255319149,0.6785637956828382,0.09811517816334869
cic,ton,29,True,forest,size,9,cap,0.01,9358,7527,78,4493,46,4252,195,4297,196,9280,0.47920258620689654,0.008335114340671083,
cic,ton,29,True,forest,size,9,random,0.01,9358,7527,78,4493,37,4261,195,4297,196,9280,0.48017241379310344,0.008335114340671083,
cic,ton,29,True,forest,size,9,frozen,0.05,9358,7527,7388,4493,2811,1682,0,4297,196,1970,0.8538071065989847,0.7894849326779226,0.011696202531645605
cic,ton,29,True,forest,size,9,cap,0.05,9358,7527,453,4493,295,4004,194,4297,196,8905,0.47142055025266705,0.04840777944005129,
cic,ton,29,True,forest,size,9,random,0.05,9358,7527,453,4493,207,4101,185,4297,196,8905,0.48130263896687253,0.04840777944005129,
cic,ton,29,True,forest,size,9,frozen,0.1,9358,7527,7573,4493,2915,1578,0,4297,196,1785,0.8840336134453781,0.8092541141269503,0.00044943820224718767
cic,ton,29,True,forest,size,9,cap,0.1,9358,7527,920,4493,663,3640,190,4297,196,8438,0.45389902820573597,0.09831160504381278,
cic,ton,29,True,forest,size,9,random,0.1,9358,7527,920,4493,431,3887,175,4297,196,8438,0.4813936951884333,0.09831160504381278,
cic,ton,29,True,forest,tcp,9,forced,0.0,9358,7527,0,5717,0,5576,141,5576,141,9358,0.6109211369950844,0.0,
cic,ton,29,True,forest,tcp,9,frozen,0.01,9358,7527,6927,5717,3759,1958,0,5576,141,2431,0.8054298642533937,0.7402222697157512,0.09811517816334869
cic,ton,29,True,forest,tcp,9,cap,0.01,9358,7527,78,5717,31,5546,140,5576,141,9280,0.6127155172413793,0.008335114340671083,
cic,ton,29,True,forest,tcp,9,random,0.01,9358,7527,78,5717,48,5529,140,5576,141,9280,0.6108836206896552,0.008335114340671083,
cic,ton,29,True,forest,tcp,9,frozen,0.05,9358,7527,7460,5717,4061,1656,0,5576,141,1898,0.8724973656480506,0.7971788843770037,0.011696202531645605
cic,ton,29,True,forest,tcp,9,cap,0.05,9358,7527,453,5717,180,5419,118,5576,141,8905,0.6217855137563166,0.04840777944005129,
cic,ton,29,True,forest,tcp,9,random,0.05,9358,7527,453,5717,281,5303,133,5576,141,8905,0.6104435710275127,0.04840777944005129,
cic,ton,29,True,forest,tcp,9,frozen,0.1,9358,7527,7647,5717,4180,1537,0,5576,141,1711,0.8983050847457628,0.8171617867065613,0.00044943820224718767
cic,ton,29,True,forest,tcp,9,cap,0.1,9358,7527,920,5717,347,5268,102,5576,141,8438,0.6364067314529509,0.09831160504381278,
cic,ton,29,True,forest,tcp,9,random,0.1,9358,7527,920,5717,559,5033,125,5576,141,8438,0.6112822943825551,0.09831160504381278,
cic,ton,29,True,forest,temporal+tcp,9,forced,0.0,9358,7527,0,5708,0,5567,141,5567,141,9358,0.6099593930326993,0.0,
cic,ton,29,True,forest,temporal+tcp,9,frozen,0.01,9358,7527,6956,5708,3759,1949,0,5567,141,2402,0.8114071606994172,0.7433212224834367,0.09811517816334869
cic,ton,29,True,forest,temporal+tcp,9,cap,0.01,9358,7527,78,5708,47,5522,139,5567,141,9280,0.610021551724138,0.008335114340671083,
cic,ton,29,True,forest,temporal+tcp,9,random,0.01,9358,7527,78,5708,49,5519,140,5567,141,9280,0.6098060344827586,0.008335114340671083,
cic,ton,29,True,forest,temporal+tcp,9,frozen,0.05,9358,7527,9237,5708,5701,7,0,5567,141,121,0.05785123966942149,0.9870698867279333,0.011696202531645605
cic,ton,29,True,forest,temporal+tcp,9,cap,0.05,9358,7527,453,5708,198,5393,117,5567,141,8905,0.6187535092644582,0.04840777944005129,
cic,ton,29,True,forest,temporal+tcp,9,random,0.05,9358,7527,453,5708,286,5290,132,5567,141,8905,0.6088714205502527,0.04840777944005129,
cic,ton,29,True,forest,temporal+tcp,9,frozen,0.1,9358,7527,9307,5708,5708,0,0,5567,141,51,0.0,0.9945501175464843,0.00044943820224718767
cic,ton,29,True,forest,temporal+tcp,9,cap,0.1,9358,7527,920,5708,391,5219,98,5567,141,8438,0.630125622185352,0.09831160504381278,
cic,ton,29,True,forest,temporal+tcp,9,random,0.1,9358,7527,920,5708,568,5017,123,5567,141,8438,0.6091490874614838,0.09831160504381278,
cic,ton,29,True,forest,random10,9,forced,0.0,9358,7527,0,6562,0,6494,68,6494,68,9358,0.7012182090190212,0.0,
cic,ton,29,True,forest,random10,9,frozen,0.01,9358,7527,7698,6562,5267,1295,0,6494,68,1660,0.7801204819277109,0.8226116691600769,0.09811517816334869
cic,ton,29,True,forest,random10,9,cap,0.01,9358,7527,78,6562,42,6455,65,6494,68,9280,0.7025862068965517,0.008335114340671083,
cic,ton,29,True,forest,random10,9,random,0.01,9358,7527,78,6562,54,6441,67,6494,68,9280,0.7012931034482759,0.008335114340671083,
cic,ton,29,True,forest,random10,9,frozen,0.05,9358,7527,8836,6562,6108,454,0,6494,68,522,0.8697318007662835,0.9442188501816627,0.011696202531645605
cic,ton,29,True,forest,random10,9,cap,0.05,9358,7527,453,6562,229,6277,56,6494,68,8905,0.7111734980348119,0.04840777944005129,
cic,ton,29,True,forest,random10,9,random,0.05,9358,7527,453,6562,325,6174,63,6494,68,8905,0.700393037619315,0.04840777944005129,
cic,ton,29,True,forest,random10,9,frozen,0.1,9358,7527,8999,6562,6246,316,0,6494,68,359,0.8802228412256268,0.96163710194486,0.00044943820224718767
cic,ton,29,True,forest,random10,9,cap,0.1,9358,7527,920,6562,465,6053,44,6494,68,8438,0.7225645887651102,0.09831160504381278,
cic,ton,29,True,forest,random10,9,random,0.1,9358,7527,920,6562,655,5847,60,6494,68,8438,0.700047404598246,0.09831160504381278,
cic,cic,29,True,forest,clean,0,forced,0.0,12192,306,0,306,0,306,0,306,0,12192,0.025098425196850394,0.0,
cic,cic,29,True,forest,clean,0,frozen,0.01,12192,306,185,306,8,298,0,306,0,12007,0.024818855667527277,0.015173884514435696,0.09811517816334869
cic,cic,29,True,forest,clean,0,cap,0.01,12192,306,110,306,23,283,0,306,0,12082,0.023423274292335705,0.00902230971128609,
cic,cic,29,True,forest,clean,0,random,0.01,12192,306,110,306,6,300,0,306,0,12082,0.02483032610494951,0.00902230971128609,
cic,cic,29,True,forest,clean,0,frozen,0.05,12192,306,668,306,121,185,0,306,0,11524,0.016053453661922942,0.05479002624671916,0.011696202531645605
cic,cic,29,True,forest,clean,0,cap,0.05,12192,306,599,306,100,206,0,306,0,11593,0.017769343569395326,0.04913057742782152,
cic,cic,29,True,forest,clean,0,random,0.05,12192,306,599,306,24,282,0,306,0,11593,0.024325023721211075,0.04913057742782152,
cic,cic,29,True,forest,clean,0,frozen,0.1,12192,306,1304,306,131,175,0,306,0,10888,0.016072740631888318,0.10695538057742782,0.00044943820224718767
cic,cic,29,True,forest,clean,0,cap,0.1,12192,306,1210,306,131,175,0,306,0,10982,0.015935166636313967,0.09924540682414698,
cic,cic,29,True,forest,clean,0,random,0.1,12192,306,1210,306,43,263,0,306,0,10982,0.02394827900200328,0.09924540682414698,
cic,cic,29,True,forest,temporal,0,forced,0.0,12192,306,0,306,0,306,0,306,0,12192,0.025098425196850394,0.0,
cic,cic,29,True,forest,temporal,0,frozen,0.01,12192,306,194,306,11,295,0,306,0,11998,0.024587431238539757,0.01591207349081365,0.09811517816334869
cic,cic,29,True,forest,temporal,0,cap,0.01,12192,306,110,306,9,297,0,306,0,12082,0.024582022843900018,0.00902230971128609,
cic,cic,29,True,forest,temporal,0,random,0.01,12192,306,110,306,6,300,0,306,0,12082,0.02483032610494951,0.00902230971128609,
cic,cic,29,True,forest,temporal,0,frozen,0.05,12192,306,654,306,118,188,0,306,0,11538,0.016293985092737044,0.05364173228346457,0.011696202531645605
cic,cic,29,True,forest,temporal,0,cap,0.05,12192,306,599,306,92,214,0,306,0,11593,0.018459415164323298,0.04913057742782152,
cic,cic,29,True,forest,temporal,0,random,0.05,12192,306,599,306,24,282,0,306,0,11593,0.024325023721211075,0.04913057742782152,
cic,cic,29,True,forest,temporal,0,frozen,0.1,12192,306,1438,306,133,173,0,306,0,10754,0.016087037381439465,0.11794619422572178,0.00044943820224718767
cic,cic,29,True,forest,temporal,0,cap,0.1,12192,306,1210,306,122,184,0,306,0,10982,0.01675468949189583,0.09924540682414698,
cic,cic,29,True,forest,temporal,0,random,0.1,12192,306,1210,306,43,263,0,306,0,10982,0.02394827900200328,0.09924540682414698,
cic,cic,29,True,forest,size,0,forced,0.0,12192,306,0,306,0,306,0,306,0,12192,0.025098425196850394,0.0,
cic,cic,29,True,forest,size,0,frozen,0.01,12192,306,267,306,110,196,0,306,0,11925,0.016436058700209644,0.021899606299212598,0.09811517816334869
cic,cic,29,True,forest,size,0,cap,0.01,12192,306,110,306,23,283,0,306,0,12082,0.023423274292335705,0.00902230971128609,
cic,cic,29,True,forest,size,0,random,0.01,12192,306,110,306,6,300,0,306,0,12082,0.02483032610494951,0.00902230971128609,
cic,cic,29,True,forest,size,0,frozen,0.05,12192,306,1574,306,132,174,0,306,0,10618,0.016387266905255226,0.12910104986876642,0.011696202531645605
cic,cic,29,True,forest,size,0,cap,0.05,12192,306,599,306,110,196,0,306,0,11593,0.01690675407573536,0.04913057742782152,
cic,cic,29,True,forest,size,0,random,0.05,12192,306,599,306,24,282,0,306,0,11593,0.024325023721211075,0.04913057742782152,
cic,cic,29,True,forest,size,0,frozen,0.1,12192,306,3309,306,147,159,0,306,0,8883,0.01789935832489024,0.27140748031496065,0.00044943820224718767
cic,cic,29,True,forest,size,0,cap,0.1,12192,306,1210,306,124,182,0,306,0,10982,0.01657257330176653,0.09924540682414698,
cic,cic,29,True,forest,size,0,random,0.1,12192,306,1210,306,43,263,0,306,0,10982,0.02394827900200328,0.09924540682414698,
cic,cic,29,True,forest,tcp,0,forced,0.0,12192,306,0,306,0,306,0,306,0,12192,0.025098425196850394,0.0,
cic,cic,29,True,forest,tcp,0,frozen,0.01,12192,306,218,306,9,297,0,306,0,11974,0.024803741439786205,0.017880577427821523,0.09811517816334869
cic,cic,29,True,forest,tcp,0,cap,0.01,12192,306,110,306,5,301,0,306,0,12082,0.024913093858632676,0.00902230971128609,
cic,cic,29,True,forest,tcp,0,random,0.01,12192,306,110,306,6,300,0,306,0,12082,0.02483032610494951,0.00902230971128609,
cic,cic,29,True,forest,tcp,0,frozen,0.05,12192,306,906,306,94,212,0,306,0,11286,0.018784334573808258,0.07431102362204725,0.011696202531645605
cic,cic,29,True,forest,tcp,0,cap,0.05,12192,306,599,306,65,241,0,306,0,11593,0.02078840679720521,0.04913057742782152,
cic,cic,29,True,forest,tcp,0,random,0.05,12192,306,599,306,24,282,0,306,0,11593,0.024325023721211075,0.04913057742782152,
cic,cic,29,True,forest,tcp,0,frozen,0.1,12192,306,1981,306,145,161,0,306,0,10211,0.015767309763980022,0.16248359580052493,0.00044943820224718767
cic,cic,29,True,forest,tcp,0,cap,0.1,12192,306,1210,306,101,205,0,306,0,10982,0.018666909488253506,0.09924540682414698,
cic,cic,29,True,forest,tcp,0,random,0.1,12192,306,1210,306,43,263,0,306,0,10982,0.02394827900200328,0.09924540682414698,
cic,cic,29,True,forest,temporal+tcp,0,forced,0.0,12192,306,0,307,0,306,1,306,1,12192,0.02518044619422572,0.0,
cic,cic,29,True,forest,temporal+tcp,0,frozen,0.01,12192,306,339,307,15,292,0,306,1,11853,0.024635113473382268,0.02780511811023622,0.09811517816334869
cic,cic,29,True,forest,temporal+tcp,0,cap,0.01,12192,306,110,307,6,301,0,306,1,12082,0.024913093858632676,0.00902230971128609,
cic,cic,29,True,forest,temporal+tcp,0,random,0.01,12192,306,110,307,6,300,1,306,1,12082,0.024913093858632676,0.00902230971128609,
cic,cic,29,True,forest,temporal+tcp,0,frozen,0.05,12192,306,10190,307,283,24,0,306,1,2002,0.011988011988011988,0.8357939632545932,0.011696202531645605
cic,cic,29,True,forest,temporal+tcp,0,cap,0.05,12192,306,599,307,14,293,0,306,1,11593,0.02527387216423704,0.04913057742782152,
cic,cic,29,True,forest,temporal+tcp,0,random,0.05,12192,306,599,307,24,282,1,306,1,11593,0.024411282670577072,0.04913057742782152,
cic,cic,29,True,forest,temporal+tcp,0,frozen,0.1,12192,306,11453,307,303,4,0,306,1,739,0.005412719891745603,0.9393864829396326,0.00044943820224718767
cic,cic,29,True,forest,temporal+tcp,0,cap,0.1,12192,306,1210,307,28,279,0,306,1,10982,0.0254052085230377,0.09924540682414698,
cic,cic,29,True,forest,temporal+tcp,0,random,0.1,12192,306,1210,307,43,263,1,306,1,10982,0.02403933709706793,0.09924540682414698,
cic,cic,29,True,forest,random10,0,forced,0.0,12192,306,0,306,0,306,0,306,0,12192,0.025098425196850394,0.0,
cic,cic,29,True,forest,random10,0,frozen,0.01,12192,306,2867,306,92,214,0,306,0,9325,0.022949061662198393,0.2351541994750656,0.09811517816334869
cic,cic,29,True,forest,random10,0,cap,0.01,12192,306,110,306,12,294,0,306,0,12082,0.02433371958285052,0.00902230971128609,
cic,cic,29,True,forest,random10,0,random,0.01,12192,306,110,306,6,300,0,306,0,12082,0.02483032610494951,0.00902230971128609,
cic,cic,29,True,forest,random10,0,frozen,0.05,12192,306,7598,306,237,69,0,306,0,4594,0.015019590770570308,0.6231955380577427,0.011696202531645605
cic,cic,29,True,forest,random10,0,cap,0.05,12192,306,599,306,37,269,0,306,0,11593,0.023203657379453117,0.04913057742782152,
cic,cic,29,True,forest,random10,0,random,0.05,12192,306,599,306,24,282,0,306,0,11593,0.024325023721211075,0.04913057742782152,
cic,cic,29,True,forest,random10,0,frozen,0.1,12192,306,8592,306,255,51,0,306,0,3600,0.014166666666666666,0.7047244094488189,0.00044943820224718767
cic,cic,29,True,forest,random10,0,cap,0.1,12192,306,1210,306,45,261,0,306,0,10982,0.023766162811873975,0.09924540682414698,
cic,cic,29,True,forest,random10,0,random,0.1,12192,306,1210,306,43,263,0,306,0,10982,0.02394827900200328,0.09924540682414698,
cic,unsw,43,False,logistic,clean,0,forced,0.0,10417,1285,0,1912,0,1178,734,1178,734,10417,0.18354612652395125,0.0,
cic,unsw,43,False,logistic,clean,0,frozen,0.01,10417,1285,763,1912,344,1116,452,1178,734,9654,0.16241972239486224,0.07324565613900355,0.2284948019553562
cic,unsw,43,False,logistic,clean,0,cap,0.01,10417,1285,101,1912,53,1178,681,1178,734,10316,0.18020550601008142,0.009695689737928385,
cic,unsw,43,False,logistic,clean,0,random,0.01,10417,1285,101,1912,26,1160,726,1178,734,10316,0.18282279953470337,0.009695689737928385,
cic,unsw,43,False,logistic,clean,0,frozen,0.05,10417,1285,1639,1912,609,1000,303,1178,734,8778,0.1484392800182274,0.1573389651531151,0.033812694573669755
cic,unsw,43,False,logistic,clean,0,cap,0.05,10417,1285,518,1912,263,1143,506,1178,734,9899,0.1665824830790989,0.04972640875491984,
cic,unsw,43,False,logistic,clean,0,random,0.05,10417,1285,518,1912,107,1110,695,1178,734,9899,0.18234165067178504,0.04972640875491984,
cic,unsw,43,False,logistic,clean,0,frozen,0.1,10417,1285,2047,1912,724,942,246,1178,734,8370,0.14193548387096774,0.19650571181722185,0.01168527833816524
cic,unsw,43,False,logistic,clean,0,cap,0.1,10417,1285,1040,1912,424,1072,416,1178,734,9377,0.1586861469553162,0.09983680522223289,
cic,unsw,43,False,logistic,clean,0,random,0.1,10417,1285,1040,1912,196,1054,662,1178,734,9377,0.1830009597952437,0.09983680522223289,
cic,unsw,43,False,logistic,temporal,0,forced,0.0,10417,1285,0,2001,0,1172,829,1172,829,10417,0.1920898531247,0.0,
cic,unsw,43,False,logistic,temporal,0,frozen,0.01,10417,1285,892,2001,410,1099,492,1172,829,9525,0.16703412073490814,0.08562925986368436,0.2284948019553562
cic,unsw,43,False,logistic,temporal,0,cap,0.01,10417,1285,101,2001,42,1167,792,1172,829,10316,0.18989918573090345,0.009695689737928385,
cic,unsw,43,False,logistic,temporal,0,random,0.01,10417,1285,101,2001,28,1154,819,1172,829,10316,0.19125630089181853,0.009695689737928385,
cic,unsw,43,False,logistic,temporal,0,frozen,0.05,10417,1285,1655,2001,699,968,334,1172,829,8762,0.14859621091075098,0.1588749160026879,0.033812694573669755
cic,unsw,43,False,logistic,temporal,0,cap,0.05,10417,1285,518,2001,260,1139,602,1172,829,9899,0.17587635114658046,0.04972640875491984,
cic,unsw,43,False,logistic,temporal,0,random,0.05,10417,1285,518,2001,111,1104,786,1172,829,9899,0.19092837660369735,0.04972640875491984,
cic,unsw,43,False,logistic,temporal,0,frozen,0.1,10417,1285,2209,2001,833,910,258,1172,829,8208,0.14230019493177387,0.21205721416914658,0.01168527833816524
cic,unsw,43,False,logistic,temporal,0,cap,0.1,10417,1285,1040,2001,472,1073,456,1172,829,9377,0.16305854750986457,0.09983680522223289,
cic,unsw,43,False,logistic,temporal,0,random,0.1,10417,1285,1040,2001,201,1049,751,1172,829,9377,0.1919590487362696,0.09983680522223289,
cic,unsw,43,False,logistic,size,0,forced,0.0,10417,1285,0,1625,0,1237,388,1237,388,10417,0.15599500815973888,0.0,
cic,unsw,43,False,logistic,size,0,frozen,0.01,10417,1285,1594,1625,169,1200,256,1237,388,8823,0.16502323472741698,0.15301910338869157,0.2284948019553562
cic,unsw,43,False,logistic,size,0,cap,0.01,10417,1285,101,1625,31,1228,366,1237,388,10316,0.15451725474990308,0.009695689737928385,
cic,unsw,43,False,logistic,size,0,random,0.01,10417,1285,101,1625,20,1218,387,1237,388,10316,0.15558355951919348,0.009695689737928385,
cic,unsw,43,False,logistic,size,0,frozen,0.05,10417,1285,7904,1625,645,980,0,1237,388,2513,0.38997214484679665,0.7587597196889699,0.033812694573669755
cic,unsw,43,False,logistic,size,0,cap,0.05,10417,1285,518,1625,79,1206,340,1237,388,9899,0.1561773916557228,0.04972640875491984,
cic,unsw,43,False,logistic,size,0,random,0.05,10417,1285,518,1625,93,1163,369,1237,388,9899,0.1547631073845843,0.04972640875491984,
cic,unsw,43,False,logistic,size,0,frozen,0.1,10417,1285,9042,1625,805,820,0,1237,388,1375,0.5963636363636363,0.8680042238648363,0.01168527833816524
cic,unsw,43,False,logistic,size,0,cap,0.1,10417,1285,1040,1625,125,1203,297,1237,388,9377,0.15996587394689132,0.09983680522223289,
cic,unsw,43,False,logistic,size,0,random,0.1,10417,1285,1040,1625,173,1107,345,1237,388,9377,0.1548469659805908,0.09983680522223289,
cic,unsw,43,False,logistic,tcp,0,forced,0.0,10417,1285,0,1857,0,1243,614,1243,614,10417,0.1782662954785447,0.0,
cic,unsw,43,False,logistic,tcp,0,frozen,0.01,10417,1285,750,1857,293,1171,393,1243,614,9667,0.16178752456811835,0.07199769607372564,0.2284948019553562
cic,unsw,43,False,logistic,tcp,0,cap,0.01,10417,1285,101,1857,49,1231,577,1243,614,10316,0.1752617293524622,0.009695689737928385,
cic,unsw,43,False,logistic,tcp,0,random,0.01,10417,1285,101,1857,26,1225,606,1243,614,10316,0.17749127568825127,0.009695689737928385,
cic,unsw,43,False,logistic,tcp,0,frozen,0.05,10417,1285,1374,1857,485,1108,264,1243,614,9043,0.15171956209222603,0.1318997792070654,0.033812694573669755
cic,unsw,43,False,logistic,tcp,0,cap,0.05,10417,1285,518,1857,212,1183,462,1243,614,9899,0.1661784018587736,0.04972640875491984,
cic,unsw,43,False,logistic,tcp,0,random,0.05,10417,1285,518,1857,109,1169,579,1243,614,9899,0.1765834932821497,0.04972640875491984,
cic,unsw,43,False,logistic,tcp,0,frozen,0.1,10417,1285,1640,1857,623,1035,199,1243,614,8777,0.14059473624245186,0.1574349620812134,0.01168527833816524
cic,unsw,43,False,logistic,tcp,0,cap,0.1,10417,1285,1040,1857,377,1152,328,1243,614,9377,0.15783299562759945,0.09983680522223289,
cic,unsw,43,False,logistic,tcp,0,random,0.1,10417,1285,1040,1857,196,1111,550,1243,614,9377,0.177135544417191,0.09983680522223289,
cic,unsw,43,False,logistic,temporal+tcp,0,forced,0.0,10417,1285,0,1986,0,1243,743,1243,743,10417,0.1906498992032255,0.0,
cic,unsw,43,False,logistic,temporal+tcp,0,frozen,0.01,10417,1285,836,1986,413,1179,394,1243,743,9581,0.16417910447761194,0.08025343189017951,0.2284948019553562
cic,unsw,43,False,logistic,temporal+tcp,0,cap,0.01,10417,1285,101,1986,58,1239,689,1243,743,10316,0.1868941450174486,0.009695689737928385,
cic,unsw,43,False,logistic,temporal+tcp,0,random,0.01,10417,1285,101,1986,27,1225,734,1243,743,10316,0.18989918573090345,0.009695689737928385,
cic,unsw,43,False,logistic,temporal+tcp,0,frozen,0.05,10417,1285,1471,1986,637,1091,258,1243,743,8946,0.15079365079365079,0.14121148123260055,0.033812694573669755
cic,unsw,43,False,logistic,temporal+tcp,0,cap,0.05,10417,1285,518,1986,260,1216,510,1243,743,9899,0.17436104657036064,0.04972640875491984,
cic,unsw,43,False,logistic,temporal+tcp,0,random,0.05,10417,1285,518,1986,115,1170,701,1243,743,9899,0.18900899080715225,0.04972640875491984,
cic,unsw,43,False,logistic,temporal+tcp,0,frozen,0.1,10417,1285,1766,1986,780,1014,192,1243,743,8651,0.13940584903479367,0.16953057502159932,0.01168527833816524
cic,unsw,43,False,logistic,temporal+tcp,0,cap,0.1,10417,1285,1040,1986,471,1166,349,1243,743,9377,0.16156553268636023,0.09983680522223289,
cic,unsw,43,False,logistic,temporal+tcp,0,random,0.1,10417,1285,1040,1986,206,1113,667,1243,743,9377,0.18982617041697772,0.09983680522223289,
cic,unsw,43,False,logistic,random10,0,forced,0.0,10417,1285,0,2841,0,1107,1734,1107,1734,10417,0.2727272727272727,0.0,
cic,unsw,43,False,logistic,random10,0,frozen,0.01,10417,1285,1048,2841,462,1042,1337,1107,1734,9369,0.25392251040666025,0.10060478064701929,0.2284948019553562
cic,unsw,43,False,logistic,random10,0,cap,0.01,10417,1285,101,2841,47,1103,1691,1107,1734,10316,0.27084141139976736,0.009695689737928385,
cic,unsw,43,False,logistic,random10,0,random,0.01,10417,1285,101,2841,38,1089,1714,1107,1734,10316,0.2717138425746413,0.009695689737928385,
cic,unsw,43,False,logistic,random10,0,frozen,0.05,10417,1285,2081,2841,890,939,1012,1107,1734,8336,0.2340451055662188,0.19976960737256408,0.033812694573669755
cic,unsw,43,False,logistic,random10,0,cap,0.05,10417,1285,518,2841,233,1076,1532,1107,1734,9899,0.26346095565208605,0.04972640875491984,
cic,unsw,43,False,logistic,random10,0,random,0.05,10417,1285,518,2841,143,1042,1656,1107,1734,9899,0.272552783109405,0.04972640875491984,
cic,unsw,43,False,logistic,random10,0,frozen,0.1,10417,1285,2629,2841,1115,887,839,1107,1734,7788,0.22162300975860297,0.25237592397043296,0.01168527833816524
cic,unsw,43,False,logistic,random10,0,cap,0.1,10417,1285,1040,2841,458,1043,1340,1107,1734,9377,0.25413245174362803,0.09983680522223289,
cic,unsw,43,False,logistic,random10,0,random,0.1,10417,1285,1040,2841,284,986,1571,1107,1734,9377,0.2726884931214674,0.09983680522223289,
cic,ton,43,False,logistic,clean,9,forced,0.0,9358,7527,0,5925,0,5597,328,5597,328,9358,0.6331481085702073,0.0,
cic,ton,43,False,logistic,clean,9,frozen,0.01,9358,7527,1409,5925,872,4807,246,5597,328,7949,0.6356774437036106,0.15056636033340456,0.2284948019553562
cic,ton,43,False,logistic,clean,9,cap,0.01,9358,7527,78,5925,45,5555,325,5597,328,9280,0.6336206896551724,0.008335114340671083,
cic,ton,43,False,logistic,clean,9,random,0.01,9358,7527,78,5925,53,5547,325,5597,328,9280,0.6327586206896552,0.008335114340671083,
cic,ton,43,False,logistic,clean,9,frozen,0.05,9358,7527,3556,5925,2021,3731,173,5597,328,5802,0.6728714236470182,0.3799957255823894,0.033812694573669755
cic,ton,43,False,logistic,clean,9,cap,0.05,9358,7527,453,5925,286,5345,294,5597,328,8905,0.6332397529477821,0.04840777944005129,
cic,ton,43,False,logistic,clean,9,random,0.05,9358,7527,453,5925,284,5330,311,5597,328,8905,0.633464345873105,0.04840777944005129,
cic,ton,43,False,logistic,clean,9,frozen,0.1,9358,7527,4677,5925,2592,3196,137,5597,328,4681,0.7120273445844905,0.49978627911947,0.01168527833816524
cic,ton,43,False,logistic,clean,9,cap,0.1,9358,7527,920,5925,575,5087,263,5597,328,8438,0.6340365015406494,0.09831160504381278,
cic,ton,43,False,logistic,clean,9,random,0.1,9358,7527,920,5925,583,5046,296,5597,328,8438,0.6330884095757289,0.09831160504381278,
cic,ton,43,False,logistic,temporal,9,forced,0.0,9358,7527,0,5616,0,5256,360,5256,360,9358,0.600128232528318,0.0,
cic,ton,43,False,logistic,temporal,9,frozen,0.01,9358,7527,1803,5616,1040,4299,277,5256,360,7555,0.6056915949702184,0.19266937379782004,0.2284948019553562
cic,ton,43,False,logistic,temporal,9,cap,0.01,9358,7527,78,5616,40,5219,357,5256,360,9280,0.6008620689655172,0.008335114340671083,
cic,ton,43,False,logistic,temporal,9,random,0.01,9358,7527,78,5616,50,5209,357,5256,360,9280,0.5997844827586207,0.008335114340671083,
cic,ton,43,False,logistic,temporal,9,frozen,0.05,9358,7527,3691,5616,2092,3325,199,5256,360,5667,0.6218457737780131,0.3944218850181663,0.033812694573669755
cic,ton,43,False,logistic,temporal,9,cap,0.05,9358,7527,453,5616,201,5089,326,5256,360,8905,0.6080853453116227,0.04840777944005129,
cic,ton,43,False,logistic,temporal,9,random,0.05,9358,7527,453,5616,266,5007,343,5256,360,8905,0.60078607523863,0.04840777944005129,
cic,ton,43,False,logistic,temporal,9,frozen,0.1,9358,7527,4456,5616,2295,3166,155,5256,360,4902,0.6774785801713586,0.4761701218209019,0.01168527833816524
cic,ton,43,False,logistic,temporal,9,cap,0.1,9358,7527,920,5616,443,4880,293,5256,360,8438,0.6130599668167812,0.09831160504381278,
cic,ton,43,False,logistic,temporal,9,random,0.1,9358,7527,920,5616,550,4739,327,5256,360,8438,0.6003792367859683,0.09831160504381278,
cic,ton,43,False,logistic,size,9,forced,0.0,9358,7527,0,7438,0,7108,330,7108,330,9358,0.7948279546911733,0.0,
cic,ton,43,False,logistic,size,9,frozen,0.01,9358,7527,5581,7438,4654,2626,158,7108,330,3777,0.7370929308975377,0.5963881171190425,0.2284948019553562
cic,ton,43,False,logistic,size,9,cap,0.01,9358,7527,78,7438,44,7072,322,7108,330,9280,0.7967672413793103,0.008335114340671083,
cic,ton,43,False,logistic,size,9,random,0.01,9358,7527,78,7438,66,7044,328,7108,330,9280,0.7943965517241379,0.008335114340671083,
cic,ton,43,False,logistic,size,9,frozen,0.05,9358,7527,6459,7438,5334,2064,40,7108,330,2899,0.7257675060365644,0.6902115836717247,0.033812694573669755
cic,ton,43,False,logistic,size,9,cap,0.05,9358,7527,453,7438,252,6905,281,7108,330,8905,0.8069623806850085,0.04840777944005129,
cic,ton,43,False,logistic,size,9,random,0.05,9358,7527,453,7438,363,6760,315,7108,330,8905,0.7944974733295901,0.04840777944005129,
cic,ton,43,False,logistic,size,9,frozen,0.1,9358,7527,6829,7438,5630,1781,27,7108,330,2529,0.7149070778964017,0.7297499465697799,0.01168527833816524
cic,ton,43,False,logistic,size,9,cap,0.1,9358,7527,920,7438,571,6618,249,7108,330,8438,0.8138184403887178,0.09831160504381278,
cic,ton,43,False,logistic,size,9,random,0.1,9358,7527,920,7438,741,6404,293,7108,330,8438,0.7936714861341551,0.09831160504381278,
cic,ton,43,False,logistic,tcp,9,forced,0.0,9358,7527,0,6429,0,6189,240,6189,240,9358,0.6870057704637743,0.0,
cic,ton,43,False,logistic,tcp,9,frozen,0.01,9358,7527,1427,6429,616,5631,182,6189,240,7931,0.7329466649855,0.15248984825817483,0.2284948019553562
cic,ton,43,False,logistic,tcp,9,cap,0.01,9358,7527,78,6429,46,6146,237,6189,240,9280,0.6878232758620689,0.008335114340671083,
cic,ton,43,False,logistic,tcp,9,random,0.01,9358,7527,78,6429,62,6129,238,6189,240,9280,0.6860991379310345,0.008335114340671083,
cic,ton,43,False,logistic,tcp,9,frozen,0.05,9358,7527,2845,6429,1327,4967,135,6189,240,6513,0.7833563641946876,0.3040179525539645,0.033812694573669755
cic,ton,43,False,logistic,tcp,9,cap,0.05,9358,7527,453,6429,250,5958,221,6189,240,8905,0.6938798427849523,0.04840777944005129,
cic,ton,43,False,logistic,tcp,9,random,0.05,9358,7527,453,6429,309,5889,231,6189,240,8905,0.6872543514879281,0.04840777944005129,
cic,ton,43,False,logistic,tcp,9,frozen,0.1,9358,7527,3624,6429,1940,4363,126,6189,240,5734,0.7828740844087897,0.38726223552041034,0.01168527833816524
cic,ton,43,False,logistic,tcp,9,cap,0.1,9358,7527,920,6429,444,5786,199,6189,240,8438,0.7092913012562219,0.09831160504381278,
cic,ton,43,False,logistic,tcp,9,random,0.1,9358,7527,920,6429,636,5576,217,6189,240,8438,0.6865370940981275,0.09831160504381278,
cic,ton,43,False,logistic,temporal+tcp,9,forced,0.0,9358,7527,0,6205,0,5920,285,5920,285,9358,0.6630690318444112,0.0,
cic,ton,43,False,logistic,temporal+tcp,9,frozen,0.01,9358,7527,1421,6205,541,5463,201,5920,285,7937,0.7136197555751543,0.15184868561658474,0.2284948019553562
cic,ton,43,False,logistic,temporal+tcp,9,cap,0.01,9358,7527,78,6205,37,5889,279,5920,285,9280,0.6646551724137931,0.008335114340671083,
cic,ton,43,False,logistic,temporal+tcp,9,random,0.01,9358,7527,78,6205,59,5864,282,5920,285,9280,0.6622844827586207,0.008335114340671083,
cic,ton,43,False,logistic,temporal+tcp,9,frozen,0.05,9358,7527,3584,6205,1810,4253,142,5920,285,5774,0.7611707655005195,0.3829878179098098,0.033812694573669755
cic,ton,43,False,logistic,temporal+tcp,9,cap,0.05,9358,7527,453,6205,205,5758,242,5920,285,8905,0.673778775968557,0.04840777944005129,
cic,ton,43,False,logistic,temporal+tcp,9,random,0.05,9358,7527,453,6205,301,5632,272,5920,285,8905,0.6629983155530601,0.04840777944005129,
cic,ton,43,False,logistic,temporal+tcp,9,frozen,0.1,9358,7527,4444,6205,2488,3591,126,5920,285,4914,0.7564102564102564,0.47488779653772173,0.01168527833816524
cic,ton,43,False,logistic,temporal+tcp,9,cap,0.1,9358,7527,920,6205,338,5653,214,5920,285,8438,0.6953069447736431,0.09831160504381278,
cic,ton,43,False,logistic,temporal+tcp,9,random,0.1,9358,7527,920,6205,619,5330,256,5920,285,8438,0.6620052145058071,0.09831160504381278,
cic,ton,43,False,logistic,random10,9,forced,0.0,9358,7527,0,5725,0,5341,384,5341,384,9358,0.6117760205172045,0.0,
cic,ton,43,False,logistic,random10,9,frozen,0.01,9358,7527,1810,5725,870,4572,283,5341,384,7548,0.6432167461579227,0.19341739687967516,0.2284948019553562
cic,ton,43,False,logistic,random10,9,cap,0.01,9358,7527,78,5725,35,5308,382,5341,384,9280,0.6131465517241379,0.008335114340671083,
cic,ton,43,False,logistic,random10,9,random,0.01,9358,7527,78,5725,48,5296,381,5341,384,9280,0.6117456896551724,0.008335114340671083,
cic,ton,43,False,logistic,random10,9,frozen,0.05,9358,7527,3670,5725,1774,3755,196,5341,384,5688,0.694620253164557,0.39217781577260097,0.033812694573669755
cic,ton,43,False,logistic,random10,9,cap,0.05,9358,7527,453,5725,234,5139,352,5341,384,8905,0.616619876473891,0.04840777944005129,
cic,ton,43,False,logistic,random10,9,random,0.05,9358,7527,453,5725,273,5086,366,5341,384,8905,0.6122403144300954,0.04840777944005129,
cic,ton,43,False,logistic,random10,9,frozen,0.1,9358,7527,4471,5725,2208,3349,168,5341,384,4887,0.7196644157970125,0.4777730284248771,0.01168527833816524
cic,ton,43,False,logistic,random10,9,cap,0.1,9358,7527,920,5725,459,4947,319,5341,384,8438,0.6240815359089832,0.09831160504381278,
cic,ton,43,False,logistic,random10,9,random,0.1,9358,7527,920,5725,567,4808,350,5341,384,8438,0.6112822943825551,0.09831160504381278,
cic,cic,43,False,logistic,clean,0,forced,0.0,12192,306,0,323,0,303,20,303,20,12192,0.02649278215223097,0.0,
cic,cic,43,False,logistic,clean,0,frozen,0.01,12192,306,77,323,18,301,4,303,20,12115,0.025175402393726783,0.006315616797900263,0.2284948019553562
cic,cic,43,False,logistic,clean,0,cap,0.01,12192,306,110,323,20,299,4,303,20,12082,0.025078629365999007,0.00902230971128609,
cic,cic,43,False,logistic,clean,0,random,0.01,12192,306,110,323,5,298,20,303,20,12082,0.02632014567124648,0.00902230971128609,
cic,cic,43,False,logistic,clean,0,frozen,0.05,12192,306,482,323,22,299,2,303,20,11710,0.025704526046114434,0.03953412073490813,0.033812694573669755
cic,cic,43,False,logistic,clean,0,cap,0.05,12192,306,599,323,30,291,2,303,20,11593,0.02527387216423704,0.04913057742782152,
cic,cic,43,False,logistic,clean,0,random,0.05,12192,306,599,323,12,291,20,303,20,11593,0.02682653325282498,0.04913057742782152,
cic,cic,43,False,logistic,clean,0,frozen,0.1,12192,306,1089,323,58,263,2,303,20,11103,0.023867423218949833,0.08932086614173228,0.01168527833816524
cic,cic,43,False,logistic,clean,0,cap,0.1,12192,306,1210,323,81,241,1,303,20,10982,0.022036059005645602,0.09924540682414698,
cic,cic,43,False,logistic,clean,0,random,0.1,12192,306,1210,323,25,279,19,303,20,10982,0.02713531232926607,0.09924540682414698,
cic,cic,43,False,logistic,temporal,0,forced,0.0,12192,306,0,319,0,304,15,304,15,12192,0.02616469816272966,0.0,
cic,cic,43,False,logistic,temporal,0,frozen,0.01,12192,306,88,319,11,302,6,304,15,12104,0.025446133509583607,0.007217847769028871,0.2284948019553562
cic,cic,43,False,logistic,temporal,0,cap,0.01,12192,306,110,319,13,302,4,304,15,12082,0.025326932627048503,0.00902230971128609,
cic,cic,43,False,logistic,temporal,0,random,0.01,12192,306,110,319,5,299,15,304,15,12082,0.025989074656513823,0.00902230971128609,
cic,cic,43,False,logistic,temporal,0,frozen,0.05,12192,306,763,319,38,280,1,304,15,11429,0.024586578003324876,0.06258202099737532,0.033812694573669755
cic,cic,43,False,logistic,temporal,0,cap,0.05,12192,306,599,319,36,282,1,304,15,11593,0.024411282670577072,0.04913057742782152,
cic,cic,43,False,logistic,temporal,0,random,0.05,12192,306,599,319,12,292,15,304,15,11593,0.026481497455360995,0.04913057742782152,
cic,cic,43,False,logistic,temporal,0,frozen,0.1,12192,306,1426,319,102,217,0,304,15,10766,0.020156046814044214,0.11696194225721784,0.01168527833816524
cic,cic,43,False,logistic,temporal,0,cap,0.1,12192,306,1210,319,74,245,0,304,15,10982,0.022309233290839555,0.09924540682414698,
cic,cic,43,False,logistic,temporal,0,random,0.1,12192,306,1210,319,26,280,13,304,15,10982,0.026680021853942814,0.09924540682414698,
cic,cic,43,False,logistic,size,0,forced,0.0,12192,306,0,773,0,297,476,297,476,12192,0.06340223097112861,0.0,
cic,cic,43,False,logistic,size,0,frozen,0.01,12192,306,907,773,199,270,304,297,476,11285,0.05086397873283119,0.07439304461942257,0.2284948019553562
cic,cic,43,False,logistic,size,0,cap,0.01,12192,306,110,773,34,296,443,297,476,12082,0.061165369971858966,0.00902230971128609,
cic,cic,43,False,logistic,size,0,random,0.01,12192,306,110,773,7,292,474,297,476,12082,0.06340009932130442,0.00902230971128609,
cic,cic,43,False,logistic,size,0,frozen,0.05,12192,306,2968,773,303,234,236,297,476,9224,0.05095403295750217,0.24343832020997375,0.033812694573669755
cic,cic,43,False,logistic,size,0,cap,0.05,12192,306,599,773,159,286,328,297,476,11593,0.05296299491072199,0.04913057742782152,
cic,cic,43,False,logistic,size,0,random,0.05,12192,306,599,773,26,286,461,297,476,11593,0.06443543517639955,0.04913057742782152,
cic,cic,43,False,logistic,size,0,frozen,0.1,12192,306,4141,773,419,162,192,297,476,8051,0.04396969320581294,0.3396489501312336,0.01168527833816524
cic,cic,43,False,logistic,size,0,cap,0.1,12192,306,1210,773,221,268,284,297,476,10982,0.05026406847568749,0.09924540682414698,
cic,cic,43,False,logistic,size,0,random,0.1,12192,306,1210,773,60,277,436,297,476,10982,0.06492442178109634,0.09924540682414698,
cic,cic,43,False,logistic,tcp,0,forced,0.0,12192,306,0,335,0,300,35,300,35,12192,0.02747703412073491,0.0,
cic,cic,43,False,logistic,tcp,0,frozen,0.01,12192,306,360,335,23,300,12,300,35,11832,0.02636916835699797,0.02952755905511811,0.2284948019553562
cic,cic,43,False,logistic,tcp,0,cap,0.01,12192,306,110,335,16,300,19,300,35,12082,0.026402913424929647,0.00902230971128609,
cic,cic,43,False,logistic,tcp,0,random,0.01,12192,306,110,335,5,295,35,300,35,12082,0.027313358715444463,0.00902230971128609,
cic,cic,43,False,logistic,tcp,0,frozen,0.05,12192,306,753,335,39,294,2,300,35,11439,0.025876387796136026,0.06176181102362205,0.033812694573669755
cic,cic,43,False,logistic,tcp,0,cap,0.05,12192,306,599,335,33,297,5,300,35,11593,0.02605020270853101,0.04913057742782152,
cic,cic,43,False,logistic,tcp,0,random,0.05,12192,306,599,335,12,288,35,300,35,11593,0.027861640645216942,0.04913057742782152,
cic,cic,43,False,logistic,tcp,0,frozen,0.1,12192,306,1219,335,52,282,1,300,35,10973,0.02579057687050032,0.09998359580052493,0.01168527833816524
cic,cic,43,False,logistic,tcp,0,cap,0.1,12192,306,1210,335,59,275,1,300,35,10982,0.025132034237843746,0.09924540682414698,
cic,cic,43,False,logistic,tcp,0,random,0.1,12192,306,1210,335,27,276,32,300,35,10982,0.028045893279912585,0.09924540682414698,
cic,cic,43,False,logistic,temporal+tcp,0,forced,0.0,12192,306,0,347,0,299,48,299,48,12192,0.028461286089238844,0.0,
cic,cic,43,False,logistic,temporal+tcp,0,frozen,0.01,12192,306,600,347,39,293,15,299,48,11592,0.026570048309178744,0.04921259842519685,0.2284948019553562
cic,cic,43,False,logistic,temporal+tcp,0,cap,0.01,12192,306,110,347,30,297,20,299,48,12082,0.026237377917563316,0.00902230971128609,
cic,cic,43,False,logistic,temporal+tcp,0,random,0.01,12192,306,110,347,5,294,48,299,48,12082,0.028306571759642442,0.00902230971128609,
cic,cic,43,False,logistic,temporal+tcp,0,frozen,0.05,12192,306,1051,347,59,284,4,299,48,11141,0.025850462256529934,0.08620406824146981,0.033812694573669755
cic,cic,43,False,logistic,temporal+tcp,0,cap,0.05,12192,306,599,347,43,292,12,299,48,11593,0.026222720607263005,0.04913057742782152,
cic,cic,43,False,logistic,temporal+tcp,0,random,0.05,12192,306,599,347,13,287,47,299,48,11593,0.028810489088242904,0.04913057742782152,
cic,cic,43,False,logistic,temporal+tcp,0,frozen,0.1,12192,306,1599,347,108,238,1,299,48,10593,0.022562069291041254,0.1311515748031496,0.01168527833816524
cic,cic,43,False,logistic,temporal+tcp,0,cap,0.1,12192,306,1210,347,68,277,2,299,48,10982,0.0254052085230377,0.09924540682414698,
cic,cic,43,False,logistic,temporal+tcp,0,random,0.1,12192,306,1210,347,27,275,45,299,48,10982,0.0291385904206884,0.09924540682414698,
cic,cic,43,False,logistic,random10,0,forced,0.0,12192,306,0,757,0,294,463,294,463,12192,0.06208989501312336,0.0,
cic,cic,43,False,logistic,random10,0,frozen,0.01,12192,306,632,757,236,283,238,294,463,11560,0.04506920415224913,0.05183727034120735,0.2284948019553562
cic,cic,43,False,logistic,random10,0,cap,0.01,12192,306,110,757,57,292,408,294,463,12082,0.05793742757821553,0.00902230971128609,
cic,cic,43,False,logistic,random10,0,random,0.01,12192,306,110,757,10,289,458,294,463,12082,0.06182751200132428,0.00902230971128609,
cic,cic,43,False,logistic,random10,0,frozen,0.05,12192,306,1496,757,369,255,133,294,463,10696,0.036275243081525806,0.12270341207349081,0.033812694573669755
cic,cic,43,False,logistic,random10,0,cap,0.05,12192,306,599,757,227,283,247,294,463,11593,0.045717243163978266,0.04913057742782152,
cic,cic,43,False,logistic,random10,0,random,0.05,12192,306,599,757,40,282,435,294,463,11593,0.06184766669541965,0.04913057742782152,
cic,cic,43,False,logistic,random10,0,frozen,0.1,12192,306,2097,757,417,234,106,294,463,10095,0.033680039623576026,0.171998031496063,0.01168527833816524
cic,cic,43,False,logistic,random10,0,cap,0.1,12192,306,1210,757,339,266,152,294,463,10982,0.03806228373702422,0.09924540682414698,
cic,cic,43,False,logistic,random10,0,random,0.1,12192,306,1210,757,72,270,415,294,463,10982,0.062374795119286106,0.09924540682414698,
cic,unsw,43,False,forest,clean,0,forced,0.0,10417,1285,0,1514,0,1285,229,1285,229,10417,0.1453393491408275,0.0,
cic,unsw,43,False,forest,clean,0,frozen,0.01,10417,1285,9444,1514,806,708,0,1285,229,973,0.7276464542651593,0.9065949889603533,0.11184676434676433
cic,unsw,43,False,forest,clean,0,cap,0.01,10417,1285,101,1514,9,1285,220,1285,229,10316,0.14588987979837145,0.009695689737928385,
cic,unsw,43,False,forest,clean,0,random,0.01,10417,1285,101,1514,20,1266,228,1285,229,10316,0.14482357502908103,0.009695689737928385,
cic,unsw,43,False,forest,clean,0,frozen,0.05,10417,1285,10376,1514,1484,30,0,1285,229,41,0.7317073170731707,0.9960641259479697,0.017788942942463914
cic,unsw,43,False,forest,clean,0,cap,0.05,10417,1285,518,1514,53,1285,176,1285,229,9899,0.1475906657238105,0.04972640875491984,
cic,unsw,43,False,forest,clean,0,random,0.05,10417,1285,518,1514,83,1209,222,1285,229,9899,0.14456005657137083,0.04972640875491984,
cic,unsw,43,False,forest,clean,0,frozen,0.1,10417,1285,10410,1514,1511,3,0,1285,229,7,0.42857142857142855,0.9993280215033119,0.0019114219114219066
cic,unsw,43,False,forest,clean,0,cap,0.1,10417,1285,1040,1514,66,1285,163,1285,229,9377,0.15442039031673244,0.09983680522223289,
cic,unsw,43,False,forest,clean,0,random,0.1,10417,1285,1040,1514,158,1149,207,1285,229,9377,0.14460915004798977,0.09983680522223289,
cic,unsw,43,False,forest,temporal,0,forced,0.0,10417,1285,0,1500,0,1285,215,1285,215,10417,0.14399539214745127,0.0,
cic,unsw,43,False,forest,temporal,0,frozen,0.01,10417,1285,9486,1500,784,716,0,1285,215,931,0.7690655209452202,0.9106268599404819,0.11184676434676433
cic,unsw,43,False,forest,temporal,0,cap,0.01,10417,1285,101,1500,22,1285,193,1285,215,10316,0.1432725862737495,0.009695689737928385,
cic,unsw,43,False,forest,temporal,0,random,0.01,10417,1285,101,1500,20,1266,214,1285,215,10316,0.14346645986816595,0.009695689737928385,
cic,unsw,43,False,forest,temporal,0,frozen,0.05,10417,1285,10409,1500,1492,8,0,1285,215,8,1.0,0.9992320245752135,0.017788942942463914
cic,unsw,43,False,forest,temporal,0,cap,0.05,10417,1285,518,1500,26,1285,189,1285,215,9899,0.14890392968986765,0.04972640875491984,
cic,unsw,43,False,forest,temporal,0,random,0.05,10417,1285,518,1500,83,1209,208,1285,215,9899,0.14314577230023234,0.04972640875491984,
cic,unsw,43,False,forest,temporal,0,frozen,0.1,10417,1285,10417,1500,1500,0,0,1285,215,0,,1.0,0.0019114219114219066
cic,unsw,43,False,forest,temporal,0,cap,0.1,10417,1285,1040,1500,56,1285,159,1285,215,9377,0.15399381465287407,0.09983680522223289,
cic,unsw,43,False,forest,temporal,0,random,0.1,10417,1285,1040,1500,156,1149,195,1285,215,9377,0.14332942305641463,0.09983680522223289,
cic,unsw,43,False,forest,size,0,forced,0.0,10417,1285,0,1285,0,1285,0,1285,0,10417,0.1233560526063166,0.0,
cic,unsw,43,False,forest,size,0,frozen,0.01,10417,1285,9755,1285,625,660,0,1285,0,662,0.9969788519637462,0.9364500335989249,0.11184676434676433
cic,unsw,43,False,forest,size,0,cap,0.01,10417,1285,101,1285,2,1283,0,1285,0,10316,0.12436991081814656,0.009695689737928385,
cic,unsw,43,False,forest,size,0,random,0.01,10417,1285,101,1285,19,1266,0,1285,0,10316,0.12272198526560682,0.009695689737928385,
cic,unsw,43,False,forest,size,0,frozen,0.05,10417,1285,10417,1285,1285,0,0,1285,0,0,,1.0,0.017788942942463914
cic,unsw,43,False,forest,size,0,cap,0.05,10417,1285,518,1285,3,1282,0,1285,0,9899,0.12950803111425396,0.04972640875491984,
cic,unsw,43,False,forest,size,0,random,0.05,10417,1285,518,1285,76,1209,0,1285,0,9899,0.12213354884331751,0.04972640875491984,
cic,unsw,43,False,forest,size,0,frozen,0.1,10417,1285,10417,1285,1285,0,0,1285,0,0,,1.0,0.0019114219114219066
cic,unsw,43,False,forest,size,0,cap,0.1,10417,1285,1040,1285,3,1282,0,1285,0,9377,0.13671750026660978,0.09983680522223289,
cic,unsw,43,False,forest,size,0,random,0.1,10417,1285,1040,1285,136,1149,0,1285,0,9377,0.12253385944331877,0.09983680522223289,
cic,unsw,43,False,forest,tcp,0,forced,0.0,10417,1285,0,1604,0,1285,319,1285,319,10417,0.15397907266967456,0.0,
cic,unsw,43,False,forest,tcp,0,frozen,0.01,10417,1285,9857,1604,1046,558,0,1285,319,560,0.9964285714285714,0.9462417202649516,0.11184676434676433
cic,unsw,43,False,forest,tcp,0,cap,0.01,10417,1285,101,1604,43,1285,276,1285,319,10316,0.1513183404420318,0.009695689737928385,
cic,unsw,43,False,forest,tcp,0,random,0.01,10417,1285,101,1604,21,1266,317,1285,319,10316,0.15345094998061265,0.009695689737928385,
cic,unsw,43,False,forest,tcp,0,frozen,0.05,10417,1285,10417,1604,1604,0,0,1285,319,0,,1.0,0.017788942942463914
cic,unsw,43,False,forest,tcp,0,cap,0.05,10417,1285,518,1604,212,1285,107,1285,319,9899,0.14062026467319932,0.04972640875491984,
cic,unsw,43,False,forest,tcp,0,random,0.05,10417,1285,518,1604,93,1209,302,1285,319,9899,0.15264168097787656,0.04972640875491984,
cic,unsw,43,False,forest,tcp,0,frozen,0.1,10417,1285,10417,1604,1604,0,0,1285,319,0,,1.0,0.0019114219114219066
cic,unsw,43,False,forest,tcp,0,cap,0.1,10417,1285,1040,1604,322,1282,0,1285,319,9377,0.13671750026660978,0.09983680522223289,
cic,unsw,43,False,forest,tcp,0,random,0.1,10417,1285,1040,1604,169,1149,286,1285,319,9377,0.1530340194091927,0.09983680522223289,
cic,unsw,43,False,forest,temporal+tcp,0,forced,0.0,10417,1285,0,1589,0,1285,304,1285,304,10417,0.15253911874820006,0.0,
cic,unsw,43,False,forest,temporal+tcp,0,frozen,0.01,10417,1285,9882,1589,1056,533,0,1285,304,535,0.9962616822429906,0.9486416434674091,0.11184676434676433
cic,unsw,43,False,forest,temporal+tcp,0,cap,0.01,10417,1285,101,1589,40,1285,264,1285,304,10316,0.15015509887553316,0.009695689737928385,
cic,unsw,43,False,forest,temporal+tcp,0,random,0.01,10417,1285,101,1589,21,1266,302,1285,304,10316,0.15199689802248934,0.009695689737928385,
cic,unsw,43,False,forest,temporal+tcp,0,frozen,0.05,10417,1285,10417,1589,1589,0,0,1285,304,0,,1.0,0.017788942942463914
cic,unsw,43,False,forest,temporal+tcp,0,cap,0.05,10417,1285,518,1589,221,1285,83,1285,304,9899,0.1381957773512476,0.04972640875491984,
cic,unsw,43,False,forest,temporal+tcp,0,random,0.05,10417,1285,518,1589,91,1209,289,1285,304,9899,0.15132841701181937,0.04972640875491984,
cic,unsw,43,False,forest,temporal+tcp,0,frozen,0.1,10417,1285,10417,1589,1589,0,0,1285,304,0,,1.0,0.0019114219114219066
cic,unsw,43,False,forest,temporal+tcp,0,cap,0.1,10417,1285,1040,1589,304,1284,1,1285,304,9377,0.13703743201450358,0.09983680522223289,
cic,unsw,43,False,forest,temporal+tcp,0,random,0.1,10417,1285,1040,1589,168,1149,272,1285,304,9377,0.1515410045856884,0.09983680522223289,
cic,unsw,43,False,forest,random10,0,forced,0.0,10417,1285,0,1674,0,1285,389,1285,389,10417,0.16069885763655564,0.0,
cic,unsw,43,False,forest,random10,0,frozen,0.01,10417,1285,9643,1674,1073,601,0,1285,389,774,0.7764857881136951,0.9256983776519151,0.11184676434676433
cic,unsw,43,False,forest,random10,0,cap,0.01,10417,1285,101,1674,49,1285,340,1285,389,10316,0.1575222954633579,0.009695689737928385,
cic,unsw,43,False,forest,random10,0,random,0.01,10417,1285,101,1674,21,1266,387,1285,389,10316,0.16023652578518804,0.009695689737928385,
cic,unsw,43,False,forest,random10,0,frozen,0.05,10417,1285,10390,1674,1653,21,0,1285,389,27,0.7777777777777778,0.9974080829413459,0.017788942942463914
cic,unsw,43,False,forest,random10,0,cap,0.05,10417,1285,518,1674,181,1285,208,1285,389,9899,0.15082331548641276,0.04972640875491984,
cic,unsw,43,False,forest,random10,0,random,0.05,10417,1285,518,1674,92,1209,373,1285,389,9899,0.15981412263865036,0.04972640875491984,
cic,unsw,43,False,forest,random10,0,frozen,0.1,10417,1285,10415,1674,1673,1,0,1285,389,2,0.5,0.9998080061438034,0.0019114219114219066
cic,unsw,43,False,forest,random10,0,cap,0.1,10417,1285,1040,1674,242,1285,147,1285,389,9377,0.15271408766129893,0.09983680522223289,
cic,unsw,43,False,forest,random10,0,random,0.1,10417,1285,1040,1674,171,1149,354,1285,389,9377,0.16028580569478512,0.09983680522223289,
cic,ton,43,False,forest,clean,9,forced,0.0,9358,7527,0,6257,0,6185,72,6185,72,9358,0.668625774738192,0.0,
cic,ton,43,False,forest,clean,9,frozen,0.01,9358,7527,6621,6257,4208,2049,0,6185,72,2737,0.7486298867373036,0.707522974994657,0.11184676434676433
cic,ton,43,False,forest,clean,9,cap,0.01,9358,7527,78,6257,9,6179,69,6185,72,9280,0.6732758620689655,0.008335114340671083,
cic,ton,43,False,forest,clean,9,random,0.01,9358,7527,78,6257,57,6129,71,6185,72,9280,0.6681034482758621,0.008335114340671083,
cic,ton,43,False,forest,clean,9,frozen,0.05,9358,7527,7444,6257,4598,1659,0,6185,72,1914,0.8667711598746082,0.7954691173327634,0.017788942942463914
cic,ton,43,False,forest,clean,9,cap,0.05,9358,7527,453,6257,169,6035,53,6185,72,8905,0.6836608646827625,0.04840777944005129,
cic,ton,43,False,forest,clean,9,random,0.05,9358,7527,453,6257,302,5885,70,6185,72,8905,0.6687254351487928,0.04840777944005129,
cic,ton,43,False,forest,clean,9,frozen,0.1,9358,7527,7548,6257,4609,1648,0,6185,72,1810,0.9104972375690608,0.8065826031203248,0.0019114219114219066
cic,ton,43,False,forest,clean,9,cap,0.1,9358,7527,920,6257,262,5957,38,6185,72,8438,0.7104764162123726,0.09831160504381278,
cic,ton,43,False,forest,clean,9,random,0.1,9358,7527,920,6257,617,5574,66,6185,72,8438,0.6684048352690211,0.09831160504381278,
cic,ton,43,False,forest,temporal,9,forced,0.0,9358,7527,0,6452,0,6401,51,6401,51,9358,0.6894635605898697,0.0,
cic,ton,43,False,forest,temporal,9,frozen,0.01,9358,7527,6791,6452,4442,2010,0,6401,51,2567,0.7830151928320997,0.7256892498397094,0.11184676434676433
cic,ton,43,False,forest,temporal,9,cap,0.01,9358,7527,78,6452,19,6386,47,6401,51,9280,0.6932112068965517,0.008335114340671083,
cic,ton,43,False,forest,temporal,9,random,0.01,9358,7527,78,6452,57,6344,51,6401,51,9280,0.6891163793103449,0.008335114340671083,
cic,ton,43,False,forest,temporal,9,frozen,0.05,9358,7527,9318,6452,6444,8,0,6401,51,40,0.2,0.9957255823893995,0.017788942942463914
cic,ton,43,False,forest,temporal,9,cap,0.05,9358,7527,453,6452,253,6154,45,6401,51,8905,0.6961257720381808,0.04840777944005129,
cic,ton,43,False,forest,temporal,9,random,0.05,9358,7527,453,6452,313,6088,51,6401,51,8905,0.6893879842784952,0.04840777944005129,
cic,ton,43,False,forest,temporal,9,frozen,0.1,9358,7527,9355,6452,6452,0,0,6401,51,3,0.0,0.999679418679205,0.0019114219114219066
cic,ton,43,False,forest,temporal,9,cap,0.1,9358,7527,920,6452,430,5988,34,6401,51,8438,0.7136762265939797,0.09831160504381278,
cic,ton,43,False,forest,temporal,9,random,0.1,9358,7527,920,6452,638,5765,49,6401,51,8438,0.6890258355060441,0.09831160504381278,
cic,ton,43,False,forest,size,9,forced,0.0,9358,7527,0,7527,0,7527,0,7527,0,9358,0.8043385338747595,0.0,
cic,ton,43,False,forest,size,9,frozen,0.01,9358,7527,9011,7527,7267,260,0,7527,0,347,0.7492795389048992,0.9629194272280401,0.11184676434676433
cic,ton,43,False,forest,size,9,cap,0.01,9358,7527,78,7527,75,7452,0,7527,0,9280,0.8030172413793103,0.008335114340671083,
cic,ton,43,False,forest,size,9,random,0.01,9358,7527,78,7527,68,7459,0,7527,0,9280,0.803771551724138,0.008335114340671083,
cic,ton,43,False,forest,size,9,frozen,0.05,9358,7527,9358,7527,7527,0,0,7527,0,0,,1.0,0.017788942942463914
cic,ton,43,False,forest,size,9,cap,0.05,9358,7527,453,7527,377,7150,0,7527,0,8905,0.8029197080291971,0.04840777944005129,
cic,ton,43,False,forest,size,9,random,0.05,9358,7527,453,7527,367,7160,0,7527,0,8905,0.8040426726558113,0.04840777944005129,
cic,ton,43,False,forest,size,9,frozen,0.1,9358,7527,9358,7527,7527,0,0,7527,0,0,,1.0,0.0019114219114219066
cic,ton,43,False,forest,size,9,cap,0.1,9358,7527,920,7527,763,6764,0,7527,0,8438,0.801611756340365,0.09831160504381278,
cic,ton,43,False,forest,size,9,random,0.1,9358,7527,920,7527,737,6790,0,7527,0,8438,0.8046930552263569,0.09831160504381278,
cic,ton,43,False,forest,tcp,9,forced,0.0,9358,7527,0,7477,0,7469,8,7469,8,9358,0.7989955118615089,0.0,
cic,ton,43,False,forest,tcp,9,frozen,0.01,9358,7527,9040,7477,7309,168,0,7469,8,318,0.5283018867924528,0.9660183799957256,0.11184676434676433
cic,ton,43,False,forest,tcp,9,cap,0.01,9358,7527,78,7477,52,7418,7,7469,8,9280,0.8001077586206896,0.008335114340671083,
cic,ton,43,False,forest,tcp,9,random,0.01,9358,7527,78,7477,68,7401,8,7469,8,9280,0.7983836206896552,0.008335114340671083,
cic,ton,43,False,forest,tcp,9,frozen,0.05,9358,7527,9358,7477,7477,0,0,7469,8,0,,1.0,0.017788942942463914
cic,ton,43,False,forest,tcp,9,cap,0.05,9358,7527,453,7477,335,7141,1,7469,8,8905,0.8020213363279056,0.04840777944005129,
cic,ton,43,False,forest,tcp,9,random,0.05,9358,7527,453,7477,369,7102,6,7469,8,8905,0.7982032565974172,0.04840777944005129,
cic,ton,43,False,forest,tcp,9,frozen,0.1,9358,7527,9358,7477,7477,0,0,7469,8,0,,1.0,0.0019114219114219066
cic,ton,43,False,forest,tcp,9,cap,0.1,9358,7527,920,7477,713,6764,0,7469,8,8438,0.801611756340365,0.09831160504381278,
cic,ton,43,False,forest,tcp,9,random,0.1,9358,7527,920,7477,737,6734,6,7469,8,8438,0.7987674804456032,0.09831160504381278,
cic,ton,43,False,forest,temporal+tcp,9,forced,0.0,9358,7527,0,7431,0,7422,9,7422,9,9358,0.7940799316093182,0.0,
cic,ton,43,False,forest,temporal+tcp,9,frozen,0.01,9358,7527,9038,7431,7268,163,0,7422,9,320,0.509375,0.9658046591151955,0.11184676434676433
cic,ton,43,False,forest,temporal+tcp,9,cap,0.01,9358,7527,78,7431,55,7368,8,7422,9,9280,0.7948275862068965,0.008335114340671083,
cic,ton,43,False,forest,temporal+tcp,9,random,0.01,9358,7527,78,7431,67,7355,9,7422,9,9280,0.7935344827586207,0.008335114340671083,
cic,ton,43,False,forest,temporal+tcp,9,frozen,0.05,9358,7527,9358,7431,7431,0,0,7422,9,0,,1.0,0.017788942942463914
cic,ton,43,False,forest,temporal+tcp,9,cap,0.05,9358,7527,453,7431,332,7095,4,7422,9,8905,0.7971925884334643,0.04840777944005129,
cic,ton,43,False,forest,temporal+tcp,9,random,0.05,9358,7527,453,7431,366,7057,8,7422,9,8905,0.7933745087029759,0.04840777944005129,
cic,ton,43,False,forest,temporal+tcp,9,frozen,0.1,9358,7527,9358,7431,7431,0,0,7422,9,0,,1.0,0.0019114219114219066
cic,ton,43,False,forest,temporal+tcp,9,cap,0.1,9358,7527,920,7431,702,6727,2,7422,9,8438,0.7974638539938375,0.09831160504381278,
cic,ton,43,False,forest,temporal+tcp,9,random,0.1,9358,7527,920,7431,732,6691,8,7422,9,8438,0.7939085091253851,0.09831160504381278,
cic,ton,43,False,forest,random10,9,forced,0.0,9358,7527,0,6661,0,6605,56,6605,56,9358,0.7117973926052575,0.0,
cic,ton,43,False,forest,random10,9,frozen,0.01,9358,7527,7540,6661,5308,1353,0,6605,56,1818,0.7442244224422442,0.8057277195982048,0.11184676434676433
cic,ton,43,False,forest,random10,9,cap,0.01,9358,7527,78,6661,36,6570,55,6605,56,9280,0.7139008620689655,0.008335114340671083,
cic,ton,43,False,forest,random10,9,random,0.01,9358,7527,78,6661,59,6546,56,6605,56,9280,0.7114224137931034,0.008335114340671083,
cic,ton,43,False,forest,random10,9,frozen,0.05,9358,7527,8795,6661,6179,482,0,6605,56,563,0.8561278863232682,0.9398375721307972,0.017788942942463914
cic,ton,43,False,forest,random10,9,cap,0.05,9358,7527,453,6661,204,6416,41,6605,56,8905,0.7250982594048287,0.04840777944005129,
cic,ton,43,False,forest,random10,9,random,0.05,9358,7527,453,6661,320,6286,55,6605,56,8905,0.7120718697361033,0.04840777944005129,
cic,ton,43,False,forest,random10,9,frozen,0.1,9358,7527,9062,6661,6396,265,0,6605,56,296,0.8952702702702703,0.9683693096815559,0.0019114219114219066
cic,ton,43,False,forest,random10,9,cap,0.1,9358,7527,920,6661,401,6230,30,6605,56,8438,0.7418819625503674,0.09831160504381278,
cic,ton,43,False,forest,random10,9,random,0.1,9358,7527,920,6661,652,5958,51,6605,56,8438,0.7121355771509836,0.09831160504381278,
cic,cic,43,False,forest,clean,0,forced,0.0,12192,306,0,306,0,306,0,306,0,12192,0.025098425196850394,0.0,
cic,cic,43,False,forest,clean,0,frozen,0.01,12192,306,140,306,16,290,0,306,0,12052,0.024062396282774644,0.011482939632545932,0.11184676434676433
cic,cic,43,False,forest,clean,0,cap,0.01,12192,306,110,306,19,287,0,306,0,12082,0.023754345307068367,0.00902230971128609,
cic,cic,43,False,forest,clean,0,random,0.01,12192,306,110,306,5,301,0,306,0,12082,0.024913093858632676,0.00902230971128609,
cic,cic,43,False,forest,clean,0,frozen,0.05,12192,306,659,306,113,193,0,306,0,11533,0.01673458770484696,0.054051837270341206,0.017788942942463914
cic,cic,43,False,forest,clean,0,cap,0.05,12192,306,599,306,101,205,0,306,0,11593,0.017683084620029328,0.04913057742782152,
cic,cic,43,False,forest,clean,0,random,0.05,12192,306,599,306,12,294,0,306,0,11593,0.025360131113603038,0.04913057742782152,
cic,cic,43,False,forest,clean,0,frozen,0.1,12192,306,1236,306,130,176,0,306,0,10956,0.01606425702811245,0.10137795275590551,0.0019114219114219066
cic,cic,43,False,forest,clean,0,cap,0.1,12192,306,1210,306,120,186,0,306,0,10982,0.016936805682025134,0.09924540682414698,
cic,cic,43,False,forest,clean,0,random,0.1,12192,306,1210,306,24,282,0,306,0,10982,0.02567838280823165,0.09924540682414698,
cic,cic,43,False,forest,temporal,0,forced,0.0,12192,306,0,306,0,306,0,306,0,12192,0.025098425196850394,0.0,
cic,cic,43,False,forest,temporal,0,frozen,0.01,12192,306,284,306,20,286,0,306,0,11908,0.024017467248908297,0.023293963254593177,0.11184676434676433
cic,cic,43,False,forest,temporal,0,cap,0.01,12192,306,110,306,11,295,0,306,0,12082,0.024416487336533687,0.00902230971128609,
cic,cic,43,False,forest,temporal,0,random,0.01,12192,306,110,306,5,301,0,306,0,12082,0.024913093858632676,0.00902230971128609,
cic,cic,43,False,forest,temporal,0,frozen,0.05,12192,306,6369,306,209,97,0,306,0,5823,0.016658080027477245,0.5223917322834646,0.017788942942463914
cic,cic,43,False,forest,temporal,0,cap,0.05,12192,306,599,306,33,273,0,306,0,11593,0.023548693176917105,0.04913057742782152,
cic,cic,43,False,forest,temporal,0,random,0.05,12192,306,599,306,12,294,0,306,0,11593,0.025360131113603038,0.04913057742782152,
cic,cic,43,False,forest,temporal,0,frozen,0.1,12192,306,10456,306,296,10,0,306,0,1736,0.00576036866359447,0.8576115485564304,0.0019114219114219066
cic,cic,43,False,forest,temporal,0,cap,0.1,12192,306,1210,306,107,199,0,306,0,10982,0.018120560917865597,0.09924540682414698,
cic,cic,43,False,forest,temporal,0,random,0.1,12192,306,1210,306,24,282,0,306,0,10982,0.02567838280823165,0.09924540682414698,
cic,cic,43,False,forest,size,0,forced,0.0,12192,306,0,306,0,306,0,306,0,12192,0.025098425196850394,0.0,
cic,cic,43,False,forest,size,0,frozen,0.01,12192,306,10226,306,267,39,0,306,0,1966,0.019837232960325534,0.838746719160105,0.11184676434676433
cic,cic,43,False,forest,size,0,cap,0.01,12192,306,110,306,5,301,0,306,0,12082,0.024913093858632676,0.00902230971128609,
cic,cic,43,False,forest,size,0,random,0.01,12192,306,110,306,5,301,0,306,0,12082,0.024913093858632676,0.00902230971128609,
cic,cic,43,False,forest,size,0,frozen,0.05,12192,306,12192,306,306,0,0,306,0,0,,1.0,0.017788942942463914
cic,cic,43,False,forest,size,0,cap,0.05,12192,306,599,306,25,281,0,306,0,11593,0.02423876477184508,0.04913057742782152,
cic,cic,43,False,forest,size,0,random,0.05,12192,306,599,306,12,294,0,306,0,11593,0.025360131113603038,0.04913057742782152,
cic,cic,43,False,forest,size,0,frozen,0.1,12192,306,12192,306,306,0,0,306,0,0,,1.0,0.0019114219114219066
cic,cic,43,False,forest,size,0,cap,0.1,12192,306,1210,306,48,258,0,306,0,10982,0.023492988526680022,0.09924540682414698,
cic,cic,43,False,forest,size,0,random,0.1,12192,306,1210,306,24,282,0,306,0,10982,0.02567838280823165,0.09924540682414698,
cic,cic,43,False,forest,tcp,0,forced,0.0,12192,306,0,306,0,306,0,306,0,12192,0.025098425196850394,0.0,
cic,cic,43,False,forest,tcp,0,frozen,0.01,12192,306,3441,306,112,194,0,306,0,8751,0.022168894983430464,0.28223425196850394,0.11184676434676433
cic,cic,43,False,forest,tcp,0,cap,0.01,12192,306,110,306,6,300,0,306,0,12082,0.02483032610494951,0.00902230971128609,
cic,cic,43,False,forest,tcp,0,random,0.01,12192,306,110,306,5,301,0,306,0,12082,0.024913093858632676,0.00902230971128609,
cic,cic,43,False,forest,tcp,0,frozen,0.05,12192,306,12023,306,303,3,0,306,0,169,0.01775147928994083,0.9861384514435696,0.017788942942463914
cic,cic,43,False,forest,tcp,0,cap,0.05,12192,306,599,306,16,290,0,306,0,11593,0.02501509531613905,0.04913057742782152,
cic,cic,43,False,forest,tcp,0,random,0.05,12192,306,599,306,12,294,0,306,0,11593,0.025360131113603038,0.04913057742782152,
cic,cic,43,False,forest,tcp,0,frozen,0.1,12192,306,12055,306,304,2,0,306,0,137,0.014598540145985401,0.98876312335958,0.0019114219114219066
cic,cic,43,False,forest,tcp,0,cap,0.1,12192,306,1210,306,36,270,0,306,0,10982,0.024585685667455837,0.09924540682414698,
cic,cic,43,False,forest,tcp,0,random,0.1,12192,306,1210,306,24,282,0,306,0,10982,0.02567838280823165,0.09924540682414698,
cic,cic,43,False,forest,temporal+tcp,0,forced,0.0,12192,306,0,306,0,306,0,306,0,12192,0.025098425196850394,0.0,
cic,cic,43,False,forest,temporal+tcp,0,frozen,0.01,12192,306,4724,306,116,190,0,306,0,7468,0.02544188537761114,0.38746719160104987,0.11184676434676433
cic,cic,43,False,forest,temporal+tcp,0,cap,0.01,12192,306,110,306,5,301,0,306,0,12082,0.024913093858632676,0.00902230971128609,
cic,cic,43,False,forest,temporal+tcp,0,random,0.01,12192,306,110,306,5,301,0,306,0,12082,0.024913093858632676,0.00902230971128609,
cic,cic,43,False,forest,temporal+tcp,0,frozen,0.05,12192,306,12190,306,306,0,0,306,0,2,0.0,0.9998359580052494,0.017788942942463914
cic,cic,43,False,forest,temporal+tcp,0,cap,0.05,12192,306,599,306,24,282,0,306,0,11593,0.024325023721211075,0.04913057742782152,
cic,cic,43,False,forest,temporal+tcp,0,random,0.05,12192,306,599,306,12,294,0,306,0,11593,0.025360131113603038,0.04913057742782152,
cic,cic,43,False,forest,temporal+tcp,0,frozen,0.1,12192,306,12192,306,306,0,0,306,0,0,,1.0,0.0019114219114219066
cic,cic,43,False,forest,temporal+tcp,0,cap,0.1,12192,306,1210,306,44,262,0,306,0,10982,0.023857220906938627,0.09924540682414698,
cic,cic,43,False,forest,temporal+tcp,0,random,0.1,12192,306,1210,306,24,282,0,306,0,10982,0.02567838280823165,0.09924540682414698,
cic,cic,43,False,forest,random10,0,forced,0.0,12192,306,0,306,0,306,0,306,0,12192,0.025098425196850394,0.0,
cic,cic,43,False,forest,random10,0,frozen,0.01,12192,306,2416,306,88,218,0,306,0,9776,0.02229950900163666,0.19816272965879264,0.11184676434676433
cic,cic,43,False,forest,random10,0,cap,0.01,12192,306,110,306,7,299,0,306,0,12082,0.024747558351266345,0.00902230971128609,
cic,cic,43,False,forest,random10,0,random,0.01,12192,306,110,306,5,301,0,306,0,12082,0.024913093858632676,0.00902230971128609,
cic,cic,43,False,forest,random10,0,frozen,0.05,12192,306,7715,306,233,73,0,306,0,4477,0.016305561760107213,0.6327919947506562,0.017788942942463914
cic,cic,43,False,forest,random10,0,cap,0.05,12192,306,599,306,34,272,0,306,0,11593,0.023462434227551107,0.04913057742782152,
cic,cic,43,False,forest,random10,0,random,0.05,12192,306,599,306,12,294,0,306,0,11593,0.025360131113603038,0.04913057742782152,
cic,cic,43,False,forest,random10,0,frozen,0.1,12192,306,9053,306,261,45,0,306,0,3139,0.014335775724753107,0.7425360892388452,0.0019114219114219066
cic,cic,43,False,forest,random10,0,cap,0.1,12192,306,1210,306,47,259,0,306,0,10982,0.023584046621744674,0.09924540682414698,
cic,cic,43,False,forest,random10,0,random,0.1,12192,306,1210,306,24,282,0,306,0,10982,0.02567838280823165,0.09924540682414698,
cic,unsw,43,True,logistic,clean,0,forced,0.0,10417,1285,0,2241,0,1186,1055,1186,1055,10417,0.21512911586829223,0.0,
cic,unsw,43,True,logistic,clean,0,frozen,0.01,10417,1285,351,2241,215,1140,886,1186,1055,10066,0.20127160739121797,0.0336949217625036,0.37834126624827824
cic,unsw,43,True,logistic,clean,0,cap,0.01,10417,1285,101,2241,52,1177,1012,1186,1055,10316,0.2121946490887941,0.009695689737928385,
cic,unsw,43,True,logistic,clean,0,random,0.01,10417,1285,101,2241,28,1168,1045,1186,1055,10316,0.2145211322217914,0.009695689737928385,
cic,unsw,43,True,logistic,clean,0,frozen,0.05,10417,1285,1008,2241,644,1051,546,1186,1055,9409,0.16973110851312573,0.09676490352308727,0.044273085553977465
cic,unsw,43,True,logistic,clean,0,cap,0.05,10417,1285,518,2241,331,1113,797,1186,1055,9899,0.19294878270532376,0.04972640875491984,
cic,unsw,43,True,logistic,clean,0,random,0.05,10417,1285,518,2241,118,1117,1006,1186,1055,9899,0.2144661076876452,0.04972640875491984,
cic,unsw,43,True,logistic,clean,0,frozen,0.1,10417,1285,1682,2241,963,904,374,1186,1055,8735,0.14630795649685174,0.16146683306134205,0.008452106081805355
cic,unsw,43,True,logistic,clean,0,cap,0.1,10417,1285,1040,2241,661,1041,539,1186,1055,9377,0.16849738722405888,0.09983680522223289,
cic,unsw,43,True,logistic,clean,0,random,0.1,10417,1285,1040,2241,217,1061,963,1186,1055,9377,0.2158472859123387,0.09983680522223289,
cic,unsw,43,True,logistic,temporal,0,forced,0.0,10417,1285,0,1809,0,1192,617,1192,617,10417,0.17365844292982624,0.0,
cic,unsw,43,True,logistic,temporal,0,frozen,0.01,10417,1285,548,1809,165,1138,506,1192,617,9869,0.16658222717600568,0.052606316597868866,0.37834126624827824
cic,unsw,43,True,logistic,temporal,0,cap,0.01,10417,1285,101,1809,48,1174,587,1192,617,10316,0.17070569988367584,0.009695689737928385,
cic,unsw,43,True,logistic,temporal,0,random,0.01,10417,1285,101,1809,26,1174,609,1192,617,10316,0.1728383094222567,0.009695689737928385,
cic,unsw,43,True,logistic,temporal,0,frozen,0.05,10417,1285,1029,1809,441,1029,339,1192,617,9388,0.14571793779292713,0.09878083901315157,0.044273085553977465
cic,unsw,43,True,logistic,temporal,0,cap,0.05,10417,1285,518,1809,148,1139,522,1192,617,9899,0.16779472674007476,0.04972640875491984,
cic,unsw,43,True,logistic,temporal,0,random,0.05,10417,1285,518,1809,98,1123,588,1192,617,9899,0.17284574199414082,0.04972640875491984,
cic,unsw,43,True,logistic,temporal,0,frozen,0.1,10417,1285,1556,1809,718,905,186,1192,617,8861,0.12312380092540345,0.14937122012095613,0.008452106081805355
cic,unsw,43,True,logistic,temporal,0,cap,0.1,10417,1285,1040,1809,449,1020,340,1192,617,9377,0.14503572571184814,0.09983680522223289,
cic,unsw,43,True,logistic,temporal,0,random,0.1,10417,1285,1040,1809,181,1067,561,1192,617,9377,0.1736162951903594,0.09983680522223289,
cic,unsw,43,True,logistic,size,0,forced,0.0,10417,1285,0,8178,0,1102,7076,1102,7076,10417,0.7850628779879044,0.0,
cic,unsw,43,True,logistic,size,0,frozen,0.01,10417,1285,3244,8178,1886,667,5625,1102,7076,7173,0.8771783075421721,0.31141403475088797,0.37834126624827824
cic,unsw,43,True,logistic,size,0,cap,0.01,10417,1285,101,8178,43,1097,7038,1102,7076,10316,0.7885808452888716,0.009695689737928385,
cic,unsw,43,True,logistic,size,0,random,0.01,10417,1285,101,8178,81,1084,7013,1102,7076,10316,0.7848972469949593,0.009695689737928385,
cic,unsw,43,True,logistic,size,0,frozen,0.05,10417,1285,7914,8178,6075,141,1962,1102,7076,2503,0.8401917698761486,0.759719688969953,0.044273085553977465
cic,unsw,43,True,logistic,size,0,cap,0.05,10417,1285,518,8178,253,1073,6852,1102,7076,9899,0.8005859177694716,0.04972640875491984,
cic,unsw,43,True,logistic,size,0,random,0.05,10417,1285,518,8178,402,1040,6736,1102,7076,9899,0.7855338923123548,0.04972640875491984,
cic,unsw,43,True,logistic,size,0,frozen,0.1,10417,1285,9280,8178,7434,133,611,1102,7076,1137,0.6543535620052771,0.890851492752232,0.008452106081805355
cic,unsw,43,True,logistic,size,0,cap,0.1,10417,1285,1040,8178,444,1032,6702,1102,7076,9377,0.8247840460701718,0.09983680522223289,
cic,unsw,43,True,logistic,size,0,random,0.1,10417,1285,1040,8178,810,989,6379,1102,7076,9377,0.7857523728271302,0.09983680522223289,
cic,unsw,43,True,logistic,tcp,0,forced,0.0,10417,1285,0,2301,0,1122,1179,1122,1179,10417,0.22088893155419026,0.0,
cic,unsw,43,True,logistic,tcp,0,frozen,0.01,10417,1285,574,2301,381,1072,848,1122,1179,9843,0.1950624809509296,0.05510223672842469,0.37834126624827824
cic,unsw,43,True,logistic,tcp,0,cap,0.01,10417,1285,101,2301,55,1118,1128,1122,1179,10316,0.21772004652966265,0.009695689737928385,
cic,unsw,43,True,logistic,tcp,0,random,0.01,10417,1285,101,2301,27,1106,1168,1122,1179,10316,0.22043427685149283,0.009695689737928385,
cic,unsw,43,True,logistic,tcp,0,frozen,0.05,10417,1285,1259,2301,736,985,580,1122,1179,9158,0.1708888403581568,0.12086013247576077,0.044273085553977465
cic,unsw,43,True,logistic,tcp,0,cap,0.05,10417,1285,518,2301,344,1078,879,1122,1179,9899,0.19769673704414586,0.04972640875491984,
cic,unsw,43,True,logistic,tcp,0,random,0.05,10417,1285,518,2301,125,1058,1118,1122,1179,9899,0.21982018385695526,0.04972640875491984,
cic,unsw,43,True,logistic,tcp,0,frozen,0.1,10417,1285,1902,2301,950,850,501,1122,1179,8515,0.15866118614210217,0.18258615724296823,0.008452106081805355
cic,unsw,43,True,logistic,tcp,0,cap,0.1,10417,1285,1040,2301,662,1014,625,1122,1179,9377,0.17478937826596994,0.09983680522223289,
cic,unsw,43,True,logistic,tcp,0,random,0.1,10417,1285,1040,2301,233,1004,1064,1122,1179,9377,0.22053961821478085,0.09983680522223289,
cic,unsw,43,True,logistic,temporal+tcp,0,forced,0.0,10417,1285,0,1779,0,1129,650,1129,650,10417,0.1707785350868772,0.0,
cic,unsw,43,True,logistic,temporal+tcp,0,frozen,0.01,10417,1285,465,1779,172,1072,535,1129,650,9952,0.1614750803858521,0.0446385715657099,0.37834126624827824
cic,unsw,43,True,logistic,temporal+tcp,0,cap,0.01,10417,1285,101,1779,50,1116,613,1129,650,10316,0.1676037223730128,0.009695689737928385,
cic,unsw,43,True,logistic,temporal+tcp,0,random,0.01,10417,1285,101,1779,24,1113,642,1129,650,10316,0.1701240791004265,0.009695689737928385,
cic,unsw,43,True,logistic,temporal+tcp,0,frozen,0.05,10417,1285,1133,1779,370,970,439,1129,650,9284,0.1517664799655321,0.10876451953537487,0.044273085553977465
cic,unsw,43,True,logistic,temporal+tcp,0,cap,0.05,10417,1285,518,1779,185,1064,530,1129,650,9899,0.16102636629962622,0.04972640875491984,
cic,unsw,43,True,logistic,temporal+tcp,0,random,0.05,10417,1285,518,1779,100,1065,614,1129,650,9899,0.16961309223153853,0.04972640875491984,
cic,unsw,43,True,logistic,temporal+tcp,0,frozen,0.1,10417,1285,1590,1779,555,846,378,1129,650,8827,0.13866545825308713,0.15263511567629837,0.008452106081805355
cic,unsw,43,True,logistic,temporal+tcp,0,cap,0.1,10417,1285,1040,1779,338,986,455,1129,650,9377,0.15367388290498027,0.09983680522223289,
cic,unsw,43,True,logistic,temporal+tcp,0,random,0.1,10417,1285,1040,1779,190,1011,578,1129,650,9377,0.16945718246774022,0.09983680522223289,
cic,unsw,43,True,logistic,random10,0,forced,0.0,10417,1285,0,2876,0,1081,1795,1081,1795,10417,0.27608716521071325,0.0,
cic,unsw,43,True,logistic,random10,0,frozen,0.01,10417,1285,604,2876,302,1026,1548,1081,1795,9813,0.2623051054723326,0.05798214457137372,0.37834126624827824
cic,unsw,43,True,logistic,random10,0,cap,0.01,10417,1285,101,2876,50,1073,1753,1081,1795,10316,0.2739433889104304,0.009695689737928385,
cic,unsw,43,True,logistic,random10,0,random,0.01,10417,1285,101,2876,34,1064,1778,1081,1795,10316,0.2754943776657619,0.009695689737928385,
cic,unsw,43,True,logistic,random10,0,frozen,0.05,10417,1285,1687,2876,786,929,1161,1081,1795,8730,0.23940435280641467,0.16194681770183353,0.044273085553977465
cic,unsw,43,True,logistic,random10,0,cap,0.05,10417,1285,518,2876,265,1032,1579,1081,1795,9899,0.26376401656733,0.04972640875491984,
cic,unsw,43,True,logistic,random10,0,random,0.05,10417,1285,518,2876,145,1014,1717,1081,1795,9899,0.2758864531770886,0.04972640875491984,
cic,unsw,43,True,logistic,random10,0,frozen,0.1,10417,1285,2476,2876,1135,830,911,1081,1795,7941,0.21924190907946103,0.2376883939713929,0.008452106081805355
cic,unsw,43,True,logistic,random10,0,cap,0.1,10417,1285,1040,2876,500,984,1392,1081,1795,9377,0.2533859443318759,0.09983680522223289,
cic,unsw,43,True,logistic,random10,0,random,0.1,10417,1285,1040,2876,276,959,1641,1081,1795,9377,0.277274181507945,0.09983680522223289,
cic,ton,43,True,logistic,clean,9,forced,0.0,9358,7527,0,6024,0,5669,355,5669,355,9358,0.6437272921564436,0.0,
cic,ton,43,True,logistic,clean,9,frozen,0.01,9358,7527,419,6024,210,5498,316,5669,355,8939,0.6504083230786442,0.04477452447104082,0.37834126624827824
cic,ton,43,True,logistic,clean,9,cap,0.01,9358,7527,78,6024,30,5642,352,5669,355,9280,0.6459051724137931,0.008335114340671083,
cic,ton,43,True,logistic,clean,9,random,0.01,9358,7527,78,6024,54,5619,351,5669,355,9280,0.6433189655172413,0.008335114340671083,
cic,ton,43,True,logistic,clean,9,frozen,0.05,9358,7527,2324,6024,1345,4461,218,5669,355,7034,0.6651976116007962,0.2483436631758923,0.044273085553977465
cic,ton,43,True,logistic,clean,9,cap,0.05,9358,7527,453,6024,235,5475,314,5669,355,8905,0.650084222346996,0.04840777944005129,
cic,ton,43,True,logistic,clean,9,random,0.05,9358,7527,453,6024,288,5397,339,5669,355,8905,0.6441325098259405,0.04840777944005129,
cic,ton,43,True,logistic,clean,9,frozen,0.1,9358,7527,3477,6024,1753,4109,162,5669,355,5881,0.7262370345179391,0.3715537508014533,0.008452106081805355
cic,ton,43,True,logistic,clean,9,cap,0.1,9358,7527,920,6024,455,5291,278,5669,355,8438,0.6599905190803508,0.09831160504381278,
cic,ton,43,True,logistic,clean,9,random,0.1,9358,7527,920,6024,596,5104,324,5669,355,8438,0.6432803981986253,0.09831160504381278,
cic,ton,43,True,logistic,temporal,9,forced,0.0,9358,7527,0,5919,0,5561,358,5561,358,9358,0.6325069459286172,0.0,
cic,ton,43,True,logistic,temporal,9,frozen,0.01,9358,7527,931,5919,648,4968,303,5561,358,8427,0.6254894980420078,0.09948706988672794,0.37834126624827824
cic,ton,43,True,logistic,temporal,9,cap,0.01,9358,7527,78,5919,32,5533,354,5561,358,9280,0.634375,0.008335114340671083,
cic,ton,43,True,logistic,temporal,9,random,0.01,9358,7527,78,5919,53,5512,354,5561,358,9280,0.6321120689655172,0.008335114340671083,
cic,ton,43,True,logistic,temporal,9,frozen,0.05,9358,7527,2601,5919,1539,4173,207,5561,358,6757,0.6482166642000888,0.2779440051293011,0.044273085553977465
cic,ton,43,True,logistic,temporal,9,cap,0.05,9358,7527,453,5919,274,5324,321,5561,358,8905,0.6339135317237508,0.04840777944005129,
cic,ton,43,True,logistic,temporal,9,random,0.05,9358,7527,453,5919,283,5294,342,5561,358,8905,0.6329028635597979,0.04840777944005129,
cic,ton,43,True,logistic,temporal,9,frozen,0.1,9358,7527,3886,5919,1836,3937,146,5561,358,5472,0.7461622807017544,0.415259670869844,0.008452106081805355
cic,ton,43,True,logistic,temporal,9,cap,0.1,9358,7527,920,5919,627,5007,285,5561,358,8438,0.6271628347949751,0.09831160504381278,
cic,ton,43,True,logistic,temporal,9,random,0.1,9358,7527,920,5919,589,5005,325,5561,358,8438,0.631666271628348,0.09831160504381278,
cic,ton,43,True,logistic,size,9,forced,0.0,9358,7527,0,5629,0,5174,455,5174,455,9358,0.6015174182517632,0.0,
cic,ton,43,True,logistic,size,9,frozen,0.01,9358,7527,3102,5629,1196,4187,246,5174,455,6256,0.7085997442455243,0.3314810857020731,0.37834126624827824
cic,ton,43,True,logistic,size,9,cap,0.01,9358,7527,78,5629,40,5139,450,5174,455,9280,0.6022629310344828,0.008335114340671083,
cic,ton,43,True,logistic,size,9,random,0.01,9358,7527,78,5629,51,5127,451,5174,455,9280,0.6010775862068966,0.008335114340671083,
cic,ton,43,True,logistic,size,9,frozen,0.05,9358,7527,6234,5629,3479,2138,12,5174,455,3124,0.6882202304737516,0.6661679846120966,0.044273085553977465
cic,ton,43,True,logistic,size,9,cap,0.05,9358,7527,453,5629,202,5006,421,5174,455,8905,0.6094329028635598,0.04840777944005129,
cic,ton,43,True,logistic,size,9,random,0.05,9358,7527,453,5629,269,4927,433,5174,455,8905,0.6019090398652442,0.04840777944005129,
cic,ton,43,True,logistic,size,9,frozen,0.1,9358,7527,6347,5629,3513,2114,2,5174,455,3011,0.7027565592826304,0.6782432143620432,0.008452106081805355
cic,ton,43,True,logistic,size,9,cap,0.1,9358,7527,920,5629,381,4860,388,5174,455,8438,0.6219483289879119,0.09831160504381278,
cic,ton,43,True,logistic,size,9,random,0.1,9358,7527,920,5629,557,4661,411,5174,455,8438,0.6010903057596587,0.09831160504381278,
cic,ton,43,True,logistic,tcp,9,forced,0.0,9358,7527,0,6147,0,5779,368,5779,368,9358,0.6568711263090404,0.0,
cic,ton,43,True,logistic,tcp,9,frozen,0.01,9358,7527,640,6147,238,5621,288,5779,368,8718,0.67779307180546,0.06839068176960889,0.37834126624827824
cic,ton,43,True,logistic,tcp,9,cap,0.01,9358,7527,78,6147,41,5746,360,5779,368,9280,0.6579741379310344,0.008335114340671083,
cic,ton,43,True,logistic,tcp,9,random,0.01,9358,7527,78,6147,56,5726,365,5779,368,9280,0.6563577586206897,0.008335114340671083,
cic,ton,43,True,logistic,tcp,9,frozen,0.05,9358,7527,2518,6147,1097,4861,189,5779,368,6840,0.7383040935672515,0.269074588587305,0.044273085553977465
cic,ton,43,True,logistic,tcp,9,cap,0.05,9358,7527,453,6147,188,5651,308,5779,368,8905,0.6691746209994385,0.04840777944005129,
cic,ton,43,True,logistic,tcp,9,random,0.05,9358,7527,453,6147,292,5501,354,5779,368,8905,0.6574957888826501,0.04840777944005129,
cic,ton,43,True,logistic,tcp,9,frozen,0.1,9358,7527,3792,6147,1806,4193,148,5779,368,5566,0.7799137621272009,0.40521478948493267,0.008452106081805355
cic,ton,43,True,logistic,tcp,9,cap,0.1,9358,7527,920,6147,346,5544,257,5779,368,8438,0.6874851860630481,0.09831160504381278,
cic,ton,43,True,logistic,tcp,9,random,0.1,9358,7527,920,6147,604,5205,338,5779,368,8438,0.6569092201943588,0.09831160504381278,
cic,ton,43,True,logistic,temporal+tcp,9,forced,0.0,9358,7527,0,6035,0,5707,328,5707,328,9358,0.6449027569993588,0.0,
cic,ton,43,True,logistic,temporal+tcp,9,frozen,0.01,9358,7527,751,6035,360,5418,257,5707,328,8607,0.6593470431044499,0.08025219063902543,0.37834126624827824
cic,ton,43,True,logistic,temporal+tcp,9,cap,0.01,9358,7527,78,6035,31,5679,325,5707,328,9280,0.6469827586206897,0.008335114340671083,
cic,ton,43,True,logistic,temporal+tcp,9,random,0.01,9358,7527,78,6035,56,5655,324,5707,328,9280,0.6442887931034482,0.008335114340671083,
cic,ton,43,True,logistic,temporal+tcp,9,frozen,0.05,9358,7527,3065,6035,1457,4396,182,5707,328,6293,0.7274749721913237,0.3275272494122676,0.044273085553977465
cic,ton,43,True,logistic,temporal+tcp,9,cap,0.05,9358,7527,453,6035,231,5515,289,5707,328,8905,0.6517686692869175,0.04840777944005129,
cic,ton,43,True,logistic,temporal+tcp,9,random,0.05,9358,7527,453,6035,294,5429,312,5707,328,8905,0.6446939921392476,0.04840777944005129,
cic,ton,43,True,logistic,temporal+tcp,9,frozen,0.1,9358,7527,4185,6035,1950,3941,144,5707,328,5173,0.7896771699207423,0.44721094250908316,0.008452106081805355
cic,ton,43,True,logistic,temporal+tcp,9,cap,0.1,9358,7527,920,6035,443,5344,248,5707,328,8438,0.6627162834794975,0.09831160504381278,
cic,ton,43,True,logistic,temporal+tcp,9,random,0.1,9358,7527,920,6035,604,5133,298,5707,328,8438,0.6436359326854705,0.09831160504381278,
cic,ton,43,True,logistic,random10,9,forced,0.0,9358,7527,0,5974,0,5576,398,5576,398,9358,0.638384270143193,0.0,
cic,ton,43,True,logistic,random10,9,frozen,0.01,9358,7527,844,5974,455,5175,344,5576,398,8514,0.648226450552032,0.09019021158367173,0.37834126624827824
cic,ton,43,True,logistic,random10,9,cap,0.01,9358,7527,78,5974,32,5548,394,5576,398,9280,0.6403017241379311,0.008335114340671083,
cic,ton,43,True,logistic,random10,9,random,0.01,9358,7527,78,5974,53,5527,394,5576,398,9280,0.6380387931034482,0.008335114340671083,
cic,ton,43,True,logistic,random10,9,frozen,0.05,9358,7527,2404,5974,1282,4427,265,5576,398,6954,0.6747195858498706,0.2568924983970934,0.044273085553977465
cic,ton,43,True,logistic,random10,9,cap,0.05,9358,7527,453,5974,227,5386,361,5576,398,8905,0.6453677709152161,0.04840777944005129,
cic,ton,43,True,logistic,random10,9,random,0.05,9358,7527,453,5974,290,5308,376,5576,398,8905,0.6382930937675463,0.04840777944005129,
cic,ton,43,True,logistic,random10,9,frozen,0.1,9358,7527,3375,5974,1774,3998,202,5576,398,5983,0.7019889687447769,0.3606539858944219,0.008452106081805355
cic,ton,43,True,logistic,random10,9,cap,0.1,9358,7527,920,5974,488,5169,317,5576,398,8438,0.6501540649442996,0.09831160504381278,
cic,ton,43,True,logistic,random10,9,random,0.1,9358,7527,920,5974,590,5021,363,5576,398,8438,0.638065892391562,0.09831160504381278,
cic,cic,43,True,logistic,clean,0,forced,0.0,12192,306,0,322,0,303,19,303,19,12192,0.026410761154855644,0.0,
cic,cic,43,True,logistic,clean,0,frozen,0.01,12192,306,93,322,13,302,7,303,19,12099,0.025539300768658568,0.007627952755905512,0.37834126624827824
cic,cic,43,True,logistic,clean,0,cap,0.01,12192,306,110,322,14,302,6,303,19,12082,0.02549246813441483,0.00902230971128609,
cic,cic,43,True,logistic,clean,0,random,0.01,12192,306,110,322,5,298,19,303,19,12082,0.026237377917563316,0.00902230971128609,
cic,cic,43,True,logistic,clean,0,frozen,0.05,12192,306,599,322,18,302,2,303,19,11593,0.026222720607263005,0.04913057742782152,0.044273085553977465
cic,cic,43,True,logistic,clean,0,cap,0.05,12192,306,599,322,22,298,2,303,19,11593,0.025877684809799018,0.04913057742782152,
cic,cic,43,True,logistic,clean,0,random,0.05,12192,306,599,322,12,291,19,303,19,11593,0.026740274303458985,0.04913057742782152,
cic,cic,43,True,logistic,clean,0,frozen,0.1,12192,306,1118,322,69,252,1,303,19,11074,0.022846306664258624,0.09169947506561679,0.008452106081805355
cic,cic,43,True,logistic,clean,0,cap,0.1,12192,306,1210,322,78,243,1,303,19,10982,0.022218175195774903,0.09924540682414698,
cic,cic,43,True,logistic,clean,0,random,0.1,12192,306,1210,322,26,279,17,303,19,10982,0.02695319613913677,0.09924540682414698,
cic,cic,43,True,logistic,temporal,0,forced,0.0,12192,306,0,331,0,304,27,304,27,12192,0.027148950131233595,0.0,
cic,cic,43,True,logistic,temporal,0,frozen,0.01,12192,306,203,331,18,303,10,304,27,11989,0.02610726499291017,0.0166502624671916,0.37834126624827824
cic,cic,43,True,logistic,temporal,0,cap,0.01,12192,306,110,331,18,303,10,304,27,12082,0.025906306902830658,0.00902230971128609,
cic,cic,43,True,logistic,temporal,0,random,0.01,12192,306,110,331,5,299,27,304,27,12082,0.0269822877007118,0.00902230971128609,
cic,cic,43,True,logistic,temporal,0,frozen,0.05,12192,306,1157,331,46,284,1,304,27,11035,0.025826914363389217,0.0948982939632546,0.044273085553977465
cic,cic,43,True,logistic,temporal,0,cap,0.05,12192,306,599,331,29,299,3,304,27,11593,0.02605020270853101,0.04913057742782152,
cic,cic,43,True,logistic,temporal,0,random,0.05,12192,306,599,331,13,292,26,304,27,11593,0.027430345898386957,0.04913057742782152,
cic,cic,43,True,logistic,temporal,0,frozen,0.1,12192,306,2194,331,54,276,1,304,27,9998,0.027705541108221644,0.1799540682414698,0.008452106081805355
cic,cic,43,True,logistic,temporal,0,cap,0.1,12192,306,1210,331,44,285,2,304,27,10982,0.02613367328355491,0.09924540682414698,
cic,cic,43,True,logistic,temporal,0,random,0.1,12192,306,1210,331,26,280,25,304,27,10982,0.027772718994718632,0.09924540682414698,
cic,cic,43,True,logistic,size,0,forced,0.0,12192,306,0,577,0,304,273,304,273,12192,0.047326115485564306,0.0,
cic,cic,43,True,logistic,size,0,frozen,0.01,12192,306,765,577,260,249,68,304,273,11427,0.027741314430734226,0.06274606299212598,0.37834126624827824
cic,cic,43,True,logistic,size,0,cap,0.01,12192,306,110,577,37,304,236,304,273,12082,0.04469458698890912,0.00902230971128609,
cic,cic,43,True,logistic,size,0,random,0.01,12192,306,110,577,6,299,272,304,273,12082,0.047260387353087234,0.00902230971128609,
cic,cic,43,True,logistic,size,0,frozen,0.05,12192,306,3759,577,399,155,23,304,273,8433,0.02110755365824736,0.3083169291338583,0.044273085553977465
cic,cic,43,True,logistic,size,0,cap,0.05,12192,306,599,577,212,271,94,304,273,11593,0.0314845165185888,0.04913057742782152,
cic,cic,43,True,logistic,size,0,random,0.05,12192,306,599,577,26,292,259,304,273,11593,0.047528681100664195,0.04913057742782152,
cic,cic,43,True,logistic,size,0,frozen,0.1,12192,306,6029,577,425,146,6,304,273,6163,0.024663313321434368,0.494504593175853,0.008452106081805355
cic,cic,43,True,logistic,size,0,cap,0.1,12192,306,1210,577,317,213,47,304,273,10982,0.023675104716809326,0.09924540682414698,
cic,cic,43,True,logistic,size,0,random,0.1,12192,306,1210,577,44,281,252,304,273,10982,0.04853396466945911,0.09924540682414698,
cic,cic,43,True,logistic,tcp,0,forced,0.0,12192,306,0,380,0,302,78,302,78,12192,0.031167979002624673,0.0,
cic,cic,43,True,logistic,tcp,0,frozen,0.01,12192,306,374,380,55,301,24,302,78,11818,0.027500423083432052,0.030675853018372702,0.37834126624827824
cic,cic,43,True,logistic,tcp,0,cap,0.01,12192,306,110,380,37,301,42,302,78,12082,0.028389339513325607,0.00902230971128609,
cic,cic,43,True,logistic,tcp,0,random,0.01,12192,306,110,380,5,297,78,302,78,12082,0.03103790763118689,0.00902230971128609,
cic,cic,43,True,logistic,tcp,0,frozen,0.05,12192,306,847,380,74,293,13,302,78,11345,0.026972234464521815,0.06947178477690288,0.044273085553977465
cic,cic,43,True,logistic,tcp,0,cap,0.05,12192,306,599,380,69,296,15,302,78,11593,0.02682653325282498,0.04913057742782152,
cic,cic,43,True,logistic,tcp,0,random,0.05,12192,306,599,380,14,290,76,302,78,11593,0.0315707754679548,0.04913057742782152,
cic,cic,43,True,logistic,tcp,0,frozen,0.1,12192,306,1746,380,157,214,9,302,78,10446,0.02134788435764886,0.14320866141732283,0.008452106081805355
cic,cic,43,True,logistic,tcp,0,cap,0.1,12192,306,1210,380,122,247,11,302,78,10982,0.023492988526680022,0.09924540682414698,
cic,cic,43,True,logistic,tcp,0,random,0.1,12192,306,1210,380,33,278,69,302,78,10982,0.03159715898743398,0.09924540682414698,
cic,cic,43,True,logistic,temporal+tcp,0,forced,0.0,12192,306,0,374,0,303,71,303,71,12192,0.030675853018372702,0.0,
cic,cic,43,True,logistic,temporal+tcp,0,frozen,0.01,12192,306,601,374,56,301,17,303,71,11591,0.027435078940557328,0.049294619422572176,0.37834126624827824
cic,cic,43,True,logistic,temporal+tcp,0,cap,0.01,12192,306,110,374,16,303,55,303,71,12082,0.029630855818573085,0.00902230971128609,
cic,cic,43,True,logistic,temporal+tcp,0,random,0.01,12192,306,110,374,5,298,71,303,71,12082,0.0305413011090879,0.00902230971128609,
cic,cic,43,True,logistic,temporal+tcp,0,frozen,0.05,12192,306,1348,374,70,295,9,303,71,10844,0.028033935817041684,0.11056430446194225,0.044273085553977465
cic,cic,43,True,logistic,temporal+tcp,0,cap,0.05,12192,306,599,374,53,300,21,303,71,11593,0.027689122746484947,0.04913057742782152,
cic,cic,43,True,logistic,temporal+tcp,0,random,0.05,12192,306,599,374,14,291,69,303,71,11593,0.03105322177175882,0.04913057742782152,
cic,cic,43,True,logistic,temporal+tcp,0,frozen,0.1,12192,306,2820,374,139,228,7,303,71,9372,0.025074690567648314,0.2312992125984252,0.008452106081805355
cic,cic,43,True,logistic,temporal+tcp,0,cap,0.1,12192,306,1210,374,69,295,10,303,71,10982,0.027772718994718632,0.09924540682414698,
cic,cic,43,True,logistic,temporal+tcp,0,random,0.1,12192,306,1210,374,32,279,63,303,71,10982,0.031141868512110725,0.09924540682414698,
cic,cic,43,True,logistic,random10,0,forced,0.0,12192,306,0,862,0,294,568,294,568,12192,0.0707020997375328,0.0,
cic,cic,43,True,logistic,random10,0,frozen,0.01,12192,306,462,862,191,285,386,294,568,11730,0.05720375106564365,0.03789370078740158,0.37834126624827824
cic,cic,43,True,logistic,random10,0,cap,0.01,12192,306,110,862,49,292,521,294,568,12082,0.06729018374441317,0.00902230971128609,
cic,cic,43,True,logistic,random10,0,random,0.01,12192,306,110,862,8,289,565,294,568,12082,0.07068366164542295,0.00902230971128609,
cic,cic,43,True,logistic,random10,0,frozen,0.05,12192,306,1333,862,401,255,206,294,568,10859,0.04245326457316512,0.10933398950131233,0.044273085553977465
cic,cic,43,True,logistic,random10,0,cap,0.05,12192,306,599,862,237,279,346,294,568,11593,0.05391184335374795,0.04913057742782152,
cic,cic,43,True,logistic,random10,0,random,0.05,12192,306,599,862,43,282,537,294,568,11593,0.07064607953075132,0.04913057742782152,
cic,cic,43,True,logistic,random10,0,frozen,0.1,12192,306,2075,862,496,232,134,294,568,10117,0.03617673223287536,0.17019356955380577,0.008452106081805355
cic,cic,43,True,logistic,random10,0,cap,0.1,12192,306,1210,862,379,256,227,294,568,10982,0.043981059916226556,0.09924540682414698,
cic,cic,43,True,logistic,random10,0,random,0.1,12192,306,1210,862,85,270,507,294,568,10982,0.07075213986523401,0.09924540682414698,
cic,unsw,43,True,forest,clean,0,forced,0.0,10417,1285,0,1848,0,1284,564,1284,564,10417,0.17740232312565998,0.0,
cic,unsw,43,True,forest,clean,0,frozen,0.01,10417,1285,9342,1848,1166,682,0,1284,564,1075,0.6344186046511628,0.8968033022943266,0.09361846001974339
cic,unsw,43,True,forest,clean,0,cap,0.01,10417,1285,101,1848,24,1284,540,1284,564,10316,0.17681271810779373,0.009695689737928385,
cic,unsw,43,True,forest,clean,0,random,0.01,10417,1285,101,1848,22,1265,561,1284,564,10316,0.17700659170221017,0.009695689737928385,
cic,unsw,43,True,forest,clean,0,frozen,0.05,10417,1285,10400,1848,1838,10,0,1284,564,17,0.5882352941176471,0.9983680522223289,0.010000000000000009
cic,unsw,43,True,forest,clean,0,cap,0.05,10417,1285,518,1848,121,1283,444,1284,564,9899,0.17446206687544197,0.04972640875491984,
cic,unsw,43,True,forest,clean,0,random,0.05,10417,1285,518,1848,102,1208,538,1284,564,9899,0.17638145267198707,0.04972640875491984,
cic,unsw,43,True,forest,clean,0,frozen,0.1,10417,1285,10412,1848,1848,0,0,1284,564,5,0.0,0.9995200153595085,0.0001242236024844301
cic,unsw,43,True,forest,clean,0,cap,0.1,10417,1285,1040,1848,204,1281,363,1284,564,9377,0.1753225978457929,0.09983680522223289,
cic,unsw,43,True,forest,clean,0,random,0.1,10417,1285,1040,1848,191,1148,509,1284,564,9377,0.1767089687533326,0.09983680522223289,
cic,unsw,43,True,forest,temporal,0,forced,0.0,10417,1285,0,1786,0,1285,501,1285,501,10417,0.17145051358356533,0.0,
cic,unsw,43,True,forest,temporal,0,frozen,0.01,10417,1285,9347,1786,1114,672,0,1285,501,1070,0.6280373831775701,0.8972832869348181,0.09361846001974339
cic,unsw,43,True,forest,temporal,0,cap,0.01,10417,1285,101,1786,14,1285,487,1285,501,10316,0.17177200465296627,0.009695689737928385,
cic,unsw,43,True,forest,temporal,0,random,0.01,10417,1285,101,1786,22,1266,498,1285,501,10316,0.1709965102753005,0.009695689737928385,
cic,unsw,43,True,forest,temporal,0,frozen,0.05,10417,1285,10409,1786,1783,3,0,1285,501,8,0.375,0.9992320245752135,0.010000000000000009
cic,unsw,43,True,forest,temporal,0,cap,0.05,10417,1285,518,1786,37,1281,468,1285,501,9899,0.17668451358723103,0.04972640875491984,
cic,unsw,43,True,forest,temporal,0,random,0.05,10417,1285,518,1786,98,1209,479,1285,501,9899,0.17052227497727043,0.04972640875491984,
cic,unsw,43,True,forest,temporal,0,frozen,0.1,10417,1285,10415,1786,1786,0,0,1285,501,2,0.0,0.9998080061438034,0.0001242236024844301
cic,unsw,43,True,forest,temporal,0,cap,0.1,10417,1285,1040,1786,103,1280,403,1285,501,9377,0.17948171056841208,0.09983680522223289,
cic,unsw,43,True,forest,temporal,0,random,0.1,10417,1285,1040,1786,187,1149,450,1285,501,9377,0.17052362162738616,0.09983680522223289,
cic,unsw,43,True,forest,size,0,forced,0.0,10417,1285,0,1328,0,1285,43,1285,43,10417,0.12748392051454355,0.0,
cic,unsw,43,True,forest,size,0,frozen,0.01,10417,1285,9306,1328,585,743,0,1285,43,1111,0.6687668766876688,0.8933474128827877,0.09361846001974339
cic,unsw,43,True,forest,size,0,cap,0.01,10417,1285,101,1328,27,1285,16,1285,43,10316,0.12611477316789454,0.009695689737928385,
cic,unsw,43,True,forest,size,0,random,0.01,10417,1285,101,1328,19,1266,43,1285,43,10316,0.1268902675455603,0.009695689737928385,
cic,unsw,43,True,forest,size,0,frozen,0.05,10417,1285,10410,1328,1325,3,0,1285,43,7,0.42857142857142855,0.9993280215033119,0.010000000000000009
cic,unsw,43,True,forest,size,0,cap,0.05,10417,1285,518,1328,43,1285,0,1285,43,9899,0.12981109202949792,0.04972640875491984,
cic,unsw,43,True,forest,size,0,random,0.05,10417,1285,518,1328,78,1209,41,1285,43,9899,0.12627538135165167,0.04972640875491984,
cic,unsw,43,True,forest,size,0,frozen,0.1,10417,1285,10417,1328,1328,0,0,1285,43,0,,1.0,0.0001242236024844301
cic,unsw,43,True,forest,size,0,cap,0.1,10417,1285,1040,1328,43,1285,0,1285,43,9377,0.13703743201450358,0.09983680522223289,
cic,unsw,43,True,forest,size,0,random,0.1,10417,1285,1040,1328,139,1149,40,1285,43,9377,0.12679961608190252,0.09983680522223289,
cic,unsw,43,True,forest,tcp,0,forced,0.0,10417,1285,0,2007,0,1277,730,1277,730,10417,0.19266583469328982,0.0,
cic,unsw,43,True,forest,tcp,0,frozen,0.01,10417,1285,9446,2007,1385,622,0,1277,730,971,0.6405767250257467,0.9067869828165499,0.09361846001974339
cic,unsw,43,True,forest,tcp,0,cap,0.01,10417,1285,101,2007,12,1277,718,1277,730,10316,0.19338891043039938,0.009695689737928385,
cic,unsw,43,True,forest,tcp,0,random,0.01,10417,1285,101,2007,25,1258,724,1277,730,10316,0.1921287320666925,0.009695689737928385,
cic,unsw,43,True,forest,tcp,0,frozen,0.05,10417,1285,10407,2007,2001,6,0,1277,730,10,0.6,0.999040030719017,0.010000000000000009
cic,unsw,43,True,forest,tcp,0,cap,0.05,10417,1285,518,2007,132,1276,599,1277,730,9899,0.18941307202747754,0.04972640875491984,
cic,unsw,43,True,forest,tcp,0,random,0.05,10417,1285,518,2007,111,1201,695,1277,730,9899,0.19153449843418527,0.04972640875491984,
cic,unsw,43,True,forest,tcp,0,frozen,0.1,10417,1285,10413,2007,2005,2,0,1277,730,4,0.5,0.9996160122876068,0.0001242236024844301
cic,unsw,43,True,forest,tcp,0,cap,0.1,10417,1285,1040,2007,222,1271,514,1277,730,9377,0.1903593899968007,0.09983680522223289,
cic,unsw,43,True,forest,tcp,0,random,0.1,10417,1285,1040,2007,208,1141,658,1277,730,9377,0.191852404820305,0.09983680522223289,
cic,unsw,43,True,forest,temporal+tcp,0,forced,0.0,10417,1285,0,1975,0,1277,698,1277,698,10417,0.18959393299414418,0.0,
cic,unsw,43,True,forest,temporal+tcp,0,frozen,0.01,10417,1285,9512,1975,1373,602,0,1277,698,905,0.6651933701657459,0.9131227800710378,0.09361846001974339
cic,unsw,43,True,forest,temporal+tcp,0,cap,0.01,10417,1285,101,1975,42,1277,656,1277,698,10316,0.18737882900348973,0.009695689737928385,
cic,unsw,43,True,forest,temporal+tcp,0,random,0.01,10417,1285,101,1975,23,1258,694,1277,698,10316,0.1892206281504459,0.009695689737928385,
cic,unsw,43,True,forest,temporal+tcp,0,frozen,0.05,10417,1285,10413,1975,1971,4,0,1277,698,4,1.0,0.9996160122876068,0.010000000000000009
cic,unsw,43,True,forest,temporal+tcp,0,cap,0.05,10417,1285,518,1975,107,1277,591,1277,698,9899,0.18870592989190826,0.04972640875491984,
cic,unsw,43,True,forest,temporal+tcp,0,random,0.05,10417,1285,518,1975,109,1201,665,1277,698,9899,0.18850388928174563,0.04972640875491984,
cic,unsw,43,True,forest,temporal+tcp,0,frozen,0.1,10417,1285,10416,1975,1974,1,0,1277,698,1,1.0,0.9999040030719017,0.0001242236024844301
cic,unsw,43,True,forest,temporal+tcp,0,cap,0.1,10417,1285,1040,1975,132,1276,567,1277,698,9377,0.19654473712274714,0.09983680522223289,
cic,unsw,43,True,forest,temporal+tcp,0,random,0.1,10417,1285,1040,1975,206,1141,628,1277,698,9377,0.18865308734136718,0.09983680522223289,
cic,unsw,43,True,forest,random10,0,forced,0.0,10417,1285,0,1939,0,1284,655,1284,655,10417,0.18613804358260536,0.0,
cic,unsw,43,True,forest,random10,0,frozen,0.01,10417,1285,9674,1939,1417,522,0,1284,655,743,0.702557200538358,0.9286742824229625,0.09361846001974339
cic,unsw,43,True,forest,random10,0,cap,0.01,10417,1285,101,1939,55,1284,600,1284,655,10316,0.18262892594028693,0.009695689737928385,
cic,unsw,43,True,forest,random10,0,random,0.01,10417,1285,101,1939,24,1265,650,1284,655,10316,0.18563396665374177,0.009695689737928385,
cic,unsw,43,True,forest,random10,0,frozen,0.05,10417,1285,10400,1939,1925,14,0,1284,655,17,0.8235294117647058,0.9983680522223289,0.010000000000000009
cic,unsw,43,True,forest,random10,0,cap,0.05,10417,1285,518,1939,201,1282,456,1284,655,9899,0.1755732902313365,0.04972640875491984,
cic,unsw,43,True,forest,random10,0,random,0.05,10417,1285,518,1939,108,1208,623,1284,655,9899,0.18496817860389939,0.04972640875491984,
cic,unsw,43,True,forest,random10,0,frozen,0.1,10417,1285,10416,1939,1939,0,0,1284,655,1,0.0,0.9999040030719017,0.0001242236024844301
cic,unsw,43,True,forest,random10,0,cap,0.1,10417,1285,1040,1939,337,1276,326,1284,655,9377,0.17084355337527993,0.09983680522223289,
cic,unsw,43,True,forest,random10,0,random,0.1,10417,1285,1040,1939,197,1148,594,1284,655,9377,0.18577370161032314,0.09983680522223289,
cic,ton,43,True,forest,clean,9,forced,0.0,9358,7527,0,6174,0,6097,77,6097,77,9358,0.6597563581961957,0.0,
cic,ton,43,True,forest,clean,9,frozen,0.01,9358,7527,6760,6174,4171,2003,0,6097,77,2598,0.770977675134719,0.7223765761914939,0.09361846001974339
cic,ton,43,True,forest,clean,9,cap,0.01,9358,7527,78,6174,34,6065,75,6097,77,9280,0.6616379310344828,0.008335114340671083,
cic,ton,43,True,forest,clean,9,random,0.01,9358,7527,78,6174,55,6043,76,6097,77,9280,0.659375,0.008335114340671083,
cic,ton,43,True,forest,clean,9,frozen,0.05,9358,7527,7476,6174,4526,1648,0,6097,77,1882,0.8756641870350691,0.7988886514212439,0.010000000000000009
cic,ton,43,True,forest,clean,9,cap,0.05,9358,7527,453,6174,164,5942,68,6097,77,8905,0.6749017405951713,0.04840777944005129,
cic,ton,43,True,forest,clean,9,random,0.05,9358,7527,453,6174,294,5805,75,6097,77,8905,0.6603032004491859,0.04840777944005129,
cic,ton,43,True,forest,clean,9,frozen,0.1,9358,7527,7529,6174,4546,1628,0,6097,77,1829,0.8901038819026791,0.8045522547552896,0.0001242236024844301
cic,ton,43,True,forest,clean,9,cap,0.1,9358,7527,920,6174,318,5798,58,6097,77,8438,0.6940033183218772,0.09831160504381278,
cic,ton,43,True,forest,clean,9,random,0.1,9358,7527,920,6174,610,5494,70,6097,77,8438,0.6593979616022754,0.09831160504381278,
cic,ton,43,True,forest,temporal,9,forced,0.0,9358,7527,0,6263,0,6193,70,6193,70,9358,0.669266937379782,0.0,
cic,ton,43,True,forest,temporal,9,frozen,0.01,9358,7527,6741,6263,4318,1945,0,6193,70,2617,0.7432174245319068,0.7203462278264586,0.09361846001974339
cic,ton,43,True,forest,temporal,9,cap,0.01,9358,7527,78,6263,32,6162,69,6193,70,9280,0.6714439655172414,0.008335114340671083,
cic,ton,43,True,forest,temporal,9,random,0.01,9358,7527,78,6263,56,6138,69,6193,70,9280,0.6688577586206896,0.008335114340671083,
cic,ton,43,True,forest,temporal,9,frozen,0.05,9358,7527,7453,6263,4605,1658,0,6193,70,1905,0.8703412073490814,0.7964308612951485,0.010000000000000009
cic,ton,43,True,forest,temporal,9,cap,0.05,9358,7527,453,6263,199,6003,61,6193,70,8905,0.6809657495788882,0.04840777944005129,
cic,ton,43,True,forest,temporal,9,random,0.05,9358,7527,453,6263,297,5898,68,6193,70,8905,0.6699606962380685,0.04840777944005129,
cic,ton,43,True,forest,temporal,9,frozen,0.1,9358,7527,7606,6263,4646,1617,0,6193,70,1752,0.922945205479452,0.8127805086556956,0.0001242236024844301
cic,ton,43,True,forest,temporal,9,cap,0.1,9358,7527,920,6263,326,5881,56,6193,70,8438,0.7036027494666983,0.09831160504381278,
cic,ton,43,True,forest,temporal,9,random,0.1,9358,7527,920,6263,617,5582,64,6193,70,8438,0.6691159042427115,0.09831160504381278,
cic,ton,43,True,forest,size,9,forced,0.0,9358,7527,0,6117,0,6022,95,6022,95,9358,0.65366531310109,0.0,
cic,ton,43,True,forest,size,9,frozen,0.01,9358,7527,6821,6117,4143,1974,0,6022,95,2537,0.7780843515963737,0.7288950630476597,0.09361846001974339
cic,ton,43,True,forest,size,9,cap,0.01,9358,7527,78,6117,6,6022,89,6022,95,9280,0.6585129310344827,0.008335114340671083,
cic,ton,43,True,forest,size,9,random,0.01,9358,7527,78,6117,61,5962,94,6022,95,9280,0.6525862068965518,0.008335114340671083,
cic,ton,43,True,forest,size,9,frozen,0.05,9358,7527,7468,6117,4470,1647,0,6022,95,1890,0.8714285714285714,0.7980337678991237,0.010000000000000009
cic,ton,43,True,forest,size,9,cap,0.05,9358,7527,453,6117,189,5850,78,6022,95,8905,0.6656934306569343,0.04840777944005129,
cic,ton,43,True,forest,size,9,random,0.05,9358,7527,453,6117,296,5732,89,6022,95,8905,0.6536777091521617,0.04840777944005129,
cic,ton,43,True,forest,size,9,frozen,0.1,9358,7527,9356,6117,6117,0,0,6022,95,2,0.0,0.9997862791194699,0.0001242236024844301
cic,ton,43,True,forest,size,9,cap,0.1,9358,7527,920,6117,453,5592,72,6022,95,8438,0.6712491111637829,0.09831160504381278,
cic,ton,43,True,forest,size,9,random,0.1,9358,7527,920,6117,606,5428,83,6022,95,8438,0.6531168523346764,0.09831160504381278,
cic,ton,43,True,forest,tcp,9,forced,0.0,9358,7527,0,5934,0,5822,112,5822,112,9358,0.6341098525325924,0.0,
cic,ton,43,True,forest,tcp,9,frozen,0.01,9358,7527,6908,5934,3932,2002,0,5822,112,2450,0.8171428571428572,0.738191921350716,0.09361846001974339
cic,ton,43,True,forest,tcp,9,cap,0.01,9358,7527,78,5934,27,5798,109,5822,112,9280,0.6365301724137931,0.008335114340671083,
cic,ton,43,True,forest,tcp,9,random,0.01,9358,7527,78,5934,55,5768,111,5822,112,9280,0.6335129310344828,0.008335114340671083,
cic,ton,43,True,forest,tcp,9,frozen,0.05,9358,7527,7482,5934,4285,1649,0,5822,112,1876,0.8789978678038379,0.799529814062834,0.010000000000000009
cic,ton,43,True,forest,tcp,9,cap,0.05,9358,7527,453,5934,121,5728,85,5822,112,8905,0.6527793374508702,0.04840777944005129,
cic,ton,43,True,forest,tcp,9,random,0.05,9358,7527,453,5934,289,5538,107,5822,112,8905,0.6339135317237508,0.04840777944005129,
cic,ton,43,True,forest,tcp,9,frozen,0.1,9358,7527,7567,5934,4309,1625,0,5822,112,1791,0.9073143495254048,0.8086129514853602,0.0001242236024844301
cic,ton,43,True,forest,tcp,9,cap,0.1,9358,7527,920,5934,253,5609,72,5822,112,8438,0.6732638065892391,0.09831160504381278,
cic,ton,43,True,forest,tcp,9,random,0.1,9358,7527,920,5934,588,5244,102,5822,112,8438,0.6335624555581891,0.09831160504381278,
cic,ton,43,True,forest,temporal+tcp,9,forced,0.0,9358,7527,0,5899,0,5787,112,5787,112,9358,0.6303697371233169,0.0,
cic,ton,43,True,forest,temporal+tcp,9,frozen,0.01,9358,7527,6865,5899,3902,1997,0,5787,112,2493,0.8010429201764941,0.7335969224193204,0.09361846001974339
cic,ton,43,True,forest,temporal+tcp,9,cap,0.01,9358,7527,78,5899,39,5750,110,5787,112,9280,0.6314655172413793,0.008335114340671083,
cic,ton,43,True,forest,temporal+tcp,9,random,0.01,9358,7527,78,5899,55,5733,111,5787,112,9280,0.6297413793103448,0.008335114340671083,
cic,ton,43,True,forest,temporal+tcp,9,frozen,0.05,9358,7527,9219,5899,5817,82,0,5787,112,139,0.5899280575539568,0.985146398803163,0.010000000000000009
cic,ton,43,True,forest,temporal+tcp,9,cap,0.05,9358,7527,453,5899,181,5632,86,5787,112,8905,0.6421111734980348,0.04840777944005129,
cic,ton,43,True,forest,temporal+tcp,9,random,0.05,9358,7527,453,5899,287,5504,108,5787,112,8905,0.6302077484559236,0.04840777944005129,
cic,ton,43,True,forest,temporal+tcp,9,frozen,0.1,9358,7527,9309,5899,5899,0,0,5787,112,49,0.0,0.9947638384270143,0.0001242236024844301
cic,ton,43,True,forest,temporal+tcp,9,cap,0.1,9358,7527,920,5899,369,5464,66,5787,112,8438,0.6553685707513629,0.09831160504381278,
cic,ton,43,True,forest,temporal+tcp,9,random,0.1,9358,7527,920,5899,584,5212,103,5787,112,8438,0.6298885991941219,0.09831160504381278,
cic,ton,43,True,forest,random10,9,forced,0.0,9358,7527,0,6458,0,6389,69,6389,69,9358,0.6901047232314597,0.0,
cic,ton,43,True,forest,random10,9,frozen,0.01,9358,7527,7682,6458,5161,1297,0,6389,69,1676,0.7738663484486874,0.8209019021158367,0.09361846001974339
cic,ton,43,True,forest,random10,9,cap,0.01,9358,7527,78,6458,30,6359,69,6389,69,9280,0.6926724137931034,0.008335114340671083,
cic,ton,43,True,forest,random10,9,random,0.01,9358,7527,78,6458,58,6332,68,6389,69,9280,0.6896551724137931,0.008335114340671083,
cic,ton,43,True,forest,random10,9,frozen,0.05,9358,7527,8806,6458,5981,477,0,6389,69,552,0.8641304347826086,0.9410130369737123,0.010000000000000009
cic,ton,43,True,forest,random10,9,cap,0.05,9358,7527,453,6458,186,6213,59,6389,69,8905,0.7043234138124649,0.04840777944005129,
cic,ton,43,True,forest,random10,9,random,0.05,9358,7527,453,6458,312,6079,67,6389,69,8905,0.6901740595171252,0.04840777944005129,
cic,ton,43,True,forest,random10,9,frozen,0.1,9358,7527,9020,6458,6155,303,0,6389,69,338,0.8964497041420119,0.9638811711904253,0.0001242236024844301
cic,ton,43,True,forest,random10,9,cap,0.1,9358,7527,920,6458,414,5993,51,6389,69,8438,0.7162834794975113,0.09831160504381278,
cic,ton,43,True,forest,random10,9,random,0.1,9358,7527,920,6458,635,5761,62,6389,69,8438,0.6900924389665798,0.09831160504381278,
cic,cic,43,True,forest,clean,0,forced,0.0,12192,306,0,306,0,306,0,306,0,12192,0.025098425196850394,0.0,
cic,cic,43,True,forest,clean,0,frozen,0.01,12192,306,185,306,9,297,0,306,0,12007,0.024735570916965103,0.015173884514435696,0.09361846001974339
cic,cic,43,True,forest,clean,0,cap,0.01,12192,306,110,306,17,289,0,306,0,12082,0.023919880814434698,0.00902230971128609,
cic,cic,43,True,forest,clean,0,random,0.01,12192,306,110,306,5,301,0,306,0,12082,0.024913093858632676,0.00902230971128609,
cic,cic,43,True,forest,clean,0,frozen,0.05,12192,306,672,306,119,187,0,306,0,11520,0.01623263888888889,0.05511811023622047,0.010000000000000009
cic,cic,43,True,forest,clean,0,cap,0.05,12192,306,599,306,100,206,0,306,0,11593,0.017769343569395326,0.04913057742782152,
cic,cic,43,True,forest,clean,0,random,0.05,12192,306,599,306,12,294,0,306,0,11593,0.025360131113603038,0.04913057742782152,
cic,cic,43,True,forest,clean,0,frozen,0.1,12192,306,1303,306,124,182,0,306,0,10889,0.016714115162090183,0.1068733595800525,0.0001242236024844301
cic,cic,43,True,forest,clean,0,cap,0.1,12192,306,1210,306,117,189,0,306,0,10982,0.017209979967219086,0.09924540682414698,
cic,cic,43,True,forest,clean,0,random,0.1,12192,306,1210,306,24,282,0,306,0,10982,0.02567838280823165,0.09924540682414698,
cic,cic,43,True,forest,temporal,0,forced,0.0,12192,306,0,306,0,306,0,306,0,12192,0.025098425196850394,0.0,
cic,cic,43,True,forest,temporal,0,frozen,0.01,12192,306,212,306,12,294,0,306,0,11980,0.024540901502504174,0.017388451443569555,0.09361846001974339
cic,cic,43,True,forest,temporal,0,cap,0.01,12192,306,110,306,14,292,0,306,0,12082,0.02416818407548419,0.00902230971128609,
cic,cic,43,True,forest,temporal,0,random,0.01,12192,306,110,306,5,301,0,306,0,12082,0.024913093858632676,0.00902230971128609,
cic,cic,43,True,forest,temporal,0,frozen,0.05,12192,306,762,306,120,186,0,306,0,11430,0.01627296587926509,0.0625,0.010000000000000009
cic,cic,43,True,forest,temporal,0,cap,0.05,12192,306,599,306,75,231,0,306,0,11593,0.019925817303545243,0.04913057742782152,
cic,cic,43,True,forest,temporal,0,random,0.05,12192,306,599,306,12,294,0,306,0,11593,0.025360131113603038,0.04913057742782152,
cic,cic,43,True,forest,temporal,0,frozen,0.1,12192,306,2171,306,124,182,0,306,0,10021,0.018161860093803012,0.17806758530183728,0.0001242236024844301
cic,cic,43,True,forest,temporal,0,cap,0.1,12192,306,1210,306,114,192,0,306,0,10982,0.01748315425241304,0.09924540682414698,
cic,cic,43,True,forest,temporal,0,random,0.1,12192,306,1210,306,24,282,0,306,0,10982,0.02567838280823165,0.09924540682414698,
cic,cic,43,True,forest,size,0,forced,0.0,12192,306,0,306,0,306,0,306,0,12192,0.025098425196850394,0.0,
cic,cic,43,True,forest,size,0,frozen,0.01,12192,306,351,306,98,208,0,306,0,11841,0.017566083945612702,0.02878937007874016,0.09361846001974339
cic,cic,43,True,forest,size,0,cap,0.01,12192,306,110,306,26,280,0,306,0,12082,0.023174971031286212,0.00902230971128609,
cic,cic,43,True,forest,size,0,random,0.01,12192,306,110,306,5,301,0,306,0,12082,0.024913093858632676,0.00902230971128609,
cic,cic,43,True,forest,size,0,frozen,0.05,12192,306,2299,306,139,167,0,306,0,9893,0.016880622662488628,0.18856627296587927,0.010000000000000009
cic,cic,43,True,forest,size,0,cap,0.05,12192,306,599,306,101,205,0,306,0,11593,0.017683084620029328,0.04913057742782152,
cic,cic,43,True,forest,size,0,random,0.05,12192,306,599,306,12,294,0,306,0,11593,0.025360131113603038,0.04913057742782152,
cic,cic,43,True,forest,size,0,frozen,0.1,12192,306,7231,306,219,87,0,306,0,4961,0.017536786938117315,0.5930938320209974,0.0001242236024844301
cic,cic,43,True,forest,size,0,cap,0.1,12192,306,1210,306,121,185,0,306,0,10982,0.01684574758696048,0.09924540682414698,
cic,cic,43,True,forest,size,0,random,0.1,12192,306,1210,306,24,282,0,306,0,10982,0.02567838280823165,0.09924540682414698,
cic,cic,43,True,forest,tcp,0,forced,0.0,12192,306,0,306,0,306,0,306,0,12192,0.025098425196850394,0.0,
cic,cic,43,True,forest,tcp,0,frozen,0.01,12192,306,207,306,9,297,0,306,0,11985,0.024780976220275343,0.016978346456692914,0.09361846001974339
cic,cic,43,True,forest,tcp,0,cap,0.01,12192,306,110,306,7,299,0,306,0,12082,0.024747558351266345,0.00902230971128609,
cic,cic,43,True,forest,tcp,0,random,0.01,12192,306,110,306,5,301,0,306,0,12082,0.024913093858632676,0.00902230971128609,
cic,cic,43,True,forest,tcp,0,frozen,0.05,12192,306,1040,306,108,198,0,306,0,11152,0.017754662840746054,0.08530183727034121,0.010000000000000009
cic,cic,43,True,forest,tcp,0,cap,0.05,12192,306,599,306,73,233,0,306,0,11593,0.020098335202277235,0.04913057742782152,
cic,cic,43,True,forest,tcp,0,random,0.05,12192,306,599,306,12,294,0,306,0,11593,0.025360131113603038,0.04913057742782152,
cic,cic,43,True,forest,tcp,0,frozen,0.1,12192,306,2052,306,124,182,0,306,0,10140,0.017948717948717947,0.16830708661417323,0.0001242236024844301
cic,cic,43,True,forest,tcp,0,cap,0.1,12192,306,1210,306,106,200,0,306,0,10982,0.01821161901293025,0.09924540682414698,
cic,cic,43,True,forest,tcp,0,random,0.1,12192,306,1210,306,24,282,0,306,0,10982,0.02567838280823165,0.09924540682414698,
cic,cic,43,True,forest,temporal+tcp,0,forced,0.0,12192,306,0,307,0,306,1,306,1,12192,0.02518044619422572,0.0,
cic,cic,43,True,forest,temporal+tcp,0,frozen,0.01,12192,306,301,307,14,293,0,306,1,11891,0.024640484399966363,0.024688320209973753,0.09361846001974339
cic,cic,43,True,forest,temporal+tcp,0,cap,0.01,12192,306,110,307,7,300,0,306,1,12082,0.02483032610494951,0.00902230971128609,
cic,cic,43,True,forest,temporal+tcp,0,random,0.01,12192,306,110,307,5,301,1,306,1,12082,0.02499586161231584,0.00902230971128609,
cic,cic,43,True,forest,temporal+tcp,0,frozen,0.05,12192,306,3606,307,85,222,0,306,1,8586,0.02585604472396925,0.29576771653543305,0.010000000000000009
cic,cic,43,True,forest,temporal+tcp,0,cap,0.05,12192,306,599,307,11,296,0,306,1,11593,0.02553264901233503,0.04913057742782152,
cic,cic,43,True,forest,temporal+tcp,0,random,0.05,12192,306,599,307,12,294,1,306,1,11593,0.025446390062969032,0.04913057742782152,
cic,cic,43,True,forest,temporal+tcp,0,frozen,0.1,12192,306,4927,307,108,199,0,306,1,7265,0.02739160357880248,0.40411745406824146,0.0001242236024844301
cic,cic,43,True,forest,temporal+tcp,0,cap,0.1,12192,306,1210,307,34,273,0,306,1,10982,0.02485885995264979,0.09924540682414698,
cic,cic,43,True,forest,temporal+tcp,0,random,0.1,12192,306,1210,307,24,282,1,306,1,10982,0.025769440903296303,0.09924540682414698,
cic,cic,43,True,forest,random10,0,forced,0.0,12192,306,0,306,0,306,0,306,0,12192,0.025098425196850394,0.0,
cic,cic,43,True,forest,random10,0,frozen,0.01,12192,306,2644,306,101,205,0,306,0,9548,0.021470465018852115,0.21686351706036747,0.09361846001974339
cic,cic,43,True,forest,random10,0,cap,0.01,12192,306,110,306,13,293,0,306,0,12082,0.024250951829167356,0.00902230971128609,
cic,cic,43,True,forest,random10,0,random,0.01,12192,306,110,306,5,301,0,306,0,12082,0.024913093858632676,0.00902230971128609,
cic,cic,43,True,forest,random10,0,frozen,0.05,12192,306,7687,306,240,66,0,306,0,4505,0.0146503884572697,0.630495406824147,0.010000000000000009
cic,cic,43,True,forest,random10,0,cap,0.05,12192,306,599,306,30,276,0,306,0,11593,0.023807470025015095,0.04913057742782152,
cic,cic,43,True,forest,random10,0,random,0.05,12192,306,599,306,12,294,0,306,0,11593,0.025360131113603038,0.04913057742782152,
cic,cic,43,True,forest,random10,0,frozen,0.1,12192,306,8984,306,258,48,0,306,0,3208,0.014962593516209476,0.7368766404199475,0.0001242236024844301
cic,cic,43,True,forest,random10,0,cap,0.1,12192,306,1210,306,59,247,0,306,0,10982,0.02249134948096886,0.09924540682414698,
cic,cic,43,True,forest,random10,0,random,0.1,12192,306,1210,306,24,282,0,306,0,10982,0.02567838280823165,0.09924540682414698,
