source,target,seed,augmented,model,condition,overlap_removed,policy,attack,n,attacks,reviewed,errors,reviewed_errors,unreviewed_fn,unreviewed_fp,fn,fp,accepted,accepted_risk,review_fraction
unsw,unsw,17,False,logistic,clean,0,frozen,Benign,9132,0,104,2,1,0,1,0,2,9028,0.00011076650420912716,0.011388523872098117
unsw,unsw,17,False,logistic,clean,0,frozen,Reconnaissance,157,157,34,1,1,0,0,1,0,123,0.0,0.21656050955414013
unsw,unsw,17,False,logistic,clean,0,frozen,Fuzzers,358,358,33,0,0,0,0,0,0,325,0.0,0.09217877094972067
unsw,unsw,17,False,logistic,clean,0,frozen,Exploits,547,547,322,4,4,0,0,4,0,225,0.0,0.5886654478976234
unsw,unsw,17,False,logistic,clean,0,frozen,Generic,85,85,34,0,0,0,0,0,0,51,0.0,0.4
unsw,unsw,17,False,logistic,clean,0,frozen,Analysis,11,11,11,0,0,0,0,0,0,0,,1.0
unsw,unsw,17,False,logistic,clean,0,frozen,Shellcode,23,23,1,0,0,0,0,0,0,22,0.0,0.043478260869565216
unsw,unsw,17,False,logistic,clean,0,frozen,DoS,66,66,21,3,3,0,0,3,0,45,0.0,0.3181818181818182
unsw,unsw,17,False,logistic,clean,0,frozen,Backdoor,38,38,16,1,1,0,0,1,0,22,0.0,0.42105263157894735
unsw,unsw,17,False,logistic,clean,0,cap,Benign,9132,0,82,2,1,0,1,0,2,9050,0.00011049723756906077,0.008979413053000438
unsw,unsw,17,False,logistic,clean,0,cap,Reconnaissance,157,157,28,1,1,0,0,1,0,129,0.0,0.17834394904458598
unsw,unsw,17,False,logistic,clean,0,cap,Fuzzers,358,358,27,0,0,0,0,0,0,331,0.0,0.07541899441340782
unsw,unsw,17,False,logistic,clean,0,cap,Exploits,547,547,306,4,4,0,0,4,0,241,0.0,0.5594149908592322
unsw,unsw,17,False,logistic,clean,0,cap,Generic,85,85,30,0,0,0,0,0,0,55,0.0,0.35294117647058826
unsw,unsw,17,False,logistic,clean,0,cap,Analysis,11,11,10,0,0,0,0,0,0,1,0.0,0.9090909090909091
unsw,unsw,17,False,logistic,clean,0,cap,Shellcode,23,23,1,0,0,0,0,0,0,22,0.0,0.043478260869565216
unsw,unsw,17,False,logistic,clean,0,cap,DoS,66,66,21,3,3,0,0,3,0,45,0.0,0.3181818181818182
unsw,unsw,17,False,logistic,clean,0,cap,Backdoor,38,38,13,1,1,0,0,1,0,25,0.0,0.34210526315789475
unsw,unsw,17,False,logistic,clean,0,random,Benign,9132,0,456,2,0,0,2,0,2,8676,0.0002305209774089442,0.04993429697766097
unsw,unsw,17,False,logistic,clean,0,random,Reconnaissance,157,157,6,1,0,1,0,1,0,151,0.006622516556291391,0.03821656050955414
unsw,unsw,17,False,logistic,clean,0,random,Fuzzers,358,358,22,0,0,0,0,0,0,336,0.0,0.061452513966480445
unsw,unsw,17,False,logistic,clean,0,random,Exploits,547,547,22,4,0,4,0,4,0,525,0.007619047619047619,0.04021937842778794
unsw,unsw,17,False,logistic,clean,0,random,Generic,85,85,2,0,0,0,0,0,0,83,0.0,0.023529411764705882
unsw,unsw,17,False,logistic,clean,0,random,Analysis,11,11,1,0,0,0,0,0,0,10,0.0,0.09090909090909091
unsw,unsw,17,False,logistic,clean,0,random,Shellcode,23,23,1,0,0,0,0,0,0,22,0.0,0.043478260869565216
unsw,unsw,17,False,logistic,clean,0,random,DoS,66,66,5,3,1,2,0,3,0,61,0.03278688524590164,0.07575757575757576
unsw,unsw,17,False,logistic,clean,0,random,Backdoor,38,38,3,1,0,1,0,1,0,35,0.02857142857142857,0.07894736842105263
unsw,unsw,17,False,logistic,temporal,0,frozen,Benign,9132,0,358,1,0,0,1,0,1,8774,0.00011397310234784591,0.03920280332895313
unsw,unsw,17,False,logistic,temporal,0,frozen,Reconnaissance,157,157,42,12,12,0,0,12,0,115,0.0,0.267515923566879
unsw,unsw,17,False,logistic,temporal,0,frozen,Fuzzers,358,358,51,2,2,0,0,2,0,307,0.0,0.1424581005586592
unsw,unsw,17,False,logistic,temporal,0,frozen,Exploits,547,547,343,52,52,0,0,52,0,204,0.0,0.6270566727605119
unsw,unsw,17,False,logistic,temporal,0,frozen,Generic,85,85,42,1,1,0,0,1,0,43,0.0,0.49411764705882355
unsw,unsw,17,False,logistic,temporal,0,frozen,Analysis,11,11,11,1,1,0,0,1,0,0,,1.0
unsw,unsw,17,False,logistic,temporal,0,frozen,Shellcode,23,23,2,0,0,0,0,0,0,21,0.0,0.08695652173913043
unsw,unsw,17,False,logistic,temporal,0,frozen,DoS,66,66,21,7,5,2,0,7,0,45,0.044444444444444446,0.3181818181818182
unsw,unsw,17,False,logistic,temporal,0,frozen,Backdoor,38,38,18,7,7,0,0,7,0,20,0.0,0.47368421052631576
unsw,unsw,17,False,logistic,temporal,0,cap,Benign,9132,0,94,1,0,0,1,0,1,9038,0.00011064394777605666,0.01029347349978099
unsw,unsw,17,False,logistic,temporal,0,cap,Reconnaissance,157,157,37,12,11,1,0,12,0,120,0.008333333333333333,0.2356687898089172
unsw,unsw,17,False,logistic,temporal,0,cap,Fuzzers,358,358,28,2,2,0,0,2,0,330,0.0,0.0782122905027933
unsw,unsw,17,False,logistic,temporal,0,cap,Exploits,547,547,301,52,52,0,0,52,0,246,0.0,0.5502742230347349
unsw,unsw,17,False,logistic,temporal,0,cap,Generic,85,85,21,1,1,0,0,1,0,64,0.0,0.24705882352941178
unsw,unsw,17,False,logistic,temporal,0,cap,Analysis,11,11,11,1,1,0,0,1,0,0,,1.0
unsw,unsw,17,False,logistic,temporal,0,cap,Shellcode,23,23,1,0,0,0,0,0,0,22,0.0,0.043478260869565216
unsw,unsw,17,False,logistic,temporal,0,cap,DoS,66,66,18,7,5,2,0,7,0,48,0.041666666666666664,0.2727272727272727
unsw,unsw,17,False,logistic,temporal,0,cap,Backdoor,38,38,7,7,4,3,0,7,0,31,0.0967741935483871,0.18421052631578946
unsw,unsw,17,False,logistic,temporal,0,random,Benign,9132,0,456,1,0,0,1,0,1,8676,0.0001152604887044721,0.04993429697766097
unsw,unsw,17,False,logistic,temporal,0,random,Reconnaissance,157,157,6,12,1,11,0,12,0,151,0.0728476821192053,0.03821656050955414
unsw,unsw,17,False,logistic,temporal,0,random,Fuzzers,358,358,22,2,0,2,0,2,0,336,0.005952380952380952,0.061452513966480445
unsw,unsw,17,False,logistic,temporal,0,random,Exploits,547,547,22,52,1,51,0,52,0,525,0.09714285714285714,0.04021937842778794
unsw,unsw,17,False,logistic,temporal,0,random,Generic,85,85,2,1,0,1,0,1,0,83,0.012048192771084338,0.023529411764705882
unsw,unsw,17,False,logistic,temporal,0,random,Analysis,11,11,1,1,1,0,0,1,0,10,0.0,0.09090909090909091
unsw,unsw,17,False,logistic,temporal,0,random,Shellcode,23,23,1,0,0,0,0,0,0,22,0.0,0.043478260869565216
unsw,unsw,17,False,logistic,temporal,0,random,DoS,66,66,5,7,1,6,0,7,0,61,0.09836065573770492,0.07575757575757576
unsw,unsw,17,False,logistic,temporal,0,random,Backdoor,38,38,3,7,1,6,0,7,0,35,0.17142857142857143,0.07894736842105263
unsw,unsw,17,False,logistic,size,0,frozen,Benign,9132,0,12,4,3,0,1,0,4,9120,0.00010964912280701755,0.001314060446780552
unsw,unsw,17,False,logistic,size,0,frozen,Reconnaissance,157,157,40,14,14,0,0,14,0,117,0.0,0.25477707006369427
unsw,unsw,17,False,logistic,size,0,frozen,Fuzzers,358,358,17,15,15,0,0,15,0,341,0.0,0.04748603351955307
unsw,unsw,17,False,logistic,size,0,frozen,Exploits,547,547,327,223,223,0,0,223,0,220,0.0,0.5978062157221207
unsw,unsw,17,False,logistic,size,0,frozen,Generic,85,85,36,17,17,0,0,17,0,49,0.0,0.4235294117647059
unsw,unsw,17,False,logistic,size,0,frozen,Analysis,11,11,11,11,11,0,0,11,0,0,,1.0
unsw,unsw,17,False,logistic,size,0,frozen,Shellcode,23,23,1,0,0,0,0,0,0,22,0.0,0.043478260869565216
unsw,unsw,17,False,logistic,size,0,frozen,DoS,66,66,20,19,17,2,0,19,0,46,0.043478260869565216,0.30303030303030304
unsw,unsw,17,False,logistic,size,0,frozen,Backdoor,38,38,15,12,12,0,0,12,0,23,0.0,0.39473684210526316
unsw,unsw,17,False,logistic,size,0,cap,Benign,9132,0,59,4,3,0,1,0,4,9073,0.00011021712774165106,0.0064607971966710465
unsw,unsw,17,False,logistic,size,0,cap,Reconnaissance,157,157,32,14,14,0,0,14,0,125,0.0,0.20382165605095542
unsw,unsw,17,False,logistic,size,0,cap,Fuzzers,358,358,24,15,15,0,0,15,0,334,0.0,0.0670391061452514
unsw,unsw,17,False,logistic,size,0,cap,Exploits,547,547,323,223,214,9,0,223,0,224,0.04017857142857143,0.5904936014625228
unsw,unsw,17,False,logistic,size,0,cap,Generic,85,85,35,17,16,1,0,17,0,50,0.02,0.4117647058823529
unsw,unsw,17,False,logistic,size,0,cap,Analysis,11,11,11,11,11,0,0,11,0,0,,1.0
unsw,unsw,17,False,logistic,size,0,cap,Shellcode,23,23,0,0,0,0,0,0,0,23,0.0,0.0
unsw,unsw,17,False,logistic,size,0,cap,DoS,66,66,21,19,17,2,0,19,0,45,0.044444444444444446,0.3181818181818182
unsw,unsw,17,False,logistic,size,0,cap,Backdoor,38,38,13,12,10,2,0,12,0,25,0.08,0.34210526315789475
unsw,unsw,17,False,logistic,size,0,random,Benign,9132,0,456,4,0,0,4,0,4,8676,0.0004610419548178884,0.04993429697766097
unsw,unsw,17,False,logistic,size,0,random,Reconnaissance,157,157,6,14,0,14,0,14,0,151,0.09271523178807947,0.03821656050955414
unsw,unsw,17,False,logistic,size,0,random,Fuzzers,358,358,22,15,1,14,0,15,0,336,0.041666666666666664,0.061452513966480445
unsw,unsw,17,False,logistic,size,0,random,Exploits,547,547,22,223,7,216,0,223,0,525,0.4114285714285714,0.04021937842778794
unsw,unsw,17,False,logistic,size,0,random,Generic,85,85,2,17,0,17,0,17,0,83,0.20481927710843373,0.023529411764705882
unsw,unsw,17,False,logistic,size,0,random,Analysis,11,11,1,11,1,10,0,11,0,10,1.0,0.09090909090909091
unsw,unsw,17,False,logistic,size,0,random,Shellcode,23,23,1,0,0,0,0,0,0,22,0.0,0.043478260869565216
unsw,unsw,17,False,logistic,size,0,random,DoS,66,66,5,19,1,18,0,19,0,61,0.29508196721311475,0.07575757575757576
unsw,unsw,17,False,logistic,size,0,random,Backdoor,38,38,3,12,2,10,0,12,0,35,0.2857142857142857,0.07894736842105263
unsw,unsw,17,False,logistic,tcp,0,frozen,Benign,9132,0,576,2,1,0,1,0,2,8556,0.0001168770453482936,0.06307490144546649
unsw,unsw,17,False,logistic,tcp,0,frozen,Reconnaissance,157,157,42,0,0,0,0,0,0,115,0.0,0.267515923566879
unsw,unsw,17,False,logistic,tcp,0,frozen,Fuzzers,358,358,62,12,12,0,0,12,0,296,0.0,0.17318435754189945
unsw,unsw,17,False,logistic,tcp,0,frozen,Exploits,547,547,340,66,60,6,0,66,0,207,0.028985507246376812,0.6215722120658135
unsw,unsw,17,False,logistic,tcp,0,frozen,Generic,85,85,41,4,4,0,0,4,0,44,0.0,0.4823529411764706
unsw,unsw,17,False,logistic,tcp,0,frozen,Analysis,11,11,11,0,0,0,0,0,0,0,,1.0
unsw,unsw,17,False,logistic,tcp,0,frozen,Shellcode,23,23,2,0,0,0,0,0,0,21,0.0,0.08695652173913043
unsw,unsw,17,False,logistic,tcp,0,frozen,DoS,66,66,23,7,5,2,0,7,0,43,0.046511627906976744,0.3484848484848485
unsw,unsw,17,False,logistic,tcp,0,frozen,Backdoor,38,38,19,8,8,0,0,8,0,19,0.0,0.5
unsw,unsw,17,False,logistic,tcp,0,cap,Benign,9132,0,42,2,1,0,1,0,2,9090,0.00011001100110011001,0.0045992115637319315
unsw,unsw,17,False,logistic,tcp,0,cap,Reconnaissance,157,157,35,0,0,0,0,0,0,122,0.0,0.2229299363057325
unsw,unsw,17,False,logistic,tcp,0,cap,Fuzzers,358,358,38,12,12,0,0,12,0,320,0.0,0.10614525139664804
unsw,unsw,17,False,logistic,tcp,0,cap,Exploits,547,547,323,66,60,6,0,66,0,224,0.026785714285714284,0.5904936014625228
unsw,unsw,17,False,logistic,tcp,0,cap,Generic,85,85,36,4,4,0,0,4,0,49,0.0,0.4235294117647059
unsw,unsw,17,False,logistic,tcp,0,cap,Analysis,11,11,10,0,0,0,0,0,0,1,0.0,0.9090909090909091
unsw,unsw,17,False,logistic,tcp,0,cap,Shellcode,23,23,1,0,0,0,0,0,0,22,0.0,0.043478260869565216
unsw,unsw,17,False,logistic,tcp,0,cap,DoS,66,66,21,7,5,2,0,7,0,45,0.044444444444444446,0.3181818181818182
unsw,unsw,17,False,logistic,tcp,0,cap,Backdoor,38,38,12,8,7,1,0,8,0,26,0.038461538461538464,0.3157894736842105
unsw,unsw,17,False,logistic,tcp,0,random,Benign,9132,0,456,2,0,0,2,0,2,8676,0.0002305209774089442,0.04993429697766097
unsw,unsw,17,False,logistic,tcp,0,random,Reconnaissance,157,157,6,0,0,0,0,0,0,151,0.0,0.03821656050955414
unsw,unsw,17,False,logistic,tcp,0,random,Fuzzers,358,358,22,12,0,12,0,12,0,336,0.03571428571428571,0.061452513966480445
unsw,unsw,17,False,logistic,tcp,0,random,Exploits,547,547,22,66,2,64,0,66,0,525,0.1219047619047619,0.04021937842778794
unsw,unsw,17,False,logistic,tcp,0,random,Generic,85,85,2,4,0,4,0,4,0,83,0.04819277108433735,0.023529411764705882
unsw,unsw,17,False,logistic,tcp,0,random,Analysis,11,11,1,0,0,0,0,0,0,10,0.0,0.09090909090909091
unsw,unsw,17,False,logistic,tcp,0,random,Shellcode,23,23,1,0,0,0,0,0,0,22,0.0,0.043478260869565216
unsw,unsw,17,False,logistic,tcp,0,random,DoS,66,66,5,7,1,6,0,7,0,61,0.09836065573770492,0.07575757575757576
unsw,unsw,17,False,logistic,tcp,0,random,Backdoor,38,38,3,8,1,7,0,8,0,35,0.2,0.07894736842105263
unsw,unsw,17,False,logistic,temporal+tcp,0,frozen,Benign,9132,0,84,1,1,0,0,0,1,9048,0.0,0.009198423127463863
unsw,unsw,17,False,logistic,temporal+tcp,0,frozen,Reconnaissance,157,157,133,41,41,0,0,41,0,24,0.0,0.8471337579617835
unsw,unsw,17,False,logistic,temporal+tcp,0,frozen,Fuzzers,358,358,208,32,32,0,0,32,0,150,0.0,0.5810055865921788
unsw,unsw,17,False,logistic,temporal+tcp,0,frozen,Exploits,547,547,431,268,262,6,0,268,0,116,0.05172413793103448,0.7879341864716636
unsw,unsw,17,False,logistic,temporal+tcp,0,frozen,Generic,85,85,53,31,31,0,0,31,0,32,0.0,0.6235294117647059
unsw,unsw,17,False,logistic,temporal+tcp,0,frozen,Analysis,11,11,11,11,11,0,0,11,0,0,,1.0
unsw,unsw,17,False,logistic,temporal+tcp,0,frozen,Shellcode,23,23,20,1,1,0,0,1,0,3,0.0,0.8695652173913043
unsw,unsw,17,False,logistic,temporal+tcp,0,frozen,DoS,66,66,36,19,17,2,0,19,0,30,0.06666666666666667,0.5454545454545454
unsw,unsw,17,False,logistic,temporal+tcp,0,frozen,Backdoor,38,38,29,12,12,0,0,12,0,9,0.0,0.7631578947368421
unsw,unsw,17,False,logistic,temporal+tcp,0,cap,Benign,9132,0,1,1,0,0,1,0,1,9131,0.00010951702989814916,0.00010950503723171266
unsw,unsw,17,False,logistic,temporal+tcp,0,cap,Reconnaissance,157,157,50,41,36,5,0,41,0,107,0.04672897196261682,0.3184713375796178
unsw,unsw,17,False,logistic,temporal+tcp,0,cap,Fuzzers,358,358,61,32,17,15,0,32,0,297,0.050505050505050504,0.17039106145251395
unsw,unsw,17,False,logistic,temporal+tcp,0,cap,Exploits,547,547,324,268,239,29,0,268,0,223,0.13004484304932734,0.5923217550274223
unsw,unsw,17,False,logistic,temporal+tcp,0,cap,Generic,85,85,40,31,29,2,0,31,0,45,0.044444444444444446,0.47058823529411764
unsw,unsw,17,False,logistic,temporal+tcp,0,cap,Analysis,11,11,8,11,8,3,0,11,0,3,1.0,0.7272727272727273
unsw,unsw,17,False,logistic,temporal+tcp,0,cap,Shellcode,23,23,5,1,0,1,0,1,0,18,0.05555555555555555,0.21739130434782608
unsw,unsw,17,False,logistic,temporal+tcp,0,cap,DoS,66,66,22,19,15,4,0,19,0,44,0.09090909090909091,0.3333333333333333
unsw,unsw,17,False,logistic,temporal+tcp,0,cap,Backdoor,38,38,7,12,2,10,0,12,0,31,0.3225806451612903,0.18421052631578946
unsw,unsw,17,False,logistic,temporal+tcp,0,random,Benign,9132,0,456,1,0,0,1,0,1,8676,0.0001152604887044721,0.04993429697766097
unsw,unsw,17,False,logistic,temporal+tcp,0,random,Reconnaissance,157,157,6,41,3,38,0,41,0,151,0.25165562913907286,0.03821656050955414
unsw,unsw,17,False,logistic,temporal+tcp,0,random,Fuzzers,358,358,22,32,2,30,0,32,0,336,0.08928571428571429,0.061452513966480445
unsw,unsw,17,False,logistic,temporal+tcp,0,random,Exploits,547,547,22,268,10,258,0,268,0,525,0.49142857142857144,0.04021937842778794
unsw,unsw,17,False,logistic,temporal+tcp,0,random,Generic,85,85,2,31,2,29,0,31,0,83,0.3493975903614458,0.023529411764705882
unsw,unsw,17,False,logistic,temporal+tcp,0,random,Analysis,11,11,1,11,1,10,0,11,0,10,1.0,0.09090909090909091
unsw,unsw,17,False,logistic,temporal+tcp,0,random,Shellcode,23,23,1,1,1,0,0,1,0,22,0.0,0.043478260869565216
unsw,unsw,17,False,logistic,temporal+tcp,0,random,DoS,66,66,5,19,1,18,0,19,0,61,0.29508196721311475,0.07575757575757576
unsw,unsw,17,False,logistic,temporal+tcp,0,random,Backdoor,38,38,3,12,1,11,0,12,0,35,0.3142857142857143,0.07894736842105263
unsw,unsw,17,False,logistic,random10,0,frozen,Benign,9132,0,512,60,27,0,33,0,60,8620,0.00382830626450116,0.05606657906263688
unsw,unsw,17,False,logistic,random10,0,frozen,Reconnaissance,157,157,65,16,16,0,0,16,0,92,0.0,0.4140127388535032
unsw,unsw,17,False,logistic,random10,0,frozen,Fuzzers,358,358,99,35,26,9,0,35,0,259,0.03474903474903475,0.276536312849162
unsw,unsw,17,False,logistic,random10,0,frozen,Exploits,547,547,343,85,75,10,0,85,0,204,0.049019607843137254,0.6270566727605119
unsw,unsw,17,False,logistic,random10,0,frozen,Generic,85,85,37,11,6,5,0,11,0,48,0.10416666666666667,0.43529411764705883
unsw,unsw,17,False,logistic,random10,0,frozen,Analysis,11,11,10,6,5,1,0,6,0,1,1.0,0.9090909090909091
unsw,unsw,17,False,logistic,random10,0,frozen,Shellcode,23,23,7,1,1,0,0,1,0,16,0.0,0.30434782608695654
unsw,unsw,17,False,logistic,random10,0,frozen,DoS,66,66,22,10,7,3,0,10,0,44,0.06818181818181818,0.3333333333333333
unsw,unsw,17,False,logistic,random10,0,frozen,Backdoor,38,38,22,6,5,1,0,6,0,16,0.0625,0.5789473684210527
unsw,unsw,17,False,logistic,random10,0,cap,Benign,9132,0,101,60,19,0,41,0,60,9031,0.0045399180600155025,0.011060008760402978
unsw,unsw,17,False,logistic,random10,0,cap,Reconnaissance,157,157,41,16,13,3,0,16,0,116,0.02586206896551724,0.2611464968152866
unsw,unsw,17,False,logistic,random10,0,cap,Fuzzers,358,358,62,35,21,14,0,35,0,296,0.0472972972972973,0.17318435754189945
unsw,unsw,17,False,logistic,random10,0,cap,Exploits,547,547,251,85,63,22,0,85,0,296,0.07432432432432433,0.45886654478976235
unsw,unsw,17,False,logistic,random10,0,cap,Generic,85,85,21,11,6,5,0,11,0,64,0.078125,0.24705882352941178
unsw,unsw,17,False,logistic,random10,0,cap,Analysis,11,11,7,6,3,3,0,6,0,4,0.75,0.6363636363636364
unsw,unsw,17,False,logistic,random10,0,cap,Shellcode,23,23,4,1,0,1,0,1,0,19,0.05263157894736842,0.17391304347826086
unsw,unsw,17,False,logistic,random10,0,cap,DoS,66,66,17,10,5,5,0,10,0,49,0.10204081632653061,0.25757575757575757
unsw,unsw,17,False,logistic,random10,0,cap,Backdoor,38,38,14,6,3,3,0,6,0,24,0.125,0.3684210526315789
unsw,unsw,17,False,logistic,random10,0,random,Benign,9132,0,456,60,2,0,58,0,60,8676,0.006685108344859382,0.04993429697766097
unsw,unsw,17,False,logistic,random10,0,random,Reconnaissance,157,157,6,16,1,15,0,16,0,151,0.09933774834437085,0.03821656050955414
unsw,unsw,17,False,logistic,random10,0,random,Fuzzers,358,358,22,35,3,32,0,35,0,336,0.09523809523809523,0.061452513966480445
unsw,unsw,17,False,logistic,random10,0,random,Exploits,547,547,22,85,5,80,0,85,0,525,0.1523809523809524,0.04021937842778794
unsw,unsw,17,False,logistic,random10,0,random,Generic,85,85,2,11,0,11,0,11,0,83,0.13253012048192772,0.023529411764705882
unsw,unsw,17,False,logistic,random10,0,random,Analysis,11,11,1,6,0,6,0,6,0,10,0.6,0.09090909090909091
unsw,unsw,17,False,logistic,random10,0,random,Shellcode,23,23,1,1,1,0,0,1,0,22,0.0,0.043478260869565216
unsw,unsw,17,False,logistic,random10,0,random,DoS,66,66,5,10,2,8,0,10,0,61,0.13114754098360656,0.07575757575757576
unsw,unsw,17,False,logistic,random10,0,random,Backdoor,38,38,3,6,0,6,0,6,0,35,0.17142857142857143,0.07894736842105263
unsw,ton,17,False,logistic,clean,0,frozen,Benign,1833,0,210,48,34,0,14,0,48,1623,0.00862600123228589,0.11456628477905073
unsw,ton,17,False,logistic,clean,0,frozen,xss,7211,7211,52,7185,27,7158,0,7185,0,7159,0.9998603156865484,0.0072112051033143805
unsw,ton,17,False,logistic,clean,0,frozen,ransomware,15,15,0,14,0,14,0,14,0,15,0.9333333333333333,0.0
unsw,ton,17,False,logistic,clean,0,frozen,Backdoor,288,288,0,288,0,288,0,288,0,288,1.0,0.0
unsw,ton,17,False,logistic,clean,0,frozen,mitm,20,20,8,18,6,12,0,18,0,12,1.0,0.4
unsw,ton,17,False,logistic,clean,0,cap,Benign,1833,0,162,48,20,0,28,0,48,1671,0.016756433273488927,0.088379705400982
unsw,ton,17,False,logistic,clean,0,cap,xss,7211,7211,287,7185,261,6924,0,7185,0,6924,1.0,0.03980030508944668
unsw,ton,17,False,logistic,clean,0,cap,ransomware,15,15,0,14,0,14,0,14,0,15,0.9333333333333333,0.0
unsw,ton,17,False,logistic,clean,0,cap,Backdoor,288,288,0,288,0,288,0,288,0,288,1.0,0.0
unsw,ton,17,False,logistic,clean,0,cap,mitm,20,20,5,18,3,15,0,18,0,15,1.0,0.25
unsw,ton,17,False,logistic,clean,0,random,Benign,1833,0,81,48,2,0,46,0,48,1752,0.026255707762557076,0.044189852700491
unsw,ton,17,False,logistic,clean,0,random,xss,7211,7211,358,7185,357,6828,0,7185,0,6853,0.9963519626440974,0.04964637359589516
unsw,ton,17,False,logistic,clean,0,random,ransomware,15,15,1,14,1,13,0,14,0,14,0.9285714285714286,0.06666666666666667
unsw,ton,17,False,logistic,clean,0,random,Backdoor,288,288,14,288,14,274,0,288,0,274,1.0,0.04861111111111111
unsw,ton,17,False,logistic,clean,0,random,mitm,20,20,0,18,0,18,0,18,0,20,0.9,0.0
unsw,ton,17,False,logistic,temporal,0,frozen,Benign,1833,0,28,17,5,0,12,0,17,1805,0.006648199445983379,0.015275504637206765
unsw,ton,17,False,logistic,temporal,0,frozen,xss,7211,7211,47,7207,43,7164,0,7207,0,7164,1.0,0.00651781999722646
unsw,ton,17,False,logistic,temporal,0,frozen,ransomware,15,15,1,14,0,14,0,14,0,14,1.0,0.06666666666666667
unsw,ton,17,False,logistic,temporal,0,frozen,Backdoor,288,288,0,288,0,288,0,288,0,288,1.0,0.0
unsw,ton,17,False,logistic,temporal,0,frozen,mitm,20,20,4,18,2,16,0,18,0,16,1.0,0.2
unsw,ton,17,False,logistic,temporal,0,cap,Benign,1833,0,175,17,4,0,13,0,17,1658,0.007840772014475271,0.09547190398254228
unsw,ton,17,False,logistic,temporal,0,cap,xss,7211,7211,272,7207,268,6939,0,7207,0,6939,1.0,0.03772014977118292
unsw,ton,17,False,logistic,temporal,0,cap,ransomware,15,15,1,14,0,14,0,14,0,14,1.0,0.06666666666666667
unsw,ton,17,False,logistic,temporal,0,cap,Backdoor,288,288,0,288,0,288,0,288,0,288,1.0,0.0
unsw,ton,17,False,logistic,temporal,0,cap,mitm,20,20,6,18,4,14,0,18,0,14,1.0,0.3
unsw,ton,17,False,logistic,temporal,0,random,Benign,1833,0,81,17,1,0,16,0,17,1752,0.0091324200913242,0.044189852700491
unsw,ton,17,False,logistic,temporal,0,random,xss,7211,7211,358,7207,358,6849,0,7207,0,6853,0.9994163140230556,0.04964637359589516
unsw,ton,17,False,logistic,temporal,0,random,ransomware,15,15,1,14,1,13,0,14,0,14,0.9285714285714286,0.06666666666666667
unsw,ton,17,False,logistic,temporal,0,random,Backdoor,288,288,14,288,14,274,0,288,0,274,1.0,0.04861111111111111
unsw,ton,17,False,logistic,temporal,0,random,mitm,20,20,0,18,0,18,0,18,0,20,0.9,0.0
unsw,ton,17,False,logistic,size,0,frozen,Benign,1833,0,427,52,38,0,14,0,52,1406,0.00995732574679943,0.23295144571740317
unsw,ton,17,False,logistic,size,0,frozen,xss,7211,7211,59,7208,56,7152,0,7208,0,7152,1.0,0.008181944251837471
unsw,ton,17,False,logistic,size,0,frozen,ransomware,15,15,1,15,1,14,0,15,0,14,1.0,0.06666666666666667
unsw,ton,17,False,logistic,size,0,frozen,Backdoor,288,288,0,288,0,288,0,288,0,288,1.0,0.0
unsw,ton,17,False,logistic,size,0,frozen,mitm,20,20,5,12,3,9,0,12,0,15,0.6,0.25
unsw,ton,17,False,logistic,size,0,cap,Benign,1833,0,169,52,6,0,46,0,52,1664,0.027644230769230768,0.09219858156028368
unsw,ton,17,False,logistic,size,0,cap,xss,7211,7211,283,7208,280,6928,0,7208,0,6928,1.0,0.03924559700457634
unsw,ton,17,False,logistic,size,0,cap,ransomware,15,15,1,15,1,14,0,15,0,14,1.0,0.06666666666666667
unsw,ton,17,False,logistic,size,0,cap,Backdoor,288,288,0,288,0,288,0,288,0,288,1.0,0.0
unsw,ton,17,False,logistic,size,0,cap,mitm,20,20,1,12,1,11,0,12,0,19,0.5789473684210527,0.05
unsw,ton,17,False,logistic,size,0,random,Benign,1833,0,81,52,5,0,47,0,52,1752,0.02682648401826484,0.044189852700491
unsw,ton,17,False,logistic,size,0,random,xss,7211,7211,358,7208,358,6850,0,7208,0,6853,0.9995622355172917,0.04964637359589516
unsw,ton,17,False,logistic,size,0,random,ransomware,15,15,1,15,1,14,0,15,0,14,1.0,0.06666666666666667
unsw,ton,17,False,logistic,size,0,random,Backdoor,288,288,14,288,14,274,0,288,0,274,1.0,0.04861111111111111
unsw,ton,17,False,logistic,size,0,random,mitm,20,20,0,12,0,12,0,12,0,20,0.6,0.0
unsw,ton,17,False,logistic,tcp,0,frozen,Benign,1833,0,216,44,31,0,13,0,44,1617,0.008039579468150896,0.11783960720130933
unsw,ton,17,False,logistic,tcp,0,frozen,xss,7211,7211,59,7195,44,7151,0,7195,0,7152,0.9998601789709173,0.008181944251837471
unsw,ton,17,False,logistic,tcp,0,frozen,ransomware,15,15,1,14,0,14,0,14,0,14,1.0,0.06666666666666667
unsw,ton,17,False,logistic,tcp,0,frozen,Backdoor,288,288,30,31,14,17,0,31,0,258,0.06589147286821706,0.10416666666666667
unsw,ton,17,False,logistic,tcp,0,frozen,mitm,20,20,3,19,2,17,0,19,0,17,1.0,0.15
unsw,ton,17,False,logistic,tcp,0,cap,Benign,1833,0,161,44,18,0,26,0,44,1672,0.01555023923444976,0.0878341516639389
unsw,ton,17,False,logistic,tcp,0,cap,xss,7211,7211,272,7195,256,6939,0,7195,0,6939,1.0,0.03772014977118292
unsw,ton,17,False,logistic,tcp,0,cap,ransomware,15,15,0,14,0,14,0,14,0,15,0.9333333333333333,0.0
unsw,ton,17,False,logistic,tcp,0,cap,Backdoor,288,288,17,31,12,19,0,31,0,271,0.07011070110701106,0.059027777777777776
unsw,ton,17,False,logistic,tcp,0,cap,mitm,20,20,4,19,3,16,0,19,0,16,1.0,0.2
unsw,ton,17,False,logistic,tcp,0,random,Benign,1833,0,81,44,2,0,42,0,44,1752,0.023972602739726026,0.044189852700491
unsw,ton,17,False,logistic,tcp,0,random,xss,7211,7211,358,7195,357,6838,0,7195,0,6853,0.9978111775864584,0.04964637359589516
unsw,ton,17,False,logistic,tcp,0,random,ransomware,15,15,1,14,1,13,0,14,0,14,0.9285714285714286,0.06666666666666667
unsw,ton,17,False,logistic,tcp,0,random,Backdoor,288,288,14,31,1,30,0,31,0,274,0.10948905109489052,0.04861111111111111
unsw,ton,17,False,logistic,tcp,0,random,mitm,20,20,0,19,0,19,0,19,0,20,0.95,0.0
unsw,ton,17,False,logistic,temporal+tcp,0,frozen,Benign,1833,0,27,15,4,0,11,0,15,1806,0.006090808416389812,0.014729950900163666
unsw,ton,17,False,logistic,temporal+tcp,0,frozen,xss,7211,7211,45,7211,45,7166,0,7211,0,7166,1.0,0.006240465954791291
unsw,ton,17,False,logistic,temporal+tcp,0,frozen,ransomware,15,15,1,14,0,14,0,14,0,14,1.0,0.06666666666666667
unsw,ton,17,False,logistic,temporal+tcp,0,frozen,Backdoor,288,288,283,5,0,5,0,5,0,5,1.0,0.9826388888888888
unsw,ton,17,False,logistic,temporal+tcp,0,frozen,mitm,20,20,4,20,4,16,0,20,0,16,1.0,0.2
unsw,ton,17,False,logistic,temporal+tcp,0,cap,Benign,1833,0,188,15,4,0,11,0,15,1645,0.006686930091185411,0.10256410256410256
unsw,ton,17,False,logistic,temporal+tcp,0,cap,xss,7211,7211,223,7211,223,6988,0,7211,0,6988,1.0,0.03092497573152129
unsw,ton,17,False,logistic,temporal+tcp,0,cap,ransomware,15,15,1,14,0,14,0,14,0,14,1.0,0.06666666666666667
unsw,ton,17,False,logistic,temporal+tcp,0,cap,Backdoor,288,288,38,5,0,5,0,5,0,250,0.02,0.13194444444444445
unsw,ton,17,False,logistic,temporal+tcp,0,cap,mitm,20,20,4,20,4,16,0,20,0,16,1.0,0.2
unsw,ton,17,False,logistic,temporal+tcp,0,random,Benign,1833,0,81,15,1,0,14,0,15,1752,0.007990867579908675,0.044189852700491
unsw,ton,17,False,logistic,temporal+tcp,0,random,xss,7211,7211,358,7211,358,6853,0,7211,0,6853,1.0,0.04964637359589516
unsw,ton,17,False,logistic,temporal+tcp,0,random,ransomware,15,15,1,14,1,13,0,14,0,14,0.9285714285714286,0.06666666666666667
unsw,ton,17,False,logistic,temporal+tcp,0,random,Backdoor,288,288,14,5,0,5,0,5,0,274,0.01824817518248175,0.04861111111111111
unsw,ton,17,False,logistic,temporal+tcp,0,random,mitm,20,20,0,20,0,20,0,20,0,20,1.0,0.0
unsw,ton,17,False,logistic,random10,0,frozen,Benign,1833,0,243,140,66,0,74,0,140,1590,0.04654088050314465,0.132569558101473
unsw,ton,17,False,logistic,random10,0,frozen,xss,7211,7211,607,6782,314,6468,0,6782,0,6604,0.9794064203513022,0.08417695187907363
unsw,ton,17,False,logistic,random10,0,frozen,ransomware,15,15,4,13,2,11,0,13,0,11,1.0,0.26666666666666666
unsw,ton,17,False,logistic,random10,0,frozen,Backdoor,288,288,22,266,7,259,0,266,0,266,0.9736842105263158,0.0763888888888889
unsw,ton,17,False,logistic,random10,0,frozen,mitm,20,20,3,19,3,16,0,19,0,17,0.9411764705882353,0.15
unsw,ton,17,False,logistic,random10,0,cap,Benign,1833,0,73,140,27,0,113,0,140,1760,0.06420454545454546,0.03982542280414621
unsw,ton,17,False,logistic,random10,0,cap,xss,7211,7211,371,6782,180,6602,0,6782,0,6840,0.9652046783625731,0.051449174871723756
unsw,ton,17,False,logistic,random10,0,cap,ransomware,15,15,1,13,0,13,0,13,0,14,0.9285714285714286,0.06666666666666667
unsw,ton,17,False,logistic,random10,0,cap,Backdoor,288,288,8,266,2,264,0,266,0,280,0.9428571428571428,0.027777777777777776
unsw,ton,17,False,logistic,random10,0,cap,mitm,20,20,1,19,1,18,0,19,0,19,0.9473684210526315,0.05
unsw,ton,17,False,logistic,random10,0,random,Benign,1833,0,81,140,4,0,136,0,140,1752,0.0776255707762557,0.044189852700491
unsw,ton,17,False,logistic,random10,0,random,xss,7211,7211,358,6782,336,6446,0,6782,0,6853,0.9406099518459069,0.04964637359589516
unsw,ton,17,False,logistic,random10,0,random,ransomware,15,15,1,13,0,13,0,13,0,14,0.9285714285714286,0.06666666666666667
unsw,ton,17,False,logistic,random10,0,random,Backdoor,288,288,14,266,14,252,0,266,0,274,0.9197080291970803,0.04861111111111111
unsw,ton,17,False,logistic,random10,0,random,mitm,20,20,0,19,0,19,0,19,0,20,0.95,0.0
unsw,cic,17,False,logistic,clean,0,frozen,Benign,11886,0,833,2564,341,0,2223,0,2564,11053,0.2011218673663259,0.07008244994110718
unsw,cic,17,False,logistic,clean,0,frozen,Infilteration,213,213,15,154,8,146,0,154,0,198,0.7373737373737373,0.07042253521126761
unsw,cic,17,False,logistic,clean,0,frozen,Bot,93,93,0,93,0,93,0,93,0,93,1.0,0.0
unsw,cic,17,False,logistic,clean,0,cap,Benign,11886,0,585,2564,233,0,2331,0,2564,11301,0.2062649323068755,0.04921756688541141
unsw,cic,17,False,logistic,clean,0,cap,Infilteration,213,213,14,154,8,146,0,154,0,199,0.7336683417085427,0.06572769953051644
unsw,cic,17,False,logistic,clean,0,cap,Bot,93,93,0,93,0,93,0,93,0,93,1.0,0.0
unsw,cic,17,False,logistic,clean,0,random,Benign,11886,0,582,2564,124,0,2440,0,2564,11304,0.21585279547062985,0.048965169106511865
unsw,cic,17,False,logistic,clean,0,random,Infilteration,213,213,8,154,6,148,0,154,0,205,0.7219512195121951,0.03755868544600939
unsw,cic,17,False,logistic,clean,0,random,Bot,93,93,9,93,9,84,0,93,0,84,1.0,0.0967741935483871
unsw,cic,17,False,logistic,temporal,0,frozen,Benign,11886,0,1611,2726,1236,0,1490,0,2726,10275,0.14501216545012166,0.13553760726905603
unsw,cic,17,False,logistic,temporal,0,frozen,Infilteration,213,213,16,158,5,153,0,158,0,197,0.7766497461928934,0.07511737089201878
unsw,cic,17,False,logistic,temporal,0,frozen,Bot,93,93,0,93,0,93,0,93,0,93,1.0,0.0
unsw,cic,17,False,logistic,temporal,0,cap,Benign,11886,0,594,2726,499,0,2227,0,2726,11292,0.19721927027984415,0.049974760222110046
unsw,cic,17,False,logistic,temporal,0,cap,Infilteration,213,213,5,158,1,157,0,158,0,208,0.7548076923076923,0.023474178403755867
unsw,cic,17,False,logistic,temporal,0,cap,Bot,93,93,0,93,0,93,0,93,0,93,1.0,0.0
unsw,cic,17,False,logistic,temporal,0,random,Benign,11886,0,582,2726,130,0,2596,0,2726,11304,0.22965322009907999,0.048965169106511865
unsw,cic,17,False,logistic,temporal,0,random,Infilteration,213,213,8,158,6,152,0,158,0,205,0.7414634146341463,0.03755868544600939
unsw,cic,17,False,logistic,temporal,0,random,Bot,93,93,9,93,9,84,0,93,0,84,1.0,0.0967741935483871
unsw,cic,17,False,logistic,size,0,frozen,Benign,11886,0,2230,2494,712,0,1782,0,2494,9656,0.18454846727423363,0.18761568231532896
unsw,cic,17,False,logistic,size,0,frozen,Infilteration,213,213,40,153,27,126,0,153,0,173,0.7283236994219653,0.18779342723004694
unsw,cic,17,False,logistic,size,0,frozen,Bot,93,93,4,93,4,89,0,93,0,89,1.0,0.043010752688172046
unsw,cic,17,False,logistic,size,0,cap,Benign,11886,0,585,2494,185,0,2309,0,2494,11301,0.20431820192903283,0.04921756688541141
unsw,cic,17,False,logistic,size,0,cap,Infilteration,213,213,14,153,9,144,0,153,0,199,0.7236180904522613,0.06572769953051644
unsw,cic,17,False,logistic,size,0,cap,Bot,93,93,0,93,0,93,0,93,0,93,1.0,0.0
unsw,cic,17,False,logistic,size,0,random,Benign,11886,0,582,2494,119,0,2375,0,2494,11304,0.210102618542109,0.048965169106511865
unsw,cic,17,False,logistic,size,0,random,Infilteration,213,213,8,153,6,147,0,153,0,205,0.7170731707317073,0.03755868544600939
unsw,cic,17,False,logistic,size,0,random,Bot,93,93,9,93,9,84,0,93,0,84,1.0,0.0967741935483871
unsw,cic,17,False,logistic,tcp,0,frozen,Benign,11886,0,1021,2549,473,0,2076,0,2549,10865,0.19107225034514497,0.08589937741881205
unsw,cic,17,False,logistic,tcp,0,frozen,Infilteration,213,213,21,154,11,143,0,154,0,192,0.7447916666666666,0.09859154929577464
unsw,cic,17,False,logistic,tcp,0,frozen,Bot,93,93,0,93,0,93,0,93,0,93,1.0,0.0
unsw,cic,17,False,logistic,tcp,0,cap,Benign,11886,0,584,2549,285,0,2264,0,2549,11302,0.2003185276942134,0.04913343429244489
unsw,cic,17,False,logistic,tcp,0,cap,Infilteration,213,213,15,154,8,146,0,154,0,198,0.7373737373737373,0.07042253521126761
unsw,cic,17,False,logistic,tcp,0,cap,Bot,93,93,0,93,0,93,0,93,0,93,1.0,0.0
unsw,cic,17,False,logistic,tcp,0,random,Benign,11886,0,582,2549,122,0,2427,0,2549,11304,0.2147027600849257,0.048965169106511865
unsw,cic,17,False,logistic,tcp,0,random,Infilteration,213,213,8,154,6,148,0,154,0,205,0.7219512195121951,0.03755868544600939
unsw,cic,17,False,logistic,tcp,0,random,Bot,93,93,9,93,9,84,0,93,0,84,1.0,0.0967741935483871
unsw,cic,17,False,logistic,temporal+tcp,0,frozen,Benign,11886,0,1991,2799,1665,0,1134,0,2799,9895,0.1146033350176857,0.1675079925963318
unsw,cic,17,False,logistic,temporal+tcp,0,frozen,Infilteration,213,213,30,159,6,153,0,159,0,183,0.8360655737704918,0.14084507042253522
unsw,cic,17,False,logistic,temporal+tcp,0,frozen,Bot,93,93,0,93,0,93,0,93,0,93,1.0,0.0
unsw,cic,17,False,logistic,temporal+tcp,0,cap,Benign,11886,0,596,2799,468,0,2331,0,2799,11290,0.20646589902568646,0.05014302540804308
unsw,cic,17,False,logistic,temporal+tcp,0,cap,Infilteration,213,213,3,159,2,157,0,159,0,210,0.7476190476190476,0.014084507042253521
unsw,cic,17,False,logistic,temporal+tcp,0,cap,Bot,93,93,0,93,0,93,0,93,0,93,1.0,0.0
unsw,cic,17,False,logistic,temporal+tcp,0,random,Benign,11886,0,582,2799,133,0,2666,0,2799,11304,0.23584571832979476,0.048965169106511865
unsw,cic,17,False,logistic,temporal+tcp,0,random,Infilteration,213,213,8,159,6,153,0,159,0,205,0.7463414634146341,0.03755868544600939
unsw,cic,17,False,logistic,temporal+tcp,0,random,Bot,93,93,9,93,9,84,0,93,0,84,1.0,0.0967741935483871
unsw,cic,17,False,logistic,random10,0,frozen,Benign,11886,0,1962,2652,847,0,1805,0,2652,9924,0.18188230552196694,0.16506814740030287
unsw,cic,17,False,logistic,random10,0,frozen,Infilteration,213,213,32,160,20,140,0,160,0,181,0.7734806629834254,0.15023474178403756
unsw,cic,17,False,logistic,random10,0,frozen,Bot,93,93,4,84,1,83,0,84,0,89,0.9325842696629213,0.043010752688172046
unsw,cic,17,False,logistic,random10,0,cap,Benign,11886,0,587,2652,262,0,2390,0,2652,11299,0.21152314364103017,0.04938583207134444
unsw,cic,17,False,logistic,random10,0,cap,Infilteration,213,213,11,160,8,152,0,160,0,202,0.7524752475247525,0.051643192488262914
unsw,cic,17,False,logistic,random10,0,cap,Bot,93,93,1,84,0,84,0,84,0,92,0.9130434782608695,0.010752688172043012
unsw,cic,17,False,logistic,random10,0,random,Benign,11886,0,582,2652,136,0,2516,0,2652,11304,0.22257607926397735,0.048965169106511865
unsw,cic,17,False,logistic,random10,0,random,Infilteration,213,213,8,160,5,155,0,160,0,205,0.7560975609756098,0.03755868544600939
unsw,cic,17,False,logistic,random10,0,random,Bot,93,93,9,84,9,75,0,84,0,84,0.8928571428571429,0.0967741935483871
unsw,unsw,17,False,forest,clean,0,frozen,Benign,9132,0,45,4,4,0,0,0,4,9087,0.0,0.00492772667542707
unsw,unsw,17,False,forest,clean,0,frozen,Reconnaissance,157,157,25,0,0,0,0,0,0,132,0.0,0.1592356687898089
unsw,unsw,17,False,forest,clean,0,frozen,Fuzzers,358,358,76,0,0,0,0,0,0,282,0.0,0.2122905027932961
unsw,unsw,17,False,forest,clean,0,frozen,Exploits,547,547,247,4,4,0,0,4,0,300,0.0,0.4515539305301645
unsw,unsw,17,False,forest,clean,0,frozen,Generic,85,85,43,1,1,0,0,1,0,42,0.0,0.5058823529411764
unsw,unsw,17,False,forest,clean,0,frozen,Analysis,11,11,2,0,0,0,0,0,0,9,0.0,0.18181818181818182
unsw,unsw,17,False,forest,clean,0,frozen,Shellcode,23,23,7,0,0,0,0,0,0,16,0.0,0.30434782608695654
unsw,unsw,17,False,forest,clean,0,frozen,DoS,66,66,33,1,1,0,0,1,0,33,0.0,0.5
unsw,unsw,17,False,forest,clean,0,frozen,Backdoor,38,38,15,1,1,0,0,1,0,23,0.0,0.39473684210526316
unsw,unsw,17,False,forest,clean,0,cap,Benign,9132,0,53,4,4,0,0,0,4,9079,0.0,0.005803766973280771
unsw,unsw,17,False,forest,clean,0,cap,Reconnaissance,157,157,27,0,0,0,0,0,0,130,0.0,0.17197452229299362
unsw,unsw,17,False,forest,clean,0,cap,Fuzzers,358,358,83,0,0,0,0,0,0,275,0.0,0.23184357541899442
unsw,unsw,17,False,forest,clean,0,cap,Exploits,547,547,253,4,4,0,0,4,0,294,0.0,0.4625228519195612
unsw,unsw,17,False,forest,clean,0,cap,Generic,85,85,44,1,1,0,0,1,0,41,0.0,0.5176470588235295
unsw,unsw,17,False,forest,clean,0,cap,Analysis,11,11,2,0,0,0,0,0,0,9,0.0,0.18181818181818182
unsw,unsw,17,False,forest,clean,0,cap,Shellcode,23,23,7,0,0,0,0,0,0,16,0.0,0.30434782608695654
unsw,unsw,17,False,forest,clean,0,cap,DoS,66,66,35,1,1,0,0,1,0,31,0.0,0.5303030303030303
unsw,unsw,17,False,forest,clean,0,cap,Backdoor,38,38,14,1,1,0,0,1,0,24,0.0,0.3684210526315789
unsw,unsw,17,False,forest,clean,0,random,Benign,9132,0,456,4,0,0,4,0,4,8676,0.0004610419548178884,0.04993429697766097
unsw,unsw,17,False,forest,clean,0,random,Reconnaissance,157,157,6,0,0,0,0,0,0,151,0.0,0.03821656050955414
unsw,unsw,17,False,forest,clean,0,random,Fuzzers,358,358,22,0,0,0,0,0,0,336,0.0,0.061452513966480445
unsw,unsw,17,False,forest,clean,0,random,Exploits,547,547,22,4,0,4,0,4,0,525,0.007619047619047619,0.04021937842778794
unsw,unsw,17,False,forest,clean,0,random,Generic,85,85,2,1,0,1,0,1,0,83,0.012048192771084338,0.023529411764705882
unsw,unsw,17,False,forest,clean,0,random,Analysis,11,11,1,0,0,0,0,0,0,10,0.0,0.09090909090909091
unsw,unsw,17,False,forest,clean,0,random,Shellcode,23,23,1,0,0,0,0,0,0,22,0.0,0.043478260869565216
unsw,unsw,17,False,forest,clean,0,random,DoS,66,66,5,1,0,1,0,1,0,61,0.01639344262295082,0.07575757575757576
unsw,unsw,17,False,forest,clean,0,random,Backdoor,38,38,3,1,0,1,0,1,0,35,0.02857142857142857,0.07894736842105263
unsw,unsw,17,False,forest,temporal,0,frozen,Benign,9132,0,1102,5,5,0,0,0,5,8030,0.0,0.12067455102934735
unsw,unsw,17,False,forest,temporal,0,frozen,Reconnaissance,157,157,157,0,0,0,0,0,0,0,,1.0
unsw,unsw,17,False,forest,temporal,0,frozen,Fuzzers,358,358,358,0,0,0,0,0,0,0,,1.0
unsw,unsw,17,False,forest,temporal,0,frozen,Exploits,547,547,547,5,5,0,0,5,0,0,,1.0
unsw,unsw,17,False,forest,temporal,0,frozen,Generic,85,85,85,1,1,0,0,1,0,0,,1.0
unsw,unsw,17,False,forest,temporal,0,frozen,Analysis,11,11,11,0,0,0,0,0,0,0,,1.0
unsw,unsw,17,False,forest,temporal,0,frozen,Shellcode,23,23,23,0,0,0,0,0,0,0,,1.0
unsw,unsw,17,False,forest,temporal,0,frozen,DoS,66,66,66,2,2,0,0,2,0,0,,1.0
unsw,unsw,17,False,forest,temporal,0,frozen,Backdoor,38,38,38,1,1,0,0,1,0,0,,1.0
unsw,unsw,17,False,forest,temporal,0,cap,Benign,9132,0,13,5,5,0,0,0,5,9119,0.0,0.0014235654840122646
unsw,unsw,17,False,forest,temporal,0,cap,Reconnaissance,157,157,21,0,0,0,0,0,0,136,0.0,0.1337579617834395
unsw,unsw,17,False,forest,temporal,0,cap,Fuzzers,358,358,83,0,0,0,0,0,0,275,0.0,0.23184357541899442
unsw,unsw,17,False,forest,temporal,0,cap,Exploits,547,547,295,5,5,0,0,5,0,252,0.0,0.5393053016453382
unsw,unsw,17,False,forest,temporal,0,cap,Generic,85,85,49,1,1,0,0,1,0,36,0.0,0.5764705882352941
unsw,unsw,17,False,forest,temporal,0,cap,Analysis,11,11,4,0,0,0,0,0,0,7,0.0,0.36363636363636365
unsw,unsw,17,False,forest,temporal,0,cap,Shellcode,23,23,7,0,0,0,0,0,0,16,0.0,0.30434782608695654
unsw,unsw,17,False,forest,temporal,0,cap,DoS,66,66,30,2,2,0,0,2,0,36,0.0,0.45454545454545453
unsw,unsw,17,False,forest,temporal,0,cap,Backdoor,38,38,16,1,1,0,0,1,0,22,0.0,0.42105263157894735
unsw,unsw,17,False,forest,temporal,0,random,Benign,9132,0,456,5,0,0,5,0,5,8676,0.0005763024435223605,0.04993429697766097
unsw,unsw,17,False,forest,temporal,0,random,Reconnaissance,157,157,6,0,0,0,0,0,0,151,0.0,0.03821656050955414
unsw,unsw,17,False,forest,temporal,0,random,Fuzzers,358,358,22,0,0,0,0,0,0,336,0.0,0.061452513966480445
unsw,unsw,17,False,forest,temporal,0,random,Exploits,547,547,22,5,0,5,0,5,0,525,0.009523809523809525,0.04021937842778794
unsw,unsw,17,False,forest,temporal,0,random,Generic,85,85,2,1,0,1,0,1,0,83,0.012048192771084338,0.023529411764705882
unsw,unsw,17,False,forest,temporal,0,random,Analysis,11,11,1,0,0,0,0,0,0,10,0.0,0.09090909090909091
unsw,unsw,17,False,forest,temporal,0,random,Shellcode,23,23,1,0,0,0,0,0,0,22,0.0,0.043478260869565216
unsw,unsw,17,False,forest,temporal,0,random,DoS,66,66,5,2,0,2,0,2,0,61,0.03278688524590164,0.07575757575757576
unsw,unsw,17,False,forest,temporal,0,random,Backdoor,38,38,3,1,0,1,0,1,0,35,0.02857142857142857,0.07894736842105263
unsw,unsw,17,False,forest,size,0,frozen,Benign,9132,0,1042,2,2,0,0,0,2,8090,0.0,0.11410424879544459
unsw,unsw,17,False,forest,size,0,frozen,Reconnaissance,157,157,157,0,0,0,0,0,0,0,,1.0
unsw,unsw,17,False,forest,size,0,frozen,Fuzzers,358,358,358,0,0,0,0,0,0,0,,1.0
unsw,unsw,17,False,forest,size,0,frozen,Exploits,547,547,547,21,21,0,0,21,0,0,,1.0
unsw,unsw,17,False,forest,size,0,frozen,Generic,85,85,85,0,0,0,0,0,0,0,,1.0
unsw,unsw,17,False,forest,size,0,frozen,Analysis,11,11,11,0,0,0,0,0,0,0,,1.0
unsw,unsw,17,False,forest,size,0,frozen,Shellcode,23,23,23,0,0,0,0,0,0,0,,1.0
unsw,unsw,17,False,forest,size,0,frozen,DoS,66,66,66,2,2,0,0,2,0,0,,1.0
unsw,unsw,17,False,forest,size,0,frozen,Backdoor,38,38,38,1,1,0,0,1,0,0,,1.0
unsw,unsw,17,False,forest,size,0,cap,Benign,9132,0,3,2,1,0,1,0,2,9129,0.00010954102311315588,0.000328515111695138
unsw,unsw,17,False,forest,size,0,cap,Reconnaissance,157,157,35,0,0,0,0,0,0,122,0.0,0.2229299363057325
unsw,unsw,17,False,forest,size,0,cap,Fuzzers,358,358,62,0,0,0,0,0,0,296,0.0,0.17318435754189945
unsw,unsw,17,False,forest,size,0,cap,Exploits,547,547,326,21,20,1,0,21,0,221,0.004524886877828055,0.5959780621572212
unsw,unsw,17,False,forest,size,0,cap,Generic,85,85,38,0,0,0,0,0,0,47,0.0,0.4470588235294118
unsw,unsw,17,False,forest,size,0,cap,Analysis,11,11,11,0,0,0,0,0,0,0,,1.0
unsw,unsw,17,False,forest,size,0,cap,Shellcode,23,23,5,0,0,0,0,0,0,18,0.0,0.21739130434782608
unsw,unsw,17,False,forest,size,0,cap,DoS,66,66,28,2,2,0,0,2,0,38,0.0,0.42424242424242425
unsw,unsw,17,False,forest,size,0,cap,Backdoor,38,38,10,1,1,0,0,1,0,28,0.0,0.2631578947368421
unsw,unsw,17,False,forest,size,0,random,Benign,9132,0,456,2,0,0,2,0,2,8676,0.0002305209774089442,0.04993429697766097
unsw,unsw,17,False,forest,size,0,random,Reconnaissance,157,157,6,0,0,0,0,0,0,151,0.0,0.03821656050955414
unsw,unsw,17,False,forest,size,0,random,Fuzzers,358,358,22,0,0,0,0,0,0,336,0.0,0.061452513966480445
unsw,unsw,17,False,forest,size,0,random,Exploits,547,547,22,21,1,20,0,21,0,525,0.0380952380952381,0.04021937842778794
unsw,unsw,17,False,forest,size,0,random,Generic,85,85,2,0,0,0,0,0,0,83,0.0,0.023529411764705882
unsw,unsw,17,False,forest,size,0,random,Analysis,11,11,1,0,0,0,0,0,0,10,0.0,0.09090909090909091
unsw,unsw,17,False,forest,size,0,random,Shellcode,23,23,1,0,0,0,0,0,0,22,0.0,0.043478260869565216
unsw,unsw,17,False,forest,size,0,random,DoS,66,66,5,2,0,2,0,2,0,61,0.03278688524590164,0.07575757575757576
unsw,unsw,17,False,forest,size,0,random,Backdoor,38,38,3,1,0,1,0,1,0,35,0.02857142857142857,0.07894736842105263
unsw,unsw,17,False,forest,tcp,0,frozen,Benign,9132,0,1542,4,4,0,0,0,4,7590,0.0,0.16885676741130093
unsw,unsw,17,False,forest,tcp,0,frozen,Reconnaissance,157,157,157,0,0,0,0,0,0,0,,1.0
unsw,unsw,17,False,forest,tcp,0,frozen,Fuzzers,358,358,358,0,0,0,0,0,0,0,,1.0
unsw,unsw,17,False,forest,tcp,0,frozen,Exploits,547,547,547,6,6,0,0,6,0,0,,1.0
unsw,unsw,17,False,forest,tcp,0,frozen,Generic,85,85,85,1,1,0,0,1,0,0,,1.0
unsw,unsw,17,False,forest,tcp,0,frozen,Analysis,11,11,11,0,0,0,0,0,0,0,,1.0
unsw,unsw,17,False,forest,tcp,0,frozen,Shellcode,23,23,23,0,0,0,0,0,0,0,,1.0
unsw,unsw,17,False,forest,tcp,0,frozen,DoS,66,66,66,2,2,0,0,2,0,0,,1.0
unsw,unsw,17,False,forest,tcp,0,frozen,Backdoor,38,38,38,1,1,0,0,1,0,0,,1.0
unsw,unsw,17,False,forest,tcp,0,cap,Benign,9132,0,7,4,4,0,0,0,4,9125,0.0,0.0007665352606219887
unsw,unsw,17,False,forest,tcp,0,cap,Reconnaissance,157,157,13,0,0,0,0,0,0,144,0.0,0.08280254777070063
unsw,unsw,17,False,forest,tcp,0,cap,Fuzzers,358,358,106,0,0,0,0,0,0,252,0.0,0.29608938547486036
unsw,unsw,17,False,forest,tcp,0,cap,Exploits,547,547,285,6,6,0,0,6,0,262,0.0,0.5210237659963437
unsw,unsw,17,False,forest,tcp,0,cap,Generic,85,85,49,1,1,0,0,1,0,36,0.0,0.5764705882352941
unsw,unsw,17,False,forest,tcp,0,cap,Analysis,11,11,5,0,0,0,0,0,0,6,0.0,0.45454545454545453
unsw,unsw,17,False,forest,tcp,0,cap,Shellcode,23,23,7,0,0,0,0,0,0,16,0.0,0.30434782608695654
unsw,unsw,17,False,forest,tcp,0,cap,DoS,66,66,25,2,2,0,0,2,0,41,0.0,0.3787878787878788
unsw,unsw,17,False,forest,tcp,0,cap,Backdoor,38,38,21,1,1,0,0,1,0,17,0.0,0.5526315789473685
unsw,unsw,17,False,forest,tcp,0,random,Benign,9132,0,456,4,0,0,4,0,4,8676,0.0004610419548178884,0.04993429697766097
unsw,unsw,17,False,forest,tcp,0,random,Reconnaissance,157,157,6,0,0,0,0,0,0,151,0.0,0.03821656050955414
unsw,unsw,17,False,forest,tcp,0,random,Fuzzers,358,358,22,0,0,0,0,0,0,336,0.0,0.061452513966480445
unsw,unsw,17,False,forest,tcp,0,random,Exploits,547,547,22,6,0,6,0,6,0,525,0.011428571428571429,0.04021937842778794
unsw,unsw,17,False,forest,tcp,0,random,Generic,85,85,2,1,0,1,0,1,0,83,0.012048192771084338,0.023529411764705882
unsw,unsw,17,False,forest,tcp,0,random,Analysis,11,11,1,0,0,0,0,0,0,10,0.0,0.09090909090909091
unsw,unsw,17,False,forest,tcp,0,random,Shellcode,23,23,1,0,0,0,0,0,0,22,0.0,0.043478260869565216
unsw,unsw,17,False,forest,tcp,0,random,DoS,66,66,5,2,0,2,0,2,0,61,0.03278688524590164,0.07575757575757576
unsw,unsw,17,False,forest,tcp,0,random,Backdoor,38,38,3,1,0,1,0,1,0,35,0.02857142857142857,0.07894736842105263
unsw,unsw,17,False,forest,temporal+tcp,0,frozen,Benign,9132,0,2249,4,4,0,0,0,4,6883,0.0,0.24627682873412177
unsw,unsw,17,False,forest,temporal+tcp,0,frozen,Reconnaissance,157,157,157,0,0,0,0,0,0,0,,1.0
unsw,unsw,17,False,forest,temporal+tcp,0,frozen,Fuzzers,358,358,358,0,0,0,0,0,0,0,,1.0
unsw,unsw,17,False,forest,temporal+tcp,0,frozen,Exploits,547,547,547,6,6,0,0,6,0,0,,1.0
unsw,unsw,17,False,forest,temporal+tcp,0,frozen,Generic,85,85,85,1,1,0,0,1,0,0,,1.0
unsw,unsw,17,False,forest,temporal+tcp,0,frozen,Analysis,11,11,11,0,0,0,0,0,0,0,,1.0
unsw,unsw,17,False,forest,temporal+tcp,0,frozen,Shellcode,23,23,23,0,0,0,0,0,0,0,,1.0
unsw,unsw,17,False,forest,temporal+tcp,0,frozen,DoS,66,66,66,2,2,0,0,2,0,0,,1.0
unsw,unsw,17,False,forest,temporal+tcp,0,frozen,Backdoor,38,38,38,1,1,0,0,1,0,0,,1.0
unsw,unsw,17,False,forest,temporal+tcp,0,cap,Benign,9132,0,7,4,4,0,0,0,4,9125,0.0,0.0007665352606219887
unsw,unsw,17,False,forest,temporal+tcp,0,cap,Reconnaissance,157,157,13,0,0,0,0,0,0,144,0.0,0.08280254777070063
unsw,unsw,17,False,forest,temporal+tcp,0,cap,Fuzzers,358,358,108,0,0,0,0,0,0,250,0.0,0.3016759776536313
unsw,unsw,17,False,forest,temporal+tcp,0,cap,Exploits,547,547,289,6,6,0,0,6,0,258,0.0,0.5283363802559415
unsw,unsw,17,False,forest,temporal+tcp,0,cap,Generic,85,85,40,1,1,0,0,1,0,45,0.0,0.47058823529411764
unsw,unsw,17,False,forest,temporal+tcp,0,cap,Analysis,11,11,6,0,0,0,0,0,0,5,0.0,0.5454545454545454
unsw,unsw,17,False,forest,temporal+tcp,0,cap,Shellcode,23,23,6,0,0,0,0,0,0,17,0.0,0.2608695652173913
unsw,unsw,17,False,forest,temporal+tcp,0,cap,DoS,66,66,31,2,2,0,0,2,0,35,0.0,0.4696969696969697
unsw,unsw,17,False,forest,temporal+tcp,0,cap,Backdoor,38,38,18,1,1,0,0,1,0,20,0.0,0.47368421052631576
unsw,unsw,17,False,forest,temporal+tcp,0,random,Benign,9132,0,456,4,0,0,4,0,4,8676,0.0004610419548178884,0.04993429697766097
unsw,unsw,17,False,forest,temporal+tcp,0,random,Reconnaissance,157,157,6,0,0,0,0,0,0,151,0.0,0.03821656050955414
unsw,unsw,17,False,forest,temporal+tcp,0,random,Fuzzers,358,358,22,0,0,0,0,0,0,336,0.0,0.061452513966480445
unsw,unsw,17,False,forest,temporal+tcp,0,random,Exploits,547,547,22,6,0,6,0,6,0,525,0.011428571428571429,0.04021937842778794
unsw,unsw,17,False,forest,temporal+tcp,0,random,Generic,85,85,2,1,0,1,0,1,0,83,0.012048192771084338,0.023529411764705882
unsw,unsw,17,False,forest,temporal+tcp,0,random,Analysis,11,11,1,0,0,0,0,0,0,10,0.0,0.09090909090909091
unsw,unsw,17,False,forest,temporal+tcp,0,random,Shellcode,23,23,1,0,0,0,0,0,0,22,0.0,0.043478260869565216
unsw,unsw,17,False,forest,temporal+tcp,0,random,DoS,66,66,5,2,0,2,0,2,0,61,0.03278688524590164,0.07575757575757576
unsw,unsw,17,False,forest,temporal+tcp,0,random,Backdoor,38,38,3,1,0,1,0,1,0,35,0.02857142857142857,0.07894736842105263
unsw,unsw,17,False,forest,random10,0,frozen,Benign,9132,0,696,4,4,0,0,0,4,8436,0.0,0.07621550591327202
unsw,unsw,17,False,forest,random10,0,frozen,Reconnaissance,157,157,134,1,1,0,0,1,0,23,0.0,0.8535031847133758
unsw,unsw,17,False,forest,random10,0,frozen,Fuzzers,358,358,304,5,5,0,0,5,0,54,0.0,0.8491620111731844
unsw,unsw,17,False,forest,random10,0,frozen,Exploits,547,547,495,17,17,0,0,17,0,52,0.0,0.9049360146252285
unsw,unsw,17,False,forest,random10,0,frozen,Generic,85,85,78,3,3,0,0,3,0,7,0.0,0.9176470588235294
unsw,unsw,17,False,forest,random10,0,frozen,Analysis,11,11,9,0,0,0,0,0,0,2,0.0,0.8181818181818182
unsw,unsw,17,False,forest,random10,0,frozen,Shellcode,23,23,18,0,0,0,0,0,0,5,0.0,0.782608695652174
unsw,unsw,17,False,forest,random10,0,frozen,DoS,66,66,56,3,3,0,0,3,0,10,0.0,0.8484848484848485
unsw,unsw,17,False,forest,random10,0,frozen,Backdoor,38,38,32,2,2,0,0,2,0,6,0.0,0.8421052631578947
unsw,unsw,17,False,forest,random10,0,cap,Benign,9132,0,9,4,3,0,1,0,4,9123,0.00010961306587745259,0.0009855453350854138
unsw,unsw,17,False,forest,random10,0,cap,Reconnaissance,157,157,63,1,1,0,0,1,0,94,0.0,0.4012738853503185
unsw,unsw,17,False,forest,random10,0,cap,Fuzzers,358,358,138,5,5,0,0,5,0,220,0.0,0.3854748603351955
unsw,unsw,17,False,forest,random10,0,cap,Exploits,547,547,219,17,17,0,0,17,0,328,0.0,0.40036563071297987
unsw,unsw,17,False,forest,random10,0,cap,Generic,85,85,38,3,3,0,0,3,0,47,0.0,0.4470588235294118
unsw,unsw,17,False,forest,random10,0,cap,Analysis,11,11,5,0,0,0,0,0,0,6,0.0,0.45454545454545453
unsw,unsw,17,False,forest,random10,0,cap,Shellcode,23,23,6,0,0,0,0,0,0,17,0.0,0.2608695652173913
unsw,unsw,17,False,forest,random10,0,cap,DoS,66,66,22,3,3,0,0,3,0,44,0.0,0.3333333333333333
unsw,unsw,17,False,forest,random10,0,cap,Backdoor,38,38,18,2,2,0,0,2,0,20,0.0,0.47368421052631576
unsw,unsw,17,False,forest,random10,0,random,Benign,9132,0,456,4,0,0,4,0,4,8676,0.0004610419548178884,0.04993429697766097
unsw,unsw,17,False,forest,random10,0,random,Reconnaissance,157,157,6,1,0,1,0,1,0,151,0.006622516556291391,0.03821656050955414
unsw,unsw,17,False,forest,random10,0,random,Fuzzers,358,358,22,5,0,5,0,5,0,336,0.01488095238095238,0.061452513966480445
unsw,unsw,17,False,forest,random10,0,random,Exploits,547,547,22,17,0,17,0,17,0,525,0.03238095238095238,0.04021937842778794
unsw,unsw,17,False,forest,random10,0,random,Generic,85,85,2,3,0,3,0,3,0,83,0.03614457831325301,0.023529411764705882
unsw,unsw,17,False,forest,random10,0,random,Analysis,11,11,1,0,0,0,0,0,0,10,0.0,0.09090909090909091
unsw,unsw,17,False,forest,random10,0,random,Shellcode,23,23,1,0,0,0,0,0,0,22,0.0,0.043478260869565216
unsw,unsw,17,False,forest,random10,0,random,DoS,66,66,5,3,0,3,0,3,0,61,0.04918032786885246,0.07575757575757576
unsw,unsw,17,False,forest,random10,0,random,Backdoor,38,38,3,2,0,2,0,2,0,35,0.05714285714285714,0.07894736842105263
unsw,ton,17,False,forest,clean,0,frozen,Benign,1833,0,1833,956,956,0,0,0,956,0,,1.0
unsw,ton,17,False,forest,clean,0,frozen,xss,7211,7211,7211,5846,5846,0,0,5846,0,0,,1.0
unsw,ton,17,False,forest,clean,0,frozen,ransomware,15,15,15,3,3,0,0,3,0,0,,1.0
unsw,ton,17,False,forest,clean,0,frozen,Backdoor,288,288,288,4,4,0,0,4,0,0,,1.0
unsw,ton,17,False,forest,clean,0,frozen,mitm,20,20,20,16,16,0,0,16,0,0,,1.0
unsw,ton,17,False,forest,clean,0,cap,Benign,1833,0,139,956,72,0,884,0,956,1694,0.5218417945690673,0.07583196944899072
unsw,ton,17,False,forest,clean,0,cap,xss,7211,7211,315,5846,236,5610,0,5846,0,6896,0.8135150812064965,0.04368326168353904
unsw,ton,17,False,forest,clean,0,cap,ransomware,15,15,0,3,0,3,0,3,0,15,0.2,0.0
unsw,ton,17,False,forest,clean,0,cap,Backdoor,288,288,0,4,0,4,0,4,0,288,0.013888888888888888,0.0
unsw,ton,17,False,forest,clean,0,cap,mitm,20,20,0,16,0,16,0,16,0,20,0.8,0.0
unsw,ton,17,False,forest,clean,0,random,Benign,1833,0,81,956,40,0,916,0,956,1752,0.5228310502283106,0.044189852700491
unsw,ton,17,False,forest,clean,0,random,xss,7211,7211,358,5846,293,5553,0,5846,0,6853,0.8103020574930687,0.04964637359589516
unsw,ton,17,False,forest,clean,0,random,ransomware,15,15,1,3,0,3,0,3,0,14,0.21428571428571427,0.06666666666666667
unsw,ton,17,False,forest,clean,0,random,Backdoor,288,288,14,4,0,4,0,4,0,274,0.014598540145985401,0.04861111111111111
unsw,ton,17,False,forest,clean,0,random,mitm,20,20,0,16,0,16,0,16,0,20,0.8,0.0
unsw,ton,17,False,forest,temporal,0,frozen,Benign,1833,0,1833,937,937,0,0,0,937,0,,1.0
unsw,ton,17,False,forest,temporal,0,frozen,xss,7211,7211,7211,5878,5878,0,0,5878,0,0,,1.0
unsw,ton,17,False,forest,temporal,0,frozen,ransomware,15,15,15,3,3,0,0,3,0,0,,1.0
unsw,ton,17,False,forest,temporal,0,frozen,Backdoor,288,288,288,4,4,0,0,4,0,0,,1.0
unsw,ton,17,False,forest,temporal,0,frozen,mitm,20,20,20,16,16,0,0,16,0,0,,1.0
unsw,ton,17,False,forest,temporal,0,cap,Benign,1833,0,114,937,38,0,899,0,937,1719,0.522978475858057,0.062193126022913256
unsw,ton,17,False,forest,temporal,0,cap,xss,7211,7211,339,5878,294,5584,0,5878,0,6872,0.8125727590221188,0.047011510192761057
unsw,ton,17,False,forest,temporal,0,cap,ransomware,15,15,0,3,0,3,0,3,0,15,0.2,0.0
unsw,ton,17,False,forest,temporal,0,cap,Backdoor,288,288,0,4,0,4,0,4,0,288,0.013888888888888888,0.0
unsw,ton,17,False,forest,temporal,0,cap,mitm,20,20,1,16,1,15,0,16,0,19,0.7894736842105263,0.05
unsw,ton,17,False,forest,temporal,0,random,Benign,1833,0,81,937,37,0,900,0,937,1752,0.5136986301369864,0.044189852700491
unsw,ton,17,False,forest,temporal,0,random,xss,7211,7211,358,5878,297,5581,0,5878,0,6853,0.8143878593316796,0.04964637359589516
unsw,ton,17,False,forest,temporal,0,random,ransomware,15,15,1,3,0,3,0,3,0,14,0.21428571428571427,0.06666666666666667
unsw,ton,17,False,forest,temporal,0,random,Backdoor,288,288,14,4,0,4,0,4,0,274,0.014598540145985401,0.04861111111111111
unsw,ton,17,False,forest,temporal,0,random,mitm,20,20,0,16,0,16,0,16,0,20,0.8,0.0
unsw,ton,17,False,forest,size,0,frozen,Benign,1833,0,1833,34,34,0,0,0,34,0,,1.0
unsw,ton,17,False,forest,size,0,frozen,xss,7211,7211,7211,7143,7143,0,0,7143,0,0,,1.0
unsw,ton,17,False,forest,size,0,frozen,ransomware,15,15,15,15,15,0,0,15,0,0,,1.0
unsw,ton,17,False,forest,size,0,frozen,Backdoor,288,288,288,5,5,0,0,5,0,0,,1.0
unsw,ton,17,False,forest,size,0,frozen,mitm,20,20,20,20,20,0,0,20,0,0,,1.0
unsw,ton,17,False,forest,size,0,cap,Benign,1833,0,226,34,23,0,11,0,34,1607,0.006845052893590542,0.12329514457174032
unsw,ton,17,False,forest,size,0,cap,xss,7211,7211,222,7143,157,6986,0,7143,0,6989,0.9995707540420661,0.0307862987103037
unsw,ton,17,False,forest,size,0,cap,ransomware,15,15,0,15,0,15,0,15,0,15,1.0,0.0
unsw,ton,17,False,forest,size,0,cap,Backdoor,288,288,6,5,0,5,0,5,0,282,0.01773049645390071,0.020833333333333332
unsw,ton,17,False,forest,size,0,cap,mitm,20,20,0,20,0,20,0,20,0,20,1.0,0.0
unsw,ton,17,False,forest,size,0,random,Benign,1833,0,81,34,4,0,30,0,34,1752,0.017123287671232876,0.044189852700491
unsw,ton,17,False,forest,size,0,random,xss,7211,7211,358,7143,353,6790,0,7143,0,6853,0.9908069458631257,0.04964637359589516
unsw,ton,17,False,forest,size,0,random,ransomware,15,15,1,15,1,14,0,15,0,14,1.0,0.06666666666666667
unsw,ton,17,False,forest,size,0,random,Backdoor,288,288,14,5,0,5,0,5,0,274,0.01824817518248175,0.04861111111111111
unsw,ton,17,False,forest,size,0,random,mitm,20,20,0,20,0,20,0,20,0,20,1.0,0.0
unsw,ton,17,False,forest,tcp,0,frozen,Benign,1833,0,1833,935,935,0,0,0,935,0,,1.0
unsw,ton,17,False,forest,tcp,0,frozen,xss,7211,7211,7211,5920,5920,0,0,5920,0,0,,1.0
unsw,ton,17,False,forest,tcp,0,frozen,ransomware,15,15,15,3,3,0,0,3,0,0,,1.0
unsw,ton,17,False,forest,tcp,0,frozen,Backdoor,288,288,288,4,4,0,0,4,0,0,,1.0
unsw,ton,17,False,forest,tcp,0,frozen,mitm,20,20,20,16,16,0,0,16,0,0,,1.0
unsw,ton,17,False,forest,tcp,0,cap,Benign,1833,0,153,935,94,0,841,0,935,1680,0.5005952380952381,0.08346972176759411
unsw,ton,17,False,forest,tcp,0,cap,xss,7211,7211,299,5920,273,5647,0,5920,0,6912,0.8169849537037037,0.04146442934405769
unsw,ton,17,False,forest,tcp,0,cap,ransomware,15,15,0,3,0,3,0,3,0,15,0.2,0.0
unsw,ton,17,False,forest,tcp,0,cap,Backdoor,288,288,0,4,0,4,0,4,0,288,0.013888888888888888,0.0
unsw,ton,17,False,forest,tcp,0,cap,mitm,20,20,2,16,1,15,0,16,0,18,0.8333333333333334,0.1
unsw,ton,17,False,forest,tcp,0,random,Benign,1833,0,81,935,37,0,898,0,935,1752,0.5125570776255708,0.044189852700491
unsw,ton,17,False,forest,tcp,0,random,xss,7211,7211,358,5920,298,5622,0,5920,0,6853,0.8203706405953597,0.04964637359589516
unsw,ton,17,False,forest,tcp,0,random,ransomware,15,15,1,3,0,3,0,3,0,14,0.21428571428571427,0.06666666666666667
unsw,ton,17,False,forest,tcp,0,random,Backdoor,288,288,14,4,0,4,0,4,0,274,0.014598540145985401,0.04861111111111111
unsw,ton,17,False,forest,tcp,0,random,mitm,20,20,0,16,0,16,0,16,0,20,0.8,0.0
unsw,ton,17,False,forest,temporal+tcp,0,frozen,Benign,1833,0,1833,935,935,0,0,0,935,0,,1.0
unsw,ton,17,False,forest,temporal+tcp,0,frozen,xss,7211,7211,7211,5921,5921,0,0,5921,0,0,,1.0
unsw,ton,17,False,forest,temporal+tcp,0,frozen,ransomware,15,15,15,3,3,0,0,3,0,0,,1.0
unsw,ton,17,False,forest,temporal+tcp,0,frozen,Backdoor,288,288,288,4,4,0,0,4,0,0,,1.0
unsw,ton,17,False,forest,temporal+tcp,0,frozen,mitm,20,20,20,16,16,0,0,16,0,0,,1.0
unsw,ton,17,False,forest,temporal+tcp,0,cap,Benign,1833,0,106,935,54,0,881,0,935,1727,0.5101331789229878,0.05782869612656847
unsw,ton,17,False,forest,temporal+tcp,0,cap,xss,7211,7211,346,5921,344,5577,0,5921,0,6865,0.8123816460305899,0.04798224934128415
unsw,ton,17,False,forest,temporal+tcp,0,cap,ransomware,15,15,1,3,0,3,0,3,0,14,0.21428571428571427,0.06666666666666667
unsw,ton,17,False,forest,temporal+tcp,0,cap,Backdoor,288,288,0,4,0,4,0,4,0,288,0.013888888888888888,0.0
unsw,ton,17,False,forest,temporal+tcp,0,cap,mitm,20,20,1,16,0,16,0,16,0,19,0.8421052631578947,0.05
unsw,ton,17,False,forest,temporal+tcp,0,random,Benign,1833,0,81,935,37,0,898,0,935,1752,0.5125570776255708,0.044189852700491
unsw,ton,17,False,forest,temporal+tcp,0,random,xss,7211,7211,358,5921,298,5623,0,5921,0,6853,0.8205165620895958,0.04964637359589516
unsw,ton,17,False,forest,temporal+tcp,0,random,ransomware,15,15,1,3,0,3,0,3,0,14,0.21428571428571427,0.06666666666666667
unsw,ton,17,False,forest,temporal+tcp,0,random,Backdoor,288,288,14,4,0,4,0,4,0,274,0.014598540145985401,0.04861111111111111
unsw,ton,17,False,forest,temporal+tcp,0,random,mitm,20,20,0,16,0,16,0,16,0,20,0.8,0.0
unsw,ton,17,False,forest,random10,0,frozen,Benign,1833,0,1833,826,826,0,0,0,826,0,,1.0
unsw,ton,17,False,forest,random10,0,frozen,xss,7211,7211,7210,6024,6023,1,0,6024,0,1,1.0,0.9998613229787824
unsw,ton,17,False,forest,random10,0,frozen,ransomware,15,15,15,4,4,0,0,4,0,0,,1.0
unsw,ton,17,False,forest,random10,0,frozen,Backdoor,288,288,288,18,18,0,0,18,0,0,,1.0
unsw,ton,17,False,forest,random10,0,frozen,mitm,20,20,20,18,18,0,0,18,0,0,,1.0
unsw,ton,17,False,forest,random10,0,cap,Benign,1833,0,128,826,69,0,757,0,826,1705,0.4439882697947214,0.06983087834151663
unsw,ton,17,False,forest,random10,0,cap,xss,7211,7211,320,6024,118,5906,0,6024,0,6891,0.8570599332462633,0.04437664678962696
unsw,ton,17,False,forest,random10,0,cap,ransomware,15,15,1,4,0,4,0,4,0,14,0.2857142857142857,0.06666666666666667
unsw,ton,17,False,forest,random10,0,cap,Backdoor,288,288,5,18,3,15,0,18,0,283,0.053003533568904596,0.017361111111111112
unsw,ton,17,False,forest,random10,0,cap,mitm,20,20,0,18,0,18,0,18,0,20,0.9,0.0
unsw,ton,17,False,forest,random10,0,random,Benign,1833,0,81,826,33,0,793,0,826,1752,0.4526255707762557,0.044189852700491
unsw,ton,17,False,forest,random10,0,random,xss,7211,7211,358,6024,302,5722,0,6024,0,6853,0.8349627900189698,0.04964637359589516
unsw,ton,17,False,forest,random10,0,random,ransomware,15,15,1,4,0,4,0,4,0,14,0.2857142857142857,0.06666666666666667
unsw,ton,17,False,forest,random10,0,random,Backdoor,288,288,14,18,0,18,0,18,0,274,0.06569343065693431,0.04861111111111111
unsw,ton,17,False,forest,random10,0,random,mitm,20,20,0,18,0,18,0,18,0,20,0.9,0.0
unsw,cic,17,False,forest,clean,0,frozen,Benign,11886,0,11886,9380,9380,0,0,0,9380,0,,1.0
unsw,cic,17,False,forest,clean,0,frozen,Infilteration,213,213,213,87,87,0,0,87,0,0,,1.0
unsw,cic,17,False,forest,clean,0,frozen,Bot,93,93,93,0,0,0,0,0,0,0,,1.0
unsw,cic,17,False,forest,clean,0,cap,Benign,11886,0,580,9380,320,0,9060,0,9380,11306,0.8013444188926234,0.04879690392057883
unsw,cic,17,False,forest,clean,0,cap,Infilteration,213,213,19,87,15,72,0,87,0,194,0.3711340206185567,0.0892018779342723
unsw,cic,17,False,forest,clean,0,cap,Bot,93,93,0,0,0,0,0,0,0,93,0.0,0.0
unsw,cic,17,False,forest,clean,0,random,Benign,11886,0,582,9380,460,0,8920,0,9380,11304,0.7891012031139419,0.048965169106511865
unsw,cic,17,False,forest,clean,0,random,Infilteration,213,213,8,87,3,84,0,87,0,205,0.4097560975609756,0.03755868544600939
unsw,cic,17,False,forest,clean,0,random,Bot,93,93,9,0,0,0,0,0,0,84,0.0,0.0967741935483871
unsw,cic,17,False,forest,temporal,0,frozen,Benign,11886,0,11886,9206,9206,0,0,0,9206,0,,1.0
unsw,cic,17,False,forest,temporal,0,frozen,Infilteration,213,213,213,92,92,0,0,92,0,0,,1.0
unsw,cic,17,False,forest,temporal,0,frozen,Bot,93,93,93,0,0,0,0,0,0,0,,1.0
unsw,cic,17,False,forest,temporal,0,cap,Benign,11886,0,582,9206,336,0,8870,0,9206,11304,0.7846779900920028,0.048965169106511865
unsw,cic,17,False,forest,temporal,0,cap,Infilteration,213,213,17,92,11,81,0,92,0,196,0.413265306122449,0.07981220657276995
unsw,cic,17,False,forest,temporal,0,cap,Bot,93,93,0,0,0,0,0,0,0,93,0.0,0.0
unsw,cic,17,False,forest,temporal,0,random,Benign,11886,0,582,9206,449,0,8757,0,9206,11304,0.7746815286624203,0.048965169106511865
unsw,cic,17,False,forest,temporal,0,random,Infilteration,213,213,8,92,3,89,0,92,0,205,0.43414634146341463,0.03755868544600939
unsw,cic,17,False,forest,temporal,0,random,Bot,93,93,9,0,0,0,0,0,0,84,0.0,0.0967741935483871
unsw,cic,17,False,forest,size,0,frozen,Benign,11886,0,11857,1631,1631,0,0,0,1631,29,0.0,0.9975601548039711
unsw,cic,17,False,forest,size,0,frozen,Infilteration,213,213,211,165,163,2,0,165,0,2,1.0,0.9906103286384976
unsw,cic,17,False,forest,size,0,frozen,Bot,93,93,93,93,93,0,0,93,0,0,,1.0
unsw,cic,17,False,forest,size,0,cap,Benign,11886,0,589,1631,255,0,1376,0,1631,11297,0.12180224838452687,0.04955409725727747
unsw,cic,17,False,forest,size,0,cap,Infilteration,213,213,10,165,5,160,0,165,0,203,0.7881773399014779,0.046948356807511735
unsw,cic,17,False,forest,size,0,cap,Bot,93,93,0,93,0,93,0,93,0,93,1.0,0.0
unsw,cic,17,False,forest,size,0,random,Benign,11886,0,582,1631,65,0,1566,0,1631,11304,0.13853503184713375,0.048965169106511865
unsw,cic,17,False,forest,size,0,random,Infilteration,213,213,8,165,6,159,0,165,0,205,0.775609756097561,0.03755868544600939
unsw,cic,17,False,forest,size,0,random,Bot,93,93,9,93,9,84,0,93,0,84,1.0,0.0967741935483871
unsw,cic,17,False,forest,tcp,0,frozen,Benign,11886,0,11886,8678,8678,0,0,0,8678,0,,1.0
unsw,cic,17,False,forest,tcp,0,frozen,Infilteration,213,213,213,105,105,0,0,105,0,0,,1.0
unsw,cic,17,False,forest,tcp,0,frozen,Bot,93,93,93,0,0,0,0,0,0,0,,1.0
unsw,cic,17,False,forest,tcp,0,cap,Benign,11886,0,576,8678,54,0,8624,0,8678,11310,0.7625110521662246,0.04846037354871277
unsw,cic,17,False,forest,tcp,0,cap,Infilteration,213,213,23,105,22,83,0,105,0,190,0.4368421052631579,0.107981220657277
unsw,cic,17,False,forest,tcp,0,cap,Bot,93,93,0,0,0,0,0,0,0,93,0.0,0.0
unsw,cic,17,False,forest,tcp,0,random,Benign,11886,0,582,8678,428,0,8250,0,8678,11304,0.7298301486199575,0.048965169106511865
unsw,cic,17,False,forest,tcp,0,random,Infilteration,213,213,8,105,4,101,0,105,0,205,0.4926829268292683,0.03755868544600939
unsw,cic,17,False,forest,tcp,0,random,Bot,93,93,9,0,0,0,0,0,0,84,0.0,0.0967741935483871
unsw,cic,17,False,forest,temporal+tcp,0,frozen,Benign,11886,0,11886,8633,8633,0,0,0,8633,0,,1.0
unsw,cic,17,False,forest,temporal+tcp,0,frozen,Infilteration,213,213,213,106,106,0,0,106,0,0,,1.0
unsw,cic,17,False,forest,temporal+tcp,0,frozen,Bot,93,93,93,0,0,0,0,0,0,0,,1.0
unsw,cic,17,False,forest,temporal+tcp,0,cap,Benign,11886,0,574,8633,22,0,8611,0,8633,11312,0.7612270155586988,0.048292108362779744
unsw,cic,17,False,forest,temporal+tcp,0,cap,Infilteration,213,213,25,106,23,83,0,106,0,188,0.44148936170212766,0.11737089201877934
unsw,cic,17,False,forest,temporal+tcp,0,cap,Bot,93,93,0,0,0,0,0,0,0,93,0.0,0.0
unsw,cic,17,False,forest,temporal+tcp,0,random,Benign,11886,0,582,8633,427,0,8206,0,8633,11304,0.7259377211606511,0.048965169106511865
unsw,cic,17,False,forest,temporal+tcp,0,random,Infilteration,213,213,8,106,4,102,0,106,0,205,0.4975609756097561,0.03755868544600939
unsw,cic,17,False,forest,temporal+tcp,0,random,Bot,93,93,9,0,0,0,0,0,0,84,0.0,0.0967741935483871
unsw,cic,17,False,forest,random10,0,frozen,Benign,11886,0,11886,7960,7960,0,0,0,7960,0,,1.0
unsw,cic,17,False,forest,random10,0,frozen,Infilteration,213,213,213,108,108,0,0,108,0,0,,1.0
unsw,cic,17,False,forest,random10,0,frozen,Bot,93,93,93,18,18,0,0,18,0,0,,1.0
unsw,cic,17,False,forest,random10,0,cap,Benign,11886,0,583,7960,303,0,7657,0,7960,11303,0.6774307705918783,0.049049301699478375
unsw,cic,17,False,forest,random10,0,cap,Infilteration,213,213,10,108,5,103,0,108,0,203,0.5073891625615764,0.046948356807511735
unsw,cic,17,False,forest,random10,0,cap,Bot,93,93,6,18,3,15,0,18,0,87,0.1724137931034483,0.06451612903225806
unsw,cic,17,False,forest,random10,0,random,Benign,11886,0,582,7960,391,0,7569,0,7960,11304,0.6695859872611465,0.048965169106511865
unsw,cic,17,False,forest,random10,0,random,Infilteration,213,213,8,108,3,105,0,108,0,205,0.5121951219512195,0.03755868544600939
unsw,cic,17,False,forest,random10,0,random,Bot,93,93,9,18,2,16,0,18,0,84,0.19047619047619047,0.0967741935483871
unsw,unsw,17,True,logistic,clean,0,frozen,Benign,9132,0,134,2,1,0,1,0,2,8998,0.00011113580795732385,0.014673674989049496
unsw,unsw,17,True,logistic,clean,0,frozen,Reconnaissance,157,157,28,0,0,0,0,0,0,129,0.0,0.17834394904458598
unsw,unsw,17,True,logistic,clean,0,frozen,Fuzzers,358,358,18,0,0,0,0,0,0,340,0.0,0.05027932960893855
unsw,unsw,17,True,logistic,clean,0,frozen,Exploits,547,547,295,3,3,0,0,3,0,252,0.0,0.5393053016453382
unsw,unsw,17,True,logistic,clean,0,frozen,Generic,85,85,21,0,0,0,0,0,0,64,0.0,0.24705882352941178
unsw,unsw,17,True,logistic,clean,0,frozen,Analysis,11,11,11,0,0,0,0,0,0,0,,1.0
unsw,unsw,17,True,logistic,clean,0,frozen,Shellcode,23,23,1,0,0,0,0,0,0,22,0.0,0.043478260869565216
unsw,unsw,17,True,logistic,clean,0,frozen,DoS,66,66,18,3,1,2,0,3,0,48,0.041666666666666664,0.2727272727272727
unsw,unsw,17,True,logistic,clean,0,frozen,Backdoor,38,38,14,1,1,0,0,1,0,24,0.0,0.3684210526315789
unsw,unsw,17,True,logistic,clean,0,cap,Benign,9132,0,128,2,1,0,1,0,2,9004,0.00011106175033318525,0.01401664476565922
unsw,unsw,17,True,logistic,clean,0,cap,Reconnaissance,157,157,26,0,0,0,0,0,0,131,0.0,0.16560509554140126
unsw,unsw,17,True,logistic,clean,0,cap,Fuzzers,358,358,17,0,0,0,0,0,0,341,0.0,0.04748603351955307
unsw,unsw,17,True,logistic,clean,0,cap,Exploits,547,547,284,3,3,0,0,3,0,263,0.0,0.5191956124314442
unsw,unsw,17,True,logistic,clean,0,cap,Generic,85,85,21,0,0,0,0,0,0,64,0.0,0.24705882352941178
unsw,unsw,17,True,logistic,clean,0,cap,Analysis,11,11,11,0,0,0,0,0,0,0,,1.0
unsw,unsw,17,True,logistic,clean,0,cap,Shellcode,23,23,1,0,0,0,0,0,0,22,0.0,0.043478260869565216
unsw,unsw,17,True,logistic,clean,0,cap,DoS,66,66,18,3,1,2,0,3,0,48,0.041666666666666664,0.2727272727272727
unsw,unsw,17,True,logistic,clean,0,cap,Backdoor,38,38,12,1,1,0,0,1,0,26,0.0,0.3157894736842105
unsw,unsw,17,True,logistic,clean,0,random,Benign,9132,0,456,2,0,0,2,0,2,8676,0.0002305209774089442,0.04993429697766097
unsw,unsw,17,True,logistic,clean,0,random,Reconnaissance,157,157,6,0,0,0,0,0,0,151,0.0,0.03821656050955414
unsw,unsw,17,True,logistic,clean,0,random,Fuzzers,358,358,22,0,0,0,0,0,0,336,0.0,0.061452513966480445
unsw,unsw,17,True,logistic,clean,0,random,Exploits,547,547,22,3,0,3,0,3,0,525,0.005714285714285714,0.04021937842778794
unsw,unsw,17,True,logistic,clean,0,random,Generic,85,85,2,0,0,0,0,0,0,83,0.0,0.023529411764705882
unsw,unsw,17,True,logistic,clean,0,random,Analysis,11,11,1,0,0,0,0,0,0,10,0.0,0.09090909090909091
unsw,unsw,17,True,logistic,clean,0,random,Shellcode,23,23,1,0,0,0,0,0,0,22,0.0,0.043478260869565216
unsw,unsw,17,True,logistic,clean,0,random,DoS,66,66,5,3,1,2,0,3,0,61,0.03278688524590164,0.07575757575757576
unsw,unsw,17,True,logistic,clean,0,random,Backdoor,38,38,3,1,0,1,0,1,0,35,0.02857142857142857,0.07894736842105263
unsw,unsw,17,True,logistic,temporal,0,frozen,Benign,9132,0,501,3,2,0,1,0,3,8631,0.00011586142973004287,0.054862023653088045
unsw,unsw,17,True,logistic,temporal,0,frozen,Reconnaissance,157,157,34,0,0,0,0,0,0,123,0.0,0.21656050955414013
unsw,unsw,17,True,logistic,temporal,0,frozen,Fuzzers,358,358,18,1,1,0,0,1,0,340,0.0,0.05027932960893855
unsw,unsw,17,True,logistic,temporal,0,frozen,Exploits,547,547,298,0,0,0,0,0,0,249,0.0,0.5447897623400365
unsw,unsw,17,True,logistic,temporal,0,frozen,Generic,85,85,21,0,0,0,0,0,0,64,0.0,0.24705882352941178
unsw,unsw,17,True,logistic,temporal,0,frozen,Analysis,11,11,11,0,0,0,0,0,0,0,,1.0
unsw,unsw,17,True,logistic,temporal,0,frozen,Shellcode,23,23,1,0,0,0,0,0,0,22,0.0,0.043478260869565216
unsw,unsw,17,True,logistic,temporal,0,frozen,DoS,66,66,21,2,0,2,0,2,0,45,0.044444444444444446,0.3181818181818182
unsw,unsw,17,True,logistic,temporal,0,frozen,Backdoor,38,38,14,0,0,0,0,0,0,24,0.0,0.3684210526315789
unsw,unsw,17,True,logistic,temporal,0,cap,Benign,9132,0,143,3,2,0,1,0,3,8989,0.00011124707976415619,0.01565922032413491
unsw,unsw,17,True,logistic,temporal,0,cap,Reconnaissance,157,157,21,0,0,0,0,0,0,136,0.0,0.1337579617834395
unsw,unsw,17,True,logistic,temporal,0,cap,Fuzzers,358,358,18,1,1,0,0,1,0,340,0.0,0.05027932960893855
unsw,unsw,17,True,logistic,temporal,0,cap,Exploits,547,547,277,0,0,0,0,0,0,270,0.0,0.506398537477148
unsw,unsw,17,True,logistic,temporal,0,cap,Generic,85,85,19,0,0,0,0,0,0,66,0.0,0.2235294117647059
unsw,unsw,17,True,logistic,temporal,0,cap,Analysis,11,11,11,0,0,0,0,0,0,0,,1.0
unsw,unsw,17,True,logistic,temporal,0,cap,Shellcode,23,23,1,0,0,0,0,0,0,22,0.0,0.043478260869565216
unsw,unsw,17,True,logistic,temporal,0,cap,DoS,66,66,18,2,0,2,0,2,0,48,0.041666666666666664,0.2727272727272727
unsw,unsw,17,True,logistic,temporal,0,cap,Backdoor,38,38,10,0,0,0,0,0,0,28,0.0,0.2631578947368421
unsw,unsw,17,True,logistic,temporal,0,random,Benign,9132,0,456,3,0,0,3,0,3,8676,0.00034578146611341634,0.04993429697766097
unsw,unsw,17,True,logistic,temporal,0,random,Reconnaissance,157,157,6,0,0,0,0,0,0,151,0.0,0.03821656050955414
unsw,unsw,17,True,logistic,temporal,0,random,Fuzzers,358,358,22,1,0,1,0,1,0,336,0.002976190476190476,0.061452513966480445
unsw,unsw,17,True,logistic,temporal,0,random,Exploits,547,547,22,0,0,0,0,0,0,525,0.0,0.04021937842778794
unsw,unsw,17,True,logistic,temporal,0,random,Generic,85,85,2,0,0,0,0,0,0,83,0.0,0.023529411764705882
unsw,unsw,17,True,logistic,temporal,0,random,Analysis,11,11,1,0,0,0,0,0,0,10,0.0,0.09090909090909091
unsw,unsw,17,True,logistic,temporal,0,random,Shellcode,23,23,1,0,0,0,0,0,0,22,0.0,0.043478260869565216
unsw,unsw,17,True,logistic,temporal,0,random,DoS,66,66,5,2,0,2,0,2,0,61,0.03278688524590164,0.07575757575757576
unsw,unsw,17,True,logistic,temporal,0,random,Backdoor,38,38,3,0,0,0,0,0,0,35,0.0,0.07894736842105263
unsw,unsw,17,True,logistic,size,0,frozen,Benign,9132,0,990,3,2,0,1,0,3,8142,0.00012281994595922377,0.10840998685939553
unsw,unsw,17,True,logistic,size,0,frozen,Reconnaissance,157,157,35,1,1,0,0,1,0,122,0.0,0.2229299363057325
unsw,unsw,17,True,logistic,size,0,frozen,Fuzzers,358,358,17,0,0,0,0,0,0,341,0.0,0.04748603351955307
unsw,unsw,17,True,logistic,size,0,frozen,Exploits,547,547,325,3,3,0,0,3,0,222,0.0,0.5941499085923218
unsw,unsw,17,True,logistic,size,0,frozen,Generic,85,85,36,0,0,0,0,0,0,49,0.0,0.4235294117647059
unsw,unsw,17,True,logistic,size,0,frozen,Analysis,11,11,11,0,0,0,0,0,0,0,,1.0
unsw,unsw,17,True,logistic,size,0,frozen,Shellcode,23,23,1,0,0,0,0,0,0,22,0.0,0.043478260869565216
unsw,unsw,17,True,logistic,size,0,frozen,DoS,66,66,19,2,0,2,0,2,0,47,0.0425531914893617,0.2878787878787879
unsw,unsw,17,True,logistic,size,0,frozen,Backdoor,38,38,15,1,1,0,0,1,0,23,0.0,0.39473684210526316
unsw,unsw,17,True,logistic,size,0,cap,Benign,9132,0,87,3,2,0,1,0,3,9045,0.0001105583195135434,0.009526938239159002
unsw,unsw,17,True,logistic,size,0,cap,Reconnaissance,157,157,33,1,1,0,0,1,0,124,0.0,0.21019108280254778
unsw,unsw,17,True,logistic,size,0,cap,Fuzzers,358,358,15,0,0,0,0,0,0,343,0.0,0.04189944134078212
unsw,unsw,17,True,logistic,size,0,cap,Exploits,547,547,305,3,2,1,0,3,0,242,0.004132231404958678,0.5575868372943327
unsw,unsw,17,True,logistic,size,0,cap,Generic,85,85,36,0,0,0,0,0,0,49,0.0,0.4235294117647059
unsw,unsw,17,True,logistic,size,0,cap,Analysis,11,11,11,0,0,0,0,0,0,0,,1.0
unsw,unsw,17,True,logistic,size,0,cap,Shellcode,23,23,0,0,0,0,0,0,0,23,0.0,0.0
unsw,unsw,17,True,logistic,size,0,cap,DoS,66,66,19,2,0,2,0,2,0,47,0.0425531914893617,0.2878787878787879
unsw,unsw,17,True,logistic,size,0,cap,Backdoor,38,38,12,1,1,0,0,1,0,26,0.0,0.3157894736842105
unsw,unsw,17,True,logistic,size,0,random,Benign,9132,0,456,3,0,0,3,0,3,8676,0.00034578146611341634,0.04993429697766097
unsw,unsw,17,True,logistic,size,0,random,Reconnaissance,157,157,6,1,0,1,0,1,0,151,0.006622516556291391,0.03821656050955414
unsw,unsw,17,True,logistic,size,0,random,Fuzzers,358,358,22,0,0,0,0,0,0,336,0.0,0.061452513966480445
unsw,unsw,17,True,logistic,size,0,random,Exploits,547,547,22,3,0,3,0,3,0,525,0.005714285714285714,0.04021937842778794
unsw,unsw,17,True,logistic,size,0,random,Generic,85,85,2,0,0,0,0,0,0,83,0.0,0.023529411764705882
unsw,unsw,17,True,logistic,size,0,random,Analysis,11,11,1,0,0,0,0,0,0,10,0.0,0.09090909090909091
unsw,unsw,17,True,logistic,size,0,random,Shellcode,23,23,1,0,0,0,0,0,0,22,0.0,0.043478260869565216
unsw,unsw,17,True,logistic,size,0,random,DoS,66,66,5,2,0,2,0,2,0,61,0.03278688524590164,0.07575757575757576
unsw,unsw,17,True,logistic,size,0,random,Backdoor,38,38,3,1,0,1,0,1,0,35,0.02857142857142857,0.07894736842105263
unsw,unsw,17,True,logistic,tcp,0,frozen,Benign,9132,0,1008,2,1,0,1,0,2,8124,0.00012309207287050715,0.11038107752956636
unsw,unsw,17,True,logistic,tcp,0,frozen,Reconnaissance,157,157,40,0,0,0,0,0,0,117,0.0,0.25477707006369427
unsw,unsw,17,True,logistic,tcp,0,frozen,Fuzzers,358,358,31,0,0,0,0,0,0,327,0.0,0.08659217877094973
unsw,unsw,17,True,logistic,tcp,0,frozen,Exploits,547,547,325,11,5,6,0,11,0,222,0.02702702702702703,0.5941499085923218
unsw,unsw,17,True,logistic,tcp,0,frozen,Generic,85,85,38,1,1,0,0,1,0,47,0.0,0.4470588235294118
unsw,unsw,17,True,logistic,tcp,0,frozen,Analysis,11,11,11,0,0,0,0,0,0,0,,1.0
unsw,unsw,17,True,logistic,tcp,0,frozen,Shellcode,23,23,1,0,0,0,0,0,0,22,0.0,0.043478260869565216
unsw,unsw,17,True,logistic,tcp,0,frozen,DoS,66,66,23,3,1,2,0,3,0,43,0.046511627906976744,0.3484848484848485
unsw,unsw,17,True,logistic,tcp,0,frozen,Backdoor,38,38,15,1,1,0,0,1,0,23,0.0,0.39473684210526316
unsw,unsw,17,True,logistic,tcp,0,cap,Benign,9132,0,119,2,1,0,1,0,2,9013,0.00011095084877399312,0.013031099430573807
unsw,unsw,17,True,logistic,tcp,0,cap,Reconnaissance,157,157,31,0,0,0,0,0,0,126,0.0,0.19745222929936307
unsw,unsw,17,True,logistic,tcp,0,cap,Fuzzers,358,358,17,0,0,0,0,0,0,341,0.0,0.04748603351955307
unsw,unsw,17,True,logistic,tcp,0,cap,Exploits,547,547,286,11,5,6,0,11,0,261,0.022988505747126436,0.5228519195612431
unsw,unsw,17,True,logistic,tcp,0,cap,Generic,85,85,25,1,1,0,0,1,0,60,0.0,0.29411764705882354
unsw,unsw,17,True,logistic,tcp,0,cap,Analysis,11,11,10,0,0,0,0,0,0,1,0.0,0.9090909090909091
unsw,unsw,17,True,logistic,tcp,0,cap,Shellcode,23,23,0,0,0,0,0,0,0,23,0.0,0.0
unsw,unsw,17,True,logistic,tcp,0,cap,DoS,66,66,18,3,1,2,0,3,0,48,0.041666666666666664,0.2727272727272727
unsw,unsw,17,True,logistic,tcp,0,cap,Backdoor,38,38,12,1,1,0,0,1,0,26,0.0,0.3157894736842105
unsw,unsw,17,True,logistic,tcp,0,random,Benign,9132,0,456,2,0,0,2,0,2,8676,0.0002305209774089442,0.04993429697766097
unsw,unsw,17,True,logistic,tcp,0,random,Reconnaissance,157,157,6,0,0,0,0,0,0,151,0.0,0.03821656050955414
unsw,unsw,17,True,logistic,tcp,0,random,Fuzzers,358,358,22,0,0,0,0,0,0,336,0.0,0.061452513966480445
unsw,unsw,17,True,logistic,tcp,0,random,Exploits,547,547,22,11,1,10,0,11,0,525,0.01904761904761905,0.04021937842778794
unsw,unsw,17,True,logistic,tcp,0,random,Generic,85,85,2,1,0,1,0,1,0,83,0.012048192771084338,0.023529411764705882
unsw,unsw,17,True,logistic,tcp,0,random,Analysis,11,11,1,0,0,0,0,0,0,10,0.0,0.09090909090909091
unsw,unsw,17,True,logistic,tcp,0,random,Shellcode,23,23,1,0,0,0,0,0,0,22,0.0,0.043478260869565216
unsw,unsw,17,True,logistic,tcp,0,random,DoS,66,66,5,3,1,2,0,3,0,61,0.03278688524590164,0.07575757575757576
unsw,unsw,17,True,logistic,tcp,0,random,Backdoor,38,38,3,1,0,1,0,1,0,35,0.02857142857142857,0.07894736842105263
unsw,unsw,17,True,logistic,temporal+tcp,0,frozen,Benign,9132,0,1631,3,2,0,1,0,3,7501,0.0001333155579256099,0.17860271572492334
unsw,unsw,17,True,logistic,temporal+tcp,0,frozen,Reconnaissance,157,157,38,1,1,0,0,1,0,119,0.0,0.24203821656050956
unsw,unsw,17,True,logistic,temporal+tcp,0,frozen,Fuzzers,358,358,31,1,1,0,0,1,0,327,0.0,0.08659217877094973
unsw,unsw,17,True,logistic,temporal+tcp,0,frozen,Exploits,547,547,304,8,2,6,0,8,0,243,0.024691358024691357,0.5557586837294333
unsw,unsw,17,True,logistic,temporal+tcp,0,frozen,Generic,85,85,24,1,1,0,0,1,0,61,0.0,0.2823529411764706
unsw,unsw,17,True,logistic,temporal+tcp,0,frozen,Analysis,11,11,11,0,0,0,0,0,0,0,,1.0
unsw,unsw,17,True,logistic,temporal+tcp,0,frozen,Shellcode,23,23,1,0,0,0,0,0,0,22,0.0,0.043478260869565216
unsw,unsw,17,True,logistic,temporal+tcp,0,frozen,DoS,66,66,23,3,1,2,0,3,0,43,0.046511627906976744,0.3484848484848485
unsw,unsw,17,True,logistic,temporal+tcp,0,frozen,Backdoor,38,38,15,0,0,0,0,0,0,23,0.0,0.39473684210526316
unsw,unsw,17,True,logistic,temporal+tcp,0,cap,Benign,9132,0,101,3,2,0,1,0,3,9031,0.00011072970878086591,0.011060008760402978
unsw,unsw,17,True,logistic,temporal+tcp,0,cap,Reconnaissance,157,157,36,1,1,0,0,1,0,121,0.0,0.22929936305732485
unsw,unsw,17,True,logistic,temporal+tcp,0,cap,Fuzzers,358,358,30,1,1,0,0,1,0,328,0.0,0.08379888268156424
unsw,unsw,17,True,logistic,temporal+tcp,0,cap,Exploits,547,547,284,8,2,6,0,8,0,263,0.022813688212927757,0.5191956124314442
unsw,unsw,17,True,logistic,temporal+tcp,0,cap,Generic,85,85,22,1,1,0,0,1,0,63,0.0,0.25882352941176473
unsw,unsw,17,True,logistic,temporal+tcp,0,cap,Analysis,11,11,10,0,0,0,0,0,0,1,0.0,0.9090909090909091
unsw,unsw,17,True,logistic,temporal+tcp,0,cap,Shellcode,23,23,1,0,0,0,0,0,0,22,0.0,0.043478260869565216
unsw,unsw,17,True,logistic,temporal+tcp,0,cap,DoS,66,66,23,3,1,2,0,3,0,43,0.046511627906976744,0.3484848484848485
unsw,unsw,17,True,logistic,temporal+tcp,0,cap,Backdoor,38,38,11,0,0,0,0,0,0,27,0.0,0.2894736842105263
unsw,unsw,17,True,logistic,temporal+tcp,0,random,Benign,9132,0,456,3,0,0,3,0,3,8676,0.00034578146611341634,0.04993429697766097
unsw,unsw,17,True,logistic,temporal+tcp,0,random,Reconnaissance,157,157,6,1,0,1,0,1,0,151,0.006622516556291391,0.03821656050955414
unsw,unsw,17,True,logistic,temporal+tcp,0,random,Fuzzers,358,358,22,1,0,1,0,1,0,336,0.002976190476190476,0.061452513966480445
unsw,unsw,17,True,logistic,temporal+tcp,0,random,Exploits,547,547,22,8,1,7,0,8,0,525,0.013333333333333334,0.04021937842778794
unsw,unsw,17,True,logistic,temporal+tcp,0,random,Generic,85,85,2,1,0,1,0,1,0,83,0.012048192771084338,0.023529411764705882
unsw,unsw,17,True,logistic,temporal+tcp,0,random,Analysis,11,11,1,0,0,0,0,0,0,10,0.0,0.09090909090909091
unsw,unsw,17,True,logistic,temporal+tcp,0,random,Shellcode,23,23,1,0,0,0,0,0,0,22,0.0,0.043478260869565216
unsw,unsw,17,True,logistic,temporal+tcp,0,random,DoS,66,66,5,3,1,2,0,3,0,61,0.03278688524590164,0.07575757575757576
unsw,unsw,17,True,logistic,temporal+tcp,0,random,Backdoor,38,38,3,0,0,0,0,0,0,35,0.0,0.07894736842105263
unsw,unsw,17,True,logistic,random10,0,frozen,Benign,9132,0,759,70,33,0,37,0,70,8373,0.004418965723157769,0.0831143232588699
unsw,unsw,17,True,logistic,random10,0,frozen,Reconnaissance,157,157,48,5,5,0,0,5,0,109,0.0,0.3057324840764331
unsw,unsw,17,True,logistic,random10,0,frozen,Fuzzers,358,358,67,18,12,6,0,18,0,291,0.020618556701030927,0.1871508379888268
unsw,unsw,17,True,logistic,random10,0,frozen,Exploits,547,547,312,59,50,9,0,59,0,235,0.03829787234042553,0.5703839122486288
unsw,unsw,17,True,logistic,random10,0,frozen,Generic,85,85,28,11,7,4,0,11,0,57,0.07017543859649122,0.32941176470588235
unsw,unsw,17,True,logistic,random10,0,frozen,Analysis,11,11,10,6,5,1,0,6,0,1,1.0,0.9090909090909091
unsw,unsw,17,True,logistic,random10,0,frozen,Shellcode,23,23,4,3,2,1,0,3,0,19,0.05263157894736842,0.17391304347826086
unsw,unsw,17,True,logistic,random10,0,frozen,DoS,66,66,19,8,4,4,0,8,0,47,0.0851063829787234,0.2878787878787879
unsw,unsw,17,True,logistic,random10,0,frozen,Backdoor,38,38,18,5,4,1,0,5,0,20,0.05,0.47368421052631576
unsw,unsw,17,True,logistic,random10,0,cap,Benign,9132,0,172,70,27,0,43,0,70,8960,0.004799107142857143,0.018834866403854577
unsw,unsw,17,True,logistic,random10,0,cap,Reconnaissance,157,157,35,5,5,0,0,5,0,122,0.0,0.2229299363057325
unsw,unsw,17,True,logistic,random10,0,cap,Fuzzers,358,358,41,18,9,9,0,18,0,317,0.028391167192429023,0.11452513966480447
unsw,unsw,17,True,logistic,random10,0,cap,Exploits,547,547,211,59,44,15,0,59,0,336,0.044642857142857144,0.3857404021937843
unsw,unsw,17,True,logistic,random10,0,cap,Generic,85,85,22,11,7,4,0,11,0,63,0.06349206349206349,0.25882352941176473
unsw,unsw,17,True,logistic,random10,0,cap,Analysis,11,11,8,6,4,2,0,6,0,3,0.6666666666666666,0.7272727272727273
unsw,unsw,17,True,logistic,random10,0,cap,Shellcode,23,23,2,3,2,1,0,3,0,21,0.047619047619047616,0.08695652173913043
unsw,unsw,17,True,logistic,random10,0,cap,DoS,66,66,18,8,4,4,0,8,0,48,0.08333333333333333,0.2727272727272727
unsw,unsw,17,True,logistic,random10,0,cap,Backdoor,38,38,9,5,3,2,0,5,0,29,0.06896551724137931,0.23684210526315788
unsw,unsw,17,True,logistic,random10,0,random,Benign,9132,0,456,70,3,0,67,0,70,8676,0.0077224527431996315,0.04993429697766097
unsw,unsw,17,True,logistic,random10,0,random,Reconnaissance,157,157,6,5,0,5,0,5,0,151,0.033112582781456956,0.03821656050955414
unsw,unsw,17,True,logistic,random10,0,random,Fuzzers,358,358,22,18,1,17,0,18,0,336,0.050595238095238096,0.061452513966480445
unsw,unsw,17,True,logistic,random10,0,random,Exploits,547,547,22,59,3,56,0,59,0,525,0.10666666666666667,0.04021937842778794
unsw,unsw,17,True,logistic,random10,0,random,Generic,85,85,2,11,0,11,0,11,0,83,0.13253012048192772,0.023529411764705882
unsw,unsw,17,True,logistic,random10,0,random,Analysis,11,11,1,6,1,5,0,6,0,10,0.5,0.09090909090909091
unsw,unsw,17,True,logistic,random10,0,random,Shellcode,23,23,1,3,1,2,0,3,0,22,0.09090909090909091,0.043478260869565216
unsw,unsw,17,True,logistic,random10,0,random,DoS,66,66,5,8,2,6,0,8,0,61,0.09836065573770492,0.07575757575757576
unsw,unsw,17,True,logistic,random10,0,random,Backdoor,38,38,3,5,0,5,0,5,0,35,0.14285714285714285,0.07894736842105263
unsw,ton,17,True,logistic,clean,0,frozen,Benign,1833,0,217,32,17,0,15,0,32,1616,0.009282178217821782,0.11838516093835243
unsw,ton,17,True,logistic,clean,0,frozen,xss,7211,7211,50,7181,22,7159,0,7181,0,7161,0.9997207093981287,0.006933851060879213
unsw,ton,17,True,logistic,clean,0,frozen,ransomware,15,15,0,14,0,14,0,14,0,15,0.9333333333333333,0.0
unsw,ton,17,True,logistic,clean,0,frozen,Backdoor,288,288,230,288,230,58,0,288,0,58,1.0,0.7986111111111112
unsw,ton,17,True,logistic,clean,0,frozen,mitm,20,20,10,14,5,9,0,14,0,10,0.9,0.5
unsw,ton,17,True,logistic,clean,0,cap,Benign,1833,0,154,32,9,0,23,0,32,1679,0.0136986301369863,0.08401527550463721
unsw,ton,17,True,logistic,clean,0,cap,xss,7211,7211,293,7181,263,6918,0,7181,0,6918,1.0,0.04063236721675218
unsw,ton,17,True,logistic,clean,0,cap,ransomware,15,15,0,14,0,14,0,14,0,15,0.9333333333333333,0.0
unsw,ton,17,True,logistic,clean,0,cap,Backdoor,288,288,0,288,0,288,0,288,0,288,1.0,0.0
unsw,ton,17,True,logistic,clean,0,cap,mitm,20,20,7,14,3,11,0,14,0,13,0.8461538461538461,0.35
unsw,ton,17,True,logistic,clean,0,random,Benign,1833,0,81,32,2,0,30,0,32,1752,0.017123287671232876,0.044189852700491
unsw,ton,17,True,logistic,clean,0,random,xss,7211,7211,358,7181,357,6824,0,7181,0,6853,0.9957682766671531,0.04964637359589516
unsw,ton,17,True,logistic,clean,0,random,ransomware,15,15,1,14,1,13,0,14,0,14,0.9285714285714286,0.06666666666666667
unsw,ton,17,True,logistic,clean,0,random,Backdoor,288,288,14,288,14,274,0,288,0,274,1.0,0.04861111111111111
unsw,ton,17,True,logistic,clean,0,random,mitm,20,20,0,14,0,14,0,14,0,20,0.7,0.0
unsw,ton,17,True,logistic,temporal,0,frozen,Benign,1833,0,232,30,15,0,15,0,30,1601,0.009369144284821987,0.1265684669939989
unsw,ton,17,True,logistic,temporal,0,frozen,xss,7211,7211,53,7174,16,7158,0,7174,0,7158,1.0,0.007349882124531965
unsw,ton,17,True,logistic,temporal,0,frozen,ransomware,15,15,0,14,0,14,0,14,0,15,0.9333333333333333,0.0
unsw,ton,17,True,logistic,temporal,0,frozen,Backdoor,288,288,13,288,13,275,0,288,0,275,1.0,0.04513888888888889
unsw,ton,17,True,logistic,temporal,0,frozen,mitm,20,20,8,13,4,9,0,13,0,12,0.75,0.4
unsw,ton,17,True,logistic,temporal,0,cap,Benign,1833,0,175,30,10,0,20,0,30,1658,0.012062726176115802,0.09547190398254228
unsw,ton,17,True,logistic,temporal,0,cap,xss,7211,7211,273,7174,236,6938,0,7174,0,6938,1.0,0.0378588267924005
unsw,ton,17,True,logistic,temporal,0,cap,ransomware,15,15,0,14,0,14,0,14,0,15,0.9333333333333333,0.0
unsw,ton,17,True,logistic,temporal,0,cap,Backdoor,288,288,0,288,0,288,0,288,0,288,1.0,0.0
unsw,ton,17,True,logistic,temporal,0,cap,mitm,20,20,6,13,3,10,0,13,0,14,0.7142857142857143,0.3
unsw,ton,17,True,logistic,temporal,0,random,Benign,1833,0,81,30,2,0,28,0,30,1752,0.01598173515981735,0.044189852700491
unsw,ton,17,True,logistic,temporal,0,random,xss,7211,7211,358,7174,357,6817,0,7174,0,6853,0.9947468262075003,0.04964637359589516
unsw,ton,17,True,logistic,temporal,0,random,ransomware,15,15,1,14,1,13,0,14,0,14,0.9285714285714286,0.06666666666666667
unsw,ton,17,True,logistic,temporal,0,random,Backdoor,288,288,14,288,14,274,0,288,0,274,1.0,0.04861111111111111
unsw,ton,17,True,logistic,temporal,0,random,mitm,20,20,0,13,0,13,0,13,0,20,0.65,0.0
unsw,ton,17,True,logistic,size,0,frozen,Benign,1833,0,381,73,59,0,14,0,73,1452,0.009641873278236915,0.2078559738134206
unsw,ton,17,True,logistic,size,0,frozen,xss,7211,7211,52,7170,11,7159,0,7170,0,7159,1.0,0.0072112051033143805
unsw,ton,17,True,logistic,size,0,frozen,ransomware,15,15,1,14,0,14,0,14,0,14,1.0,0.06666666666666667
unsw,ton,17,True,logistic,size,0,frozen,Backdoor,288,288,0,288,0,288,0,288,0,288,1.0,0.0
unsw,ton,17,True,logistic,size,0,frozen,mitm,20,20,6,12,3,9,0,12,0,14,0.6428571428571429,0.3
unsw,ton,17,True,logistic,size,0,cap,Benign,1833,0,168,73,17,0,56,0,73,1665,0.033633633633633635,0.09165302782324058
unsw,ton,17,True,logistic,size,0,cap,xss,7211,7211,285,7170,244,6926,0,7170,0,6926,1.0,0.03952295104701151
unsw,ton,17,True,logistic,size,0,cap,ransomware,15,15,1,14,0,14,0,14,0,14,1.0,0.06666666666666667
unsw,ton,17,True,logistic,size,0,cap,Backdoor,288,288,0,288,0,288,0,288,0,288,1.0,0.0
unsw,ton,17,True,logistic,size,0,cap,mitm,20,20,0,12,0,12,0,12,0,20,0.6,0.0
unsw,ton,17,True,logistic,size,0,random,Benign,1833,0,81,73,5,0,68,0,73,1752,0.03881278538812785,0.044189852700491
unsw,ton,17,True,logistic,size,0,random,xss,7211,7211,358,7170,356,6814,0,7170,0,6853,0.994309061724792,0.04964637359589516
unsw,ton,17,True,logistic,size,0,random,ransomware,15,15,1,14,1,13,0,14,0,14,0.9285714285714286,0.06666666666666667
unsw,ton,17,True,logistic,size,0,random,Backdoor,288,288,14,288,14,274,0,288,0,274,1.0,0.04861111111111111
unsw,ton,17,True,logistic,size,0,random,mitm,20,20,0,12,0,12,0,12,0,20,0.6,0.0
unsw,ton,17,True,logistic,tcp,0,frozen,Benign,1833,0,242,61,45,0,16,0,61,1591,0.01005656819610308,0.1320240043644299
unsw,ton,17,True,logistic,tcp,0,frozen,xss,7211,7211,60,7182,33,7149,0,7182,0,7151,0.9997203188365263,0.008320621273055055
unsw,ton,17,True,logistic,tcp,0,frozen,ransomware,15,15,0,14,0,14,0,14,0,15,0.9333333333333333,0.0
unsw,ton,17,True,logistic,tcp,0,frozen,Backdoor,288,288,31,17,12,5,0,17,0,257,0.019455252918287938,0.1076388888888889
unsw,ton,17,True,logistic,tcp,0,frozen,mitm,20,20,10,16,7,9,0,16,0,10,0.9,0.5
unsw,ton,17,True,logistic,tcp,0,cap,Benign,1833,0,142,61,33,0,28,0,61,1691,0.01655824955647546,0.07746863066012002
unsw,ton,17,True,logistic,tcp,0,cap,xss,7211,7211,293,7182,264,6918,0,7182,0,6918,1.0,0.04063236721675218
unsw,ton,17,True,logistic,tcp,0,cap,ransomware,15,15,0,14,0,14,0,14,0,15,0.9333333333333333,0.0
unsw,ton,17,True,logistic,tcp,0,cap,Backdoor,288,288,12,17,2,15,0,17,0,276,0.05434782608695652,0.041666666666666664
unsw,ton,17,True,logistic,tcp,0,cap,mitm,20,20,7,16,5,11,0,16,0,13,0.8461538461538461,0.35
unsw,ton,17,True,logistic,tcp,0,random,Benign,1833,0,81,61,2,0,59,0,61,1752,0.03367579908675799,0.044189852700491
unsw,ton,17,True,logistic,tcp,0,random,xss,7211,7211,358,7182,356,6826,0,7182,0,6853,0.9960601196556252,0.04964637359589516
unsw,ton,17,True,logistic,tcp,0,random,ransomware,15,15,1,14,1,13,0,14,0,14,0.9285714285714286,0.06666666666666667
unsw,ton,17,True,logistic,tcp,0,random,Backdoor,288,288,14,17,0,17,0,17,0,274,0.06204379562043796,0.04861111111111111
unsw,ton,17,True,logistic,tcp,0,random,mitm,20,20,0,16,0,16,0,16,0,20,0.8,0.0
unsw,ton,17,True,logistic,temporal+tcp,0,frozen,Benign,1833,0,163,45,29,0,16,0,45,1670,0.009580838323353293,0.0889252591380251
unsw,ton,17,True,logistic,temporal+tcp,0,frozen,xss,7211,7211,51,7176,16,7160,0,7176,0,7160,1.0,0.007072528082096796
unsw,ton,17,True,logistic,temporal+tcp,0,frozen,ransomware,15,15,0,14,0,14,0,14,0,15,0.9333333333333333,0.0
unsw,ton,17,True,logistic,temporal+tcp,0,frozen,Backdoor,288,288,0,5,0,5,0,5,0,288,0.017361111111111112,0.0
unsw,ton,17,True,logistic,temporal+tcp,0,frozen,mitm,20,20,10,13,4,9,0,13,0,10,0.9,0.5
unsw,ton,17,True,logistic,temporal+tcp,0,cap,Benign,1833,0,218,45,24,0,21,0,45,1615,0.013003095975232198,0.11893071467539552
unsw,ton,17,True,logistic,temporal+tcp,0,cap,xss,7211,7211,230,7176,195,6981,0,7176,0,6981,1.0,0.031895714880044376
unsw,ton,17,True,logistic,temporal+tcp,0,cap,ransomware,15,15,0,14,0,14,0,14,0,15,0.9333333333333333,0.0
unsw,ton,17,True,logistic,temporal+tcp,0,cap,Backdoor,288,288,0,5,0,5,0,5,0,288,0.017361111111111112,0.0
unsw,ton,17,True,logistic,temporal+tcp,0,cap,mitm,20,20,6,13,2,11,0,13,0,14,0.7857142857142857,0.3
unsw,ton,17,True,logistic,temporal+tcp,0,random,Benign,1833,0,81,45,2,0,43,0,45,1752,0.02454337899543379,0.044189852700491
unsw,ton,17,True,logistic,temporal+tcp,0,random,xss,7211,7211,358,7176,356,6820,0,7176,0,6853,0.9951845906902087,0.04964637359589516
unsw,ton,17,True,logistic,temporal+tcp,0,random,ransomware,15,15,1,14,1,13,0,14,0,14,0.9285714285714286,0.06666666666666667
unsw,ton,17,True,logistic,temporal+tcp,0,random,Backdoor,288,288,14,5,0,5,0,5,0,274,0.01824817518248175,0.04861111111111111
unsw,ton,17,True,logistic,temporal+tcp,0,random,mitm,20,20,0,13,0,13,0,13,0,20,0.65,0.0
unsw,ton,17,True,logistic,random10,0,frozen,Benign,1833,0,229,168,64,0,104,0,168,1604,0.06483790523690773,0.12493180578286961
unsw,ton,17,True,logistic,random10,0,frozen,xss,7211,7211,418,6659,215,6444,0,6659,0,6793,0.9486235831002503,0.05796699486895022
unsw,ton,17,True,logistic,random10,0,frozen,ransomware,15,15,3,11,0,11,0,11,0,12,0.9166666666666666,0.2
unsw,ton,17,True,logistic,random10,0,frozen,Backdoor,288,288,124,257,106,151,0,257,0,164,0.9207317073170732,0.4305555555555556
unsw,ton,17,True,logistic,random10,0,frozen,mitm,20,20,2,17,0,17,0,17,0,18,0.9444444444444444,0.1
unsw,ton,17,True,logistic,random10,0,cap,Benign,1833,0,77,168,27,0,141,0,168,1756,0.08029612756264237,0.042007637752318604
unsw,ton,17,True,logistic,random10,0,cap,xss,7211,7211,362,6659,188,6471,0,6659,0,6849,0.9448094612352168,0.050201081680765494
unsw,ton,17,True,logistic,random10,0,cap,ransomware,15,15,2,11,0,11,0,11,0,13,0.8461538461538461,0.13333333333333333
unsw,ton,17,True,logistic,random10,0,cap,Backdoor,288,288,12,257,9,248,0,257,0,276,0.8985507246376812,0.041666666666666664
unsw,ton,17,True,logistic,random10,0,cap,mitm,20,20,1,17,0,17,0,17,0,19,0.8947368421052632,0.05
unsw,ton,17,True,logistic,random10,0,random,Benign,1833,0,81,168,4,0,164,0,168,1752,0.09360730593607305,0.044189852700491
unsw,ton,17,True,logistic,random10,0,random,xss,7211,7211,358,6659,328,6331,0,6659,0,6853,0.9238289800087552,0.04964637359589516
unsw,ton,17,True,logistic,random10,0,random,ransomware,15,15,1,11,0,11,0,11,0,14,0.7857142857142857,0.06666666666666667
unsw,ton,17,True,logistic,random10,0,random,Backdoor,288,288,14,257,14,243,0,257,0,274,0.8868613138686131,0.04861111111111111
unsw,ton,17,True,logistic,random10,0,random,mitm,20,20,0,17,0,17,0,17,0,20,0.85,0.0
unsw,cic,17,True,logistic,clean,0,frozen,Benign,11886,0,1508,2660,272,0,2388,0,2660,10378,0.2301021391404895,0.12687195019350497
unsw,cic,17,True,logistic,clean,0,frozen,Infilteration,213,213,32,154,27,127,0,154,0,181,0.7016574585635359,0.15023474178403756
unsw,cic,17,True,logistic,clean,0,frozen,Bot,93,93,0,93,0,93,0,93,0,93,1.0,0.0
unsw,cic,17,True,logistic,clean,0,cap,Benign,11886,0,587,2660,162,0,2498,0,2660,11299,0.22108151163819806,0.04938583207134444
unsw,cic,17,True,logistic,clean,0,cap,Infilteration,213,213,12,154,9,145,0,154,0,201,0.7213930348258707,0.056338028169014086
unsw,cic,17,True,logistic,clean,0,cap,Bot,93,93,0,93,0,93,0,93,0,93,1.0,0.0
unsw,cic,17,True,logistic,clean,0,random,Benign,11886,0,582,2660,131,0,2529,0,2660,11304,0.22372611464968153,0.048965169106511865
unsw,cic,17,True,logistic,clean,0,random,Infilteration,213,213,8,154,6,148,0,154,0,205,0.7219512195121951,0.03755868544600939
unsw,cic,17,True,logistic,clean,0,random,Bot,93,93,9,93,9,84,0,93,0,84,1.0,0.0967741935483871
unsw,cic,17,True,logistic,temporal,0,frozen,Benign,11886,0,926,3010,498,0,2512,0,3010,10960,0.2291970802919708,0.0779067810869931
unsw,cic,17,True,logistic,temporal,0,frozen,Infilteration,213,213,12,156,10,146,0,156,0,201,0.7263681592039801,0.056338028169014086
unsw,cic,17,True,logistic,temporal,0,frozen,Bot,93,93,0,93,0,93,0,93,0,93,1.0,0.0
unsw,cic,17,True,logistic,temporal,0,cap,Benign,11886,0,591,3010,311,0,2699,0,3010,11295,0.23895528995130588,0.0497223624432105
unsw,cic,17,True,logistic,temporal,0,cap,Infilteration,213,213,8,156,7,149,0,156,0,205,0.7268292682926829,0.03755868544600939
unsw,cic,17,True,logistic,temporal,0,cap,Bot,93,93,0,93,0,93,0,93,0,93,1.0,0.0
unsw,cic,17,True,logistic,temporal,0,random,Benign,11886,0,582,3010,140,0,2870,0,3010,11304,0.25389242745930646,0.048965169106511865
unsw,cic,17,True,logistic,temporal,0,random,Infilteration,213,213,8,156,6,150,0,156,0,205,0.7317073170731707,0.03755868544600939
unsw,cic,17,True,logistic,temporal,0,random,Bot,93,93,9,93,9,84,0,93,0,84,1.0,0.0967741935483871
unsw,cic,17,True,logistic,size,0,frozen,Benign,11886,0,2304,3050,787,0,2263,0,3050,9582,0.236171989146316,0.19384149419485108
unsw,cic,17,True,logistic,size,0,frozen,Infilteration,213,213,36,143,19,124,0,143,0,177,0.7005649717514124,0.16901408450704225
unsw,cic,17,True,logistic,size,0,frozen,Bot,93,93,82,93,82,11,0,93,0,11,1.0,0.8817204301075269
unsw,cic,17,True,logistic,size,0,cap,Benign,11886,0,587,3050,346,0,2704,0,3050,11299,0.239313213558722,0.04938583207134444
unsw,cic,17,True,logistic,size,0,cap,Infilteration,213,213,12,143,2,141,0,143,0,201,0.7014925373134329,0.056338028169014086
unsw,cic,17,True,logistic,size,0,cap,Bot,93,93,0,93,0,93,0,93,0,93,1.0,0.0
unsw,cic,17,True,logistic,size,0,random,Benign,11886,0,582,3050,154,0,2896,0,3050,11304,0.25619249823071477,0.048965169106511865
unsw,cic,17,True,logistic,size,0,random,Infilteration,213,213,8,143,5,138,0,143,0,205,0.6731707317073171,0.03755868544600939
unsw,cic,17,True,logistic,size,0,random,Bot,93,93,9,93,9,84,0,93,0,84,1.0,0.0967741935483871
unsw,cic,17,True,logistic,tcp,0,frozen,Benign,11886,0,2038,2659,302,0,2357,0,2659,9848,0.23933793663688058,0.17146222446575804
unsw,cic,17,True,logistic,tcp,0,frozen,Infilteration,213,213,40,153,33,120,0,153,0,173,0.6936416184971098,0.18779342723004694
unsw,cic,17,True,logistic,tcp,0,frozen,Bot,93,93,0,93,0,93,0,93,0,93,1.0,0.0
unsw,cic,17,True,logistic,tcp,0,cap,Benign,11886,0,588,2659,156,0,2503,0,2659,11298,0.2215436360417773,0.04946996466431095
unsw,cic,17,True,logistic,tcp,0,cap,Infilteration,213,213,11,153,7,146,0,153,0,202,0.7227722772277227,0.051643192488262914
unsw,cic,17,True,logistic,tcp,0,cap,Bot,93,93,0,93,0,93,0,93,0,93,1.0,0.0
unsw,cic,17,True,logistic,tcp,0,random,Benign,11886,0,582,2659,128,0,2531,0,2659,11304,0.2239030431705591,0.048965169106511865
unsw,cic,17,True,logistic,tcp,0,random,Infilteration,213,213,8,153,6,147,0,153,0,205,0.7170731707317073,0.03755868544600939
unsw,cic,17,True,logistic,tcp,0,random,Bot,93,93,9,93,9,84,0,93,0,84,1.0,0.0967741935483871
unsw,cic,17,True,logistic,temporal+tcp,0,frozen,Benign,11886,0,1160,3104,522,0,2582,0,3104,10726,0.24072347566660451,0.09759380784115766
unsw,cic,17,True,logistic,temporal+tcp,0,frozen,Infilteration,213,213,23,154,20,134,0,154,0,190,0.7052631578947368,0.107981220657277
unsw,cic,17,True,logistic,temporal+tcp,0,frozen,Bot,93,93,0,93,0,93,0,93,0,93,1.0,0.0
unsw,cic,17,True,logistic,temporal+tcp,0,cap,Benign,11886,0,584,3104,264,0,2840,0,3104,11302,0.2512829587683596,0.04913343429244489
unsw,cic,17,True,logistic,temporal+tcp,0,cap,Infilteration,213,213,15,154,13,141,0,154,0,198,0.7121212121212122,0.07042253521126761
unsw,cic,17,True,logistic,temporal+tcp,0,cap,Bot,93,93,0,93,0,93,0,93,0,93,1.0,0.0
unsw,cic,17,True,logistic,temporal+tcp,0,random,Benign,11886,0,582,3104,143,0,2961,0,3104,11304,0.2619426751592357,0.048965169106511865
unsw,cic,17,True,logistic,temporal+tcp,0,random,Infilteration,213,213,8,154,6,148,0,154,0,205,0.7219512195121951,0.03755868544600939
unsw,cic,17,True,logistic,temporal+tcp,0,random,Bot,93,93,9,93,9,84,0,93,0,84,1.0,0.0967741935483871
unsw,cic,17,True,logistic,random10,0,frozen,Benign,11886,0,2060,3099,841,0,2258,0,3099,9826,0.22979849379198047,0.17331314151102137
unsw,cic,17,True,logistic,random10,0,frozen,Infilteration,213,213,35,155,21,134,0,155,0,178,0.7528089887640449,0.1643192488262911
unsw,cic,17,True,logistic,random10,0,frozen,Bot,93,93,9,84,9,75,0,84,0,84,0.8928571428571429,0.0967741935483871
unsw,cic,17,True,logistic,random10,0,cap,Benign,11886,0,584,3099,274,0,2825,0,3099,11302,0.24995576004247036,0.04913343429244489
unsw,cic,17,True,logistic,random10,0,cap,Infilteration,213,213,15,155,8,147,0,155,0,198,0.7424242424242424,0.07042253521126761
unsw,cic,17,True,logistic,random10,0,cap,Bot,93,93,0,84,0,84,0,84,0,93,0.9032258064516129,0.0
unsw,cic,17,True,logistic,random10,0,random,Benign,11886,0,582,3099,159,0,2940,0,3099,11304,0.26008492569002123,0.048965169106511865
unsw,cic,17,True,logistic,random10,0,random,Infilteration,213,213,8,155,5,150,0,155,0,205,0.7317073170731707,0.03755868544600939
unsw,cic,17,True,logistic,random10,0,random,Bot,93,93,9,84,9,75,0,84,0,84,0.8928571428571429,0.0967741935483871
unsw,unsw,17,True,forest,clean,0,frozen,Benign,9132,0,33,3,3,0,0,0,3,9099,0.0,0.0036136662286465177
unsw,unsw,17,True,forest,clean,0,frozen,Reconnaissance,157,157,28,0,0,0,0,0,0,129,0.0,0.17834394904458598
unsw,unsw,17,True,forest,clean,0,frozen,Fuzzers,358,358,118,0,0,0,0,0,0,240,0.0,0.329608938547486
unsw,unsw,17,True,forest,clean,0,frozen,Exploits,547,547,209,0,0,0,0,0,0,338,0.0,0.3820840950639854
unsw,unsw,17,True,forest,clean,0,frozen,Generic,85,85,43,0,0,0,0,0,0,42,0.0,0.5058823529411764
unsw,unsw,17,True,forest,clean,0,frozen,Analysis,11,11,1,0,0,0,0,0,0,10,0.0,0.09090909090909091
unsw,unsw,17,True,forest,clean,0,frozen,Shellcode,23,23,7,0,0,0,0,0,0,16,0.0,0.30434782608695654
unsw,unsw,17,True,forest,clean,0,frozen,DoS,66,66,24,0,0,0,0,0,0,42,0.0,0.36363636363636365
unsw,unsw,17,True,forest,clean,0,frozen,Backdoor,38,38,17,0,0,0,0,0,0,21,0.0,0.4473684210526316
unsw,unsw,17,True,forest,clean,0,cap,Benign,9132,0,40,3,3,0,0,0,3,9092,0.0,0.004380201489268506
unsw,unsw,17,True,forest,clean,0,cap,Reconnaissance,157,157,30,0,0,0,0,0,0,127,0.0,0.1910828025477707
unsw,unsw,17,True,forest,clean,0,cap,Fuzzers,358,358,127,0,0,0,0,0,0,231,0.0,0.3547486033519553
unsw,unsw,17,True,forest,clean,0,cap,Exploits,547,547,224,0,0,0,0,0,0,323,0.0,0.40950639853747717
unsw,unsw,17,True,forest,clean,0,cap,Generic,85,85,45,0,0,0,0,0,0,40,0.0,0.5294117647058824
unsw,unsw,17,True,forest,clean,0,cap,Analysis,11,11,1,0,0,0,0,0,0,10,0.0,0.09090909090909091
unsw,unsw,17,True,forest,clean,0,cap,Shellcode,23,23,7,0,0,0,0,0,0,16,0.0,0.30434782608695654
unsw,unsw,17,True,forest,clean,0,cap,DoS,66,66,29,0,0,0,0,0,0,37,0.0,0.4393939393939394
unsw,unsw,17,True,forest,clean,0,cap,Backdoor,38,38,15,0,0,0,0,0,0,23,0.0,0.39473684210526316
unsw,unsw,17,True,forest,clean,0,random,Benign,9132,0,456,3,0,0,3,0,3,8676,0.00034578146611341634,0.04993429697766097
unsw,unsw,17,True,forest,clean,0,random,Reconnaissance,157,157,6,0,0,0,0,0,0,151,0.0,0.03821656050955414
unsw,unsw,17,True,forest,clean,0,random,Fuzzers,358,358,22,0,0,0,0,0,0,336,0.0,0.061452513966480445
unsw,unsw,17,True,forest,clean,0,random,Exploits,547,547,22,0,0,0,0,0,0,525,0.0,0.04021937842778794
unsw,unsw,17,True,forest,clean,0,random,Generic,85,85,2,0,0,0,0,0,0,83,0.0,0.023529411764705882
unsw,unsw,17,True,forest,clean,0,random,Analysis,11,11,1,0,0,0,0,0,0,10,0.0,0.09090909090909091
unsw,unsw,17,True,forest,clean,0,random,Shellcode,23,23,1,0,0,0,0,0,0,22,0.0,0.043478260869565216
unsw,unsw,17,True,forest,clean,0,random,DoS,66,66,5,0,0,0,0,0,0,61,0.0,0.07575757575757576
unsw,unsw,17,True,forest,clean,0,random,Backdoor,38,38,3,0,0,0,0,0,0,35,0.0,0.07894736842105263
unsw,unsw,17,True,forest,temporal,0,frozen,Benign,9132,0,25,5,5,0,0,0,5,9107,0.0,0.0027376259307928166
unsw,unsw,17,True,forest,temporal,0,frozen,Reconnaissance,157,157,43,0,0,0,0,0,0,114,0.0,0.27388535031847133
unsw,unsw,17,True,forest,temporal,0,frozen,Fuzzers,358,358,130,0,0,0,0,0,0,228,0.0,0.36312849162011174
unsw,unsw,17,True,forest,temporal,0,frozen,Exploits,547,547,321,0,0,0,0,0,0,226,0.0,0.5868372943327239
unsw,unsw,17,True,forest,temporal,0,frozen,Generic,85,85,59,0,0,0,0,0,0,26,0.0,0.6941176470588235
unsw,unsw,17,True,forest,temporal,0,frozen,Analysis,11,11,3,0,0,0,0,0,0,8,0.0,0.2727272727272727
unsw,unsw,17,True,forest,temporal,0,frozen,Shellcode,23,23,7,0,0,0,0,0,0,16,0.0,0.30434782608695654
unsw,unsw,17,True,forest,temporal,0,frozen,DoS,66,66,39,0,0,0,0,0,0,27,0.0,0.5909090909090909
unsw,unsw,17,True,forest,temporal,0,frozen,Backdoor,38,38,21,0,0,0,0,0,0,17,0.0,0.5526315789473685
unsw,unsw,17,True,forest,temporal,0,cap,Benign,9132,0,18,5,5,0,0,0,5,9114,0.0,0.0019710906701708277
unsw,unsw,17,True,forest,temporal,0,cap,Reconnaissance,157,157,39,0,0,0,0,0,0,118,0.0,0.2484076433121019
unsw,unsw,17,True,forest,temporal,0,cap,Fuzzers,358,358,105,0,0,0,0,0,0,253,0.0,0.29329608938547486
unsw,unsw,17,True,forest,temporal,0,cap,Exploits,547,547,257,0,0,0,0,0,0,290,0.0,0.46983546617915906
unsw,unsw,17,True,forest,temporal,0,cap,Generic,85,85,47,0,0,0,0,0,0,38,0.0,0.5529411764705883
unsw,unsw,17,True,forest,temporal,0,cap,Analysis,11,11,1,0,0,0,0,0,0,10,0.0,0.09090909090909091
unsw,unsw,17,True,forest,temporal,0,cap,Shellcode,23,23,6,0,0,0,0,0,0,17,0.0,0.2608695652173913
unsw,unsw,17,True,forest,temporal,0,cap,DoS,66,66,31,0,0,0,0,0,0,35,0.0,0.4696969696969697
unsw,unsw,17,True,forest,temporal,0,cap,Backdoor,38,38,14,0,0,0,0,0,0,24,0.0,0.3684210526315789
unsw,unsw,17,True,forest,temporal,0,random,Benign,9132,0,456,5,0,0,5,0,5,8676,0.0005763024435223605,0.04993429697766097
unsw,unsw,17,True,forest,temporal,0,random,Reconnaissance,157,157,6,0,0,0,0,0,0,151,0.0,0.03821656050955414
unsw,unsw,17,True,forest,temporal,0,random,Fuzzers,358,358,22,0,0,0,0,0,0,336,0.0,0.061452513966480445
unsw,unsw,17,True,forest,temporal,0,random,Exploits,547,547,22,0,0,0,0,0,0,525,0.0,0.04021937842778794
unsw,unsw,17,True,forest,temporal,0,random,Generic,85,85,2,0,0,0,0,0,0,83,0.0,0.023529411764705882
unsw,unsw,17,True,forest,temporal,0,random,Analysis,11,11,1,0,0,0,0,0,0,10,0.0,0.09090909090909091
unsw,unsw,17,True,forest,temporal,0,random,Shellcode,23,23,1,0,0,0,0,0,0,22,0.0,0.043478260869565216
unsw,unsw,17,True,forest,temporal,0,random,DoS,66,66,5,0,0,0,0,0,0,61,0.0,0.07575757575757576
unsw,unsw,17,True,forest,temporal,0,random,Backdoor,38,38,3,0,0,0,0,0,0,35,0.0,0.07894736842105263
unsw,unsw,17,True,forest,size,0,frozen,Benign,9132,0,622,5,5,0,0,0,5,8510,0.0,0.06811213315812527
unsw,unsw,17,True,forest,size,0,frozen,Reconnaissance,157,157,157,0,0,0,0,0,0,0,,1.0
unsw,unsw,17,True,forest,size,0,frozen,Fuzzers,358,358,358,0,0,0,0,0,0,0,,1.0
unsw,unsw,17,True,forest,size,0,frozen,Exploits,547,547,547,0,0,0,0,0,0,0,,1.0
unsw,unsw,17,True,forest,size,0,frozen,Generic,85,85,85,0,0,0,0,0,0,0,,1.0
unsw,unsw,17,True,forest,size,0,frozen,Analysis,11,11,11,0,0,0,0,0,0,0,,1.0
unsw,unsw,17,True,forest,size,0,frozen,Shellcode,23,23,23,0,0,0,0,0,0,0,,1.0
unsw,unsw,17,True,forest,size,0,frozen,DoS,66,66,66,0,0,0,0,0,0,0,,1.0
unsw,unsw,17,True,forest,size,0,frozen,Backdoor,38,38,38,0,0,0,0,0,0,0,,1.0
unsw,unsw,17,True,forest,size,0,cap,Benign,9132,0,14,5,5,0,0,0,5,9118,0.0,0.0015330705212439773
unsw,unsw,17,True,forest,size,0,cap,Reconnaissance,157,157,55,0,0,0,0,0,0,102,0.0,0.3503184713375796
unsw,unsw,17,True,forest,size,0,cap,Fuzzers,358,358,132,0,0,0,0,0,0,226,0.0,0.3687150837988827
unsw,unsw,17,True,forest,size,0,cap,Exploits,547,547,210,0,0,0,0,0,0,337,0.0,0.38391224862888484
unsw,unsw,17,True,forest,size,0,cap,Generic,85,85,45,0,0,0,0,0,0,40,0.0,0.5294117647058824
unsw,unsw,17,True,forest,size,0,cap,Analysis,11,11,1,0,0,0,0,0,0,10,0.0,0.09090909090909091
unsw,unsw,17,True,forest,size,0,cap,Shellcode,23,23,11,0,0,0,0,0,0,12,0.0,0.4782608695652174
unsw,unsw,17,True,forest,size,0,cap,DoS,66,66,32,0,0,0,0,0,0,34,0.0,0.48484848484848486
unsw,unsw,17,True,forest,size,0,cap,Backdoor,38,38,18,0,0,0,0,0,0,20,0.0,0.47368421052631576
unsw,unsw,17,True,forest,size,0,random,Benign,9132,0,456,5,0,0,5,0,5,8676,0.0005763024435223605,0.04993429697766097
unsw,unsw,17,True,forest,size,0,random,Reconnaissance,157,157,6,0,0,0,0,0,0,151,0.0,0.03821656050955414
unsw,unsw,17,True,forest,size,0,random,Fuzzers,358,358,22,0,0,0,0,0,0,336,0.0,0.061452513966480445
unsw,unsw,17,True,forest,size,0,random,Exploits,547,547,22,0,0,0,0,0,0,525,0.0,0.04021937842778794
unsw,unsw,17,True,forest,size,0,random,Generic,85,85,2,0,0,0,0,0,0,83,0.0,0.023529411764705882
unsw,unsw,17,True,forest,size,0,random,Analysis,11,11,1,0,0,0,0,0,0,10,0.0,0.09090909090909091
unsw,unsw,17,True,forest,size,0,random,Shellcode,23,23,1,0,0,0,0,0,0,22,0.0,0.043478260869565216
unsw,unsw,17,True,forest,size,0,random,DoS,66,66,5,0,0,0,0,0,0,61,0.0,0.07575757575757576
unsw,unsw,17,True,forest,size,0,random,Backdoor,38,38,3,0,0,0,0,0,0,35,0.0,0.07894736842105263
unsw,unsw,17,True,forest,tcp,0,frozen,Benign,9132,0,67,5,5,0,0,0,5,9065,0.0,0.007336837494524748
unsw,unsw,17,True,forest,tcp,0,frozen,Reconnaissance,157,157,54,0,0,0,0,0,0,103,0.0,0.34394904458598724
unsw,unsw,17,True,forest,tcp,0,frozen,Fuzzers,358,358,178,0,0,0,0,0,0,180,0.0,0.4972067039106145
unsw,unsw,17,True,forest,tcp,0,frozen,Exploits,547,547,360,3,3,0,0,3,0,187,0.0,0.6581352833638026
unsw,unsw,17,True,forest,tcp,0,frozen,Generic,85,85,64,0,0,0,0,0,0,21,0.0,0.7529411764705882
unsw,unsw,17,True,forest,tcp,0,frozen,Analysis,11,11,4,0,0,0,0,0,0,7,0.0,0.36363636363636365
unsw,unsw,17,True,forest,tcp,0,frozen,Shellcode,23,23,8,0,0,0,0,0,0,15,0.0,0.34782608695652173
unsw,unsw,17,True,forest,tcp,0,frozen,DoS,66,66,40,1,1,0,0,1,0,26,0.0,0.6060606060606061
unsw,unsw,17,True,forest,tcp,0,frozen,Backdoor,38,38,22,1,1,0,0,1,0,16,0.0,0.5789473684210527
unsw,unsw,17,True,forest,tcp,0,cap,Benign,9132,0,19,5,5,0,0,0,5,9113,0.0,0.0020805957074025404
unsw,unsw,17,True,forest,tcp,0,cap,Reconnaissance,157,157,25,0,0,0,0,0,0,132,0.0,0.1592356687898089
unsw,unsw,17,True,forest,tcp,0,cap,Fuzzers,358,358,122,0,0,0,0,0,0,236,0.0,0.3407821229050279
unsw,unsw,17,True,forest,tcp,0,cap,Exploits,547,547,245,3,3,0,0,3,0,302,0.0,0.44789762340036565
unsw,unsw,17,True,forest,tcp,0,cap,Generic,85,85,52,0,0,0,0,0,0,33,0.0,0.611764705882353
unsw,unsw,17,True,forest,tcp,0,cap,Analysis,11,11,2,0,0,0,0,0,0,9,0.0,0.18181818181818182
unsw,unsw,17,True,forest,tcp,0,cap,Shellcode,23,23,7,0,0,0,0,0,0,16,0.0,0.30434782608695654
unsw,unsw,17,True,forest,tcp,0,cap,DoS,66,66,30,1,1,0,0,1,0,36,0.0,0.45454545454545453
unsw,unsw,17,True,forest,tcp,0,cap,Backdoor,38,38,16,1,1,0,0,1,0,22,0.0,0.42105263157894735
unsw,unsw,17,True,forest,tcp,0,random,Benign,9132,0,456,5,0,0,5,0,5,8676,0.0005763024435223605,0.04993429697766097
unsw,unsw,17,True,forest,tcp,0,random,Reconnaissance,157,157,6,0,0,0,0,0,0,151,0.0,0.03821656050955414
unsw,unsw,17,True,forest,tcp,0,random,Fuzzers,358,358,22,0,0,0,0,0,0,336,0.0,0.061452513966480445
unsw,unsw,17,True,forest,tcp,0,random,Exploits,547,547,22,3,0,3,0,3,0,525,0.005714285714285714,0.04021937842778794
unsw,unsw,17,True,forest,tcp,0,random,Generic,85,85,2,0,0,0,0,0,0,83,0.0,0.023529411764705882
unsw,unsw,17,True,forest,tcp,0,random,Analysis,11,11,1,0,0,0,0,0,0,10,0.0,0.09090909090909091
unsw,unsw,17,True,forest,tcp,0,random,Shellcode,23,23,1,0,0,0,0,0,0,22,0.0,0.043478260869565216
unsw,unsw,17,True,forest,tcp,0,random,DoS,66,66,5,1,0,1,0,1,0,61,0.01639344262295082,0.07575757575757576
unsw,unsw,17,True,forest,tcp,0,random,Backdoor,38,38,3,1,0,1,0,1,0,35,0.02857142857142857,0.07894736842105263
unsw,unsw,17,True,forest,temporal+tcp,0,frozen,Benign,9132,0,328,5,5,0,0,0,5,8804,0.0,0.03591765221200175
unsw,unsw,17,True,forest,temporal+tcp,0,frozen,Reconnaissance,157,157,157,0,0,0,0,0,0,0,,1.0
unsw,unsw,17,True,forest,temporal+tcp,0,frozen,Fuzzers,358,358,358,0,0,0,0,0,0,0,,1.0
unsw,unsw,17,True,forest,temporal+tcp,0,frozen,Exploits,547,547,546,0,0,0,0,0,0,1,0.0,0.9981718464351006
unsw,unsw,17,True,forest,temporal+tcp,0,frozen,Generic,85,85,85,0,0,0,0,0,0,0,,1.0
unsw,unsw,17,True,forest,temporal+tcp,0,frozen,Analysis,11,11,11,0,0,0,0,0,0,0,,1.0
unsw,unsw,17,True,forest,temporal+tcp,0,frozen,Shellcode,23,23,23,0,0,0,0,0,0,0,,1.0
unsw,unsw,17,True,forest,temporal+tcp,0,frozen,DoS,66,66,65,0,0,0,0,0,0,1,0.0,0.9848484848484849
unsw,unsw,17,True,forest,temporal+tcp,0,frozen,Backdoor,38,38,38,0,0,0,0,0,0,0,,1.0
unsw,unsw,17,True,forest,temporal+tcp,0,cap,Benign,9132,0,42,5,5,0,0,0,5,9090,0.0,0.0045992115637319315
unsw,unsw,17,True,forest,temporal+tcp,0,cap,Reconnaissance,157,157,16,0,0,0,0,0,0,141,0.0,0.10191082802547771
unsw,unsw,17,True,forest,temporal+tcp,0,cap,Fuzzers,358,358,114,0,0,0,0,0,0,244,0.0,0.31843575418994413
unsw,unsw,17,True,forest,temporal+tcp,0,cap,Exploits,547,547,246,0,0,0,0,0,0,301,0.0,0.44972577696526506
unsw,unsw,17,True,forest,temporal+tcp,0,cap,Generic,85,85,49,0,0,0,0,0,0,36,0.0,0.5764705882352941
unsw,unsw,17,True,forest,temporal+tcp,0,cap,Analysis,11,11,1,0,0,0,0,0,0,10,0.0,0.09090909090909091
unsw,unsw,17,True,forest,temporal+tcp,0,cap,Shellcode,23,23,6,0,0,0,0,0,0,17,0.0,0.2608695652173913
unsw,unsw,17,True,forest,temporal+tcp,0,cap,DoS,66,66,29,0,0,0,0,0,0,37,0.0,0.4393939393939394
unsw,unsw,17,True,forest,temporal+tcp,0,cap,Backdoor,38,38,15,0,0,0,0,0,0,23,0.0,0.39473684210526316
unsw,unsw,17,True,forest,temporal+tcp,0,random,Benign,9132,0,456,5,0,0,5,0,5,8676,0.0005763024435223605,0.04993429697766097
unsw,unsw,17,True,forest,temporal+tcp,0,random,Reconnaissance,157,157,6,0,0,0,0,0,0,151,0.0,0.03821656050955414
unsw,unsw,17,True,forest,temporal+tcp,0,random,Fuzzers,358,358,22,0,0,0,0,0,0,336,0.0,0.061452513966480445
unsw,unsw,17,True,forest,temporal+tcp,0,random,Exploits,547,547,22,0,0,0,0,0,0,525,0.0,0.04021937842778794
unsw,unsw,17,True,forest,temporal+tcp,0,random,Generic,85,85,2,0,0,0,0,0,0,83,0.0,0.023529411764705882
unsw,unsw,17,True,forest,temporal+tcp,0,random,Analysis,11,11,1,0,0,0,0,0,0,10,0.0,0.09090909090909091
unsw,unsw,17,True,forest,temporal+tcp,0,random,Shellcode,23,23,1,0,0,0,0,0,0,22,0.0,0.043478260869565216
unsw,unsw,17,True,forest,temporal+tcp,0,random,DoS,66,66,5,0,0,0,0,0,0,61,0.0,0.07575757575757576
unsw,unsw,17,True,forest,temporal+tcp,0,random,Backdoor,38,38,3,0,0,0,0,0,0,35,0.0,0.07894736842105263
unsw,unsw,17,True,forest,random10,0,frozen,Benign,9132,0,657,3,3,0,0,0,3,8475,0.0,0.07194480946123522
unsw,unsw,17,True,forest,random10,0,frozen,Reconnaissance,157,157,129,3,3,0,0,3,0,28,0.0,0.821656050955414
unsw,unsw,17,True,forest,random10,0,frozen,Fuzzers,358,358,305,9,9,0,0,9,0,53,0.0,0.8519553072625698
unsw,unsw,17,True,forest,random10,0,frozen,Exploits,547,547,440,17,17,0,0,17,0,107,0.0,0.8043875685557587
unsw,unsw,17,True,forest,random10,0,frozen,Generic,85,85,75,3,3,0,0,3,0,10,0.0,0.8823529411764706
unsw,unsw,17,True,forest,random10,0,frozen,Analysis,11,11,9,0,0,0,0,0,0,2,0.0,0.8181818181818182
unsw,unsw,17,True,forest,random10,0,frozen,Shellcode,23,23,18,0,0,0,0,0,0,5,0.0,0.782608695652174
unsw,unsw,17,True,forest,random10,0,frozen,DoS,66,66,52,2,2,0,0,2,0,14,0.0,0.7878787878787878
unsw,unsw,17,True,forest,random10,0,frozen,Backdoor,38,38,30,2,2,0,0,2,0,8,0.0,0.7894736842105263
unsw,unsw,17,True,forest,random10,0,cap,Benign,9132,0,11,3,3,0,0,0,3,9121,0.0,0.0012045554095488392
unsw,unsw,17,True,forest,random10,0,cap,Reconnaissance,157,157,61,3,3,0,0,3,0,96,0.0,0.3885350318471338
unsw,unsw,17,True,forest,random10,0,cap,Fuzzers,358,358,142,9,9,0,0,9,0,216,0.0,0.39664804469273746
unsw,unsw,17,True,forest,random10,0,cap,Exploits,547,547,217,17,17,0,0,17,0,330,0.0,0.396709323583181
unsw,unsw,17,True,forest,random10,0,cap,Generic,85,85,35,3,3,0,0,3,0,50,0.0,0.4117647058823529
unsw,unsw,17,True,forest,random10,0,cap,Analysis,11,11,4,0,0,0,0,0,0,7,0.0,0.36363636363636365
unsw,unsw,17,True,forest,random10,0,cap,Shellcode,23,23,8,0,0,0,0,0,0,15,0.0,0.34782608695652173
unsw,unsw,17,True,forest,random10,0,cap,DoS,66,66,22,2,2,0,0,2,0,44,0.0,0.3333333333333333
unsw,unsw,17,True,forest,random10,0,cap,Backdoor,38,38,18,2,2,0,0,2,0,20,0.0,0.47368421052631576
unsw,unsw,17,True,forest,random10,0,random,Benign,9132,0,456,3,0,0,3,0,3,8676,0.00034578146611341634,0.04993429697766097
unsw,unsw,17,True,forest,random10,0,random,Reconnaissance,157,157,6,3,0,3,0,3,0,151,0.019867549668874173,0.03821656050955414
unsw,unsw,17,True,forest,random10,0,random,Fuzzers,358,358,22,9,0,9,0,9,0,336,0.026785714285714284,0.061452513966480445
unsw,unsw,17,True,forest,random10,0,random,Exploits,547,547,22,17,0,17,0,17,0,525,0.03238095238095238,0.04021937842778794
unsw,unsw,17,True,forest,random10,0,random,Generic,85,85,2,3,0,3,0,3,0,83,0.03614457831325301,0.023529411764705882
unsw,unsw,17,True,forest,random10,0,random,Analysis,11,11,1,0,0,0,0,0,0,10,0.0,0.09090909090909091
unsw,unsw,17,True,forest,random10,0,random,Shellcode,23,23,1,0,0,0,0,0,0,22,0.0,0.043478260869565216
unsw,unsw,17,True,forest,random10,0,random,DoS,66,66,5,2,0,2,0,2,0,61,0.03278688524590164,0.07575757575757576
unsw,unsw,17,True,forest,random10,0,random,Backdoor,38,38,3,2,0,2,0,2,0,35,0.05714285714285714,0.07894736842105263
unsw,ton,17,True,forest,clean,0,frozen,Benign,1833,0,1833,1294,1294,0,0,0,1294,0,,1.0
unsw,ton,17,True,forest,clean,0,frozen,xss,7211,7211,7211,3705,3705,0,0,3705,0,0,,1.0
unsw,ton,17,True,forest,clean,0,frozen,ransomware,15,15,15,2,2,0,0,2,0,0,,1.0
unsw,ton,17,True,forest,clean,0,frozen,Backdoor,288,288,288,4,4,0,0,4,0,0,,1.0
unsw,ton,17,True,forest,clean,0,frozen,mitm,20,20,20,5,5,0,0,5,0,0,,1.0
unsw,ton,17,True,forest,clean,0,cap,Benign,1833,0,71,1294,50,0,1244,0,1294,1762,0.7060158910329172,0.03873431533006001
unsw,ton,17,True,forest,clean,0,cap,xss,7211,7211,379,3705,149,3556,0,3705,0,6832,0.5204918032786885,0.05255859104146443
unsw,ton,17,True,forest,clean,0,cap,ransomware,15,15,0,2,0,2,0,2,0,15,0.13333333333333333,0.0
unsw,ton,17,True,forest,clean,0,cap,Backdoor,288,288,3,4,2,2,0,4,0,285,0.007017543859649123,0.010416666666666666
unsw,ton,17,True,forest,clean,0,cap,mitm,20,20,1,5,0,5,0,5,0,19,0.2631578947368421,0.05
unsw,ton,17,True,forest,clean,0,random,Benign,1833,0,81,1294,56,0,1238,0,1294,1752,0.70662100456621,0.044189852700491
unsw,ton,17,True,forest,clean,0,random,xss,7211,7211,358,3705,180,3525,0,3705,0,6853,0.514373267182256,0.04964637359589516
unsw,ton,17,True,forest,clean,0,random,ransomware,15,15,1,2,0,2,0,2,0,14,0.14285714285714285,0.06666666666666667
unsw,ton,17,True,forest,clean,0,random,Backdoor,288,288,14,4,0,4,0,4,0,274,0.014598540145985401,0.04861111111111111
unsw,ton,17,True,forest,clean,0,random,mitm,20,20,0,5,0,5,0,5,0,20,0.25,0.0
unsw,ton,17,True,forest,temporal,0,frozen,Benign,1833,0,1833,1363,1363,0,0,0,1363,0,,1.0
unsw,ton,17,True,forest,temporal,0,frozen,xss,7211,7211,7211,2362,2362,0,0,2362,0,0,,1.0
unsw,ton,17,True,forest,temporal,0,frozen,ransomware,15,15,15,1,1,0,0,1,0,0,,1.0
unsw,ton,17,True,forest,temporal,0,frozen,Backdoor,288,288,288,4,4,0,0,4,0,0,,1.0
unsw,ton,17,True,forest,temporal,0,frozen,mitm,20,20,20,4,4,0,0,4,0,0,,1.0
unsw,ton,17,True,forest,temporal,0,cap,Benign,1833,0,65,1363,39,0,1324,0,1363,1768,0.748868778280543,0.03546099290780142
unsw,ton,17,True,forest,temporal,0,cap,xss,7211,7211,383,2362,169,2193,0,2362,0,6828,0.3211775043936731,0.053113299126334765
unsw,ton,17,True,forest,temporal,0,cap,ransomware,15,15,1,1,0,1,0,1,0,14,0.07142857142857142,0.06666666666666667
unsw,ton,17,True,forest,temporal,0,cap,Backdoor,288,288,3,4,2,2,0,4,0,285,0.007017543859649123,0.010416666666666666
unsw,ton,17,True,forest,temporal,0,cap,mitm,20,20,2,4,0,4,0,4,0,18,0.2222222222222222,0.1
unsw,ton,17,True,forest,temporal,0,random,Benign,1833,0,81,1363,60,0,1303,0,1363,1752,0.7437214611872146,0.044189852700491
unsw,ton,17,True,forest,temporal,0,random,xss,7211,7211,358,2362,112,2250,0,2362,0,6853,0.3283233620312272,0.04964637359589516
unsw,ton,17,True,forest,temporal,0,random,ransomware,15,15,1,1,0,1,0,1,0,14,0.07142857142857142,0.06666666666666667
unsw,ton,17,True,forest,temporal,0,random,Backdoor,288,288,14,4,0,4,0,4,0,274,0.014598540145985401,0.04861111111111111
unsw,ton,17,True,forest,temporal,0,random,mitm,20,20,0,4,0,4,0,4,0,20,0.2,0.0
unsw,ton,17,True,forest,size,0,frozen,Benign,1833,0,1833,1408,1408,0,0,0,1408,0,,1.0
unsw,ton,17,True,forest,size,0,frozen,xss,7211,7211,7211,1683,1683,0,0,1683,0,0,,1.0
unsw,ton,17,True,forest,size,0,frozen,ransomware,15,15,15,1,1,0,0,1,0,0,,1.0
unsw,ton,17,True,forest,size,0,frozen,Backdoor,288,288,288,4,4,0,0,4,0,0,,1.0
unsw,ton,17,True,forest,size,0,frozen,mitm,20,20,20,4,4,0,0,4,0,0,,1.0
unsw,ton,17,True,forest,size,0,cap,Benign,1833,0,169,1408,169,0,1239,0,1408,1664,0.7445913461538461,0.09219858156028368
unsw,ton,17,True,forest,size,0,cap,xss,7211,7211,279,1683,0,1683,0,1683,0,6932,0.2427870744373918,0.038690888919706005
unsw,ton,17,True,forest,size,0,cap,ransomware,15,15,0,1,0,1,0,1,0,15,0.06666666666666667,0.0
unsw,ton,17,True,forest,size,0,cap,Backdoor,288,288,1,4,0,4,0,4,0,287,0.013937282229965157,0.003472222222222222
unsw,ton,17,True,forest,size,0,cap,mitm,20,20,5,4,0,4,0,4,0,15,0.26666666666666666,0.25
unsw,ton,17,True,forest,size,0,random,Benign,1833,0,81,1408,63,0,1345,0,1408,1752,0.7676940639269406,0.044189852700491
unsw,ton,17,True,forest,size,0,random,xss,7211,7211,358,1683,84,1599,0,1683,0,6853,0.23332846928352546,0.04964637359589516
unsw,ton,17,True,forest,size,0,random,ransomware,15,15,1,1,0,1,0,1,0,14,0.07142857142857142,0.06666666666666667
unsw,ton,17,True,forest,size,0,random,Backdoor,288,288,14,4,0,4,0,4,0,274,0.014598540145985401,0.04861111111111111
unsw,ton,17,True,forest,size,0,random,mitm,20,20,0,4,0,4,0,4,0,20,0.2,0.0
unsw,ton,17,True,forest,tcp,0,frozen,Benign,1833,0,1833,1262,1262,0,0,0,1262,0,,1.0
unsw,ton,17,True,forest,tcp,0,frozen,xss,7211,7211,7211,3635,3635,0,0,3635,0,0,,1.0
unsw,ton,17,True,forest,tcp,0,frozen,ransomware,15,15,15,2,2,0,0,2,0,0,,1.0
unsw,ton,17,True,forest,tcp,0,frozen,Backdoor,288,288,288,4,4,0,0,4,0,0,,1.0
unsw,ton,17,True,forest,tcp,0,frozen,mitm,20,20,20,7,7,0,0,7,0,0,,1.0
unsw,ton,17,True,forest,tcp,0,cap,Benign,1833,0,75,1262,38,0,1224,0,1262,1758,0.6962457337883959,0.04091653027823241
unsw,ton,17,True,forest,tcp,0,cap,xss,7211,7211,375,3635,170,3465,0,3635,0,6836,0.506875365710942,0.05200388295659409
unsw,ton,17,True,forest,tcp,0,cap,ransomware,15,15,0,2,0,2,0,2,0,15,0.13333333333333333,0.0
unsw,ton,17,True,forest,tcp,0,cap,Backdoor,288,288,2,4,2,2,0,4,0,286,0.006993006993006993,0.006944444444444444
unsw,ton,17,True,forest,tcp,0,cap,mitm,20,20,2,7,2,5,0,7,0,18,0.2777777777777778,0.1
unsw,ton,17,True,forest,tcp,0,random,Benign,1833,0,81,1262,56,0,1206,0,1262,1752,0.6883561643835616,0.044189852700491
unsw,ton,17,True,forest,tcp,0,random,xss,7211,7211,358,3635,178,3457,0,3635,0,6853,0.5044506055742011,0.04964637359589516
unsw,ton,17,True,forest,tcp,0,random,ransomware,15,15,1,2,0,2,0,2,0,14,0.14285714285714285,0.06666666666666667
unsw,ton,17,True,forest,tcp,0,random,Backdoor,288,288,14,4,0,4,0,4,0,274,0.014598540145985401,0.04861111111111111
unsw,ton,17,True,forest,tcp,0,random,mitm,20,20,0,7,0,7,0,7,0,20,0.35,0.0
unsw,ton,17,True,forest,temporal+tcp,0,frozen,Benign,1833,0,1833,1353,1353,0,0,0,1353,0,,1.0
unsw,ton,17,True,forest,temporal+tcp,0,frozen,xss,7211,7211,7211,2205,2205,0,0,2205,0,0,,1.0
unsw,ton,17,True,forest,temporal+tcp,0,frozen,ransomware,15,15,15,1,1,0,0,1,0,0,,1.0
unsw,ton,17,True,forest,temporal+tcp,0,frozen,Backdoor,288,288,288,4,4,0,0,4,0,0,,1.0
unsw,ton,17,True,forest,temporal+tcp,0,frozen,mitm,20,20,20,5,5,0,0,5,0,0,,1.0
unsw,ton,17,True,forest,temporal+tcp,0,cap,Benign,1833,0,75,1353,38,0,1315,0,1353,1758,0.7480091012514221,0.04091653027823241
unsw,ton,17,True,forest,temporal+tcp,0,cap,xss,7211,7211,375,2205,55,2150,0,2205,0,6836,0.3145114101813926,0.05200388295659409
unsw,ton,17,True,forest,temporal+tcp,0,cap,ransomware,15,15,0,1,0,1,0,1,0,15,0.06666666666666667,0.0
unsw,ton,17,True,forest,temporal+tcp,0,cap,Backdoor,288,288,2,4,2,2,0,4,0,286,0.006993006993006993,0.006944444444444444
unsw,ton,17,True,forest,temporal+tcp,0,cap,mitm,20,20,2,5,0,5,0,5,0,18,0.2777777777777778,0.1
unsw,ton,17,True,forest,temporal+tcp,0,random,Benign,1833,0,81,1353,61,0,1292,0,1353,1752,0.7374429223744292,0.044189852700491
unsw,ton,17,True,forest,temporal+tcp,0,random,xss,7211,7211,358,2205,104,2101,0,2205,0,6853,0.30658105939004815,0.04964637359589516
unsw,ton,17,True,forest,temporal+tcp,0,random,ransomware,15,15,1,1,0,1,0,1,0,14,0.07142857142857142,0.06666666666666667
unsw,ton,17,True,forest,temporal+tcp,0,random,Backdoor,288,288,14,4,0,4,0,4,0,274,0.014598540145985401,0.04861111111111111
unsw,ton,17,True,forest,temporal+tcp,0,random,mitm,20,20,0,5,0,5,0,5,0,20,0.25,0.0
unsw,ton,17,True,forest,random10,0,frozen,Benign,1833,0,1833,1205,1205,0,0,0,1205,0,,1.0
unsw,ton,17,True,forest,random10,0,frozen,xss,7211,7211,7208,3533,3530,3,0,3533,0,3,1.0,0.9995839689363473
unsw,ton,17,True,forest,random10,0,frozen,ransomware,15,15,15,3,3,0,0,3,0,0,,1.0
unsw,ton,17,True,forest,random10,0,frozen,Backdoor,288,288,288,14,14,0,0,14,0,0,,1.0
unsw,ton,17,True,forest,random10,0,frozen,mitm,20,20,20,10,10,0,0,10,0,0,,1.0
unsw,ton,17,True,forest,random10,0,cap,Benign,1833,0,55,1205,32,0,1173,0,1205,1778,0.6597300337457818,0.03000545553737043
unsw,ton,17,True,forest,random10,0,cap,xss,7211,7211,386,3533,202,3331,0,3533,0,6825,0.48805860805860807,0.05352933018998752
unsw,ton,17,True,forest,random10,0,cap,ransomware,15,15,1,3,1,2,0,3,0,14,0.14285714285714285,0.06666666666666667
unsw,ton,17,True,forest,random10,0,cap,Backdoor,288,288,12,14,3,11,0,14,0,276,0.03985507246376811,0.041666666666666664
unsw,ton,17,True,forest,random10,0,cap,mitm,20,20,0,10,0,10,0,10,0,20,0.5,0.0
unsw,ton,17,True,forest,random10,0,random,Benign,1833,0,81,1205,54,0,1151,0,1205,1752,0.6569634703196348,0.044189852700491
unsw,ton,17,True,forest,random10,0,random,xss,7211,7211,358,3533,172,3361,0,3533,0,6853,0.4904421421275354,0.04964637359589516
unsw,ton,17,True,forest,random10,0,random,ransomware,15,15,1,3,0,3,0,3,0,14,0.21428571428571427,0.06666666666666667
unsw,ton,17,True,forest,random10,0,random,Backdoor,288,288,14,14,0,14,0,14,0,274,0.051094890510948905,0.04861111111111111
unsw,ton,17,True,forest,random10,0,random,mitm,20,20,0,10,0,10,0,10,0,20,0.5,0.0
unsw,cic,17,True,forest,clean,0,frozen,Benign,11886,0,11886,10341,10341,0,0,0,10341,0,,1.0
unsw,cic,17,True,forest,clean,0,frozen,Infilteration,213,213,213,61,61,0,0,61,0,0,,1.0
unsw,cic,17,True,forest,clean,0,frozen,Bot,93,93,93,0,0,0,0,0,0,0,,1.0
unsw,cic,17,True,forest,clean,0,cap,Benign,11886,0,588,10341,555,0,9786,0,10341,11298,0.8661710037174721,0.04946996466431095
unsw,cic,17,True,forest,clean,0,cap,Infilteration,213,213,11,61,0,61,0,61,0,202,0.30198019801980197,0.051643192488262914
unsw,cic,17,True,forest,clean,0,cap,Bot,93,93,0,0,0,0,0,0,0,93,0.0,0.0
unsw,cic,17,True,forest,clean,0,random,Benign,11886,0,582,10341,503,0,9838,0,10341,11304,0.8703113941967445,0.048965169106511865
unsw,cic,17,True,forest,clean,0,random,Infilteration,213,213,8,61,2,59,0,61,0,205,0.28780487804878047,0.03755868544600939
unsw,cic,17,True,forest,clean,0,random,Bot,93,93,9,0,0,0,0,0,0,84,0.0,0.0967741935483871
unsw,cic,17,True,forest,temporal,0,frozen,Benign,11886,0,11886,10346,10346,0,0,0,10346,0,,1.0
unsw,cic,17,True,forest,temporal,0,frozen,Infilteration,213,213,213,60,60,0,0,60,0,0,,1.0
unsw,cic,17,True,forest,temporal,0,frozen,Bot,93,93,93,0,0,0,0,0,0,0,,1.0
unsw,cic,17,True,forest,temporal,0,cap,Benign,11886,0,581,10346,528,0,9818,0,10346,11305,0.8684652808491817,0.04888103651354535
unsw,cic,17,True,forest,temporal,0,cap,Infilteration,213,213,18,60,3,57,0,60,0,195,0.2923076923076923,0.08450704225352113
unsw,cic,17,True,forest,temporal,0,cap,Bot,93,93,0,0,0,0,0,0,0,93,0.0,0.0
unsw,cic,17,True,forest,temporal,0,random,Benign,11886,0,582,10346,503,0,9843,0,10346,11304,0.8707537154989384,0.048965169106511865
unsw,cic,17,True,forest,temporal,0,random,Infilteration,213,213,8,60,2,58,0,60,0,205,0.28292682926829266,0.03755868544600939
unsw,cic,17,True,forest,temporal,0,random,Bot,93,93,9,0,0,0,0,0,0,84,0.0,0.0967741935483871
unsw,cic,17,True,forest,size,0,frozen,Benign,11886,0,11886,10349,10349,0,0,0,10349,0,,1.0
unsw,cic,17,True,forest,size,0,frozen,Infilteration,213,213,213,57,57,0,0,57,0,0,,1.0
unsw,cic,17,True,forest,size,0,frozen,Bot,93,93,93,0,0,0,0,0,0,0,,1.0
unsw,cic,17,True,forest,size,0,cap,Benign,11886,0,583,10349,568,0,9781,0,10349,11303,0.8653454834999558,0.049049301699478375
unsw,cic,17,True,forest,size,0,cap,Infilteration,213,213,16,57,2,55,0,57,0,197,0.27918781725888325,0.07511737089201878
unsw,cic,17,True,forest,size,0,cap,Bot,93,93,0,0,0,0,0,0,0,93,0.0,0.0
unsw,cic,17,True,forest,size,0,random,Benign,11886,0,582,10349,504,0,9845,0,10349,11304,0.870930644019816,0.048965169106511865
unsw,cic,17,True,forest,size,0,random,Infilteration,213,213,8,57,2,55,0,57,0,205,0.2682926829268293,0.03755868544600939
unsw,cic,17,True,forest,size,0,random,Bot,93,93,9,0,0,0,0,0,0,84,0.0,0.0967741935483871
unsw,cic,17,True,forest,tcp,0,frozen,Benign,11886,0,11886,9801,9801,0,0,0,9801,0,,1.0
unsw,cic,17,True,forest,tcp,0,frozen,Infilteration,213,213,213,70,70,0,0,70,0,0,,1.0
unsw,cic,17,True,forest,tcp,0,frozen,Bot,93,93,93,0,0,0,0,0,0,0,,1.0
unsw,cic,17,True,forest,tcp,0,cap,Benign,11886,0,584,9801,300,0,9501,0,9801,11302,0.840647672978234,0.04913343429244489
unsw,cic,17,True,forest,tcp,0,cap,Infilteration,213,213,15,70,5,65,0,70,0,198,0.3282828282828283,0.07042253521126761
unsw,cic,17,True,forest,tcp,0,cap,Bot,93,93,0,0,0,0,0,0,0,93,0.0,0.0
unsw,cic,17,True,forest,tcp,0,random,Benign,11886,0,582,9801,475,0,9326,0,9801,11304,0.8250176928520877,0.048965169106511865
unsw,cic,17,True,forest,tcp,0,random,Infilteration,213,213,8,70,3,67,0,70,0,205,0.32682926829268294,0.03755868544600939
unsw,cic,17,True,forest,tcp,0,random,Bot,93,93,9,0,0,0,0,0,0,84,0.0,0.0967741935483871
unsw,cic,17,True,forest,temporal+tcp,0,frozen,Benign,11886,0,11886,10338,10338,0,0,0,10338,0,,1.0
unsw,cic,17,True,forest,temporal+tcp,0,frozen,Infilteration,213,213,213,59,59,0,0,59,0,0,,1.0
unsw,cic,17,True,forest,temporal+tcp,0,frozen,Bot,93,93,93,0,0,0,0,0,0,0,,1.0
unsw,cic,17,True,forest,temporal+tcp,0,cap,Benign,11886,0,583,10338,556,0,9782,0,10338,11303,0.8654339555870123,0.049049301699478375
unsw,cic,17,True,forest,temporal+tcp,0,cap,Infilteration,213,213,16,59,1,58,0,59,0,197,0.29441624365482233,0.07511737089201878
unsw,cic,17,True,forest,temporal+tcp,0,cap,Bot,93,93,0,0,0,0,0,0,0,93,0.0,0.0
unsw,cic,17,True,forest,temporal+tcp,0,random,Benign,11886,0,582,10338,503,0,9835,0,10338,11304,0.8700460014154282,0.048965169106511865
unsw,cic,17,True,forest,temporal+tcp,0,random,Infilteration,213,213,8,59,2,57,0,59,0,205,0.2780487804878049,0.03755868544600939
unsw,cic,17,True,forest,temporal+tcp,0,random,Bot,93,93,9,0,0,0,0,0,0,84,0.0,0.0967741935483871
unsw,cic,17,True,forest,random10,0,frozen,Benign,11886,0,11886,9592,9592,0,0,0,9592,0,,1.0
unsw,cic,17,True,forest,random10,0,frozen,Infilteration,213,213,213,79,79,0,0,79,0,0,,1.0
unsw,cic,17,True,forest,random10,0,frozen,Bot,93,93,93,8,8,0,0,8,0,0,,1.0
unsw,cic,17,True,forest,random10,0,cap,Benign,11886,0,586,9592,447,0,9145,0,9592,11300,0.8092920353982301,0.049301699478377925
unsw,cic,17,True,forest,random10,0,cap,Infilteration,213,213,8,79,4,75,0,79,0,205,0.36585365853658536,0.03755868544600939
unsw,cic,17,True,forest,random10,0,cap,Bot,93,93,5,8,1,7,0,8,0,88,0.07954545454545454,0.053763440860215055
unsw,cic,17,True,forest,random10,0,random,Benign,11886,0,582,9592,471,0,9121,0,9592,11304,0.8068825194621373,0.048965169106511865
unsw,cic,17,True,forest,random10,0,random,Infilteration,213,213,8,79,2,77,0,79,0,205,0.375609756097561,0.03755868544600939
unsw,cic,17,True,forest,random10,0,random,Bot,93,93,9,8,1,7,0,8,0,84,0.08333333333333333,0.0967741935483871
unsw,unsw,29,False,logistic,clean,0,frozen,Benign,9132,0,104,2,1,0,1,0,2,9028,0.00011076650420912716,0.011388523872098117
unsw,unsw,29,False,logistic,clean,0,frozen,Reconnaissance,157,157,34,1,1,0,0,1,0,123,0.0,0.21656050955414013
unsw,unsw,29,False,logistic,clean,0,frozen,Fuzzers,358,358,33,0,0,0,0,0,0,325,0.0,0.09217877094972067
unsw,unsw,29,False,logistic,clean,0,frozen,Exploits,547,547,322,4,4,0,0,4,0,225,0.0,0.5886654478976234
unsw,unsw,29,False,logistic,clean,0,frozen,Generic,85,85,34,0,0,0,0,0,0,51,0.0,0.4
unsw,unsw,29,False,logistic,clean,0,frozen,Analysis,11,11,11,0,0,0,0,0,0,0,,1.0
unsw,unsw,29,False,logistic,clean,0,frozen,Shellcode,23,23,1,0,0,0,0,0,0,22,0.0,0.043478260869565216
unsw,unsw,29,False,logistic,clean,0,frozen,DoS,66,66,21,3,3,0,0,3,0,45,0.0,0.3181818181818182
unsw,unsw,29,False,logistic,clean,0,frozen,Backdoor,38,38,16,1,1,0,0,1,0,22,0.0,0.42105263157894735
unsw,unsw,29,False,logistic,clean,0,cap,Benign,9132,0,82,2,1,0,1,0,2,9050,0.00011049723756906077,0.008979413053000438
unsw,unsw,29,False,logistic,clean,0,cap,Reconnaissance,157,157,28,1,1,0,0,1,0,129,0.0,0.17834394904458598
unsw,unsw,29,False,logistic,clean,0,cap,Fuzzers,358,358,27,0,0,0,0,0,0,331,0.0,0.07541899441340782
unsw,unsw,29,False,logistic,clean,0,cap,Exploits,547,547,306,4,4,0,0,4,0,241,0.0,0.5594149908592322
unsw,unsw,29,False,logistic,clean,0,cap,Generic,85,85,30,0,0,0,0,0,0,55,0.0,0.35294117647058826
unsw,unsw,29,False,logistic,clean,0,cap,Analysis,11,11,10,0,0,0,0,0,0,1,0.0,0.9090909090909091
unsw,unsw,29,False,logistic,clean,0,cap,Shellcode,23,23,1,0,0,0,0,0,0,22,0.0,0.043478260869565216
unsw,unsw,29,False,logistic,clean,0,cap,DoS,66,66,21,3,3,0,0,3,0,45,0.0,0.3181818181818182
unsw,unsw,29,False,logistic,clean,0,cap,Backdoor,38,38,13,1,1,0,0,1,0,25,0.0,0.34210526315789475
unsw,unsw,29,False,logistic,clean,0,random,Benign,9132,0,453,2,0,0,2,0,2,8679,0.00023044129508007836,0.049605781865965835
unsw,unsw,29,False,logistic,clean,0,random,Reconnaissance,157,157,5,1,0,1,0,1,0,152,0.006578947368421052,0.03184713375796178
unsw,unsw,29,False,logistic,clean,0,random,Fuzzers,358,358,21,0,0,0,0,0,0,337,0.0,0.05865921787709497
unsw,unsw,29,False,logistic,clean,0,random,Exploits,547,547,27,4,0,4,0,4,0,520,0.007692307692307693,0.04936014625228519
unsw,unsw,29,False,logistic,clean,0,random,Generic,85,85,4,0,0,0,0,0,0,81,0.0,0.047058823529411764
unsw,unsw,29,False,logistic,clean,0,random,Analysis,11,11,1,0,0,0,0,0,0,10,0.0,0.09090909090909091
unsw,unsw,29,False,logistic,clean,0,random,Shellcode,23,23,1,0,0,0,0,0,0,22,0.0,0.043478260869565216
unsw,unsw,29,False,logistic,clean,0,random,DoS,66,66,3,3,0,3,0,3,0,63,0.047619047619047616,0.045454545454545456
unsw,unsw,29,False,logistic,clean,0,random,Backdoor,38,38,3,1,0,1,0,1,0,35,0.02857142857142857,0.07894736842105263
unsw,unsw,29,False,logistic,temporal,0,frozen,Benign,9132,0,358,1,0,0,1,0,1,8774,0.00011397310234784591,0.03920280332895313
unsw,unsw,29,False,logistic,temporal,0,frozen,Reconnaissance,157,157,42,12,12,0,0,12,0,115,0.0,0.267515923566879
unsw,unsw,29,False,logistic,temporal,0,frozen,Fuzzers,358,358,51,2,2,0,0,2,0,307,0.0,0.1424581005586592
unsw,unsw,29,False,logistic,temporal,0,frozen,Exploits,547,547,343,52,52,0,0,52,0,204,0.0,0.6270566727605119
unsw,unsw,29,False,logistic,temporal,0,frozen,Generic,85,85,42,1,1,0,0,1,0,43,0.0,0.49411764705882355
unsw,unsw,29,False,logistic,temporal,0,frozen,Analysis,11,11,11,1,1,0,0,1,0,0,,1.0
unsw,unsw,29,False,logistic,temporal,0,frozen,Shellcode,23,23,2,0,0,0,0,0,0,21,0.0,0.08695652173913043
unsw,unsw,29,False,logistic,temporal,0,frozen,DoS,66,66,21,7,5,2,0,7,0,45,0.044444444444444446,0.3181818181818182
unsw,unsw,29,False,logistic,temporal,0,frozen,Backdoor,38,38,18,7,7,0,0,7,0,20,0.0,0.47368421052631576
unsw,unsw,29,False,logistic,temporal,0,cap,Benign,9132,0,94,1,0,0,1,0,1,9038,0.00011064394777605666,0.01029347349978099
unsw,unsw,29,False,logistic,temporal,0,cap,Reconnaissance,157,157,37,12,11,1,0,12,0,120,0.008333333333333333,0.2356687898089172
unsw,unsw,29,False,logistic,temporal,0,cap,Fuzzers,358,358,28,2,2,0,0,2,0,330,0.0,0.0782122905027933
unsw,unsw,29,False,logistic,temporal,0,cap,Exploits,547,547,301,52,52,0,0,52,0,246,0.0,0.5502742230347349
unsw,unsw,29,False,logistic,temporal,0,cap,Generic,85,85,21,1,1,0,0,1,0,64,0.0,0.24705882352941178
unsw,unsw,29,False,logistic,temporal,0,cap,Analysis,11,11,11,1,1,0,0,1,0,0,,1.0
unsw,unsw,29,False,logistic,temporal,0,cap,Shellcode,23,23,1,0,0,0,0,0,0,22,0.0,0.043478260869565216
unsw,unsw,29,False,logistic,temporal,0,cap,DoS,66,66,18,7,5,2,0,7,0,48,0.041666666666666664,0.2727272727272727
unsw,unsw,29,False,logistic,temporal,0,cap,Backdoor,38,38,7,7,4,3,0,7,0,31,0.0967741935483871,0.18421052631578946
unsw,unsw,29,False,logistic,temporal,0,random,Benign,9132,0,453,1,0,0,1,0,1,8679,0.00011522064754003918,0.049605781865965835
unsw,unsw,29,False,logistic,temporal,0,random,Reconnaissance,157,157,5,12,0,12,0,12,0,152,0.07894736842105263,0.03184713375796178
unsw,unsw,29,False,logistic,temporal,0,random,Fuzzers,358,358,21,2,0,2,0,2,0,337,0.005934718100890208,0.05865921787709497
unsw,unsw,29,False,logistic,temporal,0,random,Exploits,547,547,27,52,4,48,0,52,0,520,0.09230769230769231,0.04936014625228519
unsw,unsw,29,False,logistic,temporal,0,random,Generic,85,85,4,1,0,1,0,1,0,81,0.012345679012345678,0.047058823529411764
unsw,unsw,29,False,logistic,temporal,0,random,Analysis,11,11,1,1,0,1,0,1,0,10,0.1,0.09090909090909091
unsw,unsw,29,False,logistic,temporal,0,random,Shellcode,23,23,1,0,0,0,0,0,0,22,0.0,0.043478260869565216
unsw,unsw,29,False,logistic,temporal,0,random,DoS,66,66,3,7,0,7,0,7,0,63,0.1111111111111111,0.045454545454545456
unsw,unsw,29,False,logistic,temporal,0,random,Backdoor,38,38,3,7,1,6,0,7,0,35,0.17142857142857143,0.07894736842105263
unsw,unsw,29,False,logistic,size,0,frozen,Benign,9132,0,12,4,3,0,1,0,4,9120,0.00010964912280701755,0.001314060446780552
unsw,unsw,29,False,logistic,size,0,frozen,Reconnaissance,157,157,40,14,14,0,0,14,0,117,0.0,0.25477707006369427
unsw,unsw,29,False,logistic,size,0,frozen,Fuzzers,358,358,17,15,15,0,0,15,0,341,0.0,0.04748603351955307
unsw,unsw,29,False,logistic,size,0,frozen,Exploits,547,547,327,223,223,0,0,223,0,220,0.0,0.5978062157221207
unsw,unsw,29,False,logistic,size,0,frozen,Generic,85,85,36,17,17,0,0,17,0,49,0.0,0.4235294117647059
unsw,unsw,29,False,logistic,size,0,frozen,Analysis,11,11,11,11,11,0,0,11,0,0,,1.0
unsw,unsw,29,False,logistic,size,0,frozen,Shellcode,23,23,1,0,0,0,0,0,0,22,0.0,0.043478260869565216
unsw,unsw,29,False,logistic,size,0,frozen,DoS,66,66,20,19,17,2,0,19,0,46,0.043478260869565216,0.30303030303030304
unsw,unsw,29,False,logistic,size,0,frozen,Backdoor,38,38,15,12,12,0,0,12,0,23,0.0,0.39473684210526316
unsw,unsw,29,False,logistic,size,0,cap,Benign,9132,0,59,4,3,0,1,0,4,9073,0.00011021712774165106,0.0064607971966710465
unsw,unsw,29,False,logistic,size,0,cap,Reconnaissance,157,157,32,14,14,0,0,14,0,125,0.0,0.20382165605095542
unsw,unsw,29,False,logistic,size,0,cap,Fuzzers,358,358,24,15,15,0,0,15,0,334,0.0,0.0670391061452514
unsw,unsw,29,False,logistic,size,0,cap,Exploits,547,547,323,223,214,9,0,223,0,224,0.04017857142857143,0.5904936014625228
unsw,unsw,29,False,logistic,size,0,cap,Generic,85,85,35,17,16,1,0,17,0,50,0.02,0.4117647058823529
unsw,unsw,29,False,logistic,size,0,cap,Analysis,11,11,11,11,11,0,0,11,0,0,,1.0
unsw,unsw,29,False,logistic,size,0,cap,Shellcode,23,23,0,0,0,0,0,0,0,23,0.0,0.0
unsw,unsw,29,False,logistic,size,0,cap,DoS,66,66,21,19,17,2,0,19,0,45,0.044444444444444446,0.3181818181818182
unsw,unsw,29,False,logistic,size,0,cap,Backdoor,38,38,13,12,10,2,0,12,0,25,0.08,0.34210526315789475
unsw,unsw,29,False,logistic,size,0,random,Benign,9132,0,453,4,0,0,4,0,4,8679,0.0004608825901601567,0.049605781865965835
unsw,unsw,29,False,logistic,size,0,random,Reconnaissance,157,157,5,14,0,14,0,14,0,152,0.09210526315789473,0.03184713375796178
unsw,unsw,29,False,logistic,size,0,random,Fuzzers,358,358,21,15,3,12,0,15,0,337,0.03560830860534125,0.05865921787709497
unsw,unsw,29,False,logistic,size,0,random,Exploits,547,547,27,223,10,213,0,223,0,520,0.4096153846153846,0.04936014625228519
unsw,unsw,29,False,logistic,size,0,random,Generic,85,85,4,17,0,17,0,17,0,81,0.20987654320987653,0.047058823529411764
unsw,unsw,29,False,logistic,size,0,random,Analysis,11,11,1,11,1,10,0,11,0,10,1.0,0.09090909090909091
unsw,unsw,29,False,logistic,size,0,random,Shellcode,23,23,1,0,0,0,0,0,0,22,0.0,0.043478260869565216
unsw,unsw,29,False,logistic,size,0,random,DoS,66,66,3,19,2,17,0,19,0,63,0.2698412698412698,0.045454545454545456
unsw,unsw,29,False,logistic,size,0,random,Backdoor,38,38,3,12,0,12,0,12,0,35,0.34285714285714286,0.07894736842105263
unsw,unsw,29,False,logistic,tcp,0,frozen,Benign,9132,0,576,2,1,0,1,0,2,8556,0.0001168770453482936,0.06307490144546649
unsw,unsw,29,False,logistic,tcp,0,frozen,Reconnaissance,157,157,42,0,0,0,0,0,0,115,0.0,0.267515923566879
unsw,unsw,29,False,logistic,tcp,0,frozen,Fuzzers,358,358,62,12,12,0,0,12,0,296,0.0,0.17318435754189945
unsw,unsw,29,False,logistic,tcp,0,frozen,Exploits,547,547,340,66,60,6,0,66,0,207,0.028985507246376812,0.6215722120658135
unsw,unsw,29,False,logistic,tcp,0,frozen,Generic,85,85,41,4,4,0,0,4,0,44,0.0,0.4823529411764706
unsw,unsw,29,False,logistic,tcp,0,frozen,Analysis,11,11,11,0,0,0,0,0,0,0,,1.0
unsw,unsw,29,False,logistic,tcp,0,frozen,Shellcode,23,23,2,0,0,0,0,0,0,21,0.0,0.08695652173913043
unsw,unsw,29,False,logistic,tcp,0,frozen,DoS,66,66,23,7,5,2,0,7,0,43,0.046511627906976744,0.3484848484848485
unsw,unsw,29,False,logistic,tcp,0,frozen,Backdoor,38,38,19,8,8,0,0,8,0,19,0.0,0.5
unsw,unsw,29,False,logistic,tcp,0,cap,Benign,9132,0,42,2,1,0,1,0,2,9090,0.00011001100110011001,0.0045992115637319315
unsw,unsw,29,False,logistic,tcp,0,cap,Reconnaissance,157,157,35,0,0,0,0,0,0,122,0.0,0.2229299363057325
unsw,unsw,29,False,logistic,tcp,0,cap,Fuzzers,358,358,38,12,12,0,0,12,0,320,0.0,0.10614525139664804
unsw,unsw,29,False,logistic,tcp,0,cap,Exploits,547,547,323,66,60,6,0,66,0,224,0.026785714285714284,0.5904936014625228
unsw,unsw,29,False,logistic,tcp,0,cap,Generic,85,85,36,4,4,0,0,4,0,49,0.0,0.4235294117647059
unsw,unsw,29,False,logistic,tcp,0,cap,Analysis,11,11,10,0,0,0,0,0,0,1,0.0,0.9090909090909091
unsw,unsw,29,False,logistic,tcp,0,cap,Shellcode,23,23,1,0,0,0,0,0,0,22,0.0,0.043478260869565216
unsw,unsw,29,False,logistic,tcp,0,cap,DoS,66,66,21,7,5,2,0,7,0,45,0.044444444444444446,0.3181818181818182
unsw,unsw,29,False,logistic,tcp,0,cap,Backdoor,38,38,12,8,7,1,0,8,0,26,0.038461538461538464,0.3157894736842105
unsw,unsw,29,False,logistic,tcp,0,random,Benign,9132,0,453,2,0,0,2,0,2,8679,0.00023044129508007836,0.049605781865965835
unsw,unsw,29,False,logistic,tcp,0,random,Reconnaissance,157,157,5,0,0,0,0,0,0,152,0.0,0.03184713375796178
unsw,unsw,29,False,logistic,tcp,0,random,Fuzzers,358,358,21,12,0,12,0,12,0,337,0.03560830860534125,0.05865921787709497
unsw,unsw,29,False,logistic,tcp,0,random,Exploits,547,547,27,66,3,63,0,66,0,520,0.12115384615384615,0.04936014625228519
unsw,unsw,29,False,logistic,tcp,0,random,Generic,85,85,4,4,0,4,0,4,0,81,0.04938271604938271,0.047058823529411764
unsw,unsw,29,False,logistic,tcp,0,random,Analysis,11,11,1,0,0,0,0,0,0,10,0.0,0.09090909090909091
unsw,unsw,29,False,logistic,tcp,0,random,Shellcode,23,23,1,0,0,0,0,0,0,22,0.0,0.043478260869565216
unsw,unsw,29,False,logistic,tcp,0,random,DoS,66,66,3,7,0,7,0,7,0,63,0.1111111111111111,0.045454545454545456
unsw,unsw,29,False,logistic,tcp,0,random,Backdoor,38,38,3,8,1,7,0,8,0,35,0.2,0.07894736842105263
unsw,unsw,29,False,logistic,temporal+tcp,0,frozen,Benign,9132,0,84,1,1,0,0,0,1,9048,0.0,0.009198423127463863
unsw,unsw,29,False,logistic,temporal+tcp,0,frozen,Reconnaissance,157,157,133,41,41,0,0,41,0,24,0.0,0.8471337579617835
unsw,unsw,29,False,logistic,temporal+tcp,0,frozen,Fuzzers,358,358,208,32,32,0,0,32,0,150,0.0,0.5810055865921788
unsw,unsw,29,False,logistic,temporal+tcp,0,frozen,Exploits,547,547,431,268,262,6,0,268,0,116,0.05172413793103448,0.7879341864716636
unsw,unsw,29,False,logistic,temporal+tcp,0,frozen,Generic,85,85,53,31,31,0,0,31,0,32,0.0,0.6235294117647059
unsw,unsw,29,False,logistic,temporal+tcp,0,frozen,Analysis,11,11,11,11,11,0,0,11,0,0,,1.0
unsw,unsw,29,False,logistic,temporal+tcp,0,frozen,Shellcode,23,23,20,1,1,0,0,1,0,3,0.0,0.8695652173913043
unsw,unsw,29,False,logistic,temporal+tcp,0,frozen,DoS,66,66,36,19,17,2,0,19,0,30,0.06666666666666667,0.5454545454545454
unsw,unsw,29,False,logistic,temporal+tcp,0,frozen,Backdoor,38,38,29,12,12,0,0,12,0,9,0.0,0.7631578947368421
unsw,unsw,29,False,logistic,temporal+tcp,0,cap,Benign,9132,0,1,1,0,0,1,0,1,9131,0.00010951702989814916,0.00010950503723171266
unsw,unsw,29,False,logistic,temporal+tcp,0,cap,Reconnaissance,157,157,50,41,36,5,0,41,0,107,0.04672897196261682,0.3184713375796178
unsw,unsw,29,False,logistic,temporal+tcp,0,cap,Fuzzers,358,358,61,32,17,15,0,32,0,297,0.050505050505050504,0.17039106145251395
unsw,unsw,29,False,logistic,temporal+tcp,0,cap,Exploits,547,547,324,268,239,29,0,268,0,223,0.13004484304932734,0.5923217550274223
unsw,unsw,29,False,logistic,temporal+tcp,0,cap,Generic,85,85,40,31,29,2,0,31,0,45,0.044444444444444446,0.47058823529411764
unsw,unsw,29,False,logistic,temporal+tcp,0,cap,Analysis,11,11,8,11,8,3,0,11,0,3,1.0,0.7272727272727273
unsw,unsw,29,False,logistic,temporal+tcp,0,cap,Shellcode,23,23,5,1,0,1,0,1,0,18,0.05555555555555555,0.21739130434782608
unsw,unsw,29,False,logistic,temporal+tcp,0,cap,DoS,66,66,22,19,15,4,0,19,0,44,0.09090909090909091,0.3333333333333333
unsw,unsw,29,False,logistic,temporal+tcp,0,cap,Backdoor,38,38,7,12,2,10,0,12,0,31,0.3225806451612903,0.18421052631578946
unsw,unsw,29,False,logistic,temporal+tcp,0,random,Benign,9132,0,453,1,0,0,1,0,1,8679,0.00011522064754003918,0.049605781865965835
unsw,unsw,29,False,logistic,temporal+tcp,0,random,Reconnaissance,157,157,5,41,2,39,0,41,0,152,0.2565789473684211,0.03184713375796178
unsw,unsw,29,False,logistic,temporal+tcp,0,random,Fuzzers,358,358,21,32,4,28,0,32,0,337,0.0830860534124629,0.05865921787709497
unsw,unsw,29,False,logistic,temporal+tcp,0,random,Exploits,547,547,27,268,13,255,0,268,0,520,0.49038461538461536,0.04936014625228519
unsw,unsw,29,False,logistic,temporal+tcp,0,random,Generic,85,85,4,31,0,31,0,31,0,81,0.38271604938271603,0.047058823529411764
unsw,unsw,29,False,logistic,temporal+tcp,0,random,Analysis,11,11,1,11,1,10,0,11,0,10,1.0,0.09090909090909091
unsw,unsw,29,False,logistic,temporal+tcp,0,random,Shellcode,23,23,1,1,0,1,0,1,0,22,0.045454545454545456,0.043478260869565216
unsw,unsw,29,False,logistic,temporal+tcp,0,random,DoS,66,66,3,19,2,17,0,19,0,63,0.2698412698412698,0.045454545454545456
unsw,unsw,29,False,logistic,temporal+tcp,0,random,Backdoor,38,38,3,12,1,11,0,12,0,35,0.3142857142857143,0.07894736842105263
unsw,unsw,29,False,logistic,random10,0,frozen,Benign,9132,0,489,48,19,0,29,0,48,8643,0.003355316441050561,0.05354796320630749
unsw,unsw,29,False,logistic,random10,0,frozen,Reconnaissance,157,157,53,16,12,4,0,16,0,104,0.038461538461538464,0.3375796178343949
unsw,unsw,29,False,logistic,random10,0,frozen,Fuzzers,358,358,104,24,14,10,0,24,0,254,0.03937007874015748,0.2905027932960894
unsw,unsw,29,False,logistic,random10,0,frozen,Exploits,547,547,342,79,75,4,0,79,0,205,0.01951219512195122,0.6252285191956124
unsw,unsw,29,False,logistic,random10,0,frozen,Generic,85,85,31,12,8,4,0,12,0,54,0.07407407407407407,0.36470588235294116
unsw,unsw,29,False,logistic,random10,0,frozen,Analysis,11,11,11,2,2,0,0,2,0,0,,1.0
unsw,unsw,29,False,logistic,random10,0,frozen,Shellcode,23,23,5,0,0,0,0,0,0,18,0.0,0.21739130434782608
unsw,unsw,29,False,logistic,random10,0,frozen,DoS,66,66,23,8,5,3,0,8,0,43,0.06976744186046512,0.3484848484848485
unsw,unsw,29,False,logistic,random10,0,frozen,Backdoor,38,38,17,5,3,2,0,5,0,21,0.09523809523809523,0.4473684210526316
unsw,unsw,29,False,logistic,random10,0,cap,Benign,9132,0,99,48,14,0,34,0,48,9033,0.0037639765304992804,0.010840998685939553
unsw,unsw,29,False,logistic,random10,0,cap,Reconnaissance,157,157,34,16,8,8,0,16,0,123,0.06504065040650407,0.21656050955414013
unsw,unsw,29,False,logistic,random10,0,cap,Fuzzers,358,358,63,24,12,12,0,24,0,295,0.04067796610169491,0.17597765363128492
unsw,unsw,29,False,logistic,random10,0,cap,Exploits,547,547,258,79,67,12,0,79,0,289,0.04152249134948097,0.4716636197440585
unsw,unsw,29,False,logistic,random10,0,cap,Generic,85,85,25,12,8,4,0,12,0,60,0.06666666666666667,0.29411764705882354
unsw,unsw,29,False,logistic,random10,0,cap,Analysis,11,11,8,2,2,0,0,2,0,3,0.0,0.7272727272727273
unsw,unsw,29,False,logistic,random10,0,cap,Shellcode,23,23,0,0,0,0,0,0,0,23,0.0,0.0
unsw,unsw,29,False,logistic,random10,0,cap,DoS,66,66,19,8,4,4,0,8,0,47,0.0851063829787234,0.2878787878787879
unsw,unsw,29,False,logistic,random10,0,cap,Backdoor,38,38,12,5,2,3,0,5,0,26,0.11538461538461539,0.3157894736842105
unsw,unsw,29,False,logistic,random10,0,random,Benign,9132,0,453,48,4,0,44,0,48,8679,0.005069708491761723,0.049605781865965835
unsw,unsw,29,False,logistic,random10,0,random,Reconnaissance,157,157,5,16,0,16,0,16,0,152,0.10526315789473684,0.03184713375796178
unsw,unsw,29,False,logistic,random10,0,random,Fuzzers,358,358,21,24,1,23,0,24,0,337,0.06824925816023739,0.05865921787709497
unsw,unsw,29,False,logistic,random10,0,random,Exploits,547,547,27,79,5,74,0,79,0,520,0.1423076923076923,0.04936014625228519
unsw,unsw,29,False,logistic,random10,0,random,Generic,85,85,4,12,0,12,0,12,0,81,0.14814814814814814,0.047058823529411764
unsw,unsw,29,False,logistic,random10,0,random,Analysis,11,11,1,2,1,1,0,2,0,10,0.1,0.09090909090909091
unsw,unsw,29,False,logistic,random10,0,random,Shellcode,23,23,1,0,0,0,0,0,0,22,0.0,0.043478260869565216
unsw,unsw,29,False,logistic,random10,0,random,DoS,66,66,3,8,1,7,0,8,0,63,0.1111111111111111,0.045454545454545456
unsw,unsw,29,False,logistic,random10,0,random,Backdoor,38,38,3,5,1,4,0,5,0,35,0.11428571428571428,0.07894736842105263
unsw,ton,29,False,logistic,clean,0,frozen,Benign,1833,0,210,48,34,0,14,0,48,1623,0.00862600123228589,0.11456628477905073
unsw,ton,29,False,logistic,clean,0,frozen,xss,7211,7211,52,7185,27,7158,0,7185,0,7159,0.9998603156865484,0.0072112051033143805
unsw,ton,29,False,logistic,clean,0,frozen,ransomware,15,15,0,14,0,14,0,14,0,15,0.9333333333333333,0.0
unsw,ton,29,False,logistic,clean,0,frozen,Backdoor,288,288,0,288,0,288,0,288,0,288,1.0,0.0
unsw,ton,29,False,logistic,clean,0,frozen,mitm,20,20,8,18,6,12,0,18,0,12,1.0,0.4
unsw,ton,29,False,logistic,clean,0,cap,Benign,1833,0,162,48,20,0,28,0,48,1671,0.016756433273488927,0.088379705400982
unsw,ton,29,False,logistic,clean,0,cap,xss,7211,7211,287,7185,261,6924,0,7185,0,6924,1.0,0.03980030508944668
unsw,ton,29,False,logistic,clean,0,cap,ransomware,15,15,0,14,0,14,0,14,0,15,0.9333333333333333,0.0
unsw,ton,29,False,logistic,clean,0,cap,Backdoor,288,288,0,288,0,288,0,288,0,288,1.0,0.0
unsw,ton,29,False,logistic,clean,0,cap,mitm,20,20,5,18,3,15,0,18,0,15,1.0,0.25
unsw,ton,29,False,logistic,clean,0,random,Benign,1833,0,77,48,1,0,47,0,48,1756,0.026765375854214124,0.042007637752318604
unsw,ton,29,False,logistic,clean,0,random,xss,7211,7211,366,7185,366,6819,0,7185,0,6845,0.9962016070124178,0.050755789765635835
unsw,ton,29,False,logistic,clean,0,random,ransomware,15,15,1,14,1,13,0,14,0,14,0.9285714285714286,0.06666666666666667
unsw,ton,29,False,logistic,clean,0,random,Backdoor,288,288,9,288,9,279,0,288,0,279,1.0,0.03125
unsw,ton,29,False,logistic,clean,0,random,mitm,20,20,1,18,0,18,0,18,0,19,0.9473684210526315,0.05
unsw,ton,29,False,logistic,temporal,0,frozen,Benign,1833,0,28,17,5,0,12,0,17,1805,0.006648199445983379,0.015275504637206765
unsw,ton,29,False,logistic,temporal,0,frozen,xss,7211,7211,47,7207,43,7164,0,7207,0,7164,1.0,0.00651781999722646
unsw,ton,29,False,logistic,temporal,0,frozen,ransomware,15,15,1,14,0,14,0,14,0,14,1.0,0.06666666666666667
unsw,ton,29,False,logistic,temporal,0,frozen,Backdoor,288,288,0,288,0,288,0,288,0,288,1.0,0.0
unsw,ton,29,False,logistic,temporal,0,frozen,mitm,20,20,4,18,2,16,0,18,0,16,1.0,0.2
unsw,ton,29,False,logistic,temporal,0,cap,Benign,1833,0,175,17,4,0,13,0,17,1658,0.007840772014475271,0.09547190398254228
unsw,ton,29,False,logistic,temporal,0,cap,xss,7211,7211,272,7207,268,6939,0,7207,0,6939,1.0,0.03772014977118292
unsw,ton,29,False,logistic,temporal,0,cap,ransomware,15,15,1,14,0,14,0,14,0,14,1.0,0.06666666666666667
unsw,ton,29,False,logistic,temporal,0,cap,Backdoor,288,288,0,288,0,288,0,288,0,288,1.0,0.0
unsw,ton,29,False,logistic,temporal,0,cap,mitm,20,20,6,18,4,14,0,18,0,14,1.0,0.3
unsw,ton,29,False,logistic,temporal,0,random,Benign,1833,0,77,17,0,0,17,0,17,1756,0.00968109339407745,0.042007637752318604
unsw,ton,29,False,logistic,temporal,0,random,xss,7211,7211,366,7207,366,6841,0,7207,0,6845,0.9994156318480643,0.050755789765635835
unsw,ton,29,False,logistic,temporal,0,random,ransomware,15,15,1,14,1,13,0,14,0,14,0.9285714285714286,0.06666666666666667
unsw,ton,29,False,logistic,temporal,0,random,Backdoor,288,288,9,288,9,279,0,288,0,279,1.0,0.03125
unsw,ton,29,False,logistic,temporal,0,random,mitm,20,20,1,18,1,17,0,18,0,19,0.8947368421052632,0.05
unsw,ton,29,False,logistic,size,0,frozen,Benign,1833,0,427,52,38,0,14,0,52,1406,0.00995732574679943,0.23295144571740317
unsw,ton,29,False,logistic,size,0,frozen,xss,7211,7211,59,7208,56,7152,0,7208,0,7152,1.0,0.008181944251837471
unsw,ton,29,False,logistic,size,0,frozen,ransomware,15,15,1,15,1,14,0,15,0,14,1.0,0.06666666666666667
unsw,ton,29,False,logistic,size,0,frozen,Backdoor,288,288,0,288,0,288,0,288,0,288,1.0,0.0
unsw,ton,29,False,logistic,size,0,frozen,mitm,20,20,5,12,3,9,0,12,0,15,0.6,0.25
unsw,ton,29,False,logistic,size,0,cap,Benign,1833,0,169,52,6,0,46,0,52,1664,0.027644230769230768,0.09219858156028368
unsw,ton,29,False,logistic,size,0,cap,xss,7211,7211,283,7208,280,6928,0,7208,0,6928,1.0,0.03924559700457634
unsw,ton,29,False,logistic,size,0,cap,ransomware,15,15,1,15,1,14,0,15,0,14,1.0,0.06666666666666667
unsw,ton,29,False,logistic,size,0,cap,Backdoor,288,288,0,288,0,288,0,288,0,288,1.0,0.0
unsw,ton,29,False,logistic,size,0,cap,mitm,20,20,1,12,1,11,0,12,0,19,0.5789473684210527,0.05
unsw,ton,29,False,logistic,size,0,random,Benign,1833,0,77,52,2,0,50,0,52,1756,0.02847380410022779,0.042007637752318604
unsw,ton,29,False,logistic,size,0,random,xss,7211,7211,366,7208,366,6842,0,7208,0,6845,0.9995617238860482,0.050755789765635835
unsw,ton,29,False,logistic,size,0,random,ransomware,15,15,1,15,1,14,0,15,0,14,1.0,0.06666666666666667
unsw,ton,29,False,logistic,size,0,random,Backdoor,288,288,9,288,9,279,0,288,0,279,1.0,0.03125
unsw,ton,29,False,logistic,size,0,random,mitm,20,20,1,12,1,11,0,12,0,19,0.5789473684210527,0.05
unsw,ton,29,False,logistic,tcp,0,frozen,Benign,1833,0,216,44,31,0,13,0,44,1617,0.008039579468150896,0.11783960720130933
unsw,ton,29,False,logistic,tcp,0,frozen,xss,7211,7211,59,7195,44,7151,0,7195,0,7152,0.9998601789709173,0.008181944251837471
unsw,ton,29,False,logistic,tcp,0,frozen,ransomware,15,15,1,14,0,14,0,14,0,14,1.0,0.06666666666666667
unsw,ton,29,False,logistic,tcp,0,frozen,Backdoor,288,288,30,31,14,17,0,31,0,258,0.06589147286821706,0.10416666666666667
unsw,ton,29,False,logistic,tcp,0,frozen,mitm,20,20,3,19,2,17,0,19,0,17,1.0,0.15
unsw,ton,29,False,logistic,tcp,0,cap,Benign,1833,0,161,44,18,0,26,0,44,1672,0.01555023923444976,0.0878341516639389
unsw,ton,29,False,logistic,tcp,0,cap,xss,7211,7211,272,7195,256,6939,0,7195,0,6939,1.0,0.03772014977118292
unsw,ton,29,False,logistic,tcp,0,cap,ransomware,15,15,0,14,0,14,0,14,0,15,0.9333333333333333,0.0
unsw,ton,29,False,logistic,tcp,0,cap,Backdoor,288,288,17,31,12,19,0,31,0,271,0.07011070110701106,0.059027777777777776
unsw,ton,29,False,logistic,tcp,0,cap,mitm,20,20,4,19,3,16,0,19,0,16,1.0,0.2
unsw,ton,29,False,logistic,tcp,0,random,Benign,1833,0,77,44,1,0,43,0,44,1756,0.0244874715261959,0.042007637752318604
unsw,ton,29,False,logistic,tcp,0,random,xss,7211,7211,366,7195,366,6829,0,7195,0,6845,0.9976625273922571,0.050755789765635835
unsw,ton,29,False,logistic,tcp,0,random,ransomware,15,15,1,14,1,13,0,14,0,14,0.9285714285714286,0.06666666666666667
unsw,ton,29,False,logistic,tcp,0,random,Backdoor,288,288,9,31,2,29,0,31,0,279,0.1039426523297491,0.03125
unsw,ton,29,False,logistic,tcp,0,random,mitm,20,20,1,19,1,18,0,19,0,19,0.9473684210526315,0.05
unsw,ton,29,False,logistic,temporal+tcp,0,frozen,Benign,1833,0,27,15,4,0,11,0,15,1806,0.006090808416389812,0.014729950900163666
unsw,ton,29,False,logistic,temporal+tcp,0,frozen,xss,7211,7211,45,7211,45,7166,0,7211,0,7166,1.0,0.006240465954791291
unsw,ton,29,False,logistic,temporal+tcp,0,frozen,ransomware,15,15,1,14,0,14,0,14,0,14,1.0,0.06666666666666667
unsw,ton,29,False,logistic,temporal+tcp,0,frozen,Backdoor,288,288,283,5,0,5,0,5,0,5,1.0,0.9826388888888888
unsw,ton,29,False,logistic,temporal+tcp,0,frozen,mitm,20,20,4,20,4,16,0,20,0,16,1.0,0.2
unsw,ton,29,False,logistic,temporal+tcp,0,cap,Benign,1833,0,188,15,4,0,11,0,15,1645,0.006686930091185411,0.10256410256410256
unsw,ton,29,False,logistic,temporal+tcp,0,cap,xss,7211,7211,223,7211,223,6988,0,7211,0,6988,1.0,0.03092497573152129
unsw,ton,29,False,logistic,temporal+tcp,0,cap,ransomware,15,15,1,14,0,14,0,14,0,14,1.0,0.06666666666666667
unsw,ton,29,False,logistic,temporal+tcp,0,cap,Backdoor,288,288,38,5,0,5,0,5,0,250,0.02,0.13194444444444445
unsw,ton,29,False,logistic,temporal+tcp,0,cap,mitm,20,20,4,20,4,16,0,20,0,16,1.0,0.2
unsw,ton,29,False,logistic,temporal+tcp,0,random,Benign,1833,0,77,15,0,0,15,0,15,1756,0.008542141230068337,0.042007637752318604
unsw,ton,29,False,logistic,temporal+tcp,0,random,xss,7211,7211,366,7211,366,6845,0,7211,0,6845,1.0,0.050755789765635835
unsw,ton,29,False,logistic,temporal+tcp,0,random,ransomware,15,15,1,14,1,13,0,14,0,14,0.9285714285714286,0.06666666666666667
unsw,ton,29,False,logistic,temporal+tcp,0,random,Backdoor,288,288,9,5,0,5,0,5,0,279,0.017921146953405017,0.03125
unsw,ton,29,False,logistic,temporal+tcp,0,random,mitm,20,20,1,20,1,19,0,20,0,19,1.0,0.05
unsw,ton,29,False,logistic,random10,0,frozen,Benign,1833,0,253,161,79,0,82,0,161,1580,0.05189873417721519,0.13802509547190397
unsw,ton,29,False,logistic,random10,0,frozen,xss,7211,7211,618,6785,317,6468,0,6785,0,6593,0.9810404974973457,0.08570239911246706
unsw,ton,29,False,logistic,random10,0,frozen,ransomware,15,15,2,13,1,12,0,13,0,13,0.9230769230769231,0.13333333333333333
unsw,ton,29,False,logistic,random10,0,frozen,Backdoor,288,288,17,260,5,255,0,260,0,271,0.940959409594096,0.059027777777777776
unsw,ton,29,False,logistic,random10,0,frozen,mitm,20,20,4,16,3,13,0,16,0,16,0.8125,0.2
unsw,ton,29,False,logistic,random10,0,cap,Benign,1833,0,87,161,38,0,123,0,161,1746,0.070446735395189,0.04746317512274959
unsw,ton,29,False,logistic,random10,0,cap,xss,7211,7211,364,6785,174,6611,0,6785,0,6847,0.9655323499342778,0.05047843572320067
unsw,ton,29,False,logistic,random10,0,cap,ransomware,15,15,0,13,0,13,0,13,0,15,0.8666666666666667,0.0
unsw,ton,29,False,logistic,random10,0,cap,Backdoor,288,288,2,260,1,259,0,260,0,286,0.9055944055944056,0.006944444444444444
unsw,ton,29,False,logistic,random10,0,cap,mitm,20,20,1,16,0,16,0,16,0,19,0.8421052631578947,0.05
unsw,ton,29,False,logistic,random10,0,random,Benign,1833,0,77,161,9,0,152,0,161,1756,0.08656036446469248,0.042007637752318604
unsw,ton,29,False,logistic,random10,0,random,xss,7211,7211,366,6785,343,6442,0,6785,0,6845,0.9411249086924762,0.050755789765635835
unsw,ton,29,False,logistic,random10,0,random,ransomware,15,15,1,13,1,12,0,13,0,14,0.8571428571428571,0.06666666666666667
unsw,ton,29,False,logistic,random10,0,random,Backdoor,288,288,9,260,9,251,0,260,0,279,0.899641577060932,0.03125
unsw,ton,29,False,logistic,random10,0,random,mitm,20,20,1,16,0,16,0,16,0,19,0.8421052631578947,0.05
unsw,cic,29,False,logistic,clean,0,frozen,Benign,11886,0,833,2564,341,0,2223,0,2564,11053,0.2011218673663259,0.07008244994110718
unsw,cic,29,False,logistic,clean,0,frozen,Infilteration,213,213,15,154,8,146,0,154,0,198,0.7373737373737373,0.07042253521126761
unsw,cic,29,False,logistic,clean,0,frozen,Bot,93,93,0,93,0,93,0,93,0,93,1.0,0.0
unsw,cic,29,False,logistic,clean,0,cap,Benign,11886,0,585,2564,233,0,2331,0,2564,11301,0.2062649323068755,0.04921756688541141
unsw,cic,29,False,logistic,clean,0,cap,Infilteration,213,213,14,154,8,146,0,154,0,199,0.7336683417085427,0.06572769953051644
unsw,cic,29,False,logistic,clean,0,cap,Bot,93,93,0,93,0,93,0,93,0,93,1.0,0.0
unsw,cic,29,False,logistic,clean,0,random,Benign,11886,0,575,2564,111,0,2453,0,2564,11311,0.21686853505437184,0.048376240955746254
unsw,cic,29,False,logistic,clean,0,random,Infilteration,213,213,17,154,12,142,0,154,0,196,0.7244897959183674,0.07981220657276995
unsw,cic,29,False,logistic,clean,0,random,Bot,93,93,7,93,7,86,0,93,0,86,1.0,0.07526881720430108
unsw,cic,29,False,logistic,temporal,0,frozen,Benign,11886,0,1611,2726,1236,0,1490,0,2726,10275,0.14501216545012166,0.13553760726905603
unsw,cic,29,False,logistic,temporal,0,frozen,Infilteration,213,213,16,158,5,153,0,158,0,197,0.7766497461928934,0.07511737089201878
unsw,cic,29,False,logistic,temporal,0,frozen,Bot,93,93,0,93,0,93,0,93,0,93,1.0,0.0
unsw,cic,29,False,logistic,temporal,0,cap,Benign,11886,0,594,2726,499,0,2227,0,2726,11292,0.19721927027984415,0.049974760222110046
unsw,cic,29,False,logistic,temporal,0,cap,Infilteration,213,213,5,158,1,157,0,158,0,208,0.7548076923076923,0.023474178403755867
unsw,cic,29,False,logistic,temporal,0,cap,Bot,93,93,0,93,0,93,0,93,0,93,1.0,0.0
unsw,cic,29,False,logistic,temporal,0,random,Benign,11886,0,575,2726,119,0,2607,0,2726,11311,0.2304836000353638,0.048376240955746254
unsw,cic,29,False,logistic,temporal,0,random,Infilteration,213,213,17,158,12,146,0,158,0,196,0.7448979591836735,0.07981220657276995
unsw,cic,29,False,logistic,temporal,0,random,Bot,93,93,7,93,7,86,0,93,0,86,1.0,0.07526881720430108
unsw,cic,29,False,logistic,size,0,frozen,Benign,11886,0,2230,2494,712,0,1782,0,2494,9656,0.18454846727423363,0.18761568231532896
unsw,cic,29,False,logistic,size,0,frozen,Infilteration,213,213,40,153,27,126,0,153,0,173,0.7283236994219653,0.18779342723004694
unsw,cic,29,False,logistic,size,0,frozen,Bot,93,93,4,93,4,89,0,93,0,89,1.0,0.043010752688172046
unsw,cic,29,False,logistic,size,0,cap,Benign,11886,0,585,2494,185,0,2309,0,2494,11301,0.20431820192903283,0.04921756688541141
unsw,cic,29,False,logistic,size,0,cap,Infilteration,213,213,14,153,9,144,0,153,0,199,0.7236180904522613,0.06572769953051644
unsw,cic,29,False,logistic,size,0,cap,Bot,93,93,0,93,0,93,0,93,0,93,1.0,0.0
unsw,cic,29,False,logistic,size,0,random,Benign,11886,0,575,2494,108,0,2386,0,2494,11311,0.2109450976925117,0.048376240955746254
unsw,cic,29,False,logistic,size,0,random,Infilteration,213,213,17,153,12,141,0,153,0,196,0.7193877551020408,0.07981220657276995
unsw,cic,29,False,logistic,size,0,random,Bot,93,93,7,93,7,86,0,93,0,86,1.0,0.07526881720430108
unsw,cic,29,False,logistic,tcp,0,frozen,Benign,11886,0,1021,2549,473,0,2076,0,2549,10865,0.19107225034514497,0.08589937741881205
unsw,cic,29,False,logistic,tcp,0,frozen,Infilteration,213,213,21,154,11,143,0,154,0,192,0.7447916666666666,0.09859154929577464
unsw,cic,29,False,logistic,tcp,0,frozen,Bot,93,93,0,93,0,93,0,93,0,93,1.0,0.0
unsw,cic,29,False,logistic,tcp,0,cap,Benign,11886,0,584,2549,285,0,2264,0,2549,11302,0.2003185276942134,0.04913343429244489
unsw,cic,29,False,logistic,tcp,0,cap,Infilteration,213,213,15,154,8,146,0,154,0,198,0.7373737373737373,0.07042253521126761
unsw,cic,29,False,logistic,tcp,0,cap,Bot,93,93,0,93,0,93,0,93,0,93,1.0,0.0
unsw,cic,29,False,logistic,tcp,0,random,Benign,11886,0,575,2549,108,0,2441,0,2549,11311,0.21580762090000885,0.048376240955746254
unsw,cic,29,False,logistic,tcp,0,random,Infilteration,213,213,17,154,13,141,0,154,0,196,0.7193877551020408,0.07981220657276995
unsw,cic,29,False,logistic,tcp,0,random,Bot,93,93,7,93,7,86,0,93,0,86,1.0,0.07526881720430108
unsw,cic,29,False,logistic,temporal+tcp,0,frozen,Benign,11886,0,1991,2799,1665,0,1134,0,2799,9895,0.1146033350176857,0.1675079925963318
unsw,cic,29,False,logistic,temporal+tcp,0,frozen,Infilteration,213,213,30,159,6,153,0,159,0,183,0.8360655737704918,0.14084507042253522
unsw,cic,29,False,logistic,temporal+tcp,0,frozen,Bot,93,93,0,93,0,93,0,93,0,93,1.0,0.0
unsw,cic,29,False,logistic,temporal+tcp,0,cap,Benign,11886,0,596,2799,468,0,2331,0,2799,11290,0.20646589902568646,0.05014302540804308
unsw,cic,29,False,logistic,temporal+tcp,0,cap,Infilteration,213,213,3,159,2,157,0,159,0,210,0.7476190476190476,0.014084507042253521
unsw,cic,29,False,logistic,temporal+tcp,0,cap,Bot,93,93,0,93,0,93,0,93,0,93,1.0,0.0
unsw,cic,29,False,logistic,temporal+tcp,0,random,Benign,11886,0,575,2799,120,0,2679,0,2799,11311,0.23684908496154186,0.048376240955746254
unsw,cic,29,False,logistic,temporal+tcp,0,random,Infilteration,213,213,17,159,13,146,0,159,0,196,0.7448979591836735,0.07981220657276995
unsw,cic,29,False,logistic,temporal+tcp,0,random,Bot,93,93,7,93,7,86,0,93,0,86,1.0,0.07526881720430108
unsw,cic,29,False,logistic,random10,0,frozen,Benign,11886,0,1911,2633,788,0,1845,0,2633,9975,0.1849624060150376,0.1607773851590106
unsw,cic,29,False,logistic,random10,0,frozen,Infilteration,213,213,27,164,20,144,0,164,0,186,0.7741935483870968,0.1267605633802817
unsw,cic,29,False,logistic,random10,0,frozen,Bot,93,93,10,83,3,80,0,83,0,83,0.963855421686747,0.10752688172043011
unsw,cic,29,False,logistic,random10,0,cap,Benign,11886,0,586,2633,276,0,2357,0,2633,11300,0.20858407079646019,0.049301699478377925
unsw,cic,29,False,logistic,random10,0,cap,Infilteration,213,213,9,164,6,158,0,164,0,204,0.7745098039215687,0.04225352112676056
unsw,cic,29,False,logistic,random10,0,cap,Bot,93,93,4,83,2,81,0,83,0,89,0.9101123595505618,0.043010752688172046
unsw,cic,29,False,logistic,random10,0,random,Benign,11886,0,575,2633,135,0,2498,0,2633,11311,0.22084696313323313,0.048376240955746254
unsw,cic,29,False,logistic,random10,0,random,Infilteration,213,213,17,164,13,151,0,164,0,196,0.7704081632653061,0.07981220657276995
unsw,cic,29,False,logistic,random10,0,random,Bot,93,93,7,83,5,78,0,83,0,86,0.9069767441860465,0.07526881720430108
unsw,unsw,29,False,forest,clean,0,frozen,Benign,9132,0,14,5,5,0,0,0,5,9118,0.0,0.0015330705212439773
unsw,unsw,29,False,forest,clean,0,frozen,Reconnaissance,157,157,26,0,0,0,0,0,0,131,0.0,0.16560509554140126
unsw,unsw,29,False,forest,clean,0,frozen,Fuzzers,358,358,78,0,0,0,0,0,0,280,0.0,0.21787709497206703
unsw,unsw,29,False,forest,clean,0,frozen,Exploits,547,547,273,4,4,0,0,4,0,274,0.0,0.4990859232175503
unsw,unsw,29,False,forest,clean,0,frozen,Generic,85,85,42,0,0,0,0,0,0,43,0.0,0.49411764705882355
unsw,unsw,29,False,forest,clean,0,frozen,Analysis,11,11,5,0,0,0,0,0,0,6,0.0,0.45454545454545453
unsw,unsw,29,False,forest,clean,0,frozen,Shellcode,23,23,7,0,0,0,0,0,0,16,0.0,0.30434782608695654
unsw,unsw,29,False,forest,clean,0,frozen,DoS,66,66,30,1,1,0,0,1,0,36,0.0,0.45454545454545453
unsw,unsw,29,False,forest,clean,0,frozen,Backdoor,38,38,18,1,1,0,0,1,0,20,0.0,0.47368421052631576
unsw,unsw,29,False,forest,clean,0,cap,Benign,9132,0,15,5,5,0,0,0,5,9117,0.0,0.0016425755584756898
unsw,unsw,29,False,forest,clean,0,cap,Reconnaissance,157,157,33,0,0,0,0,0,0,124,0.0,0.21019108280254778
unsw,unsw,29,False,forest,clean,0,cap,Fuzzers,358,358,76,0,0,0,0,0,0,282,0.0,0.2122905027932961
unsw,unsw,29,False,forest,clean,0,cap,Exploits,547,547,290,4,4,0,0,4,0,257,0.0,0.5301645338208409
unsw,unsw,29,False,forest,clean,0,cap,Generic,85,85,43,0,0,0,0,0,0,42,0.0,0.5058823529411764
unsw,unsw,29,False,forest,clean,0,cap,Analysis,11,11,6,0,0,0,0,0,0,5,0.0,0.5454545454545454
unsw,unsw,29,False,forest,clean,0,cap,Shellcode,23,23,7,0,0,0,0,0,0,16,0.0,0.30434782608695654
unsw,unsw,29,False,forest,clean,0,cap,DoS,66,66,34,1,1,0,0,1,0,32,0.0,0.5151515151515151
unsw,unsw,29,False,forest,clean,0,cap,Backdoor,38,38,14,1,1,0,0,1,0,24,0.0,0.3684210526315789
unsw,unsw,29,False,forest,clean,0,random,Benign,9132,0,453,5,0,0,5,0,5,8679,0.0005761032377001959,0.049605781865965835
unsw,unsw,29,False,forest,clean,0,random,Reconnaissance,157,157,5,0,0,0,0,0,0,152,0.0,0.03184713375796178
unsw,unsw,29,False,forest,clean,0,random,Fuzzers,358,358,21,0,0,0,0,0,0,337,0.0,0.05865921787709497
unsw,unsw,29,False,forest,clean,0,random,Exploits,547,547,27,4,0,4,0,4,0,520,0.007692307692307693,0.04936014625228519
unsw,unsw,29,False,forest,clean,0,random,Generic,85,85,4,0,0,0,0,0,0,81,0.0,0.047058823529411764
unsw,unsw,29,False,forest,clean,0,random,Analysis,11,11,1,0,0,0,0,0,0,10,0.0,0.09090909090909091
unsw,unsw,29,False,forest,clean,0,random,Shellcode,23,23,1,0,0,0,0,0,0,22,0.0,0.043478260869565216
unsw,unsw,29,False,forest,clean,0,random,DoS,66,66,3,1,0,1,0,1,0,63,0.015873015873015872,0.045454545454545456
unsw,unsw,29,False,forest,clean,0,random,Backdoor,38,38,3,1,0,1,0,1,0,35,0.02857142857142857,0.07894736842105263
unsw,unsw,29,False,forest,temporal,0,frozen,Benign,9132,0,106,4,4,0,0,0,4,9026,0.0,0.011607533946561542
unsw,unsw,29,False,forest,temporal,0,frozen,Reconnaissance,157,157,157,0,0,0,0,0,0,0,,1.0
unsw,unsw,29,False,forest,temporal,0,frozen,Fuzzers,358,358,358,0,0,0,0,0,0,0,,1.0
unsw,unsw,29,False,forest,temporal,0,frozen,Exploits,547,547,547,5,5,0,0,5,0,0,,1.0
unsw,unsw,29,False,forest,temporal,0,frozen,Generic,85,85,85,0,0,0,0,0,0,0,,1.0
unsw,unsw,29,False,forest,temporal,0,frozen,Analysis,11,11,11,0,0,0,0,0,0,0,,1.0
unsw,unsw,29,False,forest,temporal,0,frozen,Shellcode,23,23,23,0,0,0,0,0,0,0,,1.0
unsw,unsw,29,False,forest,temporal,0,frozen,DoS,66,66,66,1,1,0,0,1,0,0,,1.0
unsw,unsw,29,False,forest,temporal,0,frozen,Backdoor,38,38,38,1,1,0,0,1,0,0,,1.0
unsw,unsw,29,False,forest,temporal,0,cap,Benign,9132,0,9,4,4,0,0,0,4,9123,0.0,0.0009855453350854138
unsw,unsw,29,False,forest,temporal,0,cap,Reconnaissance,157,157,25,0,0,0,0,0,0,132,0.0,0.1592356687898089
unsw,unsw,29,False,forest,temporal,0,cap,Fuzzers,358,358,83,0,0,0,0,0,0,275,0.0,0.23184357541899442
unsw,unsw,29,False,forest,temporal,0,cap,Exploits,547,547,308,5,5,0,0,5,0,239,0.0,0.5630712979890311
unsw,unsw,29,False,forest,temporal,0,cap,Generic,85,85,35,0,0,0,0,0,0,50,0.0,0.4117647058823529
unsw,unsw,29,False,forest,temporal,0,cap,Analysis,11,11,10,0,0,0,0,0,0,1,0.0,0.9090909090909091
unsw,unsw,29,False,forest,temporal,0,cap,Shellcode,23,23,7,0,0,0,0,0,0,16,0.0,0.30434782608695654
unsw,unsw,29,False,forest,temporal,0,cap,DoS,66,66,29,1,1,0,0,1,0,37,0.0,0.4393939393939394
unsw,unsw,29,False,forest,temporal,0,cap,Backdoor,38,38,12,1,1,0,0,1,0,26,0.0,0.3157894736842105
unsw,unsw,29,False,forest,temporal,0,random,Benign,9132,0,453,4,0,0,4,0,4,8679,0.0004608825901601567,0.049605781865965835
unsw,unsw,29,False,forest,temporal,0,random,Reconnaissance,157,157,5,0,0,0,0,0,0,152,0.0,0.03184713375796178
unsw,unsw,29,False,forest,temporal,0,random,Fuzzers,358,358,21,0,0,0,0,0,0,337,0.0,0.05865921787709497
unsw,unsw,29,False,forest,temporal,0,random,Exploits,547,547,27,5,0,5,0,5,0,520,0.009615384615384616,0.04936014625228519
unsw,unsw,29,False,forest,temporal,0,random,Generic,85,85,4,0,0,0,0,0,0,81,0.0,0.047058823529411764
unsw,unsw,29,False,forest,temporal,0,random,Analysis,11,11,1,0,0,0,0,0,0,10,0.0,0.09090909090909091
unsw,unsw,29,False,forest,temporal,0,random,Shellcode,23,23,1,0,0,0,0,0,0,22,0.0,0.043478260869565216
unsw,unsw,29,False,forest,temporal,0,random,DoS,66,66,3,1,0,1,0,1,0,63,0.015873015873015872,0.045454545454545456
unsw,unsw,29,False,forest,temporal,0,random,Backdoor,38,38,3,1,0,1,0,1,0,35,0.02857142857142857,0.07894736842105263
unsw,unsw,29,False,forest,size,0,frozen,Benign,9132,0,715,2,2,0,0,0,2,8417,0.0,0.07829610162067455
unsw,unsw,29,False,forest,size,0,frozen,Reconnaissance,157,157,157,9,9,0,0,9,0,0,,1.0
unsw,unsw,29,False,forest,size,0,frozen,Fuzzers,358,358,358,50,50,0,0,50,0,0,,1.0
unsw,unsw,29,False,forest,size,0,frozen,Exploits,547,547,547,45,45,0,0,45,0,0,,1.0
unsw,unsw,29,False,forest,size,0,frozen,Generic,85,85,85,27,27,0,0,27,0,0,,1.0
unsw,unsw,29,False,forest,size,0,frozen,Analysis,11,11,11,0,0,0,0,0,0,0,,1.0
unsw,unsw,29,False,forest,size,0,frozen,Shellcode,23,23,23,5,5,0,0,5,0,0,,1.0
unsw,unsw,29,False,forest,size,0,frozen,DoS,66,66,66,4,4,0,0,4,0,0,,1.0
unsw,unsw,29,False,forest,size,0,frozen,Backdoor,38,38,38,6,6,0,0,6,0,0,,1.0
unsw,unsw,29,False,forest,size,0,cap,Benign,9132,0,2,2,1,0,1,0,2,9130,0.0001095290251916758,0.0002190100744634253
unsw,unsw,29,False,forest,size,0,cap,Reconnaissance,157,157,44,9,9,0,0,9,0,113,0.0,0.2802547770700637
unsw,unsw,29,False,forest,size,0,cap,Fuzzers,358,358,77,50,50,0,0,50,0,281,0.0,0.21508379888268156
unsw,unsw,29,False,forest,size,0,cap,Exploits,547,547,291,45,45,0,0,45,0,256,0.0,0.5319926873857403
unsw,unsw,29,False,forest,size,0,cap,Generic,85,85,49,27,27,0,0,27,0,36,0.0,0.5764705882352941
unsw,unsw,29,False,forest,size,0,cap,Analysis,11,11,6,0,0,0,0,0,0,5,0.0,0.5454545454545454
unsw,unsw,29,False,forest,size,0,cap,Shellcode,23,23,5,5,5,0,0,5,0,18,0.0,0.21739130434782608
unsw,unsw,29,False,forest,size,0,cap,DoS,66,66,33,4,4,0,0,4,0,33,0.0,0.5
unsw,unsw,29,False,forest,size,0,cap,Backdoor,38,38,11,6,5,1,0,6,0,27,0.037037037037037035,0.2894736842105263
unsw,unsw,29,False,forest,size,0,random,Benign,9132,0,453,2,0,0,2,0,2,8679,0.00023044129508007836,0.049605781865965835
unsw,unsw,29,False,forest,size,0,random,Reconnaissance,157,157,5,9,0,9,0,9,0,152,0.05921052631578947,0.03184713375796178
unsw,unsw,29,False,forest,size,0,random,Fuzzers,358,358,21,50,2,48,0,50,0,337,0.142433234421365,0.05865921787709497
unsw,unsw,29,False,forest,size,0,random,Exploits,547,547,27,45,1,44,0,45,0,520,0.08461538461538462,0.04936014625228519
unsw,unsw,29,False,forest,size,0,random,Generic,85,85,4,27,0,27,0,27,0,81,0.3333333333333333,0.047058823529411764
unsw,unsw,29,False,forest,size,0,random,Analysis,11,11,1,0,0,0,0,0,0,10,0.0,0.09090909090909091
unsw,unsw,29,False,forest,size,0,random,Shellcode,23,23,1,5,0,5,0,5,0,22,0.22727272727272727,0.043478260869565216
unsw,unsw,29,False,forest,size,0,random,DoS,66,66,3,4,0,4,0,4,0,63,0.06349206349206349,0.045454545454545456
unsw,unsw,29,False,forest,size,0,random,Backdoor,38,38,3,6,2,4,0,6,0,35,0.11428571428571428,0.07894736842105263
unsw,unsw,29,False,forest,tcp,0,frozen,Benign,9132,0,314,5,5,0,0,0,5,8818,0.0,0.034384581690757775
unsw,unsw,29,False,forest,tcp,0,frozen,Reconnaissance,157,157,157,0,0,0,0,0,0,0,,1.0
unsw,unsw,29,False,forest,tcp,0,frozen,Fuzzers,358,358,358,0,0,0,0,0,0,0,,1.0
unsw,unsw,29,False,forest,tcp,0,frozen,Exploits,547,547,547,5,5,0,0,5,0,0,,1.0
unsw,unsw,29,False,forest,tcp,0,frozen,Generic,85,85,85,0,0,0,0,0,0,0,,1.0
unsw,unsw,29,False,forest,tcp,0,frozen,Analysis,11,11,11,0,0,0,0,0,0,0,,1.0
unsw,unsw,29,False,forest,tcp,0,frozen,Shellcode,23,23,23,0,0,0,0,0,0,0,,1.0
unsw,unsw,29,False,forest,tcp,0,frozen,DoS,66,66,66,2,2,0,0,2,0,0,,1.0
unsw,unsw,29,False,forest,tcp,0,frozen,Backdoor,38,38,38,1,1,0,0,1,0,0,,1.0
unsw,unsw,29,False,forest,tcp,0,cap,Benign,9132,0,9,5,5,0,0,0,5,9123,0.0,0.0009855453350854138
unsw,unsw,29,False,forest,tcp,0,cap,Reconnaissance,157,157,77,0,0,0,0,0,0,80,0.0,0.49044585987261147
unsw,unsw,29,False,forest,tcp,0,cap,Fuzzers,358,358,190,0,0,0,0,0,0,168,0.0,0.5307262569832403
unsw,unsw,29,False,forest,tcp,0,cap,Exploits,547,547,156,5,5,0,0,5,0,391,0.0,0.2851919561243144
unsw,unsw,29,False,forest,tcp,0,cap,Generic,85,85,30,0,0,0,0,0,0,55,0.0,0.35294117647058826
unsw,unsw,29,False,forest,tcp,0,cap,Analysis,11,11,0,0,0,0,0,0,0,11,0.0,0.0
unsw,unsw,29,False,forest,tcp,0,cap,Shellcode,23,23,14,0,0,0,0,0,0,9,0.0,0.6086956521739131
unsw,unsw,29,False,forest,tcp,0,cap,DoS,66,66,19,2,2,0,0,2,0,47,0.0,0.2878787878787879
unsw,unsw,29,False,forest,tcp,0,cap,Backdoor,38,38,23,1,1,0,0,1,0,15,0.0,0.6052631578947368
unsw,unsw,29,False,forest,tcp,0,random,Benign,9132,0,453,5,0,0,5,0,5,8679,0.0005761032377001959,0.049605781865965835
unsw,unsw,29,False,forest,tcp,0,random,Reconnaissance,157,157,5,0,0,0,0,0,0,152,0.0,0.03184713375796178
unsw,unsw,29,False,forest,tcp,0,random,Fuzzers,358,358,21,0,0,0,0,0,0,337,0.0,0.05865921787709497
unsw,unsw,29,False,forest,tcp,0,random,Exploits,547,547,27,5,0,5,0,5,0,520,0.009615384615384616,0.04936014625228519
unsw,unsw,29,False,forest,tcp,0,random,Generic,85,85,4,0,0,0,0,0,0,81,0.0,0.047058823529411764
unsw,unsw,29,False,forest,tcp,0,random,Analysis,11,11,1,0,0,0,0,0,0,10,0.0,0.09090909090909091
unsw,unsw,29,False,forest,tcp,0,random,Shellcode,23,23,1,0,0,0,0,0,0,22,0.0,0.043478260869565216
unsw,unsw,29,False,forest,tcp,0,random,DoS,66,66,3,2,0,2,0,2,0,63,0.031746031746031744,0.045454545454545456
unsw,unsw,29,False,forest,tcp,0,random,Backdoor,38,38,3,1,0,1,0,1,0,35,0.02857142857142857,0.07894736842105263
unsw,unsw,29,False,forest,temporal+tcp,0,frozen,Benign,9132,0,251,4,4,0,0,0,4,8881,0.0,0.027485764345159876
unsw,unsw,29,False,forest,temporal+tcp,0,frozen,Reconnaissance,157,157,157,0,0,0,0,0,0,0,,1.0
unsw,unsw,29,False,forest,temporal+tcp,0,frozen,Fuzzers,358,358,358,0,0,0,0,0,0,0,,1.0
unsw,unsw,29,False,forest,temporal+tcp,0,frozen,Exploits,547,547,547,5,5,0,0,5,0,0,,1.0
unsw,unsw,29,False,forest,temporal+tcp,0,frozen,Generic,85,85,85,1,1,0,0,1,0,0,,1.0
unsw,unsw,29,False,forest,temporal+tcp,0,frozen,Analysis,11,11,11,0,0,0,0,0,0,0,,1.0
unsw,unsw,29,False,forest,temporal+tcp,0,frozen,Shellcode,23,23,23,0,0,0,0,0,0,0,,1.0
unsw,unsw,29,False,forest,temporal+tcp,0,frozen,DoS,66,66,66,2,2,0,0,2,0,0,,1.0
unsw,unsw,29,False,forest,temporal+tcp,0,frozen,Backdoor,38,38,38,1,1,0,0,1,0,0,,1.0
unsw,unsw,29,False,forest,temporal+tcp,0,cap,Benign,9132,0,9,4,4,0,0,0,4,9123,0.0,0.0009855453350854138
unsw,unsw,29,False,forest,temporal+tcp,0,cap,Reconnaissance,157,157,25,0,0,0,0,0,0,132,0.0,0.1592356687898089
unsw,unsw,29,False,forest,temporal+tcp,0,cap,Fuzzers,358,358,108,0,0,0,0,0,0,250,0.0,0.3016759776536313
unsw,unsw,29,False,forest,temporal+tcp,0,cap,Exploits,547,547,280,5,5,0,0,5,0,267,0.0,0.5118829981718465
unsw,unsw,29,False,forest,temporal+tcp,0,cap,Generic,85,85,33,1,1,0,0,1,0,52,0.0,0.38823529411764707
unsw,unsw,29,False,forest,temporal+tcp,0,cap,Analysis,11,11,8,0,0,0,0,0,0,3,0.0,0.7272727272727273
unsw,unsw,29,False,forest,temporal+tcp,0,cap,Shellcode,23,23,10,0,0,0,0,0,0,13,0.0,0.43478260869565216
unsw,unsw,29,False,forest,temporal+tcp,0,cap,DoS,66,66,25,2,2,0,0,2,0,41,0.0,0.3787878787878788
unsw,unsw,29,False,forest,temporal+tcp,0,cap,Backdoor,38,38,20,1,1,0,0,1,0,18,0.0,0.5263157894736842
unsw,unsw,29,False,forest,temporal+tcp,0,random,Benign,9132,0,453,4,0,0,4,0,4,8679,0.0004608825901601567,0.049605781865965835
unsw,unsw,29,False,forest,temporal+tcp,0,random,Reconnaissance,157,157,5,0,0,0,0,0,0,152,0.0,0.03184713375796178
unsw,unsw,29,False,forest,temporal+tcp,0,random,Fuzzers,358,358,21,0,0,0,0,0,0,337,0.0,0.05865921787709497
unsw,unsw,29,False,forest,temporal+tcp,0,random,Exploits,547,547,27,5,0,5,0,5,0,520,0.009615384615384616,0.04936014625228519
unsw,unsw,29,False,forest,temporal+tcp,0,random,Generic,85,85,4,1,0,1,0,1,0,81,0.012345679012345678,0.047058823529411764
unsw,unsw,29,False,forest,temporal+tcp,0,random,Analysis,11,11,1,0,0,0,0,0,0,10,0.0,0.09090909090909091
unsw,unsw,29,False,forest,temporal+tcp,0,random,Shellcode,23,23,1,0,0,0,0,0,0,22,0.0,0.043478260869565216
unsw,unsw,29,False,forest,temporal+tcp,0,random,DoS,66,66,3,2,0,2,0,2,0,63,0.031746031746031744,0.045454545454545456
unsw,unsw,29,False,forest,temporal+tcp,0,random,Backdoor,38,38,3,1,0,1,0,1,0,35,0.02857142857142857,0.07894736842105263
unsw,unsw,29,False,forest,random10,0,frozen,Benign,9132,0,270,4,4,0,0,0,4,8862,0.0,0.02956636005256242
unsw,unsw,29,False,forest,random10,0,frozen,Reconnaissance,157,157,127,2,2,0,0,2,0,30,0.0,0.8089171974522293
unsw,unsw,29,False,forest,random10,0,frozen,Fuzzers,358,358,296,9,9,0,0,9,0,62,0.0,0.8268156424581006
unsw,unsw,29,False,forest,random10,0,frozen,Exploits,547,547,471,15,15,0,0,15,0,76,0.0,0.8610603290676416
unsw,unsw,29,False,forest,random10,0,frozen,Generic,85,85,74,4,4,0,0,4,0,11,0.0,0.8705882352941177
unsw,unsw,29,False,forest,random10,0,frozen,Analysis,11,11,10,0,0,0,0,0,0,1,0.0,0.9090909090909091
unsw,unsw,29,False,forest,random10,0,frozen,Shellcode,23,23,19,1,1,0,0,1,0,4,0.0,0.8260869565217391
unsw,unsw,29,False,forest,random10,0,frozen,DoS,66,66,55,2,2,0,0,2,0,11,0.0,0.8333333333333334
unsw,unsw,29,False,forest,random10,0,frozen,Backdoor,38,38,33,2,2,0,0,2,0,5,0.0,0.868421052631579
unsw,unsw,29,False,forest,random10,0,cap,Benign,9132,0,8,4,3,0,1,0,4,9124,0.00010960105217010084,0.0008760402978537013
unsw,unsw,29,False,forest,random10,0,cap,Reconnaissance,157,157,66,2,2,0,0,2,0,91,0.0,0.42038216560509556
unsw,unsw,29,False,forest,random10,0,cap,Fuzzers,358,358,157,9,9,0,0,9,0,201,0.0,0.43854748603351956
unsw,unsw,29,False,forest,random10,0,cap,Exploits,547,547,195,15,15,0,0,15,0,352,0.0,0.35648994515539306
unsw,unsw,29,False,forest,random10,0,cap,Generic,85,85,40,4,4,0,0,4,0,45,0.0,0.47058823529411764
unsw,unsw,29,False,forest,random10,0,cap,Analysis,11,11,6,0,0,0,0,0,0,5,0.0,0.5454545454545454
unsw,unsw,29,False,forest,random10,0,cap,Shellcode,23,23,8,1,1,0,0,1,0,15,0.0,0.34782608695652173
unsw,unsw,29,False,forest,random10,0,cap,DoS,66,66,27,2,2,0,0,2,0,39,0.0,0.4090909090909091
unsw,unsw,29,False,forest,random10,0,cap,Backdoor,38,38,11,2,2,0,0,2,0,27,0.0,0.2894736842105263
unsw,unsw,29,False,forest,random10,0,random,Benign,9132,0,453,4,0,0,4,0,4,8679,0.0004608825901601567,0.049605781865965835
unsw,unsw,29,False,forest,random10,0,random,Reconnaissance,157,157,5,2,0,2,0,2,0,152,0.013157894736842105,0.03184713375796178
unsw,unsw,29,False,forest,random10,0,random,Fuzzers,358,358,21,9,0,9,0,9,0,337,0.026706231454005934,0.05865921787709497
unsw,unsw,29,False,forest,random10,0,random,Exploits,547,547,27,15,0,15,0,15,0,520,0.028846153846153848,0.04936014625228519
unsw,unsw,29,False,forest,random10,0,random,Generic,85,85,4,4,0,4,0,4,0,81,0.04938271604938271,0.047058823529411764
unsw,unsw,29,False,forest,random10,0,random,Analysis,11,11,1,0,0,0,0,0,0,10,0.0,0.09090909090909091
unsw,unsw,29,False,forest,random10,0,random,Shellcode,23,23,1,1,0,1,0,1,0,22,0.045454545454545456,0.043478260869565216
unsw,unsw,29,False,forest,random10,0,random,DoS,66,66,3,2,0,2,0,2,0,63,0.031746031746031744,0.045454545454545456
unsw,unsw,29,False,forest,random10,0,random,Backdoor,38,38,3,2,0,2,0,2,0,35,0.05714285714285714,0.07894736842105263
unsw,ton,29,False,forest,clean,0,frozen,Benign,1833,0,1833,950,950,0,0,0,950,0,,1.0
unsw,ton,29,False,forest,clean,0,frozen,xss,7211,7211,7211,5848,5848,0,0,5848,0,0,,1.0
unsw,ton,29,False,forest,clean,0,frozen,ransomware,15,15,15,3,3,0,0,3,0,0,,1.0
unsw,ton,29,False,forest,clean,0,frozen,Backdoor,288,288,288,4,4,0,0,4,0,0,,1.0
unsw,ton,29,False,forest,clean,0,frozen,mitm,20,20,20,16,16,0,0,16,0,0,,1.0
unsw,ton,29,False,forest,clean,0,cap,Benign,1833,0,92,950,45,0,905,0,950,1741,0.5198161975875933,0.050190943807965085
unsw,ton,29,False,forest,clean,0,cap,xss,7211,7211,362,5848,337,5511,0,5848,0,6849,0.8046430135786247,0.050201081680765494
unsw,ton,29,False,forest,clean,0,cap,ransomware,15,15,0,3,0,3,0,3,0,15,0.2,0.0
unsw,ton,29,False,forest,clean,0,cap,Backdoor,288,288,0,4,0,4,0,4,0,288,0.013888888888888888,0.0
unsw,ton,29,False,forest,clean,0,cap,mitm,20,20,0,16,0,16,0,16,0,20,0.8,0.0
unsw,ton,29,False,forest,clean,0,random,Benign,1833,0,77,950,39,0,911,0,950,1756,0.5187927107061503,0.042007637752318604
unsw,ton,29,False,forest,clean,0,random,xss,7211,7211,366,5848,303,5545,0,5848,0,6845,0.8100803506208911,0.050755789765635835
unsw,ton,29,False,forest,clean,0,random,ransomware,15,15,1,3,0,3,0,3,0,14,0.21428571428571427,0.06666666666666667
unsw,ton,29,False,forest,clean,0,random,Backdoor,288,288,9,4,0,4,0,4,0,279,0.014336917562724014,0.03125
unsw,ton,29,False,forest,clean,0,random,mitm,20,20,1,16,0,16,0,16,0,19,0.8421052631578947,0.05
unsw,ton,29,False,forest,temporal,0,frozen,Benign,1833,0,1833,939,939,0,0,0,939,0,,1.0
unsw,ton,29,False,forest,temporal,0,frozen,xss,7211,7211,7210,5880,5879,1,0,5880,0,1,1.0,0.9998613229787824
unsw,ton,29,False,forest,temporal,0,frozen,ransomware,15,15,15,3,3,0,0,3,0,0,,1.0
unsw,ton,29,False,forest,temporal,0,frozen,Backdoor,288,288,288,4,4,0,0,4,0,0,,1.0
unsw,ton,29,False,forest,temporal,0,frozen,mitm,20,20,20,16,16,0,0,16,0,0,,1.0
unsw,ton,29,False,forest,temporal,0,cap,Benign,1833,0,92,939,36,0,903,0,939,1741,0.5186674325100517,0.050190943807965085
unsw,ton,29,False,forest,temporal,0,cap,xss,7211,7211,361,5880,320,5560,0,5880,0,6850,0.8116788321167884,0.050062404659547914
unsw,ton,29,False,forest,temporal,0,cap,ransomware,15,15,0,3,0,3,0,3,0,15,0.2,0.0
unsw,ton,29,False,forest,temporal,0,cap,Backdoor,288,288,0,4,0,4,0,4,0,288,0.013888888888888888,0.0
unsw,ton,29,False,forest,temporal,0,cap,mitm,20,20,1,16,1,15,0,16,0,19,0.7894736842105263,0.05
unsw,ton,29,False,forest,temporal,0,random,Benign,1833,0,77,939,38,0,901,0,939,1756,0.5130979498861048,0.042007637752318604
unsw,ton,29,False,forest,temporal,0,random,xss,7211,7211,366,5880,307,5573,0,5880,0,6845,0.8141709276844412,0.050755789765635835
unsw,ton,29,False,forest,temporal,0,random,ransomware,15,15,1,3,0,3,0,3,0,14,0.21428571428571427,0.06666666666666667
unsw,ton,29,False,forest,temporal,0,random,Backdoor,288,288,9,4,0,4,0,4,0,279,0.014336917562724014,0.03125
unsw,ton,29,False,forest,temporal,0,random,mitm,20,20,1,16,0,16,0,16,0,19,0.8421052631578947,0.05
unsw,ton,29,False,forest,size,0,frozen,Benign,1833,0,1832,203,203,0,0,0,203,1,0.0,0.9994544462629569
unsw,ton,29,False,forest,size,0,frozen,xss,7211,7211,7210,7151,7150,1,0,7151,0,1,1.0,0.9998613229787824
unsw,ton,29,False,forest,size,0,frozen,ransomware,15,15,15,15,15,0,0,15,0,0,,1.0
unsw,ton,29,False,forest,size,0,frozen,Backdoor,288,288,288,5,5,0,0,5,0,0,,1.0
unsw,ton,29,False,forest,size,0,frozen,mitm,20,20,20,20,20,0,0,20,0,0,,1.0
unsw,ton,29,False,forest,size,0,cap,Benign,1833,0,200,203,47,0,156,0,203,1633,0.09552969993876301,0.10911074740861974
unsw,ton,29,False,forest,size,0,cap,xss,7211,7211,238,7151,192,6959,0,7151,0,6973,0.9979922558439696,0.03300513104978505
unsw,ton,29,False,forest,size,0,cap,ransomware,15,15,0,15,0,15,0,15,0,15,1.0,0.0
unsw,ton,29,False,forest,size,0,cap,Backdoor,288,288,15,5,0,5,0,5,0,273,0.018315018315018316,0.052083333333333336
unsw,ton,29,False,forest,size,0,cap,mitm,20,20,1,20,1,19,0,20,0,19,1.0,0.05
unsw,ton,29,False,forest,size,0,random,Benign,1833,0,77,203,6,0,197,0,203,1756,0.1121867881548975,0.042007637752318604
unsw,ton,29,False,forest,size,0,random,xss,7211,7211,366,7151,362,6789,0,7151,0,6845,0.9918188458728999,0.050755789765635835
unsw,ton,29,False,forest,size,0,random,ransomware,15,15,1,15,1,14,0,15,0,14,1.0,0.06666666666666667
unsw,ton,29,False,forest,size,0,random,Backdoor,288,288,9,5,0,5,0,5,0,279,0.017921146953405017,0.03125
unsw,ton,29,False,forest,size,0,random,mitm,20,20,1,20,1,19,0,20,0,19,1.0,0.05
unsw,ton,29,False,forest,tcp,0,frozen,Benign,1833,0,1833,956,956,0,0,0,956,0,,1.0
unsw,ton,29,False,forest,tcp,0,frozen,xss,7211,7211,7211,5871,5871,0,0,5871,0,0,,1.0
unsw,ton,29,False,forest,tcp,0,frozen,ransomware,15,15,15,3,3,0,0,3,0,0,,1.0
unsw,ton,29,False,forest,tcp,0,frozen,Backdoor,288,288,288,4,4,0,0,4,0,0,,1.0
unsw,ton,29,False,forest,tcp,0,frozen,mitm,20,20,20,16,16,0,0,16,0,0,,1.0
unsw,ton,29,False,forest,tcp,0,cap,Benign,1833,0,78,956,45,0,911,0,956,1755,0.5190883190883191,0.0425531914893617
unsw,ton,29,False,forest,tcp,0,cap,xss,7211,7211,373,5871,357,5514,0,5871,0,6838,0.806376133372331,0.05172652891415892
unsw,ton,29,False,forest,tcp,0,cap,ransomware,15,15,0,3,0,3,0,3,0,15,0.2,0.0
unsw,ton,29,False,forest,tcp,0,cap,Backdoor,288,288,0,4,0,4,0,4,0,288,0.013888888888888888,0.0
unsw,ton,29,False,forest,tcp,0,cap,mitm,20,20,3,16,3,13,0,16,0,17,0.7647058823529411,0.15
unsw,ton,29,False,forest,tcp,0,random,Benign,1833,0,77,956,39,0,917,0,956,1756,0.5222095671981777,0.042007637752318604
unsw,ton,29,False,forest,tcp,0,random,xss,7211,7211,366,5871,305,5566,0,5871,0,6845,0.8131482834185537,0.050755789765635835
unsw,ton,29,False,forest,tcp,0,random,ransomware,15,15,1,3,0,3,0,3,0,14,0.21428571428571427,0.06666666666666667
unsw,ton,29,False,forest,tcp,0,random,Backdoor,288,288,9,4,0,4,0,4,0,279,0.014336917562724014,0.03125
unsw,ton,29,False,forest,tcp,0,random,mitm,20,20,1,16,0,16,0,16,0,19,0.8421052631578947,0.05
unsw,ton,29,False,forest,temporal+tcp,0,frozen,Benign,1833,0,1833,937,937,0,0,0,937,0,,1.0
unsw,ton,29,False,forest,temporal+tcp,0,frozen,xss,7211,7211,7211,5893,5893,0,0,5893,0,0,,1.0
unsw,ton,29,False,forest,temporal+tcp,0,frozen,ransomware,15,15,15,3,3,0,0,3,0,0,,1.0
unsw,ton,29,False,forest,temporal+tcp,0,frozen,Backdoor,288,288,288,4,4,0,0,4,0,0,,1.0
unsw,ton,29,False,forest,temporal+tcp,0,frozen,mitm,20,20,20,16,16,0,0,16,0,0,,1.0
unsw,ton,29,False,forest,temporal+tcp,0,cap,Benign,1833,0,90,937,35,0,902,0,937,1743,0.5174985656913368,0.049099836333878884
unsw,ton,29,False,forest,temporal+tcp,0,cap,xss,7211,7211,362,5893,334,5559,0,5893,0,6849,0.8116513359614542,0.050201081680765494
unsw,ton,29,False,forest,temporal+tcp,0,cap,ransomware,15,15,0,3,0,3,0,3,0,15,0.2,0.0
unsw,ton,29,False,forest,temporal+tcp,0,cap,Backdoor,288,288,0,4,0,4,0,4,0,288,0.013888888888888888,0.0
unsw,ton,29,False,forest,temporal+tcp,0,cap,mitm,20,20,2,16,2,14,0,16,0,18,0.7777777777777778,0.1
unsw,ton,29,False,forest,temporal+tcp,0,random,Benign,1833,0,77,937,38,0,899,0,937,1756,0.5119589977220956,0.042007637752318604
unsw,ton,29,False,forest,temporal+tcp,0,random,xss,7211,7211,366,5893,306,5587,0,5893,0,6845,0.8162162162162162,0.050755789765635835
unsw,ton,29,False,forest,temporal+tcp,0,random,ransomware,15,15,1,3,0,3,0,3,0,14,0.21428571428571427,0.06666666666666667
unsw,ton,29,False,forest,temporal+tcp,0,random,Backdoor,288,288,9,4,0,4,0,4,0,279,0.014336917562724014,0.03125
unsw,ton,29,False,forest,temporal+tcp,0,random,mitm,20,20,1,16,0,16,0,16,0,19,0.8421052631578947,0.05
unsw,ton,29,False,forest,random10,0,frozen,Benign,1833,0,1831,847,847,0,0,0,847,2,0.0,0.9989088925259137
unsw,ton,29,False,forest,random10,0,frozen,xss,7211,7211,7198,6017,6004,13,0,6017,0,13,1.0,0.9981971987241715
unsw,ton,29,False,forest,random10,0,frozen,ransomware,15,15,15,6,6,0,0,6,0,0,,1.0
unsw,ton,29,False,forest,random10,0,frozen,Backdoor,288,288,288,11,11,0,0,11,0,0,,1.0
unsw,ton,29,False,forest,random10,0,frozen,mitm,20,20,20,16,16,0,0,16,0,0,,1.0
unsw,ton,29,False,forest,random10,0,cap,Benign,1833,0,107,847,50,0,797,0,847,1726,0.46176129779837777,0.05837424986361157
unsw,ton,29,False,forest,random10,0,cap,xss,7211,7211,344,6017,256,5761,0,6017,0,6867,0.8389398572884812,0.04770489529884898
unsw,ton,29,False,forest,random10,0,cap,ransomware,15,15,1,6,0,6,0,6,0,14,0.42857142857142855,0.06666666666666667
unsw,ton,29,False,forest,random10,0,cap,Backdoor,288,288,1,11,0,11,0,11,0,287,0.03832752613240418,0.003472222222222222
unsw,ton,29,False,forest,random10,0,cap,mitm,20,20,1,16,1,15,0,16,0,19,0.7894736842105263,0.05
unsw,ton,29,False,forest,random10,0,random,Benign,1833,0,77,847,36,0,811,0,847,1756,0.46184510250569477,0.042007637752318604
unsw,ton,29,False,forest,random10,0,random,xss,7211,7211,366,6017,310,5707,0,6017,0,6845,0.8337472607742878,0.050755789765635835
unsw,ton,29,False,forest,random10,0,random,ransomware,15,15,1,6,0,6,0,6,0,14,0.42857142857142855,0.06666666666666667
unsw,ton,29,False,forest,random10,0,random,Backdoor,288,288,9,11,0,11,0,11,0,279,0.03942652329749104,0.03125
unsw,ton,29,False,forest,random10,0,random,mitm,20,20,1,16,0,16,0,16,0,19,0.8421052631578947,0.05
unsw,cic,29,False,forest,clean,0,frozen,Benign,11886,0,11886,9429,9429,0,0,0,9429,0,,1.0
unsw,cic,29,False,forest,clean,0,frozen,Infilteration,213,213,213,81,81,0,0,81,0,0,,1.0
unsw,cic,29,False,forest,clean,0,frozen,Bot,93,93,93,0,0,0,0,0,0,0,,1.0
unsw,cic,29,False,forest,clean,0,cap,Benign,11886,0,582,9429,384,0,9045,0,9429,11304,0.8001592356687898,0.048965169106511865
unsw,cic,29,False,forest,clean,0,cap,Infilteration,213,213,17,81,5,76,0,81,0,196,0.3877551020408163,0.07981220657276995
unsw,cic,29,False,forest,clean,0,cap,Bot,93,93,0,0,0,0,0,0,0,93,0.0,0.0
unsw,cic,29,False,forest,clean,0,random,Benign,11886,0,575,9429,463,0,8966,0,9429,11311,0.7926796923348952,0.048376240955746254
unsw,cic,29,False,forest,clean,0,random,Infilteration,213,213,17,81,7,74,0,81,0,196,0.37755102040816324,0.07981220657276995
unsw,cic,29,False,forest,clean,0,random,Bot,93,93,7,0,0,0,0,0,0,86,0.0,0.07526881720430108
unsw,cic,29,False,forest,temporal,0,frozen,Benign,11886,0,11886,9448,9448,0,0,0,9448,0,,1.0
unsw,cic,29,False,forest,temporal,0,frozen,Infilteration,213,213,213,83,83,0,0,83,0,0,,1.0
unsw,cic,29,False,forest,temporal,0,frozen,Bot,93,93,93,0,0,0,0,0,0,0,,1.0
unsw,cic,29,False,forest,temporal,0,cap,Benign,11886,0,579,9448,358,0,9090,0,9448,11307,0.8039267710267975,0.048712771327612314
unsw,cic,29,False,forest,temporal,0,cap,Infilteration,213,213,20,83,8,75,0,83,0,193,0.38860103626943004,0.09389671361502347
unsw,cic,29,False,forest,temporal,0,cap,Bot,93,93,0,0,0,0,0,0,0,93,0.0,0.0
unsw,cic,29,False,forest,temporal,0,random,Benign,11886,0,575,9448,465,0,8983,0,9448,11311,0.7941826540535761,0.048376240955746254
unsw,cic,29,False,forest,temporal,0,random,Infilteration,213,213,17,83,7,76,0,83,0,196,0.3877551020408163,0.07981220657276995
unsw,cic,29,False,forest,temporal,0,random,Bot,93,93,7,0,0,0,0,0,0,86,0.0,0.07526881720430108
unsw,cic,29,False,forest,size,0,frozen,Benign,11886,0,11827,102,102,0,0,0,102,59,0.0,0.9950361770149756
unsw,cic,29,False,forest,size,0,frozen,Infilteration,213,213,211,211,209,2,0,211,0,2,1.0,0.9906103286384976
unsw,cic,29,False,forest,size,0,frozen,Bot,93,93,93,93,93,0,0,93,0,0,,1.0
unsw,cic,29,False,forest,size,0,cap,Benign,11886,0,592,102,18,0,84,0,102,11294,0.007437577474765362,0.04980649503617701
unsw,cic,29,False,forest,size,0,cap,Infilteration,213,213,7,211,6,205,0,211,0,206,0.9951456310679612,0.03286384976525822
unsw,cic,29,False,forest,size,0,cap,Bot,93,93,0,93,0,93,0,93,0,93,1.0,0.0
unsw,cic,29,False,forest,size,0,random,Benign,11886,0,575,102,5,0,97,0,102,11311,0.00857572274776766,0.048376240955746254
unsw,cic,29,False,forest,size,0,random,Infilteration,213,213,17,211,17,194,0,211,0,196,0.9897959183673469,0.07981220657276995
unsw,cic,29,False,forest,size,0,random,Bot,93,93,7,93,7,86,0,93,0,86,1.0,0.07526881720430108
unsw,cic,29,False,forest,tcp,0,frozen,Benign,11886,0,11886,8776,8776,0,0,0,8776,0,,1.0
unsw,cic,29,False,forest,tcp,0,frozen,Infilteration,213,213,213,102,102,0,0,102,0,0,,1.0
unsw,cic,29,False,forest,tcp,0,frozen,Bot,93,93,93,0,0,0,0,0,0,0,,1.0
unsw,cic,29,False,forest,tcp,0,cap,Benign,11886,0,579,8776,132,0,8644,0,8776,11307,0.7644821791810383,0.048712771327612314
unsw,cic,29,False,forest,tcp,0,cap,Infilteration,213,213,20,102,15,87,0,102,0,193,0.45077720207253885,0.09389671361502347
unsw,cic,29,False,forest,tcp,0,cap,Bot,93,93,0,0,0,0,0,0,0,93,0.0,0.0
unsw,cic,29,False,forest,tcp,0,random,Benign,11886,0,575,8776,436,0,8340,0,8776,11311,0.7373353372822916,0.048376240955746254
unsw,cic,29,False,forest,tcp,0,random,Infilteration,213,213,17,102,8,94,0,102,0,196,0.47959183673469385,0.07981220657276995
unsw,cic,29,False,forest,tcp,0,random,Bot,93,93,7,0,0,0,0,0,0,86,0.0,0.07526881720430108
unsw,cic,29,False,forest,temporal+tcp,0,frozen,Benign,11886,0,11886,8728,8728,0,0,0,8728,0,,1.0
unsw,cic,29,False,forest,temporal+tcp,0,frozen,Infilteration,213,213,213,103,103,0,0,103,0,0,,1.0
unsw,cic,29,False,forest,temporal+tcp,0,frozen,Bot,93,93,93,0,0,0,0,0,0,0,,1.0
unsw,cic,29,False,forest,temporal+tcp,0,cap,Benign,11886,0,576,8728,103,0,8625,0,8728,11310,0.7625994694960212,0.04846037354871277
unsw,cic,29,False,forest,temporal+tcp,0,cap,Infilteration,213,213,23,103,18,85,0,103,0,190,0.4473684210526316,0.107981220657277
unsw,cic,29,False,forest,temporal+tcp,0,cap,Bot,93,93,0,0,0,0,0,0,0,93,0.0,0.0
unsw,cic,29,False,forest,temporal+tcp,0,random,Benign,11886,0,575,8728,434,0,8294,0,8728,11311,0.7332684996905667,0.048376240955746254
unsw,cic,29,False,forest,temporal+tcp,0,random,Infilteration,213,213,17,103,9,94,0,103,0,196,0.47959183673469385,0.07981220657276995
unsw,cic,29,False,forest,temporal+tcp,0,random,Bot,93,93,7,0,0,0,0,0,0,86,0.0,0.07526881720430108
unsw,cic,29,False,forest,random10,0,frozen,Benign,11886,0,11886,8204,8204,0,0,0,8204,0,,1.0
unsw,cic,29,False,forest,random10,0,frozen,Infilteration,213,213,213,101,101,0,0,101,0,0,,1.0
unsw,cic,29,False,forest,random10,0,frozen,Bot,93,93,93,19,19,0,0,19,0,0,,1.0
unsw,cic,29,False,forest,random10,0,cap,Benign,11886,0,582,8204,305,0,7899,0,8204,11304,0.6987791932059448,0.048965169106511865
unsw,cic,29,False,forest,random10,0,cap,Infilteration,213,213,12,101,5,96,0,101,0,201,0.47761194029850745,0.056338028169014086
unsw,cic,29,False,forest,random10,0,cap,Bot,93,93,5,19,1,18,0,19,0,88,0.20454545454545456,0.053763440860215055
unsw,cic,29,False,forest,random10,0,random,Benign,11886,0,575,8204,403,0,7801,0,8204,11311,0.6896826098488197,0.048376240955746254
unsw,cic,29,False,forest,random10,0,random,Infilteration,213,213,17,101,8,93,0,101,0,196,0.4744897959183674,0.07981220657276995
unsw,cic,29,False,forest,random10,0,random,Bot,93,93,7,19,0,19,0,19,0,86,0.22093023255813954,0.07526881720430108
unsw,unsw,29,True,logistic,clean,0,frozen,Benign,9132,0,142,3,2,0,1,0,3,8990,0.00011123470522803115,0.015549715286903198
unsw,unsw,29,True,logistic,clean,0,frozen,Reconnaissance,157,157,22,0,0,0,0,0,0,135,0.0,0.14012738853503184
unsw,unsw,29,True,logistic,clean,0,frozen,Fuzzers,358,358,18,0,0,0,0,0,0,340,0.0,0.05027932960893855
unsw,unsw,29,True,logistic,clean,0,frozen,Exploits,547,547,294,4,4,0,0,4,0,253,0.0,0.5374771480804388
unsw,unsw,29,True,logistic,clean,0,frozen,Generic,85,85,23,1,1,0,0,1,0,62,0.0,0.27058823529411763
unsw,unsw,29,True,logistic,clean,0,frozen,Analysis,11,11,11,0,0,0,0,0,0,0,,1.0
unsw,unsw,29,True,logistic,clean,0,frozen,Shellcode,23,23,1,0,0,0,0,0,0,22,0.0,0.043478260869565216
unsw,unsw,29,True,logistic,clean,0,frozen,DoS,66,66,18,2,0,2,0,2,0,48,0.041666666666666664,0.2727272727272727
unsw,unsw,29,True,logistic,clean,0,frozen,Backdoor,38,38,14,1,1,0,0,1,0,24,0.0,0.3684210526315789
unsw,unsw,29,True,logistic,clean,0,cap,Benign,9132,0,137,3,2,0,1,0,3,8995,0.00011117287381878821,0.015002190100744633
unsw,unsw,29,True,logistic,clean,0,cap,Reconnaissance,157,157,20,0,0,0,0,0,0,137,0.0,0.12738853503184713
unsw,unsw,29,True,logistic,clean,0,cap,Fuzzers,358,358,16,0,0,0,0,0,0,342,0.0,0.0446927374301676
unsw,unsw,29,True,logistic,clean,0,cap,Exploits,547,547,282,4,4,0,0,4,0,265,0.0,0.5155393053016454
unsw,unsw,29,True,logistic,clean,0,cap,Generic,85,85,21,1,1,0,0,1,0,64,0.0,0.24705882352941178
unsw,unsw,29,True,logistic,clean,0,cap,Analysis,11,11,11,0,0,0,0,0,0,0,,1.0
unsw,unsw,29,True,logistic,clean,0,cap,Shellcode,23,23,1,0,0,0,0,0,0,22,0.0,0.043478260869565216
unsw,unsw,29,True,logistic,clean,0,cap,DoS,66,66,18,2,0,2,0,2,0,48,0.041666666666666664,0.2727272727272727
unsw,unsw,29,True,logistic,clean,0,cap,Backdoor,38,38,12,1,1,0,0,1,0,26,0.0,0.3157894736842105
unsw,unsw,29,True,logistic,clean,0,random,Benign,9132,0,453,3,0,0,3,0,3,8679,0.0003456619426201175,0.049605781865965835
unsw,unsw,29,True,logistic,clean,0,random,Reconnaissance,157,157,5,0,0,0,0,0,0,152,0.0,0.03184713375796178
unsw,unsw,29,True,logistic,clean,0,random,Fuzzers,358,358,21,0,0,0,0,0,0,337,0.0,0.05865921787709497
unsw,unsw,29,True,logistic,clean,0,random,Exploits,547,547,27,4,0,4,0,4,0,520,0.007692307692307693,0.04936014625228519
unsw,unsw,29,True,logistic,clean,0,random,Generic,85,85,4,1,0,1,0,1,0,81,0.012345679012345678,0.047058823529411764
unsw,unsw,29,True,logistic,clean,0,random,Analysis,11,11,1,0,0,0,0,0,0,10,0.0,0.09090909090909091
unsw,unsw,29,True,logistic,clean,0,random,Shellcode,23,23,1,0,0,0,0,0,0,22,0.0,0.043478260869565216
unsw,unsw,29,True,logistic,clean,0,random,DoS,66,66,3,2,0,2,0,2,0,63,0.031746031746031744,0.045454545454545456
unsw,unsw,29,True,logistic,clean,0,random,Backdoor,38,38,3,1,0,1,0,1,0,35,0.02857142857142857,0.07894736842105263
unsw,unsw,29,True,logistic,temporal,0,frozen,Benign,9132,0,524,3,2,0,1,0,3,8608,0.00011617100371747211,0.057380639509417436
unsw,unsw,29,True,logistic,temporal,0,frozen,Reconnaissance,157,157,38,1,1,0,0,1,0,119,0.0,0.24203821656050956
unsw,unsw,29,True,logistic,temporal,0,frozen,Fuzzers,358,358,18,1,1,0,0,1,0,340,0.0,0.05027932960893855
unsw,unsw,29,True,logistic,temporal,0,frozen,Exploits,547,547,303,3,3,0,0,3,0,244,0.0,0.5539305301645339
unsw,unsw,29,True,logistic,temporal,0,frozen,Generic,85,85,23,1,1,0,0,1,0,62,0.0,0.27058823529411763
unsw,unsw,29,True,logistic,temporal,0,frozen,Analysis,11,11,11,0,0,0,0,0,0,0,,1.0
unsw,unsw,29,True,logistic,temporal,0,frozen,Shellcode,23,23,1,0,0,0,0,0,0,22,0.0,0.043478260869565216
unsw,unsw,29,True,logistic,temporal,0,frozen,DoS,66,66,21,2,0,2,0,2,0,45,0.044444444444444446,0.3181818181818182
unsw,unsw,29,True,logistic,temporal,0,frozen,Backdoor,38,38,14,0,0,0,0,0,0,24,0.0,0.3684210526315789
unsw,unsw,29,True,logistic,temporal,0,cap,Benign,9132,0,129,3,2,0,1,0,3,9003,0.00011107408641563923,0.014126149802890934
unsw,unsw,29,True,logistic,temporal,0,cap,Reconnaissance,157,157,33,1,1,0,0,1,0,124,0.0,0.21019108280254778
unsw,unsw,29,True,logistic,temporal,0,cap,Fuzzers,358,358,18,1,1,0,0,1,0,340,0.0,0.05027932960893855
unsw,unsw,29,True,logistic,temporal,0,cap,Exploits,547,547,277,3,3,0,0,3,0,270,0.0,0.506398537477148
unsw,unsw,29,True,logistic,temporal,0,cap,Generic,85,85,21,1,1,0,0,1,0,64,0.0,0.24705882352941178
unsw,unsw,29,True,logistic,temporal,0,cap,Analysis,11,11,11,0,0,0,0,0,0,0,,1.0
unsw,unsw,29,True,logistic,temporal,0,cap,Shellcode,23,23,1,0,0,0,0,0,0,22,0.0,0.043478260869565216
unsw,unsw,29,True,logistic,temporal,0,cap,DoS,66,66,18,2,0,2,0,2,0,48,0.041666666666666664,0.2727272727272727
unsw,unsw,29,True,logistic,temporal,0,cap,Backdoor,38,38,10,0,0,0,0,0,0,28,0.0,0.2631578947368421
unsw,unsw,29,True,logistic,temporal,0,random,Benign,9132,0,453,3,0,0,3,0,3,8679,0.0003456619426201175,0.049605781865965835
unsw,unsw,29,True,logistic,temporal,0,random,Reconnaissance,157,157,5,1,0,1,0,1,0,152,0.006578947368421052,0.03184713375796178
unsw,unsw,29,True,logistic,temporal,0,random,Fuzzers,358,358,21,1,0,1,0,1,0,337,0.002967359050445104,0.05865921787709497
unsw,unsw,29,True,logistic,temporal,0,random,Exploits,547,547,27,3,0,3,0,3,0,520,0.0057692307692307696,0.04936014625228519
unsw,unsw,29,True,logistic,temporal,0,random,Generic,85,85,4,1,0,1,0,1,0,81,0.012345679012345678,0.047058823529411764
unsw,unsw,29,True,logistic,temporal,0,random,Analysis,11,11,1,0,0,0,0,0,0,10,0.0,0.09090909090909091
unsw,unsw,29,True,logistic,temporal,0,random,Shellcode,23,23,1,0,0,0,0,0,0,22,0.0,0.043478260869565216
unsw,unsw,29,True,logistic,temporal,0,random,DoS,66,66,3,2,0,2,0,2,0,63,0.031746031746031744,0.045454545454545456
unsw,unsw,29,True,logistic,temporal,0,random,Backdoor,38,38,3,0,0,0,0,0,0,35,0.0,0.07894736842105263
unsw,unsw,29,True,logistic,size,0,frozen,Benign,9132,0,726,3,2,0,1,0,3,8406,0.00011896264572924102,0.0795006570302234
unsw,unsw,29,True,logistic,size,0,frozen,Reconnaissance,157,157,33,1,1,0,0,1,0,124,0.0,0.21019108280254778
unsw,unsw,29,True,logistic,size,0,frozen,Fuzzers,358,358,54,0,0,0,0,0,0,304,0.0,0.15083798882681565
unsw,unsw,29,True,logistic,size,0,frozen,Exploits,547,547,338,4,4,0,0,4,0,209,0.0,0.6179159049360147
unsw,unsw,29,True,logistic,size,0,frozen,Generic,85,85,40,0,0,0,0,0,0,45,0.0,0.47058823529411764
unsw,unsw,29,True,logistic,size,0,frozen,Analysis,11,11,11,0,0,0,0,0,0,0,,1.0
unsw,unsw,29,True,logistic,size,0,frozen,Shellcode,23,23,6,0,0,0,0,0,0,17,0.0,0.2608695652173913
unsw,unsw,29,True,logistic,size,0,frozen,DoS,66,66,20,2,0,2,0,2,0,46,0.043478260869565216,0.30303030303030304
unsw,unsw,29,True,logistic,size,0,frozen,Backdoor,38,38,20,1,1,0,0,1,0,18,0.0,0.5263157894736842
unsw,unsw,29,True,logistic,size,0,cap,Benign,9132,0,88,3,2,0,1,0,3,9044,0.00011057054400707652,0.009636443276390714
unsw,unsw,29,True,logistic,size,0,cap,Reconnaissance,157,157,24,1,1,0,0,1,0,133,0.0,0.15286624203821655
unsw,unsw,29,True,logistic,size,0,cap,Fuzzers,358,358,18,0,0,0,0,0,0,340,0.0,0.05027932960893855
unsw,unsw,29,True,logistic,size,0,cap,Exploits,547,547,308,4,3,1,0,4,0,239,0.0041841004184100415,0.5630712979890311
unsw,unsw,29,True,logistic,size,0,cap,Generic,85,85,37,0,0,0,0,0,0,48,0.0,0.43529411764705883
unsw,unsw,29,True,logistic,size,0,cap,Analysis,11,11,11,0,0,0,0,0,0,0,,1.0
unsw,unsw,29,True,logistic,size,0,cap,Shellcode,23,23,0,0,0,0,0,0,0,23,0.0,0.0
unsw,unsw,29,True,logistic,size,0,cap,DoS,66,66,20,2,0,2,0,2,0,46,0.043478260869565216,0.30303030303030304
unsw,unsw,29,True,logistic,size,0,cap,Backdoor,38,38,12,1,1,0,0,1,0,26,0.0,0.3157894736842105
unsw,unsw,29,True,logistic,size,0,random,Benign,9132,0,453,3,0,0,3,0,3,8679,0.0003456619426201175,0.049605781865965835
unsw,unsw,29,True,logistic,size,0,random,Reconnaissance,157,157,5,1,0,1,0,1,0,152,0.006578947368421052,0.03184713375796178
unsw,unsw,29,True,logistic,size,0,random,Fuzzers,358,358,21,0,0,0,0,0,0,337,0.0,0.05865921787709497
unsw,unsw,29,True,logistic,size,0,random,Exploits,547,547,27,4,0,4,0,4,0,520,0.007692307692307693,0.04936014625228519
unsw,unsw,29,True,logistic,size,0,random,Generic,85,85,4,0,0,0,0,0,0,81,0.0,0.047058823529411764
unsw,unsw,29,True,logistic,size,0,random,Analysis,11,11,1,0,0,0,0,0,0,10,0.0,0.09090909090909091
unsw,unsw,29,True,logistic,size,0,random,Shellcode,23,23,1,0,0,0,0,0,0,22,0.0,0.043478260869565216
unsw,unsw,29,True,logistic,size,0,random,DoS,66,66,3,2,0,2,0,2,0,63,0.031746031746031744,0.045454545454545456
unsw,unsw,29,True,logistic,size,0,random,Backdoor,38,38,3,1,0,1,0,1,0,35,0.02857142857142857,0.07894736842105263
unsw,unsw,29,True,logistic,tcp,0,frozen,Benign,9132,0,968,3,1,0,2,0,3,8164,0.0002449779519843214,0.10600087604029786
unsw,unsw,29,True,logistic,tcp,0,frozen,Reconnaissance,157,157,39,0,0,0,0,0,0,118,0.0,0.2484076433121019
unsw,unsw,29,True,logistic,tcp,0,frozen,Fuzzers,358,358,31,0,0,0,0,0,0,327,0.0,0.08659217877094973
unsw,unsw,29,True,logistic,tcp,0,frozen,Exploits,547,547,326,14,8,6,0,14,0,221,0.027149321266968326,0.5959780621572212
unsw,unsw,29,True,logistic,tcp,0,frozen,Generic,85,85,37,2,2,0,0,2,0,48,0.0,0.43529411764705883
unsw,unsw,29,True,logistic,tcp,0,frozen,Analysis,11,11,11,0,0,0,0,0,0,0,,1.0
unsw,unsw,29,True,logistic,tcp,0,frozen,Shellcode,23,23,1,0,0,0,0,0,0,22,0.0,0.043478260869565216
unsw,unsw,29,True,logistic,tcp,0,frozen,DoS,66,66,23,3,1,2,0,3,0,43,0.046511627906976744,0.3484848484848485
unsw,unsw,29,True,logistic,tcp,0,frozen,Backdoor,38,38,15,1,1,0,0,1,0,23,0.0,0.39473684210526316
unsw,unsw,29,True,logistic,tcp,0,cap,Benign,9132,0,143,3,1,0,2,0,3,8989,0.00022249415952831238,0.01565922032413491
unsw,unsw,29,True,logistic,tcp,0,cap,Reconnaissance,157,157,20,0,0,0,0,0,0,137,0.0,0.12738853503184713
unsw,unsw,29,True,logistic,tcp,0,cap,Fuzzers,358,358,21,0,0,0,0,0,0,337,0.0,0.05865921787709497
unsw,unsw,29,True,logistic,tcp,0,cap,Exploits,547,547,275,14,8,6,0,14,0,272,0.022058823529411766,0.5027422303473492
unsw,unsw,29,True,logistic,tcp,0,cap,Generic,85,85,19,2,2,0,0,2,0,66,0.0,0.2235294117647059
unsw,unsw,29,True,logistic,tcp,0,cap,Analysis,11,11,10,0,0,0,0,0,0,1,0.0,0.9090909090909091
unsw,unsw,29,True,logistic,tcp,0,cap,Shellcode,23,23,0,0,0,0,0,0,0,23,0.0,0.0
unsw,unsw,29,True,logistic,tcp,0,cap,DoS,66,66,18,3,1,2,0,3,0,48,0.041666666666666664,0.2727272727272727
unsw,unsw,29,True,logistic,tcp,0,cap,Backdoor,38,38,12,1,1,0,0,1,0,26,0.0,0.3157894736842105
unsw,unsw,29,True,logistic,tcp,0,random,Benign,9132,0,453,3,0,0,3,0,3,8679,0.0003456619426201175,0.049605781865965835
unsw,unsw,29,True,logistic,tcp,0,random,Reconnaissance,157,157,5,0,0,0,0,0,0,152,0.0,0.03184713375796178
unsw,unsw,29,True,logistic,tcp,0,random,Fuzzers,358,358,21,0,0,0,0,0,0,337,0.0,0.05865921787709497
unsw,unsw,29,True,logistic,tcp,0,random,Exploits,547,547,27,14,0,14,0,14,0,520,0.026923076923076925,0.04936014625228519
unsw,unsw,29,True,logistic,tcp,0,random,Generic,85,85,4,2,0,2,0,2,0,81,0.024691358024691357,0.047058823529411764
unsw,unsw,29,True,logistic,tcp,0,random,Analysis,11,11,1,0,0,0,0,0,0,10,0.0,0.09090909090909091
unsw,unsw,29,True,logistic,tcp,0,random,Shellcode,23,23,1,0,0,0,0,0,0,22,0.0,0.043478260869565216
unsw,unsw,29,True,logistic,tcp,0,random,DoS,66,66,3,3,0,3,0,3,0,63,0.047619047619047616,0.045454545454545456
unsw,unsw,29,True,logistic,tcp,0,random,Backdoor,38,38,3,1,0,1,0,1,0,35,0.02857142857142857,0.07894736842105263
unsw,unsw,29,True,logistic,temporal+tcp,0,frozen,Benign,9132,0,1437,3,2,0,1,0,3,7695,0.0001299545159194282,0.1573587385019711
unsw,unsw,29,True,logistic,temporal+tcp,0,frozen,Reconnaissance,157,157,38,1,1,0,0,1,0,119,0.0,0.24203821656050956
unsw,unsw,29,True,logistic,temporal+tcp,0,frozen,Fuzzers,358,358,31,1,1,0,0,1,0,327,0.0,0.08659217877094973
unsw,unsw,29,True,logistic,temporal+tcp,0,frozen,Exploits,547,547,304,15,9,6,0,15,0,243,0.024691358024691357,0.5557586837294333
unsw,unsw,29,True,logistic,temporal+tcp,0,frozen,Generic,85,85,24,2,2,0,0,2,0,61,0.0,0.2823529411764706
unsw,unsw,29,True,logistic,temporal+tcp,0,frozen,Analysis,11,11,11,0,0,0,0,0,0,0,,1.0
unsw,unsw,29,True,logistic,temporal+tcp,0,frozen,Shellcode,23,23,1,0,0,0,0,0,0,22,0.0,0.043478260869565216
unsw,unsw,29,True,logistic,temporal+tcp,0,frozen,DoS,66,66,23,2,0,2,0,2,0,43,0.046511627906976744,0.3484848484848485
unsw,unsw,29,True,logistic,temporal+tcp,0,frozen,Backdoor,38,38,15,0,0,0,0,0,0,23,0.0,0.39473684210526316
unsw,unsw,29,True,logistic,temporal+tcp,0,cap,Benign,9132,0,99,3,1,0,2,0,3,9033,0.0002214103841470165,0.010840998685939553
unsw,unsw,29,True,logistic,temporal+tcp,0,cap,Reconnaissance,157,157,36,1,1,0,0,1,0,121,0.0,0.22929936305732485
unsw,unsw,29,True,logistic,temporal+tcp,0,cap,Fuzzers,358,358,30,1,1,0,0,1,0,328,0.0,0.08379888268156424
unsw,unsw,29,True,logistic,temporal+tcp,0,cap,Exploits,547,547,287,15,9,6,0,15,0,260,0.023076923076923078,0.5246800731261426
unsw,unsw,29,True,logistic,temporal+tcp,0,cap,Generic,85,85,22,2,2,0,0,2,0,63,0.0,0.25882352941176473
unsw,unsw,29,True,logistic,temporal+tcp,0,cap,Analysis,11,11,10,0,0,0,0,0,0,1,0.0,0.9090909090909091
unsw,unsw,29,True,logistic,temporal+tcp,0,cap,Shellcode,23,23,0,0,0,0,0,0,0,23,0.0,0.0
unsw,unsw,29,True,logistic,temporal+tcp,0,cap,DoS,66,66,23,2,0,2,0,2,0,43,0.046511627906976744,0.3484848484848485
unsw,unsw,29,True,logistic,temporal+tcp,0,cap,Backdoor,38,38,11,0,0,0,0,0,0,27,0.0,0.2894736842105263
unsw,unsw,29,True,logistic,temporal+tcp,0,random,Benign,9132,0,453,3,0,0,3,0,3,8679,0.0003456619426201175,0.049605781865965835
unsw,unsw,29,True,logistic,temporal+tcp,0,random,Reconnaissance,157,157,5,1,0,1,0,1,0,152,0.006578947368421052,0.03184713375796178
unsw,unsw,29,True,logistic,temporal+tcp,0,random,Fuzzers,358,358,21,1,0,1,0,1,0,337,0.002967359050445104,0.05865921787709497
unsw,unsw,29,True,logistic,temporal+tcp,0,random,Exploits,547,547,27,15,0,15,0,15,0,520,0.028846153846153848,0.04936014625228519
unsw,unsw,29,True,logistic,temporal+tcp,0,random,Generic,85,85,4,2,0,2,0,2,0,81,0.024691358024691357,0.047058823529411764
unsw,unsw,29,True,logistic,temporal+tcp,0,random,Analysis,11,11,1,0,0,0,0,0,0,10,0.0,0.09090909090909091
unsw,unsw,29,True,logistic,temporal+tcp,0,random,Shellcode,23,23,1,0,0,0,0,0,0,22,0.0,0.043478260869565216
unsw,unsw,29,True,logistic,temporal+tcp,0,random,DoS,66,66,3,2,0,2,0,2,0,63,0.031746031746031744,0.045454545454545456
unsw,unsw,29,True,logistic,temporal+tcp,0,random,Backdoor,38,38,3,0,0,0,0,0,0,35,0.0,0.07894736842105263
unsw,unsw,29,True,logistic,random10,0,frozen,Benign,9132,0,767,55,23,0,32,0,55,8365,0.003825463239689181,0.08399036355672361
unsw,unsw,29,True,logistic,random10,0,frozen,Reconnaissance,157,157,42,8,7,1,0,8,0,115,0.008695652173913044,0.267515923566879
unsw,unsw,29,True,logistic,random10,0,frozen,Fuzzers,358,358,71,14,8,6,0,14,0,287,0.020905923344947737,0.19832402234636873
unsw,unsw,29,True,logistic,random10,0,frozen,Exploits,547,547,298,50,47,3,0,50,0,249,0.012048192771084338,0.5447897623400365
unsw,unsw,29,True,logistic,random10,0,frozen,Generic,85,85,24,10,5,5,0,10,0,61,0.08196721311475409,0.2823529411764706
unsw,unsw,29,True,logistic,random10,0,frozen,Analysis,11,11,11,0,0,0,0,0,0,0,,1.0
unsw,unsw,29,True,logistic,random10,0,frozen,Shellcode,23,23,3,0,0,0,0,0,0,20,0.0,0.13043478260869565
unsw,unsw,29,True,logistic,random10,0,frozen,DoS,66,66,21,7,5,2,0,7,0,45,0.044444444444444446,0.3181818181818182
unsw,unsw,29,True,logistic,random10,0,frozen,Backdoor,38,38,17,3,2,1,0,3,0,21,0.047619047619047616,0.4473684210526316
unsw,unsw,29,True,logistic,random10,0,cap,Benign,9132,0,198,55,16,0,39,0,55,8934,0.004365345869711216,0.021681997371879105
unsw,unsw,29,True,logistic,random10,0,cap,Reconnaissance,157,157,21,8,1,7,0,8,0,136,0.051470588235294115,0.1337579617834395
unsw,unsw,29,True,logistic,random10,0,cap,Fuzzers,358,358,40,14,7,7,0,14,0,318,0.0220125786163522,0.11173184357541899
unsw,unsw,29,True,logistic,random10,0,cap,Exploits,547,547,214,50,42,8,0,50,0,333,0.024024024024024024,0.3912248628884826
unsw,unsw,29,True,logistic,random10,0,cap,Generic,85,85,15,10,4,6,0,10,0,70,0.08571428571428572,0.17647058823529413
unsw,unsw,29,True,logistic,random10,0,cap,Analysis,11,11,7,0,0,0,0,0,0,4,0.0,0.6363636363636364
unsw,unsw,29,True,logistic,random10,0,cap,Shellcode,23,23,0,0,0,0,0,0,0,23,0.0,0.0
unsw,unsw,29,True,logistic,random10,0,cap,DoS,66,66,14,7,3,4,0,7,0,52,0.07692307692307693,0.21212121212121213
unsw,unsw,29,True,logistic,random10,0,cap,Backdoor,38,38,9,3,1,2,0,3,0,29,0.06896551724137931,0.23684210526315788
unsw,unsw,29,True,logistic,random10,0,random,Benign,9132,0,453,55,4,0,51,0,55,8679,0.005876253024541998,0.049605781865965835
unsw,unsw,29,True,logistic,random10,0,random,Reconnaissance,157,157,5,8,0,8,0,8,0,152,0.05263157894736842,0.03184713375796178
unsw,unsw,29,True,logistic,random10,0,random,Fuzzers,358,358,21,14,1,13,0,14,0,337,0.03857566765578635,0.05865921787709497
unsw,unsw,29,True,logistic,random10,0,random,Exploits,547,547,27,50,3,47,0,50,0,520,0.09038461538461538,0.04936014625228519
unsw,unsw,29,True,logistic,random10,0,random,Generic,85,85,4,10,0,10,0,10,0,81,0.12345679012345678,0.047058823529411764
unsw,unsw,29,True,logistic,random10,0,random,Analysis,11,11,1,0,0,0,0,0,0,10,0.0,0.09090909090909091
unsw,unsw,29,True,logistic,random10,0,random,Shellcode,23,23,1,0,0,0,0,0,0,22,0.0,0.043478260869565216
unsw,unsw,29,True,logistic,random10,0,random,DoS,66,66,3,7,1,6,0,7,0,63,0.09523809523809523,0.045454545454545456
unsw,unsw,29,True,logistic,random10,0,random,Backdoor,38,38,3,3,0,3,0,3,0,35,0.08571428571428572,0.07894736842105263
unsw,ton,29,True,logistic,clean,0,frozen,Benign,1833,0,205,32,16,0,16,0,32,1628,0.009828009828009828,0.11183851609383524
unsw,ton,29,True,logistic,clean,0,frozen,xss,7211,7211,53,7184,27,7157,0,7184,0,7158,0.9998602961721151,0.007349882124531965
unsw,ton,29,True,logistic,clean,0,frozen,ransomware,15,15,0,14,0,14,0,14,0,15,0.9333333333333333,0.0
unsw,ton,29,True,logistic,clean,0,frozen,Backdoor,288,288,0,288,0,288,0,288,0,288,1.0,0.0
unsw,ton,29,True,logistic,clean,0,frozen,mitm,20,20,9,16,5,11,0,16,0,11,1.0,0.45
unsw,ton,29,True,logistic,clean,0,cap,Benign,1833,0,140,32,9,0,23,0,32,1693,0.013585351447135264,0.07637752318603383
unsw,ton,29,True,logistic,clean,0,cap,xss,7211,7211,307,7184,280,6904,0,7184,0,6904,1.0,0.042573845513798364
unsw,ton,29,True,logistic,clean,0,cap,ransomware,15,15,0,14,0,14,0,14,0,15,0.9333333333333333,0.0
unsw,ton,29,True,logistic,clean,0,cap,Backdoor,288,288,0,288,0,288,0,288,0,288,1.0,0.0
unsw,ton,29,True,logistic,clean,0,cap,mitm,20,20,7,16,4,12,0,16,0,13,0.9230769230769231,0.35
unsw,ton,29,True,logistic,clean,0,random,Benign,1833,0,77,32,0,0,32,0,32,1756,0.018223234624145785,0.042007637752318604
unsw,ton,29,True,logistic,clean,0,random,xss,7211,7211,366,7184,366,6818,0,7184,0,6845,0.9960555149744339,0.050755789765635835
unsw,ton,29,True,logistic,clean,0,random,ransomware,15,15,1,14,1,13,0,14,0,14,0.9285714285714286,0.06666666666666667
unsw,ton,29,True,logistic,clean,0,random,Backdoor,288,288,9,288,9,279,0,288,0,279,1.0,0.03125
unsw,ton,29,True,logistic,clean,0,random,mitm,20,20,1,16,1,15,0,16,0,19,0.7894736842105263,0.05
unsw,ton,29,True,logistic,temporal,0,frozen,Benign,1833,0,226,32,17,0,15,0,32,1607,0.009334163036714374,0.12329514457174032
unsw,ton,29,True,logistic,temporal,0,frozen,xss,7211,7211,52,7183,24,7159,0,7183,0,7159,1.0,0.0072112051033143805
unsw,ton,29,True,logistic,temporal,0,frozen,ransomware,15,15,0,14,0,14,0,14,0,15,0.9333333333333333,0.0
unsw,ton,29,True,logistic,temporal,0,frozen,Backdoor,288,288,0,288,0,288,0,288,0,288,1.0,0.0
unsw,ton,29,True,logistic,temporal,0,frozen,mitm,20,20,9,15,5,10,0,15,0,11,0.9090909090909091,0.45
unsw,ton,29,True,logistic,temporal,0,cap,Benign,1833,0,175,32,11,0,21,0,32,1658,0.012665862484921592,0.09547190398254228
unsw,ton,29,True,logistic,temporal,0,cap,xss,7211,7211,273,7183,245,6938,0,7183,0,6938,1.0,0.0378588267924005
unsw,ton,29,True,logistic,temporal,0,cap,ransomware,15,15,0,14,0,14,0,14,0,15,0.9333333333333333,0.0
unsw,ton,29,True,logistic,temporal,0,cap,Backdoor,288,288,0,288,0,288,0,288,0,288,1.0,0.0
unsw,ton,29,True,logistic,temporal,0,cap,mitm,20,20,6,15,4,11,0,15,0,14,0.7857142857142857,0.3
unsw,ton,29,True,logistic,temporal,0,random,Benign,1833,0,77,32,0,0,32,0,32,1756,0.018223234624145785,0.042007637752318604
unsw,ton,29,True,logistic,temporal,0,random,xss,7211,7211,366,7183,366,6817,0,7183,0,6845,0.99590942293645,0.050755789765635835
unsw,ton,29,True,logistic,temporal,0,random,ransomware,15,15,1,14,1,13,0,14,0,14,0.9285714285714286,0.06666666666666667
unsw,ton,29,True,logistic,temporal,0,random,Backdoor,288,288,9,288,9,279,0,288,0,279,1.0,0.03125
unsw,ton,29,True,logistic,temporal,0,random,mitm,20,20,1,15,0,15,0,15,0,19,0.7894736842105263,0.05
unsw,ton,29,True,logistic,size,0,frozen,Benign,1833,0,406,47,34,0,13,0,47,1427,0.009110021023125438,0.2214948172394981
unsw,ton,29,True,logistic,size,0,frozen,xss,7211,7211,57,7171,17,7154,0,7171,0,7154,1.0,0.007904590209402302
unsw,ton,29,True,logistic,size,0,frozen,ransomware,15,15,1,14,0,14,0,14,0,14,1.0,0.06666666666666667
unsw,ton,29,True,logistic,size,0,frozen,Backdoor,288,288,0,288,0,288,0,288,0,288,1.0,0.0
unsw,ton,29,True,logistic,size,0,frozen,mitm,20,20,5,12,2,10,0,12,0,15,0.6666666666666666,0.25
unsw,ton,29,True,logistic,size,0,cap,Benign,1833,0,171,47,10,0,37,0,47,1662,0.022262334536702767,0.09328968903436989
unsw,ton,29,True,logistic,size,0,cap,xss,7211,7211,282,7171,242,6929,0,7171,0,6929,1.0,0.03910691998335876
unsw,ton,29,True,logistic,size,0,cap,ransomware,15,15,1,14,0,14,0,14,0,14,1.0,0.06666666666666667
unsw,ton,29,True,logistic,size,0,cap,Backdoor,288,288,0,288,0,288,0,288,0,288,1.0,0.0
unsw,ton,29,True,logistic,size,0,cap,mitm,20,20,0,12,0,12,0,12,0,20,0.6,0.0
unsw,ton,29,True,logistic,size,0,random,Benign,1833,0,77,47,2,0,45,0,47,1756,0.02562642369020501,0.042007637752318604
unsw,ton,29,True,logistic,size,0,random,xss,7211,7211,366,7171,366,6805,0,7171,0,6845,0.9941563184806428,0.050755789765635835
unsw,ton,29,True,logistic,size,0,random,ransomware,15,15,1,14,1,13,0,14,0,14,0.9285714285714286,0.06666666666666667
unsw,ton,29,True,logistic,size,0,random,Backdoor,288,288,9,288,9,279,0,288,0,279,1.0,0.03125
unsw,ton,29,True,logistic,size,0,random,mitm,20,20,1,12,1,11,0,12,0,19,0.5789473684210527,0.05
unsw,ton,29,True,logistic,tcp,0,frozen,Benign,1833,0,120,64,47,0,17,0,64,1713,0.0099241097489784,0.06546644844517185
unsw,ton,29,True,logistic,tcp,0,frozen,xss,7211,7211,48,7192,31,7161,0,7192,0,7163,0.9997207873795896,0.006656497018444044
unsw,ton,29,True,logistic,tcp,0,frozen,ransomware,15,15,0,14,0,14,0,14,0,15,0.9333333333333333,0.0
unsw,ton,29,True,logistic,tcp,0,frozen,Backdoor,288,288,22,17,2,15,0,17,0,266,0.05639097744360902,0.0763888888888889
unsw,ton,29,True,logistic,tcp,0,frozen,mitm,20,20,9,15,5,10,0,15,0,11,0.9090909090909091,0.45
unsw,ton,29,True,logistic,tcp,0,cap,Benign,1833,0,131,64,35,0,29,0,64,1702,0.017038777908343124,0.07146753955264594
unsw,ton,29,True,logistic,tcp,0,cap,xss,7211,7211,306,7192,287,6905,0,7192,0,6905,1.0,0.04243516849258078
unsw,ton,29,True,logistic,tcp,0,cap,ransomware,15,15,0,14,0,14,0,14,0,15,0.9333333333333333,0.0
unsw,ton,29,True,logistic,tcp,0,cap,Backdoor,288,288,11,17,1,16,0,17,0,277,0.05776173285198556,0.03819444444444445
unsw,ton,29,True,logistic,tcp,0,cap,mitm,20,20,6,15,3,12,0,15,0,14,0.8571428571428571,0.3
unsw,ton,29,True,logistic,tcp,0,random,Benign,1833,0,77,64,1,0,63,0,64,1756,0.035876993166287015,0.042007637752318604
unsw,ton,29,True,logistic,tcp,0,random,xss,7211,7211,366,7192,366,6826,0,7192,0,6845,0.9972242512783054,0.050755789765635835
unsw,ton,29,True,logistic,tcp,0,random,ransomware,15,15,1,14,1,13,0,14,0,14,0.9285714285714286,0.06666666666666667
unsw,ton,29,True,logistic,tcp,0,random,Backdoor,288,288,9,17,0,17,0,17,0,279,0.06093189964157706,0.03125
unsw,ton,29,True,logistic,tcp,0,random,mitm,20,20,1,15,0,15,0,15,0,19,0.7894736842105263,0.05
unsw,ton,29,True,logistic,temporal+tcp,0,frozen,Benign,1833,0,169,53,37,0,16,0,53,1664,0.009615384615384616,0.09219858156028368
unsw,ton,29,True,logistic,temporal+tcp,0,frozen,xss,7211,7211,51,7192,32,7160,0,7192,0,7160,1.0,0.007072528082096796
unsw,ton,29,True,logistic,temporal+tcp,0,frozen,ransomware,15,15,0,14,0,14,0,14,0,15,0.9333333333333333,0.0
unsw,ton,29,True,logistic,temporal+tcp,0,frozen,Backdoor,288,288,0,5,0,5,0,5,0,288,0.017361111111111112,0.0
unsw,ton,29,True,logistic,temporal+tcp,0,frozen,mitm,20,20,8,14,4,10,0,14,0,12,0.8333333333333334,0.4
unsw,ton,29,True,logistic,temporal+tcp,0,cap,Benign,1833,0,219,53,24,0,29,0,53,1614,0.017967781908302356,0.11947626841243862
unsw,ton,29,True,logistic,temporal+tcp,0,cap,xss,7211,7211,230,7192,211,6981,0,7192,0,6981,1.0,0.031895714880044376
unsw,ton,29,True,logistic,temporal+tcp,0,cap,ransomware,15,15,0,14,0,14,0,14,0,15,0.9333333333333333,0.0
unsw,ton,29,True,logistic,temporal+tcp,0,cap,Backdoor,288,288,0,5,0,5,0,5,0,288,0.017361111111111112,0.0
unsw,ton,29,True,logistic,temporal+tcp,0,cap,mitm,20,20,5,14,3,11,0,14,0,15,0.7333333333333333,0.25
unsw,ton,29,True,logistic,temporal+tcp,0,random,Benign,1833,0,77,53,2,0,51,0,53,1756,0.029043280182232345,0.042007637752318604
unsw,ton,29,True,logistic,temporal+tcp,0,random,xss,7211,7211,366,7192,366,6826,0,7192,0,6845,0.9972242512783054,0.050755789765635835
unsw,ton,29,True,logistic,temporal+tcp,0,random,ransomware,15,15,1,14,1,13,0,14,0,14,0.9285714285714286,0.06666666666666667
unsw,ton,29,True,logistic,temporal+tcp,0,random,Backdoor,288,288,9,5,0,5,0,5,0,279,0.017921146953405017,0.03125
unsw,ton,29,True,logistic,temporal+tcp,0,random,mitm,20,20,1,14,0,14,0,14,0,19,0.7368421052631579,0.05
unsw,ton,29,True,logistic,random10,0,frozen,Benign,1833,0,219,183,66,0,117,0,183,1614,0.0724907063197026,0.11947626841243862
unsw,ton,29,True,logistic,random10,0,frozen,xss,7211,7211,388,6670,212,6458,0,6670,0,6823,0.9465044701744101,0.053806684232422686
unsw,ton,29,True,logistic,random10,0,frozen,ransomware,15,15,1,12,0,12,0,12,0,14,0.8571428571428571,0.06666666666666667
unsw,ton,29,True,logistic,random10,0,frozen,Backdoor,288,288,57,260,49,211,0,260,0,231,0.9134199134199135,0.19791666666666666
unsw,ton,29,True,logistic,random10,0,frozen,mitm,20,20,7,17,7,10,0,17,0,13,0.7692307692307693,0.35
unsw,ton,29,True,logistic,random10,0,cap,Benign,1833,0,79,183,35,0,148,0,183,1754,0.08437856328392246,0.0430987452264048
unsw,ton,29,True,logistic,random10,0,cap,xss,7211,7211,362,6670,195,6475,0,6670,0,6849,0.9453934881004527,0.050201081680765494
unsw,ton,29,True,logistic,random10,0,cap,ransomware,15,15,1,12,0,12,0,12,0,14,0.8571428571428571,0.06666666666666667
unsw,ton,29,True,logistic,random10,0,cap,Backdoor,288,288,8,260,7,253,0,260,0,280,0.9035714285714286,0.027777777777777776
unsw,ton,29,True,logistic,random10,0,cap,mitm,20,20,4,17,4,13,0,17,0,16,0.8125,0.2
unsw,ton,29,True,logistic,random10,0,random,Benign,1833,0,77,183,10,0,173,0,183,1756,0.09851936218678815,0.042007637752318604
unsw,ton,29,True,logistic,random10,0,random,xss,7211,7211,366,6670,337,6333,0,6670,0,6845,0.9252008765522279,0.050755789765635835
unsw,ton,29,True,logistic,random10,0,random,ransomware,15,15,1,12,0,12,0,12,0,14,0.8571428571428571,0.06666666666666667
unsw,ton,29,True,logistic,random10,0,random,Backdoor,288,288,9,260,9,251,0,260,0,279,0.899641577060932,0.03125
unsw,ton,29,True,logistic,random10,0,random,mitm,20,20,1,17,1,16,0,17,0,19,0.8421052631578947,0.05
unsw,cic,29,True,logistic,clean,0,frozen,Benign,11886,0,1657,2751,400,0,2351,0,2751,10229,0.22983673868413335,0.13940770654551574
unsw,cic,29,True,logistic,clean,0,frozen,Infilteration,213,213,33,155,29,126,0,155,0,180,0.7,0.15492957746478872
unsw,cic,29,True,logistic,clean,0,frozen,Bot,93,93,3,93,3,90,0,93,0,90,1.0,0.03225806451612903
unsw,cic,29,True,logistic,clean,0,cap,Benign,11886,0,585,2751,139,0,2612,0,2751,11301,0.23112998849659322,0.04921756688541141
unsw,cic,29,True,logistic,clean,0,cap,Infilteration,213,213,14,155,12,143,0,155,0,199,0.7185929648241206,0.06572769953051644
unsw,cic,29,True,logistic,clean,0,cap,Bot,93,93,0,93,0,93,0,93,0,93,1.0,0.0
unsw,cic,29,True,logistic,clean,0,random,Benign,11886,0,575,2751,121,0,2630,0,2751,11311,0.23251701883122625,0.048376240955746254
unsw,cic,29,True,logistic,clean,0,random,Infilteration,213,213,17,155,13,142,0,155,0,196,0.7244897959183674,0.07981220657276995
unsw,cic,29,True,logistic,clean,0,random,Bot,93,93,7,93,7,86,0,93,0,86,1.0,0.07526881720430108
unsw,cic,29,True,logistic,temporal,0,frozen,Benign,11886,0,1884,3057,464,0,2593,0,3057,10002,0.259248150369926,0.15850580514891469
unsw,cic,29,True,logistic,temporal,0,frozen,Infilteration,213,213,19,154,16,138,0,154,0,194,0.711340206185567,0.0892018779342723
unsw,cic,29,True,logistic,temporal,0,frozen,Bot,93,93,2,93,2,91,0,93,0,91,1.0,0.021505376344086023
unsw,cic,29,True,logistic,temporal,0,cap,Benign,11886,0,596,3057,281,0,2776,0,3057,11290,0.245881310894597,0.05014302540804308
unsw,cic,29,True,logistic,temporal,0,cap,Infilteration,213,213,3,154,2,152,0,154,0,210,0.7238095238095238,0.014084507042253521
unsw,cic,29,True,logistic,temporal,0,cap,Bot,93,93,0,93,0,93,0,93,0,93,1.0,0.0
unsw,cic,29,True,logistic,temporal,0,random,Benign,11886,0,575,3057,139,0,2918,0,3057,11311,0.25797895853593844,0.048376240955746254
unsw,cic,29,True,logistic,temporal,0,random,Infilteration,213,213,17,154,12,142,0,154,0,196,0.7244897959183674,0.07981220657276995
unsw,cic,29,True,logistic,temporal,0,random,Bot,93,93,7,93,7,86,0,93,0,86,1.0,0.07526881720430108
unsw,cic,29,True,logistic,size,0,frozen,Benign,11886,0,2583,3474,1291,0,2183,0,3474,9303,0.2346554874771579,0.21731448763250882
unsw,cic,29,True,logistic,size,0,frozen,Infilteration,213,213,38,137,11,126,0,137,0,175,0.72,0.1784037558685446
unsw,cic,29,True,logistic,size,0,frozen,Bot,93,93,93,93,93,0,0,93,0,0,,1.0
unsw,cic,29,True,logistic,size,0,cap,Benign,11886,0,590,3474,365,0,3109,0,3474,11296,0.2752301699716714,0.049638229850243985
unsw,cic,29,True,logistic,size,0,cap,Infilteration,213,213,8,137,2,135,0,137,0,205,0.6585365853658537,0.03755868544600939
unsw,cic,29,True,logistic,size,0,cap,Bot,93,93,1,93,1,92,0,93,0,92,1.0,0.010752688172043012
unsw,cic,29,True,logistic,size,0,random,Benign,11886,0,575,3474,163,0,3311,0,3474,11311,0.292723897091327,0.048376240955746254
unsw,cic,29,True,logistic,size,0,random,Infilteration,213,213,17,137,11,126,0,137,0,196,0.6428571428571429,0.07981220657276995
unsw,cic,29,True,logistic,size,0,random,Bot,93,93,7,93,7,86,0,93,0,86,1.0,0.07526881720430108
unsw,cic,29,True,logistic,tcp,0,frozen,Benign,11886,0,1972,2694,323,0,2371,0,2694,9914,0.23915674803308454,0.16590947332996803
unsw,cic,29,True,logistic,tcp,0,frozen,Infilteration,213,213,37,151,27,124,0,151,0,176,0.7045454545454546,0.17370892018779344
unsw,cic,29,True,logistic,tcp,0,frozen,Bot,93,93,0,93,0,93,0,93,0,93,1.0,0.0
unsw,cic,29,True,logistic,tcp,0,cap,Benign,11886,0,589,2694,183,0,2511,0,2694,11297,0.22227139948658936,0.04955409725727747
unsw,cic,29,True,logistic,tcp,0,cap,Infilteration,213,213,10,151,4,147,0,151,0,203,0.7241379310344828,0.046948356807511735
unsw,cic,29,True,logistic,tcp,0,cap,Bot,93,93,0,93,0,93,0,93,0,93,1.0,0.0
unsw,cic,29,True,logistic,tcp,0,random,Benign,11886,0,575,2694,118,0,2576,0,2694,11311,0.2277429051365927,0.048376240955746254
unsw,cic,29,True,logistic,tcp,0,random,Infilteration,213,213,17,151,12,139,0,151,0,196,0.7091836734693877,0.07981220657276995
unsw,cic,29,True,logistic,tcp,0,random,Bot,93,93,7,93,7,86,0,93,0,86,1.0,0.07526881720430108
unsw,cic,29,True,logistic,temporal+tcp,0,frozen,Benign,11886,0,993,3146,546,0,2600,0,3146,10893,0.23868539428991095,0.08354366481574962
unsw,cic,29,True,logistic,temporal+tcp,0,frozen,Infilteration,213,213,25,151,19,132,0,151,0,188,0.7021276595744681,0.11737089201877934
unsw,cic,29,True,logistic,temporal+tcp,0,frozen,Bot,93,93,0,93,0,93,0,93,0,93,1.0,0.0
unsw,cic,29,True,logistic,temporal+tcp,0,cap,Benign,11886,0,583,3146,296,0,2850,0,3146,11303,0.25214544811112094,0.049049301699478375
unsw,cic,29,True,logistic,temporal+tcp,0,cap,Infilteration,213,213,16,151,12,139,0,151,0,197,0.7055837563451777,0.07511737089201878
unsw,cic,29,True,logistic,temporal+tcp,0,cap,Bot,93,93,0,93,0,93,0,93,0,93,1.0,0.0
unsw,cic,29,True,logistic,temporal+tcp,0,random,Benign,11886,0,575,3146,139,0,3007,0,3146,11311,0.26584740518079747,0.048376240955746254
unsw,cic,29,True,logistic,temporal+tcp,0,random,Infilteration,213,213,17,151,12,139,0,151,0,196,0.7091836734693877,0.07981220657276995
unsw,cic,29,True,logistic,temporal+tcp,0,random,Bot,93,93,7,93,7,86,0,93,0,86,1.0,0.07526881720430108
unsw,cic,29,True,logistic,random10,0,frozen,Benign,11886,0,2125,3184,866,0,2318,0,3184,9761,0.23747566847659052,0.17878176005384486
unsw,cic,29,True,logistic,random10,0,frozen,Infilteration,213,213,41,158,31,127,0,158,0,172,0.7383720930232558,0.19248826291079812
unsw,cic,29,True,logistic,random10,0,frozen,Bot,93,93,14,80,13,67,0,80,0,79,0.8481012658227848,0.15053763440860216
unsw,cic,29,True,logistic,random10,0,cap,Benign,11886,0,585,3184,265,0,2919,0,3184,11301,0.2582957260419432,0.04921756688541141
unsw,cic,29,True,logistic,random10,0,cap,Infilteration,213,213,13,158,10,148,0,158,0,200,0.74,0.06103286384976526
unsw,cic,29,True,logistic,random10,0,cap,Bot,93,93,1,80,1,79,0,80,0,92,0.8586956521739131,0.010752688172043012
unsw,cic,29,True,logistic,random10,0,random,Benign,11886,0,575,3184,157,0,3027,0,3184,11311,0.2676155954380691,0.048376240955746254
unsw,cic,29,True,logistic,random10,0,random,Infilteration,213,213,17,158,13,145,0,158,0,196,0.7397959183673469,0.07981220657276995
unsw,cic,29,True,logistic,random10,0,random,Bot,93,93,7,80,5,75,0,80,0,86,0.872093023255814,0.07526881720430108
unsw,unsw,29,True,forest,clean,0,frozen,Benign,9132,0,29,3,3,0,0,0,3,9103,0.0,0.003175646079719667
unsw,unsw,29,True,forest,clean,0,frozen,Reconnaissance,157,157,24,0,0,0,0,0,0,133,0.0,0.15286624203821655
unsw,unsw,29,True,forest,clean,0,frozen,Fuzzers,358,358,105,0,0,0,0,0,0,253,0.0,0.29329608938547486
unsw,unsw,29,True,forest,clean,0,frozen,Exploits,547,547,212,0,0,0,0,0,0,335,0.0,0.3875685557586837
unsw,unsw,29,True,forest,clean,0,frozen,Generic,85,85,41,0,0,0,0,0,0,44,0.0,0.4823529411764706
unsw,unsw,29,True,forest,clean,0,frozen,Analysis,11,11,1,0,0,0,0,0,0,10,0.0,0.09090909090909091
unsw,unsw,29,True,forest,clean,0,frozen,Shellcode,23,23,6,0,0,0,0,0,0,17,0.0,0.2608695652173913
unsw,unsw,29,True,forest,clean,0,frozen,DoS,66,66,34,0,0,0,0,0,0,32,0.0,0.5151515151515151
unsw,unsw,29,True,forest,clean,0,frozen,Backdoor,38,38,14,0,0,0,0,0,0,24,0.0,0.3684210526315789
unsw,unsw,29,True,forest,clean,0,cap,Benign,9132,0,35,3,3,0,0,0,3,9097,0.0,0.003832676303109943
unsw,unsw,29,True,forest,clean,0,cap,Reconnaissance,157,157,32,0,0,0,0,0,0,125,0.0,0.20382165605095542
unsw,unsw,29,True,forest,clean,0,cap,Fuzzers,358,358,113,0,0,0,0,0,0,245,0.0,0.31564245810055863
unsw,unsw,29,True,forest,clean,0,cap,Exploits,547,547,236,0,0,0,0,0,0,311,0.0,0.43144424131627057
unsw,unsw,29,True,forest,clean,0,cap,Generic,85,85,43,0,0,0,0,0,0,42,0.0,0.5058823529411764
unsw,unsw,29,True,forest,clean,0,cap,Analysis,11,11,2,0,0,0,0,0,0,9,0.0,0.18181818181818182
unsw,unsw,29,True,forest,clean,0,cap,Shellcode,23,23,6,0,0,0,0,0,0,17,0.0,0.2608695652173913
unsw,unsw,29,True,forest,clean,0,cap,DoS,66,66,37,0,0,0,0,0,0,29,0.0,0.5606060606060606
unsw,unsw,29,True,forest,clean,0,cap,Backdoor,38,38,14,0,0,0,0,0,0,24,0.0,0.3684210526315789
unsw,unsw,29,True,forest,clean,0,random,Benign,9132,0,453,3,0,0,3,0,3,8679,0.0003456619426201175,0.049605781865965835
unsw,unsw,29,True,forest,clean,0,random,Reconnaissance,157,157,5,0,0,0,0,0,0,152,0.0,0.03184713375796178
unsw,unsw,29,True,forest,clean,0,random,Fuzzers,358,358,21,0,0,0,0,0,0,337,0.0,0.05865921787709497
unsw,unsw,29,True,forest,clean,0,random,Exploits,547,547,27,0,0,0,0,0,0,520,0.0,0.04936014625228519
unsw,unsw,29,True,forest,clean,0,random,Generic,85,85,4,0,0,0,0,0,0,81,0.0,0.047058823529411764
unsw,unsw,29,True,forest,clean,0,random,Analysis,11,11,1,0,0,0,0,0,0,10,0.0,0.09090909090909091
unsw,unsw,29,True,forest,clean,0,random,Shellcode,23,23,1,0,0,0,0,0,0,22,0.0,0.043478260869565216
unsw,unsw,29,True,forest,clean,0,random,DoS,66,66,3,0,0,0,0,0,0,63,0.0,0.045454545454545456
unsw,unsw,29,True,forest,clean,0,random,Backdoor,38,38,3,0,0,0,0,0,0,35,0.0,0.07894736842105263
unsw,unsw,29,True,forest,temporal,0,frozen,Benign,9132,0,29,3,3,0,0,0,3,9103,0.0,0.003175646079719667
unsw,unsw,29,True,forest,temporal,0,frozen,Reconnaissance,157,157,39,0,0,0,0,0,0,118,0.0,0.2484076433121019
unsw,unsw,29,True,forest,temporal,0,frozen,Fuzzers,358,358,117,0,0,0,0,0,0,241,0.0,0.3268156424581006
unsw,unsw,29,True,forest,temporal,0,frozen,Exploits,547,547,250,1,1,0,0,1,0,297,0.0,0.4570383912248629
unsw,unsw,29,True,forest,temporal,0,frozen,Generic,85,85,47,0,0,0,0,0,0,38,0.0,0.5529411764705883
unsw,unsw,29,True,forest,temporal,0,frozen,Analysis,11,11,2,0,0,0,0,0,0,9,0.0,0.18181818181818182
unsw,unsw,29,True,forest,temporal,0,frozen,Shellcode,23,23,7,0,0,0,0,0,0,16,0.0,0.30434782608695654
unsw,unsw,29,True,forest,temporal,0,frozen,DoS,66,66,36,0,0,0,0,0,0,30,0.0,0.5454545454545454
unsw,unsw,29,True,forest,temporal,0,frozen,Backdoor,38,38,19,0,0,0,0,0,0,19,0.0,0.5
unsw,unsw,29,True,forest,temporal,0,cap,Benign,9132,0,29,3,3,0,0,0,3,9103,0.0,0.003175646079719667
unsw,unsw,29,True,forest,temporal,0,cap,Reconnaissance,157,157,36,0,0,0,0,0,0,121,0.0,0.22929936305732485
unsw,unsw,29,True,forest,temporal,0,cap,Fuzzers,358,358,108,0,0,0,0,0,0,250,0.0,0.3016759776536313
unsw,unsw,29,True,forest,temporal,0,cap,Exploits,547,547,240,1,1,0,0,1,0,307,0.0,0.43875685557586835
unsw,unsw,29,True,forest,temporal,0,cap,Generic,85,85,44,0,0,0,0,0,0,41,0.0,0.5176470588235295
unsw,unsw,29,True,forest,temporal,0,cap,Analysis,11,11,2,0,0,0,0,0,0,9,0.0,0.18181818181818182
unsw,unsw,29,True,forest,temporal,0,cap,Shellcode,23,23,7,0,0,0,0,0,0,16,0.0,0.30434782608695654
unsw,unsw,29,True,forest,temporal,0,cap,DoS,66,66,36,0,0,0,0,0,0,30,0.0,0.5454545454545454
unsw,unsw,29,True,forest,temporal,0,cap,Backdoor,38,38,16,0,0,0,0,0,0,22,0.0,0.42105263157894735
unsw,unsw,29,True,forest,temporal,0,random,Benign,9132,0,453,3,0,0,3,0,3,8679,0.0003456619426201175,0.049605781865965835
unsw,unsw,29,True,forest,temporal,0,random,Reconnaissance,157,157,5,0,0,0,0,0,0,152,0.0,0.03184713375796178
unsw,unsw,29,True,forest,temporal,0,random,Fuzzers,358,358,21,0,0,0,0,0,0,337,0.0,0.05865921787709497
unsw,unsw,29,True,forest,temporal,0,random,Exploits,547,547,27,1,0,1,0,1,0,520,0.0019230769230769232,0.04936014625228519
unsw,unsw,29,True,forest,temporal,0,random,Generic,85,85,4,0,0,0,0,0,0,81,0.0,0.047058823529411764
unsw,unsw,29,True,forest,temporal,0,random,Analysis,11,11,1,0,0,0,0,0,0,10,0.0,0.09090909090909091
unsw,unsw,29,True,forest,temporal,0,random,Shellcode,23,23,1,0,0,0,0,0,0,22,0.0,0.043478260869565216
unsw,unsw,29,True,forest,temporal,0,random,DoS,66,66,3,0,0,0,0,0,0,63,0.0,0.045454545454545456
unsw,unsw,29,True,forest,temporal,0,random,Backdoor,38,38,3,0,0,0,0,0,0,35,0.0,0.07894736842105263
unsw,unsw,29,True,forest,size,0,frozen,Benign,9132,0,281,4,4,0,0,0,4,8851,0.0,0.03077091546211126
unsw,unsw,29,True,forest,size,0,frozen,Reconnaissance,157,157,67,0,0,0,0,0,0,90,0.0,0.4267515923566879
unsw,unsw,29,True,forest,size,0,frozen,Fuzzers,358,358,146,0,0,0,0,0,0,212,0.0,0.40782122905027934
unsw,unsw,29,True,forest,size,0,frozen,Exploits,547,547,401,0,0,0,0,0,0,146,0.0,0.7330895795246801
unsw,unsw,29,True,forest,size,0,frozen,Generic,85,85,60,0,0,0,0,0,0,25,0.0,0.7058823529411765
unsw,unsw,29,True,forest,size,0,frozen,Analysis,11,11,10,0,0,0,0,0,0,1,0.0,0.9090909090909091
unsw,unsw,29,True,forest,size,0,frozen,Shellcode,23,23,9,0,0,0,0,0,0,14,0.0,0.391304347826087
unsw,unsw,29,True,forest,size,0,frozen,DoS,66,66,45,0,0,0,0,0,0,21,0.0,0.6818181818181818
unsw,unsw,29,True,forest,size,0,frozen,Backdoor,38,38,22,0,0,0,0,0,0,16,0.0,0.5789473684210527
unsw,unsw,29,True,forest,size,0,cap,Benign,9132,0,57,4,3,0,1,0,4,9075,0.00011019283746556474,0.006241787122207621
unsw,unsw,29,True,forest,size,0,cap,Reconnaissance,157,157,37,0,0,0,0,0,0,120,0.0,0.2356687898089172
unsw,unsw,29,True,forest,size,0,cap,Fuzzers,358,358,75,0,0,0,0,0,0,283,0.0,0.20949720670391062
unsw,unsw,29,True,forest,size,0,cap,Exploits,547,547,247,0,0,0,0,0,0,300,0.0,0.4515539305301645
unsw,unsw,29,True,forest,size,0,cap,Generic,85,85,47,0,0,0,0,0,0,38,0.0,0.5529411764705883
unsw,unsw,29,True,forest,size,0,cap,Analysis,11,11,4,0,0,0,0,0,0,7,0.0,0.36363636363636365
unsw,unsw,29,True,forest,size,0,cap,Shellcode,23,23,6,0,0,0,0,0,0,17,0.0,0.2608695652173913
unsw,unsw,29,True,forest,size,0,cap,DoS,66,66,31,0,0,0,0,0,0,35,0.0,0.4696969696969697
unsw,unsw,29,True,forest,size,0,cap,Backdoor,38,38,14,0,0,0,0,0,0,24,0.0,0.3684210526315789
unsw,unsw,29,True,forest,size,0,random,Benign,9132,0,453,4,0,0,4,0,4,8679,0.0004608825901601567,0.049605781865965835
unsw,unsw,29,True,forest,size,0,random,Reconnaissance,157,157,5,0,0,0,0,0,0,152,0.0,0.03184713375796178
unsw,unsw,29,True,forest,size,0,random,Fuzzers,358,358,21,0,0,0,0,0,0,337,0.0,0.05865921787709497
unsw,unsw,29,True,forest,size,0,random,Exploits,547,547,27,0,0,0,0,0,0,520,0.0,0.04936014625228519
unsw,unsw,29,True,forest,size,0,random,Generic,85,85,4,0,0,0,0,0,0,81,0.0,0.047058823529411764
unsw,unsw,29,True,forest,size,0,random,Analysis,11,11,1,0,0,0,0,0,0,10,0.0,0.09090909090909091
unsw,unsw,29,True,forest,size,0,random,Shellcode,23,23,1,0,0,0,0,0,0,22,0.0,0.043478260869565216
unsw,unsw,29,True,forest,size,0,random,DoS,66,66,3,0,0,0,0,0,0,63,0.0,0.045454545454545456
unsw,unsw,29,True,forest,size,0,random,Backdoor,38,38,3,0,0,0,0,0,0,35,0.0,0.07894736842105263
unsw,unsw,29,True,forest,tcp,0,frozen,Benign,9132,0,153,4,4,0,0,0,4,8979,0.0,0.016754270696452037
unsw,unsw,29,True,forest,tcp,0,frozen,Reconnaissance,157,157,49,0,0,0,0,0,0,108,0.0,0.31210191082802546
unsw,unsw,29,True,forest,tcp,0,frozen,Fuzzers,358,358,246,0,0,0,0,0,0,112,0.0,0.6871508379888268
unsw,unsw,29,True,forest,tcp,0,frozen,Exploits,547,547,355,0,0,0,0,0,0,192,0.0,0.6489945155393053
unsw,unsw,29,True,forest,tcp,0,frozen,Generic,85,85,69,0,0,0,0,0,0,16,0.0,0.8117647058823529
unsw,unsw,29,True,forest,tcp,0,frozen,Analysis,11,11,6,0,0,0,0,0,0,5,0.0,0.5454545454545454
unsw,unsw,29,True,forest,tcp,0,frozen,Shellcode,23,23,11,0,0,0,0,0,0,12,0.0,0.4782608695652174
unsw,unsw,29,True,forest,tcp,0,frozen,DoS,66,66,49,0,0,0,0,0,0,17,0.0,0.7424242424242424
unsw,unsw,29,True,forest,tcp,0,frozen,Backdoor,38,38,26,0,0,0,0,0,0,12,0.0,0.6842105263157895
unsw,unsw,29,True,forest,tcp,0,cap,Benign,9132,0,25,4,4,0,0,0,4,9107,0.0,0.0027376259307928166
unsw,unsw,29,True,forest,tcp,0,cap,Reconnaissance,157,157,13,0,0,0,0,0,0,144,0.0,0.08280254777070063
unsw,unsw,29,True,forest,tcp,0,cap,Fuzzers,358,358,132,0,0,0,0,0,0,226,0.0,0.3687150837988827
unsw,unsw,29,True,forest,tcp,0,cap,Exploits,547,547,234,0,0,0,0,0,0,313,0.0,0.42778793418647165
unsw,unsw,29,True,forest,tcp,0,cap,Generic,85,85,57,0,0,0,0,0,0,28,0.0,0.6705882352941176
unsw,unsw,29,True,forest,tcp,0,cap,Analysis,11,11,2,0,0,0,0,0,0,9,0.0,0.18181818181818182
unsw,unsw,29,True,forest,tcp,0,cap,Shellcode,23,23,7,0,0,0,0,0,0,16,0.0,0.30434782608695654
unsw,unsw,29,True,forest,tcp,0,cap,DoS,66,66,31,0,0,0,0,0,0,35,0.0,0.4696969696969697
unsw,unsw,29,True,forest,tcp,0,cap,Backdoor,38,38,17,0,0,0,0,0,0,21,0.0,0.4473684210526316
unsw,unsw,29,True,forest,tcp,0,random,Benign,9132,0,453,4,0,0,4,0,4,8679,0.0004608825901601567,0.049605781865965835
unsw,unsw,29,True,forest,tcp,0,random,Reconnaissance,157,157,5,0,0,0,0,0,0,152,0.0,0.03184713375796178
unsw,unsw,29,True,forest,tcp,0,random,Fuzzers,358,358,21,0,0,0,0,0,0,337,0.0,0.05865921787709497
unsw,unsw,29,True,forest,tcp,0,random,Exploits,547,547,27,0,0,0,0,0,0,520,0.0,0.04936014625228519
unsw,unsw,29,True,forest,tcp,0,random,Generic,85,85,4,0,0,0,0,0,0,81,0.0,0.047058823529411764
unsw,unsw,29,True,forest,tcp,0,random,Analysis,11,11,1,0,0,0,0,0,0,10,0.0,0.09090909090909091
unsw,unsw,29,True,forest,tcp,0,random,Shellcode,23,23,1,0,0,0,0,0,0,22,0.0,0.043478260869565216
unsw,unsw,29,True,forest,tcp,0,random,DoS,66,66,3,0,0,0,0,0,0,63,0.0,0.045454545454545456
unsw,unsw,29,True,forest,tcp,0,random,Backdoor,38,38,3,0,0,0,0,0,0,35,0.0,0.07894736842105263
unsw,unsw,29,True,forest,temporal+tcp,0,frozen,Benign,9132,0,138,5,5,0,0,0,5,8994,0.0,0.015111695137976347
unsw,unsw,29,True,forest,temporal+tcp,0,frozen,Reconnaissance,157,157,154,0,0,0,0,0,0,3,0.0,0.9808917197452229
unsw,unsw,29,True,forest,temporal+tcp,0,frozen,Fuzzers,358,358,354,0,0,0,0,0,0,4,0.0,0.9888268156424581
unsw,unsw,29,True,forest,temporal+tcp,0,frozen,Exploits,547,547,532,0,0,0,0,0,0,15,0.0,0.9725776965265083
unsw,unsw,29,True,forest,temporal+tcp,0,frozen,Generic,85,85,84,0,0,0,0,0,0,1,0.0,0.9882352941176471
unsw,unsw,29,True,forest,temporal+tcp,0,frozen,Analysis,11,11,9,0,0,0,0,0,0,2,0.0,0.8181818181818182
unsw,unsw,29,True,forest,temporal+tcp,0,frozen,Shellcode,23,23,23,0,0,0,0,0,0,0,,1.0
unsw,unsw,29,True,forest,temporal+tcp,0,frozen,DoS,66,66,66,0,0,0,0,0,0,0,,1.0
unsw,unsw,29,True,forest,temporal+tcp,0,frozen,Backdoor,38,38,37,0,0,0,0,0,0,1,0.0,0.9736842105263158
unsw,unsw,29,True,forest,temporal+tcp,0,cap,Benign,9132,0,15,5,5,0,0,0,5,9117,0.0,0.0016425755584756898
unsw,unsw,29,True,forest,temporal+tcp,0,cap,Reconnaissance,157,157,11,0,0,0,0,0,0,146,0.0,0.07006369426751592
unsw,unsw,29,True,forest,temporal+tcp,0,cap,Fuzzers,358,358,147,0,0,0,0,0,0,211,0.0,0.4106145251396648
unsw,unsw,29,True,forest,temporal+tcp,0,cap,Exploits,547,547,239,0,0,0,0,0,0,308,0.0,0.4369287020109689
unsw,unsw,29,True,forest,temporal+tcp,0,cap,Generic,85,85,51,0,0,0,0,0,0,34,0.0,0.6
unsw,unsw,29,True,forest,temporal+tcp,0,cap,Analysis,11,11,0,0,0,0,0,0,0,11,0.0,0.0
unsw,unsw,29,True,forest,temporal+tcp,0,cap,Shellcode,23,23,7,0,0,0,0,0,0,16,0.0,0.30434782608695654
unsw,unsw,29,True,forest,temporal+tcp,0,cap,DoS,66,66,32,0,0,0,0,0,0,34,0.0,0.48484848484848486
unsw,unsw,29,True,forest,temporal+tcp,0,cap,Backdoor,38,38,16,0,0,0,0,0,0,22,0.0,0.42105263157894735
unsw,unsw,29,True,forest,temporal+tcp,0,random,Benign,9132,0,453,5,0,0,5,0,5,8679,0.0005761032377001959,0.049605781865965835
unsw,unsw,29,True,forest,temporal+tcp,0,random,Reconnaissance,157,157,5,0,0,0,0,0,0,152,0.0,0.03184713375796178
unsw,unsw,29,True,forest,temporal+tcp,0,random,Fuzzers,358,358,21,0,0,0,0,0,0,337,0.0,0.05865921787709497
unsw,unsw,29,True,forest,temporal+tcp,0,random,Exploits,547,547,27,0,0,0,0,0,0,520,0.0,0.04936014625228519
unsw,unsw,29,True,forest,temporal+tcp,0,random,Generic,85,85,4,0,0,0,0,0,0,81,0.0,0.047058823529411764
unsw,unsw,29,True,forest,temporal+tcp,0,random,Analysis,11,11,1,0,0,0,0,0,0,10,0.0,0.09090909090909091
unsw,unsw,29,True,forest,temporal+tcp,0,random,Shellcode,23,23,1,0,0,0,0,0,0,22,0.0,0.043478260869565216
unsw,unsw,29,True,forest,temporal+tcp,0,random,DoS,66,66,3,0,0,0,0,0,0,63,0.0,0.045454545454545456
unsw,unsw,29,True,forest,temporal+tcp,0,random,Backdoor,38,38,3,0,0,0,0,0,0,35,0.0,0.07894736842105263
unsw,unsw,29,True,forest,random10,0,frozen,Benign,9132,0,652,3,3,0,0,0,3,8480,0.0,0.07139728427507665
unsw,unsw,29,True,forest,random10,0,frozen,Reconnaissance,157,157,119,3,3,0,0,3,0,38,0.0,0.7579617834394905
unsw,unsw,29,True,forest,random10,0,frozen,Fuzzers,358,358,276,8,8,0,0,8,0,82,0.0,0.770949720670391
unsw,unsw,29,True,forest,random10,0,frozen,Exploits,547,547,410,12,12,0,0,12,0,137,0.0,0.7495429616087751
unsw,unsw,29,True,forest,random10,0,frozen,Generic,85,85,70,3,3,0,0,3,0,15,0.0,0.8235294117647058
unsw,unsw,29,True,forest,random10,0,frozen,Analysis,11,11,7,0,0,0,0,0,0,4,0.0,0.6363636363636364
unsw,unsw,29,True,forest,random10,0,frozen,Shellcode,23,23,14,1,1,0,0,1,0,9,0.0,0.6086956521739131
unsw,unsw,29,True,forest,random10,0,frozen,DoS,66,66,56,0,0,0,0,0,0,10,0.0,0.8484848484848485
unsw,unsw,29,True,forest,random10,0,frozen,Backdoor,38,38,29,1,1,0,0,1,0,9,0.0,0.7631578947368421
unsw,unsw,29,True,forest,random10,0,cap,Benign,9132,0,24,3,3,0,0,0,3,9108,0.0,0.002628120893561104
unsw,unsw,29,True,forest,random10,0,cap,Reconnaissance,157,157,66,3,3,0,0,3,0,91,0.0,0.42038216560509556
unsw,unsw,29,True,forest,random10,0,cap,Fuzzers,358,358,147,8,8,0,0,8,0,211,0.0,0.4106145251396648
unsw,unsw,29,True,forest,random10,0,cap,Exploits,547,547,186,12,12,0,0,12,0,361,0.0,0.340036563071298
unsw,unsw,29,True,forest,random10,0,cap,Generic,85,85,41,3,3,0,0,3,0,44,0.0,0.4823529411764706
unsw,unsw,29,True,forest,random10,0,cap,Analysis,11,11,5,0,0,0,0,0,0,6,0.0,0.45454545454545453
unsw,unsw,29,True,forest,random10,0,cap,Shellcode,23,23,6,1,1,0,0,1,0,17,0.0,0.2608695652173913
unsw,unsw,29,True,forest,random10,0,cap,DoS,66,66,31,0,0,0,0,0,0,35,0.0,0.4696969696969697
unsw,unsw,29,True,forest,random10,0,cap,Backdoor,38,38,12,1,1,0,0,1,0,26,0.0,0.3157894736842105
unsw,unsw,29,True,forest,random10,0,random,Benign,9132,0,453,3,0,0,3,0,3,8679,0.0003456619426201175,0.049605781865965835
unsw,unsw,29,True,forest,random10,0,random,Reconnaissance,157,157,5,3,0,3,0,3,0,152,0.019736842105263157,0.03184713375796178
unsw,unsw,29,True,forest,random10,0,random,Fuzzers,358,358,21,8,0,8,0,8,0,337,0.02373887240356083,0.05865921787709497
unsw,unsw,29,True,forest,random10,0,random,Exploits,547,547,27,12,0,12,0,12,0,520,0.023076923076923078,0.04936014625228519
unsw,unsw,29,True,forest,random10,0,random,Generic,85,85,4,3,0,3,0,3,0,81,0.037037037037037035,0.047058823529411764
unsw,unsw,29,True,forest,random10,0,random,Analysis,11,11,1,0,0,0,0,0,0,10,0.0,0.09090909090909091
unsw,unsw,29,True,forest,random10,0,random,Shellcode,23,23,1,1,0,1,0,1,0,22,0.045454545454545456,0.043478260869565216
unsw,unsw,29,True,forest,random10,0,random,DoS,66,66,3,0,0,0,0,0,0,63,0.0,0.045454545454545456
unsw,unsw,29,True,forest,random10,0,random,Backdoor,38,38,3,1,0,1,0,1,0,35,0.02857142857142857,0.07894736842105263
unsw,ton,29,True,forest,clean,0,frozen,Benign,1833,0,1833,1299,1299,0,0,0,1299,0,,1.0
unsw,ton,29,True,forest,clean,0,frozen,xss,7211,7211,7211,3257,3257,0,0,3257,0,0,,1.0
unsw,ton,29,True,forest,clean,0,frozen,ransomware,15,15,15,2,2,0,0,2,0,0,,1.0
unsw,ton,29,True,forest,clean,0,frozen,Backdoor,288,288,288,4,4,0,0,4,0,0,,1.0
unsw,ton,29,True,forest,clean,0,frozen,mitm,20,20,20,6,6,0,0,6,0,0,,1.0
unsw,ton,29,True,forest,clean,0,cap,Benign,1833,0,85,1299,70,0,1229,0,1299,1748,0.7030892448512586,0.0463720676486634
unsw,ton,29,True,forest,clean,0,cap,xss,7211,7211,356,3257,76,3181,0,3257,0,6855,0.4640408460977389,0.04936901955345999
unsw,ton,29,True,forest,clean,0,cap,ransomware,15,15,2,2,1,1,0,2,0,13,0.07692307692307693,0.13333333333333333
unsw,ton,29,True,forest,clean,0,cap,Backdoor,288,288,10,4,0,4,0,4,0,278,0.014388489208633094,0.034722222222222224
unsw,ton,29,True,forest,clean,0,cap,mitm,20,20,1,6,1,5,0,6,0,19,0.2631578947368421,0.05
unsw,ton,29,True,forest,clean,0,random,Benign,1833,0,77,1299,59,0,1240,0,1299,1756,0.7061503416856492,0.042007637752318604
unsw,ton,29,True,forest,clean,0,random,xss,7211,7211,366,3257,171,3086,0,3257,0,6845,0.4508400292184076,0.050755789765635835
unsw,ton,29,True,forest,clean,0,random,ransomware,15,15,1,2,0,2,0,2,0,14,0.14285714285714285,0.06666666666666667
unsw,ton,29,True,forest,clean,0,random,Backdoor,288,288,9,4,0,4,0,4,0,279,0.014336917562724014,0.03125
unsw,ton,29,True,forest,clean,0,random,mitm,20,20,1,6,0,6,0,6,0,19,0.3157894736842105,0.05
unsw,ton,29,True,forest,temporal,0,frozen,Benign,1833,0,1833,1171,1171,0,0,0,1171,0,,1.0
unsw,ton,29,True,forest,temporal,0,frozen,xss,7211,7211,7211,4265,4265,0,0,4265,0,0,,1.0
unsw,ton,29,True,forest,temporal,0,frozen,ransomware,15,15,15,2,2,0,0,2,0,0,,1.0
unsw,ton,29,True,forest,temporal,0,frozen,Backdoor,288,288,288,4,4,0,0,4,0,0,,1.0
unsw,ton,29,True,forest,temporal,0,frozen,mitm,20,20,20,6,6,0,0,6,0,0,,1.0
unsw,ton,29,True,forest,temporal,0,cap,Benign,1833,0,71,1171,47,0,1124,0,1171,1762,0.637911464245176,0.03873431533006001
unsw,ton,29,True,forest,temporal,0,cap,xss,7211,7211,369,4265,41,4224,0,4265,0,6842,0.617363344051447,0.05117182082928859
unsw,ton,29,True,forest,temporal,0,cap,ransomware,15,15,2,2,1,1,0,2,0,13,0.07692307692307693,0.13333333333333333
unsw,ton,29,True,forest,temporal,0,cap,Backdoor,288,288,11,4,0,4,0,4,0,277,0.01444043321299639,0.03819444444444445
unsw,ton,29,True,forest,temporal,0,cap,mitm,20,20,1,6,0,6,0,6,0,19,0.3157894736842105,0.05
unsw,ton,29,True,forest,temporal,0,random,Benign,1833,0,77,1171,49,0,1122,0,1171,1756,0.6389521640091116,0.042007637752318604
unsw,ton,29,True,forest,temporal,0,random,xss,7211,7211,366,4265,228,4037,0,4265,0,6845,0.5897735573411249,0.050755789765635835
unsw,ton,29,True,forest,temporal,0,random,ransomware,15,15,1,2,0,2,0,2,0,14,0.14285714285714285,0.06666666666666667
unsw,ton,29,True,forest,temporal,0,random,Backdoor,288,288,9,4,0,4,0,4,0,279,0.014336917562724014,0.03125
unsw,ton,29,True,forest,temporal,0,random,mitm,20,20,1,6,0,6,0,6,0,19,0.3157894736842105,0.05
unsw,ton,29,True,forest,size,0,frozen,Benign,1833,0,1833,1400,1400,0,0,0,1400,0,,1.0
unsw,ton,29,True,forest,size,0,frozen,xss,7211,7211,7211,1683,1683,0,0,1683,0,0,,1.0
unsw,ton,29,True,forest,size,0,frozen,ransomware,15,15,15,1,1,0,0,1,0,0,,1.0
unsw,ton,29,True,forest,size,0,frozen,Backdoor,288,288,288,4,4,0,0,4,0,0,,1.0
unsw,ton,29,True,forest,size,0,frozen,mitm,20,20,20,4,4,0,0,4,0,0,,1.0
unsw,ton,29,True,forest,size,0,cap,Benign,1833,0,110,1400,102,0,1298,0,1400,1723,0.7533372025536854,0.06001091107474086
unsw,ton,29,True,forest,size,0,cap,xss,7211,7211,339,1683,0,1683,0,1683,0,6872,0.24490686845168802,0.047011510192761057
unsw,ton,29,True,forest,size,0,cap,ransomware,15,15,0,1,0,1,0,1,0,15,0.06666666666666667,0.0
unsw,ton,29,True,forest,size,0,cap,Backdoor,288,288,0,4,0,4,0,4,0,288,0.013888888888888888,0.0
unsw,ton,29,True,forest,size,0,cap,mitm,20,20,5,4,0,4,0,4,0,15,0.26666666666666666,0.25
unsw,ton,29,True,forest,size,0,random,Benign,1833,0,77,1400,64,0,1336,0,1400,1756,0.7608200455580866,0.042007637752318604
unsw,ton,29,True,forest,size,0,random,xss,7211,7211,366,1683,85,1598,0,1683,0,6845,0.23345507669831994,0.050755789765635835
unsw,ton,29,True,forest,size,0,random,ransomware,15,15,1,1,0,1,0,1,0,14,0.07142857142857142,0.06666666666666667
unsw,ton,29,True,forest,size,0,random,Backdoor,288,288,9,4,0,4,0,4,0,279,0.014336917562724014,0.03125
unsw,ton,29,True,forest,size,0,random,mitm,20,20,1,4,0,4,0,4,0,19,0.21052631578947367,0.05
unsw,ton,29,True,forest,tcp,0,frozen,Benign,1833,0,1833,1366,1366,0,0,0,1366,0,,1.0
unsw,ton,29,True,forest,tcp,0,frozen,xss,7211,7211,7211,2217,2217,0,0,2217,0,0,,1.0
unsw,ton,29,True,forest,tcp,0,frozen,ransomware,15,15,15,2,2,0,0,2,0,0,,1.0
unsw,ton,29,True,forest,tcp,0,frozen,Backdoor,288,288,288,4,4,0,0,4,0,0,,1.0
unsw,ton,29,True,forest,tcp,0,frozen,mitm,20,20,20,5,5,0,0,5,0,0,,1.0
unsw,ton,29,True,forest,tcp,0,cap,Benign,1833,0,68,1366,45,0,1321,0,1366,1765,0.748441926345609,0.03709765411893071
unsw,ton,29,True,forest,tcp,0,cap,xss,7211,7211,380,2217,138,2079,0,2217,0,6831,0.30434782608695654,0.05269726806268201
unsw,ton,29,True,forest,tcp,0,cap,ransomware,15,15,2,2,1,1,0,2,0,13,0.07692307692307693,0.13333333333333333
unsw,ton,29,True,forest,tcp,0,cap,Backdoor,288,288,2,4,2,2,0,4,0,286,0.006993006993006993,0.006944444444444444
unsw,ton,29,True,forest,tcp,0,cap,mitm,20,20,2,5,1,4,0,5,0,18,0.2222222222222222,0.1
unsw,ton,29,True,forest,tcp,0,random,Benign,1833,0,77,1366,63,0,1303,0,1366,1756,0.7420273348519362,0.042007637752318604
unsw,ton,29,True,forest,tcp,0,random,xss,7211,7211,366,2217,117,2100,0,2217,0,6845,0.30679327976625276,0.050755789765635835
unsw,ton,29,True,forest,tcp,0,random,ransomware,15,15,1,2,0,2,0,2,0,14,0.14285714285714285,0.06666666666666667
unsw,ton,29,True,forest,tcp,0,random,Backdoor,288,288,9,4,0,4,0,4,0,279,0.014336917562724014,0.03125
unsw,ton,29,True,forest,tcp,0,random,mitm,20,20,1,5,0,5,0,5,0,19,0.2631578947368421,0.05
unsw,ton,29,True,forest,temporal+tcp,0,frozen,Benign,1833,0,1833,1261,1261,0,0,0,1261,0,,1.0
unsw,ton,29,True,forest,temporal+tcp,0,frozen,xss,7211,7211,7211,3835,3835,0,0,3835,0,0,,1.0
unsw,ton,29,True,forest,temporal+tcp,0,frozen,ransomware,15,15,15,2,2,0,0,2,0,0,,1.0
unsw,ton,29,True,forest,temporal+tcp,0,frozen,Backdoor,288,288,288,4,4,0,0,4,0,0,,1.0
unsw,ton,29,True,forest,temporal+tcp,0,frozen,mitm,20,20,20,6,6,0,0,6,0,0,,1.0
unsw,ton,29,True,forest,temporal+tcp,0,cap,Benign,1833,0,70,1261,27,0,1234,0,1261,1763,0.6999432785025524,0.038188761593016915
unsw,ton,29,True,forest,temporal+tcp,0,cap,xss,7211,7211,378,3835,303,3532,0,3835,0,6833,0.5169032635738329,0.052419914020246844
unsw,ton,29,True,forest,temporal+tcp,0,cap,ransomware,15,15,2,2,1,1,0,2,0,13,0.07692307692307693,0.13333333333333333
unsw,ton,29,True,forest,temporal+tcp,0,cap,Backdoor,288,288,2,4,2,2,0,4,0,286,0.006993006993006993,0.006944444444444444
unsw,ton,29,True,forest,temporal+tcp,0,cap,mitm,20,20,2,6,2,4,0,6,0,18,0.2222222222222222,0.1
unsw,ton,29,True,forest,temporal+tcp,0,random,Benign,1833,0,77,1261,54,0,1207,0,1261,1756,0.6873576309794989,0.042007637752318604
unsw,ton,29,True,forest,temporal+tcp,0,random,xss,7211,7211,366,3835,207,3628,0,3835,0,6845,0.5300219138056976,0.050755789765635835
unsw,ton,29,True,forest,temporal+tcp,0,random,ransomware,15,15,1,2,0,2,0,2,0,14,0.14285714285714285,0.06666666666666667
unsw,ton,29,True,forest,temporal+tcp,0,random,Backdoor,288,288,9,4,0,4,0,4,0,279,0.014336917562724014,0.03125
unsw,ton,29,True,forest,temporal+tcp,0,random,mitm,20,20,1,6,0,6,0,6,0,19,0.3157894736842105,0.05
unsw,ton,29,True,forest,random10,0,frozen,Benign,1833,0,1833,1204,1204,0,0,0,1204,0,,1.0
unsw,ton,29,True,forest,random10,0,frozen,xss,7211,7211,7210,3443,3442,1,0,3443,0,1,1.0,0.9998613229787824
unsw,ton,29,True,forest,random10,0,frozen,ransomware,15,15,15,2,2,0,0,2,0,0,,1.0
unsw,ton,29,True,forest,random10,0,frozen,Backdoor,288,288,288,28,28,0,0,28,0,0,,1.0
unsw,ton,29,True,forest,random10,0,frozen,mitm,20,20,20,8,8,0,0,8,0,0,,1.0
unsw,ton,29,True,forest,random10,0,cap,Benign,1833,0,68,1204,45,0,1159,0,1204,1765,0.656657223796034,0.03709765411893071
unsw,ton,29,True,forest,random10,0,cap,xss,7211,7211,370,3443,166,3277,0,3443,0,6841,0.47902353457096913,0.05131049785050617
unsw,ton,29,True,forest,random10,0,cap,ransomware,15,15,1,2,0,2,0,2,0,14,0.14285714285714285,0.06666666666666667
unsw,ton,29,True,forest,random10,0,cap,Backdoor,288,288,13,28,8,20,0,28,0,275,0.07272727272727272,0.04513888888888889
unsw,ton,29,True,forest,random10,0,cap,mitm,20,20,2,8,2,6,0,8,0,18,0.3333333333333333,0.1
unsw,ton,29,True,forest,random10,0,random,Benign,1833,0,77,1204,57,0,1147,0,1204,1756,0.6531890660592256,0.042007637752318604
unsw,ton,29,True,forest,random10,0,random,xss,7211,7211,366,3443,190,3253,0,3443,0,6845,0.4752373995617239,0.050755789765635835
unsw,ton,29,True,forest,random10,0,random,ransomware,15,15,1,2,0,2,0,2,0,14,0.14285714285714285,0.06666666666666667
unsw,ton,29,True,forest,random10,0,random,Backdoor,288,288,9,28,0,28,0,28,0,279,0.1003584229390681,0.03125
unsw,ton,29,True,forest,random10,0,random,mitm,20,20,1,8,0,8,0,8,0,19,0.42105263157894735,0.05
unsw,cic,29,True,forest,clean,0,frozen,Benign,11886,0,11886,10336,10336,0,0,0,10336,0,,1.0
unsw,cic,29,True,forest,clean,0,frozen,Infilteration,213,213,213,61,61,0,0,61,0,0,,1.0
unsw,cic,29,True,forest,clean,0,frozen,Bot,93,93,93,0,0,0,0,0,0,0,,1.0
unsw,cic,29,True,forest,clean,0,cap,Benign,11886,0,583,10336,561,0,9775,0,10336,11303,0.8648146509776166,0.049049301699478375
unsw,cic,29,True,forest,clean,0,cap,Infilteration,213,213,16,61,0,61,0,61,0,197,0.3096446700507614,0.07511737089201878
unsw,cic,29,True,forest,clean,0,cap,Bot,93,93,0,0,0,0,0,0,0,93,0.0,0.0
unsw,cic,29,True,forest,clean,0,random,Benign,11886,0,575,10336,496,0,9840,0,10336,11311,0.8699496065776677,0.048376240955746254
unsw,cic,29,True,forest,clean,0,random,Infilteration,213,213,17,61,6,55,0,61,0,196,0.28061224489795916,0.07981220657276995
unsw,cic,29,True,forest,clean,0,random,Bot,93,93,7,0,0,0,0,0,0,86,0.0,0.07526881720430108
unsw,cic,29,True,forest,temporal,0,frozen,Benign,11886,0,11886,10321,10321,0,0,0,10321,0,,1.0
unsw,cic,29,True,forest,temporal,0,frozen,Infilteration,213,213,213,61,61,0,0,61,0,0,,1.0
unsw,cic,29,True,forest,temporal,0,frozen,Bot,93,93,93,0,0,0,0,0,0,0,,1.0
unsw,cic,29,True,forest,temporal,0,cap,Benign,11886,0,587,10321,550,0,9771,0,10321,11299,0.8647667935215506,0.04938583207134444
unsw,cic,29,True,forest,temporal,0,cap,Infilteration,213,213,12,61,0,61,0,61,0,201,0.3034825870646766,0.056338028169014086
unsw,cic,29,True,forest,temporal,0,cap,Bot,93,93,0,0,0,0,0,0,0,93,0.0,0.0
unsw,cic,29,True,forest,temporal,0,random,Benign,11886,0,575,10321,495,0,9826,0,10321,11311,0.8687118733975776,0.048376240955746254
unsw,cic,29,True,forest,temporal,0,random,Infilteration,213,213,17,61,6,55,0,61,0,196,0.28061224489795916,0.07981220657276995
unsw,cic,29,True,forest,temporal,0,random,Bot,93,93,7,0,0,0,0,0,0,86,0.0,0.07526881720430108
unsw,cic,29,True,forest,size,0,frozen,Benign,11886,0,11886,10302,10302,0,0,0,10302,0,,1.0
unsw,cic,29,True,forest,size,0,frozen,Infilteration,213,213,213,62,62,0,0,62,0,0,,1.0
unsw,cic,29,True,forest,size,0,frozen,Bot,93,93,93,0,0,0,0,0,0,0,,1.0
unsw,cic,29,True,forest,size,0,cap,Benign,11886,0,508,10302,449,0,9853,0,10302,11378,0.8659694146598699,0.04273935722698974
unsw,cic,29,True,forest,size,0,cap,Infilteration,213,213,12,62,6,56,0,62,0,201,0.27860696517412936,0.056338028169014086
unsw,cic,29,True,forest,size,0,cap,Bot,93,93,79,0,0,0,0,0,0,14,0.0,0.8494623655913979
unsw,cic,29,True,forest,size,0,random,Benign,11886,0,575,10302,494,0,9808,0,10302,11311,0.8671205021660331,0.048376240955746254
unsw,cic,29,True,forest,size,0,random,Infilteration,213,213,17,62,6,56,0,62,0,196,0.2857142857142857,0.07981220657276995
unsw,cic,29,True,forest,size,0,random,Bot,93,93,7,0,0,0,0,0,0,86,0.0,0.07526881720430108
unsw,cic,29,True,forest,tcp,0,frozen,Benign,11886,0,11886,10351,10351,0,0,0,10351,0,,1.0
unsw,cic,29,True,forest,tcp,0,frozen,Infilteration,213,213,213,59,59,0,0,59,0,0,,1.0
unsw,cic,29,True,forest,tcp,0,frozen,Bot,93,93,93,0,0,0,0,0,0,0,,1.0
unsw,cic,29,True,forest,tcp,0,cap,Benign,11886,0,582,10351,575,0,9776,0,10351,11304,0.86482661004954,0.048965169106511865
unsw,cic,29,True,forest,tcp,0,cap,Infilteration,213,213,17,59,1,58,0,59,0,196,0.29591836734693877,0.07981220657276995
unsw,cic,29,True,forest,tcp,0,cap,Bot,93,93,0,0,0,0,0,0,0,93,0.0,0.0
unsw,cic,29,True,forest,tcp,0,random,Benign,11886,0,575,10351,496,0,9855,0,10351,11311,0.8712757492706216,0.048376240955746254
unsw,cic,29,True,forest,tcp,0,random,Infilteration,213,213,17,59,6,53,0,59,0,196,0.27040816326530615,0.07981220657276995
unsw,cic,29,True,forest,tcp,0,random,Bot,93,93,7,0,0,0,0,0,0,86,0.0,0.07526881720430108
unsw,cic,29,True,forest,temporal+tcp,0,frozen,Benign,11886,0,11886,10324,10324,0,0,0,10324,0,,1.0
unsw,cic,29,True,forest,temporal+tcp,0,frozen,Infilteration,213,213,213,61,61,0,0,61,0,0,,1.0
unsw,cic,29,True,forest,temporal+tcp,0,frozen,Bot,93,93,93,0,0,0,0,0,0,0,,1.0
unsw,cic,29,True,forest,temporal+tcp,0,cap,Benign,11886,0,582,10324,559,0,9765,0,10324,11304,0.8638535031847133,0.048965169106511865
unsw,cic,29,True,forest,temporal+tcp,0,cap,Infilteration,213,213,17,61,3,58,0,61,0,196,0.29591836734693877,0.07981220657276995
unsw,cic,29,True,forest,temporal+tcp,0,cap,Bot,93,93,0,0,0,0,0,0,0,93,0.0,0.0
unsw,cic,29,True,forest,temporal+tcp,0,random,Benign,11886,0,575,10324,495,0,9829,0,10324,11311,0.8689771019361683,0.048376240955746254
unsw,cic,29,True,forest,temporal+tcp,0,random,Infilteration,213,213,17,61,6,55,0,61,0,196,0.28061224489795916,0.07981220657276995
unsw,cic,29,True,forest,temporal+tcp,0,random,Bot,93,93,7,0,0,0,0,0,0,86,0.0,0.07526881720430108
unsw,cic,29,True,forest,random10,0,frozen,Benign,11886,0,11886,9576,9576,0,0,0,9576,0,,1.0
unsw,cic,29,True,forest,random10,0,frozen,Infilteration,213,213,213,72,72,0,0,72,0,0,,1.0
unsw,cic,29,True,forest,random10,0,frozen,Bot,93,93,93,7,7,0,0,7,0,0,,1.0
unsw,cic,29,True,forest,random10,0,cap,Benign,11886,0,591,9576,474,0,9102,0,9576,11295,0.8058432934926959,0.0497223624432105
unsw,cic,29,True,forest,random10,0,cap,Infilteration,213,213,5,72,2,70,0,72,0,208,0.33653846153846156,0.023474178403755867
unsw,cic,29,True,forest,random10,0,cap,Bot,93,93,3,7,1,6,0,7,0,90,0.06666666666666667,0.03225806451612903
unsw,cic,29,True,forest,random10,0,random,Benign,11886,0,575,9576,457,0,9119,0,9576,11311,0.8062063478030236,0.048376240955746254
unsw,cic,29,True,forest,random10,0,random,Infilteration,213,213,17,72,6,66,0,72,0,196,0.336734693877551,0.07981220657276995
unsw,cic,29,True,forest,random10,0,random,Bot,93,93,7,7,0,7,0,7,0,86,0.08139534883720931,0.07526881720430108
unsw,unsw,43,False,logistic,clean,0,frozen,Benign,9132,0,104,2,1,0,1,0,2,9028,0.00011076650420912716,0.011388523872098117
unsw,unsw,43,False,logistic,clean,0,frozen,Reconnaissance,157,157,34,1,1,0,0,1,0,123,0.0,0.21656050955414013
unsw,unsw,43,False,logistic,clean,0,frozen,Fuzzers,358,358,33,0,0,0,0,0,0,325,0.0,0.09217877094972067
unsw,unsw,43,False,logistic,clean,0,frozen,Exploits,547,547,322,4,4,0,0,4,0,225,0.0,0.5886654478976234
unsw,unsw,43,False,logistic,clean,0,frozen,Generic,85,85,34,0,0,0,0,0,0,51,0.0,0.4
unsw,unsw,43,False,logistic,clean,0,frozen,Analysis,11,11,11,0,0,0,0,0,0,0,,1.0
unsw,unsw,43,False,logistic,clean,0,frozen,Shellcode,23,23,1,0,0,0,0,0,0,22,0.0,0.043478260869565216
unsw,unsw,43,False,logistic,clean,0,frozen,DoS,66,66,21,3,3,0,0,3,0,45,0.0,0.3181818181818182
unsw,unsw,43,False,logistic,clean,0,frozen,Backdoor,38,38,16,1,1,0,0,1,0,22,0.0,0.42105263157894735
unsw,unsw,43,False,logistic,clean,0,cap,Benign,9132,0,82,2,1,0,1,0,2,9050,0.00011049723756906077,0.008979413053000438
unsw,unsw,43,False,logistic,clean,0,cap,Reconnaissance,157,157,28,1,1,0,0,1,0,129,0.0,0.17834394904458598
unsw,unsw,43,False,logistic,clean,0,cap,Fuzzers,358,358,27,0,0,0,0,0,0,331,0.0,0.07541899441340782
unsw,unsw,43,False,logistic,clean,0,cap,Exploits,547,547,306,4,4,0,0,4,0,241,0.0,0.5594149908592322
unsw,unsw,43,False,logistic,clean,0,cap,Generic,85,85,30,0,0,0,0,0,0,55,0.0,0.35294117647058826
unsw,unsw,43,False,logistic,clean,0,cap,Analysis,11,11,10,0,0,0,0,0,0,1,0.0,0.9090909090909091
unsw,unsw,43,False,logistic,clean,0,cap,Shellcode,23,23,1,0,0,0,0,0,0,22,0.0,0.043478260869565216
unsw,unsw,43,False,logistic,clean,0,cap,DoS,66,66,21,3,3,0,0,3,0,45,0.0,0.3181818181818182
unsw,unsw,43,False,logistic,clean,0,cap,Backdoor,38,38,13,1,1,0,0,1,0,25,0.0,0.34210526315789475
unsw,unsw,43,False,logistic,clean,0,random,Benign,9132,0,442,2,0,0,2,0,2,8690,0.00023014959723820482,0.04840122645641699
unsw,unsw,43,False,logistic,clean,0,random,Reconnaissance,157,157,9,1,0,1,0,1,0,148,0.006756756756756757,0.05732484076433121
unsw,unsw,43,False,logistic,clean,0,random,Fuzzers,358,358,19,0,0,0,0,0,0,339,0.0,0.05307262569832402
unsw,unsw,43,False,logistic,clean,0,random,Exploits,547,547,32,4,0,4,0,4,0,515,0.007766990291262136,0.05850091407678245
unsw,unsw,43,False,logistic,clean,0,random,Generic,85,85,9,0,0,0,0,0,0,76,0.0,0.10588235294117647
unsw,unsw,43,False,logistic,clean,0,random,Analysis,11,11,0,0,0,0,0,0,0,11,0.0,0.0
unsw,unsw,43,False,logistic,clean,0,random,Shellcode,23,23,1,0,0,0,0,0,0,22,0.0,0.043478260869565216
unsw,unsw,43,False,logistic,clean,0,random,DoS,66,66,3,3,0,3,0,3,0,63,0.047619047619047616,0.045454545454545456
unsw,unsw,43,False,logistic,clean,0,random,Backdoor,38,38,3,1,0,1,0,1,0,35,0.02857142857142857,0.07894736842105263
unsw,unsw,43,False,logistic,temporal,0,frozen,Benign,9132,0,358,1,0,0,1,0,1,8774,0.00011397310234784591,0.03920280332895313
unsw,unsw,43,False,logistic,temporal,0,frozen,Reconnaissance,157,157,42,12,12,0,0,12,0,115,0.0,0.267515923566879
unsw,unsw,43,False,logistic,temporal,0,frozen,Fuzzers,358,358,51,2,2,0,0,2,0,307,0.0,0.1424581005586592
unsw,unsw,43,False,logistic,temporal,0,frozen,Exploits,547,547,343,52,52,0,0,52,0,204,0.0,0.6270566727605119
unsw,unsw,43,False,logistic,temporal,0,frozen,Generic,85,85,42,1,1,0,0,1,0,43,0.0,0.49411764705882355
unsw,unsw,43,False,logistic,temporal,0,frozen,Analysis,11,11,11,1,1,0,0,1,0,0,,1.0
unsw,unsw,43,False,logistic,temporal,0,frozen,Shellcode,23,23,2,0,0,0,0,0,0,21,0.0,0.08695652173913043
unsw,unsw,43,False,logistic,temporal,0,frozen,DoS,66,66,21,7,5,2,0,7,0,45,0.044444444444444446,0.3181818181818182
unsw,unsw,43,False,logistic,temporal,0,frozen,Backdoor,38,38,18,7,7,0,0,7,0,20,0.0,0.47368421052631576
unsw,unsw,43,False,logistic,temporal,0,cap,Benign,9132,0,94,1,0,0,1,0,1,9038,0.00011064394777605666,0.01029347349978099
unsw,unsw,43,False,logistic,temporal,0,cap,Reconnaissance,157,157,37,12,11,1,0,12,0,120,0.008333333333333333,0.2356687898089172
unsw,unsw,43,False,logistic,temporal,0,cap,Fuzzers,358,358,28,2,2,0,0,2,0,330,0.0,0.0782122905027933
unsw,unsw,43,False,logistic,temporal,0,cap,Exploits,547,547,301,52,52,0,0,52,0,246,0.0,0.5502742230347349
unsw,unsw,43,False,logistic,temporal,0,cap,Generic,85,85,21,1,1,0,0,1,0,64,0.0,0.24705882352941178
unsw,unsw,43,False,logistic,temporal,0,cap,Analysis,11,11,11,1,1,0,0,1,0,0,,1.0
unsw,unsw,43,False,logistic,temporal,0,cap,Shellcode,23,23,1,0,0,0,0,0,0,22,0.0,0.043478260869565216
unsw,unsw,43,False,logistic,temporal,0,cap,DoS,66,66,18,7,5,2,0,7,0,48,0.041666666666666664,0.2727272727272727
unsw,unsw,43,False,logistic,temporal,0,cap,Backdoor,38,38,7,7,4,3,0,7,0,31,0.0967741935483871,0.18421052631578946
unsw,unsw,43,False,logistic,temporal,0,random,Benign,9132,0,442,1,0,0,1,0,1,8690,0.00011507479861910241,0.04840122645641699
unsw,unsw,43,False,logistic,temporal,0,random,Reconnaissance,157,157,9,12,0,12,0,12,0,148,0.08108108108108109,0.05732484076433121
unsw,unsw,43,False,logistic,temporal,0,random,Fuzzers,358,358,19,2,0,2,0,2,0,339,0.0058997050147492625,0.05307262569832402
unsw,unsw,43,False,logistic,temporal,0,random,Exploits,547,547,32,52,1,51,0,52,0,515,0.09902912621359224,0.05850091407678245
unsw,unsw,43,False,logistic,temporal,0,random,Generic,85,85,9,1,0,1,0,1,0,76,0.013157894736842105,0.10588235294117647
unsw,unsw,43,False,logistic,temporal,0,random,Analysis,11,11,0,1,0,1,0,1,0,11,0.09090909090909091,0.0
unsw,unsw,43,False,logistic,temporal,0,random,Shellcode,23,23,1,0,0,0,0,0,0,22,0.0,0.043478260869565216
unsw,unsw,43,False,logistic,temporal,0,random,DoS,66,66,3,7,0,7,0,7,0,63,0.1111111111111111,0.045454545454545456
unsw,unsw,43,False,logistic,temporal,0,random,Backdoor,38,38,3,7,0,7,0,7,0,35,0.2,0.07894736842105263
unsw,unsw,43,False,logistic,size,0,frozen,Benign,9132,0,12,4,3,0,1,0,4,9120,0.00010964912280701755,0.001314060446780552
unsw,unsw,43,False,logistic,size,0,frozen,Reconnaissance,157,157,40,14,14,0,0,14,0,117,0.0,0.25477707006369427
unsw,unsw,43,False,logistic,size,0,frozen,Fuzzers,358,358,17,15,15,0,0,15,0,341,0.0,0.04748603351955307
unsw,unsw,43,False,logistic,size,0,frozen,Exploits,547,547,327,223,223,0,0,223,0,220,0.0,0.5978062157221207
unsw,unsw,43,False,logistic,size,0,frozen,Generic,85,85,36,17,17,0,0,17,0,49,0.0,0.4235294117647059
unsw,unsw,43,False,logistic,size,0,frozen,Analysis,11,11,11,11,11,0,0,11,0,0,,1.0
unsw,unsw,43,False,logistic,size,0,frozen,Shellcode,23,23,1,0,0,0,0,0,0,22,0.0,0.043478260869565216
unsw,unsw,43,False,logistic,size,0,frozen,DoS,66,66,20,19,17,2,0,19,0,46,0.043478260869565216,0.30303030303030304
unsw,unsw,43,False,logistic,size,0,frozen,Backdoor,38,38,15,12,12,0,0,12,0,23,0.0,0.39473684210526316
unsw,unsw,43,False,logistic,size,0,cap,Benign,9132,0,59,4,3,0,1,0,4,9073,0.00011021712774165106,0.0064607971966710465
unsw,unsw,43,False,logistic,size,0,cap,Reconnaissance,157,157,32,14,14,0,0,14,0,125,0.0,0.20382165605095542
unsw,unsw,43,False,logistic,size,0,cap,Fuzzers,358,358,24,15,15,0,0,15,0,334,0.0,0.0670391061452514
unsw,unsw,43,False,logistic,size,0,cap,Exploits,547,547,323,223,214,9,0,223,0,224,0.04017857142857143,0.5904936014625228
unsw,unsw,43,False,logistic,size,0,cap,Generic,85,85,35,17,16,1,0,17,0,50,0.02,0.4117647058823529
unsw,unsw,43,False,logistic,size,0,cap,Analysis,11,11,11,11,11,0,0,11,0,0,,1.0
unsw,unsw,43,False,logistic,size,0,cap,Shellcode,23,23,0,0,0,0,0,0,0,23,0.0,0.0
unsw,unsw,43,False,logistic,size,0,cap,DoS,66,66,21,19,17,2,0,19,0,45,0.044444444444444446,0.3181818181818182
unsw,unsw,43,False,logistic,size,0,cap,Backdoor,38,38,13,12,10,2,0,12,0,25,0.08,0.34210526315789475
unsw,unsw,43,False,logistic,size,0,random,Benign,9132,0,442,4,0,0,4,0,4,8690,0.00046029919447640965,0.04840122645641699
unsw,unsw,43,False,logistic,size,0,random,Reconnaissance,157,157,9,14,0,14,0,14,0,148,0.0945945945945946,0.05732484076433121
unsw,unsw,43,False,logistic,size,0,random,Fuzzers,358,358,19,15,1,14,0,15,0,339,0.04129793510324484,0.05307262569832402
unsw,unsw,43,False,logistic,size,0,random,Exploits,547,547,32,223,16,207,0,223,0,515,0.40194174757281553,0.05850091407678245
unsw,unsw,43,False,logistic,size,0,random,Generic,85,85,9,17,2,15,0,17,0,76,0.19736842105263158,0.10588235294117647
unsw,unsw,43,False,logistic,size,0,random,Analysis,11,11,0,11,0,11,0,11,0,11,1.0,0.0
unsw,unsw,43,False,logistic,size,0,random,Shellcode,23,23,1,0,0,0,0,0,0,22,0.0,0.043478260869565216
unsw,unsw,43,False,logistic,size,0,random,DoS,66,66,3,19,2,17,0,19,0,63,0.2698412698412698,0.045454545454545456
unsw,unsw,43,False,logistic,size,0,random,Backdoor,38,38,3,12,1,11,0,12,0,35,0.3142857142857143,0.07894736842105263
unsw,unsw,43,False,logistic,tcp,0,frozen,Benign,9132,0,576,2,1,0,1,0,2,8556,0.0001168770453482936,0.06307490144546649
unsw,unsw,43,False,logistic,tcp,0,frozen,Reconnaissance,157,157,42,0,0,0,0,0,0,115,0.0,0.267515923566879
unsw,unsw,43,False,logistic,tcp,0,frozen,Fuzzers,358,358,62,12,12,0,0,12,0,296,0.0,0.17318435754189945
unsw,unsw,43,False,logistic,tcp,0,frozen,Exploits,547,547,340,66,60,6,0,66,0,207,0.028985507246376812,0.6215722120658135
unsw,unsw,43,False,logistic,tcp,0,frozen,Generic,85,85,41,4,4,0,0,4,0,44,0.0,0.4823529411764706
unsw,unsw,43,False,logistic,tcp,0,frozen,Analysis,11,11,11,0,0,0,0,0,0,0,,1.0
unsw,unsw,43,False,logistic,tcp,0,frozen,Shellcode,23,23,2,0,0,0,0,0,0,21,0.0,0.08695652173913043
unsw,unsw,43,False,logistic,tcp,0,frozen,DoS,66,66,23,7,5,2,0,7,0,43,0.046511627906976744,0.3484848484848485
unsw,unsw,43,False,logistic,tcp,0,frozen,Backdoor,38,38,19,8,8,0,0,8,0,19,0.0,0.5
unsw,unsw,43,False,logistic,tcp,0,cap,Benign,9132,0,42,2,1,0,1,0,2,9090,0.00011001100110011001,0.0045992115637319315
unsw,unsw,43,False,logistic,tcp,0,cap,Reconnaissance,157,157,35,0,0,0,0,0,0,122,0.0,0.2229299363057325
unsw,unsw,43,False,logistic,tcp,0,cap,Fuzzers,358,358,38,12,12,0,0,12,0,320,0.0,0.10614525139664804
unsw,unsw,43,False,logistic,tcp,0,cap,Exploits,547,547,323,66,60,6,0,66,0,224,0.026785714285714284,0.5904936014625228
unsw,unsw,43,False,logistic,tcp,0,cap,Generic,85,85,36,4,4,0,0,4,0,49,0.0,0.4235294117647059
unsw,unsw,43,False,logistic,tcp,0,cap,Analysis,11,11,10,0,0,0,0,0,0,1,0.0,0.9090909090909091
unsw,unsw,43,False,logistic,tcp,0,cap,Shellcode,23,23,1,0,0,0,0,0,0,22,0.0,0.043478260869565216
unsw,unsw,43,False,logistic,tcp,0,cap,DoS,66,66,21,7,5,2,0,7,0,45,0.044444444444444446,0.3181818181818182
unsw,unsw,43,False,logistic,tcp,0,cap,Backdoor,38,38,12,8,7,1,0,8,0,26,0.038461538461538464,0.3157894736842105
unsw,unsw,43,False,logistic,tcp,0,random,Benign,9132,0,442,2,0,0,2,0,2,8690,0.00023014959723820482,0.04840122645641699
unsw,unsw,43,False,logistic,tcp,0,random,Reconnaissance,157,157,9,0,0,0,0,0,0,148,0.0,0.05732484076433121
unsw,unsw,43,False,logistic,tcp,0,random,Fuzzers,358,358,19,12,2,10,0,12,0,339,0.029498525073746312,0.05307262569832402
unsw,unsw,43,False,logistic,tcp,0,random,Exploits,547,547,32,66,3,63,0,66,0,515,0.12233009708737864,0.05850091407678245
unsw,unsw,43,False,logistic,tcp,0,random,Generic,85,85,9,4,0,4,0,4,0,76,0.05263157894736842,0.10588235294117647
unsw,unsw,43,False,logistic,tcp,0,random,Analysis,11,11,0,0,0,0,0,0,0,11,0.0,0.0
unsw,unsw,43,False,logistic,tcp,0,random,Shellcode,23,23,1,0,0,0,0,0,0,22,0.0,0.043478260869565216
unsw,unsw,43,False,logistic,tcp,0,random,DoS,66,66,3,7,0,7,0,7,0,63,0.1111111111111111,0.045454545454545456
unsw,unsw,43,False,logistic,tcp,0,random,Backdoor,38,38,3,8,0,8,0,8,0,35,0.22857142857142856,0.07894736842105263
unsw,unsw,43,False,logistic,temporal+tcp,0,frozen,Benign,9132,0,84,1,1,0,0,0,1,9048,0.0,0.009198423127463863
unsw,unsw,43,False,logistic,temporal+tcp,0,frozen,Reconnaissance,157,157,133,41,41,0,0,41,0,24,0.0,0.8471337579617835
unsw,unsw,43,False,logistic,temporal+tcp,0,frozen,Fuzzers,358,358,208,32,32,0,0,32,0,150,0.0,0.5810055865921788
unsw,unsw,43,False,logistic,temporal+tcp,0,frozen,Exploits,547,547,431,268,262,6,0,268,0,116,0.05172413793103448,0.7879341864716636
unsw,unsw,43,False,logistic,temporal+tcp,0,frozen,Generic,85,85,53,31,31,0,0,31,0,32,0.0,0.6235294117647059
unsw,unsw,43,False,logistic,temporal+tcp,0,frozen,Analysis,11,11,11,11,11,0,0,11,0,0,,1.0
unsw,unsw,43,False,logistic,temporal+tcp,0,frozen,Shellcode,23,23,20,1,1,0,0,1,0,3,0.0,0.8695652173913043
unsw,unsw,43,False,logistic,temporal+tcp,0,frozen,DoS,66,66,36,19,17,2,0,19,0,30,0.06666666666666667,0.5454545454545454
unsw,unsw,43,False,logistic,temporal+tcp,0,frozen,Backdoor,38,38,29,12,12,0,0,12,0,9,0.0,0.7631578947368421
unsw,unsw,43,False,logistic,temporal+tcp,0,cap,Benign,9132,0,1,1,0,0,1,0,1,9131,0.00010951702989814916,0.00010950503723171266
unsw,unsw,43,False,logistic,temporal+tcp,0,cap,Reconnaissance,157,157,50,41,36,5,0,41,0,107,0.04672897196261682,0.3184713375796178
unsw,unsw,43,False,logistic,temporal+tcp,0,cap,Fuzzers,358,358,61,32,17,15,0,32,0,297,0.050505050505050504,0.17039106145251395
unsw,unsw,43,False,logistic,temporal+tcp,0,cap,Exploits,547,547,324,268,239,29,0,268,0,223,0.13004484304932734,0.5923217550274223
unsw,unsw,43,False,logistic,temporal+tcp,0,cap,Generic,85,85,40,31,29,2,0,31,0,45,0.044444444444444446,0.47058823529411764
unsw,unsw,43,False,logistic,temporal+tcp,0,cap,Analysis,11,11,8,11,8,3,0,11,0,3,1.0,0.7272727272727273
unsw,unsw,43,False,logistic,temporal+tcp,0,cap,Shellcode,23,23,5,1,0,1,0,1,0,18,0.05555555555555555,0.21739130434782608
unsw,unsw,43,False,logistic,temporal+tcp,0,cap,DoS,66,66,22,19,15,4,0,19,0,44,0.09090909090909091,0.3333333333333333
unsw,unsw,43,False,logistic,temporal+tcp,0,cap,Backdoor,38,38,7,12,2,10,0,12,0,31,0.3225806451612903,0.18421052631578946
unsw,unsw,43,False,logistic,temporal+tcp,0,random,Benign,9132,0,442,1,0,0,1,0,1,8690,0.00011507479861910241,0.04840122645641699
unsw,unsw,43,False,logistic,temporal+tcp,0,random,Reconnaissance,157,157,9,41,1,40,0,41,0,148,0.2702702702702703,0.05732484076433121
unsw,unsw,43,False,logistic,temporal+tcp,0,random,Fuzzers,358,358,19,32,3,29,0,32,0,339,0.0855457227138643,0.05307262569832402
unsw,unsw,43,False,logistic,temporal+tcp,0,random,Exploits,547,547,32,268,15,253,0,268,0,515,0.4912621359223301,0.05850091407678245
unsw,unsw,43,False,logistic,temporal+tcp,0,random,Generic,85,85,9,31,3,28,0,31,0,76,0.3684210526315789,0.10588235294117647
unsw,unsw,43,False,logistic,temporal+tcp,0,random,Analysis,11,11,0,11,0,11,0,11,0,11,1.0,0.0
unsw,unsw,43,False,logistic,temporal+tcp,0,random,Shellcode,23,23,1,1,0,1,0,1,0,22,0.045454545454545456,0.043478260869565216
unsw,unsw,43,False,logistic,temporal+tcp,0,random,DoS,66,66,3,19,1,18,0,19,0,63,0.2857142857142857,0.045454545454545456
unsw,unsw,43,False,logistic,temporal+tcp,0,random,Backdoor,38,38,3,12,0,12,0,12,0,35,0.34285714285714286,0.07894736842105263
unsw,unsw,43,False,logistic,random10,0,frozen,Benign,9132,0,483,52,29,0,23,0,52,8649,0.0026592669672794544,0.052890932982917215
unsw,unsw,43,False,logistic,random10,0,frozen,Reconnaissance,157,157,58,16,12,4,0,16,0,99,0.04040404040404041,0.36942675159235666
unsw,unsw,43,False,logistic,random10,0,frozen,Fuzzers,358,358,105,28,19,9,0,28,0,253,0.03557312252964427,0.29329608938547486
unsw,unsw,43,False,logistic,random10,0,frozen,Exploits,547,547,342,94,82,12,0,94,0,205,0.05853658536585366,0.6252285191956124
unsw,unsw,43,False,logistic,random10,0,frozen,Generic,85,85,36,14,8,6,0,14,0,49,0.12244897959183673,0.4235294117647059
unsw,unsw,43,False,logistic,random10,0,frozen,Analysis,11,11,11,4,4,0,0,4,0,0,,1.0
unsw,unsw,43,False,logistic,random10,0,frozen,Shellcode,23,23,7,1,0,1,0,1,0,16,0.0625,0.30434782608695654
unsw,unsw,43,False,logistic,random10,0,frozen,DoS,66,66,24,8,7,1,0,8,0,42,0.023809523809523808,0.36363636363636365
unsw,unsw,43,False,logistic,random10,0,frozen,Backdoor,38,38,18,3,2,1,0,3,0,20,0.05,0.47368421052631576
unsw,unsw,43,False,logistic,random10,0,cap,Benign,9132,0,104,52,16,0,36,0,52,9028,0.003987594151528578,0.011388523872098117
unsw,unsw,43,False,logistic,random10,0,cap,Reconnaissance,157,157,37,16,10,6,0,16,0,120,0.05,0.2356687898089172
unsw,unsw,43,False,logistic,random10,0,cap,Fuzzers,358,358,56,28,14,14,0,28,0,302,0.046357615894039736,0.1564245810055866
unsw,unsw,43,False,logistic,random10,0,cap,Exploits,547,547,250,94,71,23,0,94,0,297,0.07744107744107744,0.4570383912248629
unsw,unsw,43,False,logistic,random10,0,cap,Generic,85,85,26,14,8,6,0,14,0,59,0.1016949152542373,0.3058823529411765
unsw,unsw,43,False,logistic,random10,0,cap,Analysis,11,11,10,4,4,0,0,4,0,1,0.0,0.9090909090909091
unsw,unsw,43,False,logistic,random10,0,cap,Shellcode,23,23,4,1,0,1,0,1,0,19,0.05263157894736842,0.17391304347826086
unsw,unsw,43,False,logistic,random10,0,cap,DoS,66,66,20,8,5,3,0,8,0,46,0.06521739130434782,0.30303030303030304
unsw,unsw,43,False,logistic,random10,0,cap,Backdoor,38,38,11,3,2,1,0,3,0,27,0.037037037037037035,0.2894736842105263
unsw,unsw,43,False,logistic,random10,0,random,Benign,9132,0,442,52,3,0,49,0,52,8690,0.005638665132336018,0.04840122645641699
unsw,unsw,43,False,logistic,random10,0,random,Reconnaissance,157,157,9,16,1,15,0,16,0,148,0.10135135135135136,0.05732484076433121
unsw,unsw,43,False,logistic,random10,0,random,Fuzzers,358,358,19,28,3,25,0,28,0,339,0.07374631268436578,0.05307262569832402
unsw,unsw,43,False,logistic,random10,0,random,Exploits,547,547,32,94,4,90,0,94,0,515,0.17475728155339806,0.05850091407678245
unsw,unsw,43,False,logistic,random10,0,random,Generic,85,85,9,14,1,13,0,14,0,76,0.17105263157894737,0.10588235294117647
unsw,unsw,43,False,logistic,random10,0,random,Analysis,11,11,0,4,0,4,0,4,0,11,0.36363636363636365,0.0
unsw,unsw,43,False,logistic,random10,0,random,Shellcode,23,23,1,1,0,1,0,1,0,22,0.045454545454545456,0.043478260869565216
unsw,unsw,43,False,logistic,random10,0,random,DoS,66,66,3,8,1,7,0,8,0,63,0.1111111111111111,0.045454545454545456
unsw,unsw,43,False,logistic,random10,0,random,Backdoor,38,38,3,3,0,3,0,3,0,35,0.08571428571428572,0.07894736842105263
unsw,ton,43,False,logistic,clean,0,frozen,Benign,1833,0,210,48,34,0,14,0,48,1623,0.00862600123228589,0.11456628477905073
unsw,ton,43,False,logistic,clean,0,frozen,xss,7211,7211,52,7185,27,7158,0,7185,0,7159,0.9998603156865484,0.0072112051033143805
unsw,ton,43,False,logistic,clean,0,frozen,ransomware,15,15,0,14,0,14,0,14,0,15,0.9333333333333333,0.0
unsw,ton,43,False,logistic,clean,0,frozen,Backdoor,288,288,0,288,0,288,0,288,0,288,1.0,0.0
unsw,ton,43,False,logistic,clean,0,frozen,mitm,20,20,8,18,6,12,0,18,0,12,1.0,0.4
unsw,ton,43,False,logistic,clean,0,cap,Benign,1833,0,162,48,20,0,28,0,48,1671,0.016756433273488927,0.088379705400982
unsw,ton,43,False,logistic,clean,0,cap,xss,7211,7211,287,7185,261,6924,0,7185,0,6924,1.0,0.03980030508944668
unsw,ton,43,False,logistic,clean,0,cap,ransomware,15,15,0,14,0,14,0,14,0,15,0.9333333333333333,0.0
unsw,ton,43,False,logistic,clean,0,cap,Backdoor,288,288,0,288,0,288,0,288,0,288,1.0,0.0
unsw,ton,43,False,logistic,clean,0,cap,mitm,20,20,5,18,3,15,0,18,0,15,1.0,0.25
unsw,ton,43,False,logistic,clean,0,random,Benign,1833,0,72,48,1,0,47,0,48,1761,0.02668938103350369,0.03927986906710311
unsw,ton,43,False,logistic,clean,0,random,xss,7211,7211,367,7185,366,6819,0,7185,0,6844,0.9963471654003506,0.050894466786853415
unsw,ton,43,False,logistic,clean,0,random,ransomware,15,15,1,14,1,13,0,14,0,14,0.9285714285714286,0.06666666666666667
unsw,ton,43,False,logistic,clean,0,random,Backdoor,288,288,13,288,13,275,0,288,0,275,1.0,0.04513888888888889
unsw,ton,43,False,logistic,clean,0,random,mitm,20,20,1,18,1,17,0,18,0,19,0.8947368421052632,0.05
unsw,ton,43,False,logistic,temporal,0,frozen,Benign,1833,0,28,17,5,0,12,0,17,1805,0.006648199445983379,0.015275504637206765
unsw,ton,43,False,logistic,temporal,0,frozen,xss,7211,7211,47,7207,43,7164,0,7207,0,7164,1.0,0.00651781999722646
unsw,ton,43,False,logistic,temporal,0,frozen,ransomware,15,15,1,14,0,14,0,14,0,14,1.0,0.06666666666666667
unsw,ton,43,False,logistic,temporal,0,frozen,Backdoor,288,288,0,288,0,288,0,288,0,288,1.0,0.0
unsw,ton,43,False,logistic,temporal,0,frozen,mitm,20,20,4,18,2,16,0,18,0,16,1.0,0.2
unsw,ton,43,False,logistic,temporal,0,cap,Benign,1833,0,175,17,4,0,13,0,17,1658,0.007840772014475271,0.09547190398254228
unsw,ton,43,False,logistic,temporal,0,cap,xss,7211,7211,272,7207,268,6939,0,7207,0,6939,1.0,0.03772014977118292
unsw,ton,43,False,logistic,temporal,0,cap,ransomware,15,15,1,14,0,14,0,14,0,14,1.0,0.06666666666666667
unsw,ton,43,False,logistic,temporal,0,cap,Backdoor,288,288,0,288,0,288,0,288,0,288,1.0,0.0
unsw,ton,43,False,logistic,temporal,0,cap,mitm,20,20,6,18,4,14,0,18,0,14,1.0,0.3
unsw,ton,43,False,logistic,temporal,0,random,Benign,1833,0,72,17,0,0,17,0,17,1761,0.009653605905735378,0.03927986906710311
unsw,ton,43,False,logistic,temporal,0,random,xss,7211,7211,367,7207,366,6841,0,7207,0,6844,0.9995616598480421,0.050894466786853415
unsw,ton,43,False,logistic,temporal,0,random,ransomware,15,15,1,14,1,13,0,14,0,14,0.9285714285714286,0.06666666666666667
unsw,ton,43,False,logistic,temporal,0,random,Backdoor,288,288,13,288,13,275,0,288,0,275,1.0,0.04513888888888889
unsw,ton,43,False,logistic,temporal,0,random,mitm,20,20,1,18,1,17,0,18,0,19,0.8947368421052632,0.05
unsw,ton,43,False,logistic,size,0,frozen,Benign,1833,0,427,52,38,0,14,0,52,1406,0.00995732574679943,0.23295144571740317
unsw,ton,43,False,logistic,size,0,frozen,xss,7211,7211,59,7208,56,7152,0,7208,0,7152,1.0,0.008181944251837471
unsw,ton,43,False,logistic,size,0,frozen,ransomware,15,15,1,15,1,14,0,15,0,14,1.0,0.06666666666666667
unsw,ton,43,False,logistic,size,0,frozen,Backdoor,288,288,0,288,0,288,0,288,0,288,1.0,0.0
unsw,ton,43,False,logistic,size,0,frozen,mitm,20,20,5,12,3,9,0,12,0,15,0.6,0.25
unsw,ton,43,False,logistic,size,0,cap,Benign,1833,0,169,52,6,0,46,0,52,1664,0.027644230769230768,0.09219858156028368
unsw,ton,43,False,logistic,size,0,cap,xss,7211,7211,283,7208,280,6928,0,7208,0,6928,1.0,0.03924559700457634
unsw,ton,43,False,logistic,size,0,cap,ransomware,15,15,1,15,1,14,0,15,0,14,1.0,0.06666666666666667
unsw,ton,43,False,logistic,size,0,cap,Backdoor,288,288,0,288,0,288,0,288,0,288,1.0,0.0
unsw,ton,43,False,logistic,size,0,cap,mitm,20,20,1,12,1,11,0,12,0,19,0.5789473684210527,0.05
unsw,ton,43,False,logistic,size,0,random,Benign,1833,0,72,52,1,0,51,0,52,1761,0.028960817717206135,0.03927986906710311
unsw,ton,43,False,logistic,size,0,random,xss,7211,7211,367,7208,367,6841,0,7208,0,6844,0.9995616598480421,0.050894466786853415
unsw,ton,43,False,logistic,size,0,random,ransomware,15,15,1,15,1,14,0,15,0,14,1.0,0.06666666666666667
unsw,ton,43,False,logistic,size,0,random,Backdoor,288,288,13,288,13,275,0,288,0,275,1.0,0.04513888888888889
unsw,ton,43,False,logistic,size,0,random,mitm,20,20,1,12,0,12,0,12,0,19,0.631578947368421,0.05
unsw,ton,43,False,logistic,tcp,0,frozen,Benign,1833,0,216,44,31,0,13,0,44,1617,0.008039579468150896,0.11783960720130933
unsw,ton,43,False,logistic,tcp,0,frozen,xss,7211,7211,59,7195,44,7151,0,7195,0,7152,0.9998601789709173,0.008181944251837471
unsw,ton,43,False,logistic,tcp,0,frozen,ransomware,15,15,1,14,0,14,0,14,0,14,1.0,0.06666666666666667
unsw,ton,43,False,logistic,tcp,0,frozen,Backdoor,288,288,30,31,14,17,0,31,0,258,0.06589147286821706,0.10416666666666667
unsw,ton,43,False,logistic,tcp,0,frozen,mitm,20,20,3,19,2,17,0,19,0,17,1.0,0.15
unsw,ton,43,False,logistic,tcp,0,cap,Benign,1833,0,161,44,18,0,26,0,44,1672,0.01555023923444976,0.0878341516639389
unsw,ton,43,False,logistic,tcp,0,cap,xss,7211,7211,272,7195,256,6939,0,7195,0,6939,1.0,0.03772014977118292
unsw,ton,43,False,logistic,tcp,0,cap,ransomware,15,15,0,14,0,14,0,14,0,15,0.9333333333333333,0.0
unsw,ton,43,False,logistic,tcp,0,cap,Backdoor,288,288,17,31,12,19,0,31,0,271,0.07011070110701106,0.059027777777777776
unsw,ton,43,False,logistic,tcp,0,cap,mitm,20,20,4,19,3,16,0,19,0,16,1.0,0.2
unsw,ton,43,False,logistic,tcp,0,random,Benign,1833,0,72,44,0,0,44,0,44,1761,0.02498580352072686,0.03927986906710311
unsw,ton,43,False,logistic,tcp,0,random,xss,7211,7211,367,7195,366,6829,0,7195,0,6844,0.9978082992402104,0.050894466786853415
unsw,ton,43,False,logistic,tcp,0,random,ransomware,15,15,1,14,1,13,0,14,0,14,0.9285714285714286,0.06666666666666667
unsw,ton,43,False,logistic,tcp,0,random,Backdoor,288,288,13,31,2,29,0,31,0,275,0.10545454545454545,0.04513888888888889
unsw,ton,43,False,logistic,tcp,0,random,mitm,20,20,1,19,1,18,0,19,0,19,0.9473684210526315,0.05
unsw,ton,43,False,logistic,temporal+tcp,0,frozen,Benign,1833,0,27,15,4,0,11,0,15,1806,0.006090808416389812,0.014729950900163666
unsw,ton,43,False,logistic,temporal+tcp,0,frozen,xss,7211,7211,45,7211,45,7166,0,7211,0,7166,1.0,0.006240465954791291
unsw,ton,43,False,logistic,temporal+tcp,0,frozen,ransomware,15,15,1,14,0,14,0,14,0,14,1.0,0.06666666666666667
unsw,ton,43,False,logistic,temporal+tcp,0,frozen,Backdoor,288,288,283,5,0,5,0,5,0,5,1.0,0.9826388888888888
unsw,ton,43,False,logistic,temporal+tcp,0,frozen,mitm,20,20,4,20,4,16,0,20,0,16,1.0,0.2
unsw,ton,43,False,logistic,temporal+tcp,0,cap,Benign,1833,0,188,15,4,0,11,0,15,1645,0.006686930091185411,0.10256410256410256
unsw,ton,43,False,logistic,temporal+tcp,0,cap,xss,7211,7211,223,7211,223,6988,0,7211,0,6988,1.0,0.03092497573152129
unsw,ton,43,False,logistic,temporal+tcp,0,cap,ransomware,15,15,1,14,0,14,0,14,0,14,1.0,0.06666666666666667
unsw,ton,43,False,logistic,temporal+tcp,0,cap,Backdoor,288,288,38,5,0,5,0,5,0,250,0.02,0.13194444444444445
unsw,ton,43,False,logistic,temporal+tcp,0,cap,mitm,20,20,4,20,4,16,0,20,0,16,1.0,0.2
unsw,ton,43,False,logistic,temporal+tcp,0,random,Benign,1833,0,72,15,0,0,15,0,15,1761,0.008517887563884156,0.03927986906710311
unsw,ton,43,False,logistic,temporal+tcp,0,random,xss,7211,7211,367,7211,367,6844,0,7211,0,6844,1.0,0.050894466786853415
unsw,ton,43,False,logistic,temporal+tcp,0,random,ransomware,15,15,1,14,1,13,0,14,0,14,0.9285714285714286,0.06666666666666667
unsw,ton,43,False,logistic,temporal+tcp,0,random,Backdoor,288,288,13,5,2,3,0,5,0,275,0.01090909090909091,0.04513888888888889
unsw,ton,43,False,logistic,temporal+tcp,0,random,mitm,20,20,1,20,1,19,0,20,0,19,1.0,0.05
unsw,ton,43,False,logistic,random10,0,frozen,Benign,1833,0,267,131,54,0,77,0,131,1566,0.0491698595146871,0.14566284779050737
unsw,ton,43,False,logistic,random10,0,frozen,xss,7211,7211,608,6797,312,6485,0,6797,0,6603,0.9821293351506891,0.08431562890029122
unsw,ton,43,False,logistic,random10,0,frozen,ransomware,15,15,2,14,1,13,0,14,0,13,1.0,0.13333333333333333
unsw,ton,43,False,logistic,random10,0,frozen,Backdoor,288,288,16,259,3,256,0,259,0,272,0.9411764705882353,0.05555555555555555
unsw,ton,43,False,logistic,random10,0,frozen,mitm,20,20,7,15,3,12,0,15,0,13,0.9230769230769231,0.35
unsw,ton,43,False,logistic,random10,0,cap,Benign,1833,0,79,131,23,0,108,0,131,1754,0.06157354618015964,0.0430987452264048
unsw,ton,43,False,logistic,random10,0,cap,xss,7211,7211,371,6797,184,6613,0,6797,0,6840,0.966812865497076,0.051449174871723756
unsw,ton,43,False,logistic,random10,0,cap,ransomware,15,15,1,14,1,13,0,14,0,14,0.9285714285714286,0.06666666666666667
unsw,ton,43,False,logistic,random10,0,cap,Backdoor,288,288,1,259,0,259,0,259,0,287,0.9024390243902439,0.003472222222222222
unsw,ton,43,False,logistic,random10,0,cap,mitm,20,20,2,15,1,14,0,15,0,18,0.7777777777777778,0.1
unsw,ton,43,False,logistic,random10,0,random,Benign,1833,0,72,131,3,0,128,0,131,1761,0.07268597387847814,0.03927986906710311
unsw,ton,43,False,logistic,random10,0,random,xss,7211,7211,367,6797,339,6458,0,6797,0,6844,0.9436002337814143,0.050894466786853415
unsw,ton,43,False,logistic,random10,0,random,ransomware,15,15,1,14,1,13,0,14,0,14,0.9285714285714286,0.06666666666666667
unsw,ton,43,False,logistic,random10,0,random,Backdoor,288,288,13,259,13,246,0,259,0,275,0.8945454545454545,0.04513888888888889
unsw,ton,43,False,logistic,random10,0,random,mitm,20,20,1,15,0,15,0,15,0,19,0.7894736842105263,0.05
unsw,cic,43,False,logistic,clean,0,frozen,Benign,11886,0,833,2564,341,0,2223,0,2564,11053,0.2011218673663259,0.07008244994110718
unsw,cic,43,False,logistic,clean,0,frozen,Infilteration,213,213,15,154,8,146,0,154,0,198,0.7373737373737373,0.07042253521126761
unsw,cic,43,False,logistic,clean,0,frozen,Bot,93,93,0,93,0,93,0,93,0,93,1.0,0.0
unsw,cic,43,False,logistic,clean,0,cap,Benign,11886,0,585,2564,233,0,2331,0,2564,11301,0.2062649323068755,0.04921756688541141
unsw,cic,43,False,logistic,clean,0,cap,Infilteration,213,213,14,154,8,146,0,154,0,199,0.7336683417085427,0.06572769953051644
unsw,cic,43,False,logistic,clean,0,cap,Bot,93,93,0,93,0,93,0,93,0,93,1.0,0.0
unsw,cic,43,False,logistic,clean,0,random,Benign,11886,0,587,2564,128,0,2436,0,2564,11299,0.21559430038056465,0.04938583207134444
unsw,cic,43,False,logistic,clean,0,random,Infilteration,213,213,9,154,4,150,0,154,0,204,0.7352941176470589,0.04225352112676056
unsw,cic,43,False,logistic,clean,0,random,Bot,93,93,3,93,3,90,0,93,0,90,1.0,0.03225806451612903
unsw,cic,43,False,logistic,temporal,0,frozen,Benign,11886,0,1611,2726,1236,0,1490,0,2726,10275,0.14501216545012166,0.13553760726905603
unsw,cic,43,False,logistic,temporal,0,frozen,Infilteration,213,213,16,158,5,153,0,158,0,197,0.7766497461928934,0.07511737089201878
unsw,cic,43,False,logistic,temporal,0,frozen,Bot,93,93,0,93,0,93,0,93,0,93,1.0,0.0
unsw,cic,43,False,logistic,temporal,0,cap,Benign,11886,0,594,2726,499,0,2227,0,2726,11292,0.19721927027984415,0.049974760222110046
unsw,cic,43,False,logistic,temporal,0,cap,Infilteration,213,213,5,158,1,157,0,158,0,208,0.7548076923076923,0.023474178403755867
unsw,cic,43,False,logistic,temporal,0,cap,Bot,93,93,0,93,0,93,0,93,0,93,1.0,0.0
unsw,cic,43,False,logistic,temporal,0,random,Benign,11886,0,587,2726,140,0,2586,0,2726,11299,0.22886981148774227,0.04938583207134444
unsw,cic,43,False,logistic,temporal,0,random,Infilteration,213,213,9,158,4,154,0,158,0,204,0.7549019607843137,0.04225352112676056
unsw,cic,43,False,logistic,temporal,0,random,Bot,93,93,3,93,3,90,0,93,0,90,1.0,0.03225806451612903
unsw,cic,43,False,logistic,size,0,frozen,Benign,11886,0,2230,2494,712,0,1782,0,2494,9656,0.18454846727423363,0.18761568231532896
unsw,cic,43,False,logistic,size,0,frozen,Infilteration,213,213,40,153,27,126,0,153,0,173,0.7283236994219653,0.18779342723004694
unsw,cic,43,False,logistic,size,0,frozen,Bot,93,93,4,93,4,89,0,93,0,89,1.0,0.043010752688172046
unsw,cic,43,False,logistic,size,0,cap,Benign,11886,0,585,2494,185,0,2309,0,2494,11301,0.20431820192903283,0.04921756688541141
unsw,cic,43,False,logistic,size,0,cap,Infilteration,213,213,14,153,9,144,0,153,0,199,0.7236180904522613,0.06572769953051644
unsw,cic,43,False,logistic,size,0,cap,Bot,93,93,0,93,0,93,0,93,0,93,1.0,0.0
unsw,cic,43,False,logistic,size,0,random,Benign,11886,0,587,2494,127,0,2367,0,2494,11299,0.20948756527126294,0.04938583207134444
unsw,cic,43,False,logistic,size,0,random,Infilteration,213,213,9,153,4,149,0,153,0,204,0.7303921568627451,0.04225352112676056
unsw,cic,43,False,logistic,size,0,random,Bot,93,93,3,93,3,90,0,93,0,90,1.0,0.03225806451612903
unsw,cic,43,False,logistic,tcp,0,frozen,Benign,11886,0,1021,2549,473,0,2076,0,2549,10865,0.19107225034514497,0.08589937741881205
unsw,cic,43,False,logistic,tcp,0,frozen,Infilteration,213,213,21,154,11,143,0,154,0,192,0.7447916666666666,0.09859154929577464
unsw,cic,43,False,logistic,tcp,0,frozen,Bot,93,93,0,93,0,93,0,93,0,93,1.0,0.0
unsw,cic,43,False,logistic,tcp,0,cap,Benign,11886,0,584,2549,285,0,2264,0,2549,11302,0.2003185276942134,0.04913343429244489
unsw,cic,43,False,logistic,tcp,0,cap,Infilteration,213,213,15,154,8,146,0,154,0,198,0.7373737373737373,0.07042253521126761
unsw,cic,43,False,logistic,tcp,0,cap,Bot,93,93,0,93,0,93,0,93,0,93,1.0,0.0
unsw,cic,43,False,logistic,tcp,0,random,Benign,11886,0,587,2549,128,0,2421,0,2549,11299,0.2142667492698469,0.04938583207134444
unsw,cic,43,False,logistic,tcp,0,random,Infilteration,213,213,9,154,4,150,0,154,0,204,0.7352941176470589,0.04225352112676056
unsw,cic,43,False,logistic,tcp,0,random,Bot,93,93,3,93,3,90,0,93,0,90,1.0,0.03225806451612903
unsw,cic,43,False,logistic,temporal+tcp,0,frozen,Benign,11886,0,1991,2799,1665,0,1134,0,2799,9895,0.1146033350176857,0.1675079925963318
unsw,cic,43,False,logistic,temporal+tcp,0,frozen,Infilteration,213,213,30,159,6,153,0,159,0,183,0.8360655737704918,0.14084507042253522
unsw,cic,43,False,logistic,temporal+tcp,0,frozen,Bot,93,93,0,93,0,93,0,93,0,93,1.0,0.0
unsw,cic,43,False,logistic,temporal+tcp,0,cap,Benign,11886,0,596,2799,468,0,2331,0,2799,11290,0.20646589902568646,0.05014302540804308
unsw,cic,43,False,logistic,temporal+tcp,0,cap,Infilteration,213,213,3,159,2,157,0,159,0,210,0.7476190476190476,0.014084507042253521
unsw,cic,43,False,logistic,temporal+tcp,0,cap,Bot,93,93,0,93,0,93,0,93,0,93,1.0,0.0
unsw,cic,43,False,logistic,temporal+tcp,0,random,Benign,11886,0,587,2799,142,0,2657,0,2799,11299,0.23515355341180635,0.04938583207134444
unsw,cic,43,False,logistic,temporal+tcp,0,random,Infilteration,213,213,9,159,4,155,0,159,0,204,0.7598039215686274,0.04225352112676056
unsw,cic,43,False,logistic,temporal+tcp,0,random,Bot,93,93,3,93,3,90,0,93,0,90,1.0,0.03225806451612903
unsw,cic,43,False,logistic,random10,0,frozen,Benign,11886,0,1926,2635,855,0,1780,0,2635,9960,0.178714859437751,0.16203937405350832
unsw,cic,43,False,logistic,random10,0,frozen,Infilteration,213,213,33,159,23,136,0,159,0,180,0.7555555555555555,0.15492957746478872
unsw,cic,43,False,logistic,random10,0,frozen,Bot,93,93,10,86,3,83,0,86,0,83,1.0,0.10752688172043011
unsw,cic,43,False,logistic,random10,0,cap,Benign,11886,0,588,2635,284,0,2351,0,2635,11298,0.20808992742078244,0.04946996466431095
unsw,cic,43,False,logistic,random10,0,cap,Infilteration,213,213,10,159,6,153,0,159,0,203,0.7536945812807881,0.046948356807511735
unsw,cic,43,False,logistic,random10,0,cap,Bot,93,93,1,86,0,86,0,86,0,92,0.9347826086956522,0.010752688172043012
unsw,cic,43,False,logistic,random10,0,random,Benign,11886,0,587,2635,132,0,2503,0,2635,11299,0.22152402867510398,0.04938583207134444
unsw,cic,43,False,logistic,random10,0,random,Infilteration,213,213,9,159,5,154,0,159,0,204,0.7549019607843137,0.04225352112676056
unsw,cic,43,False,logistic,random10,0,random,Bot,93,93,3,86,3,83,0,86,0,90,0.9222222222222223,0.03225806451612903
unsw,unsw,43,False,forest,clean,0,frozen,Benign,9132,0,41,4,4,0,0,0,4,9091,0.0,0.004489706526500219
unsw,unsw,43,False,forest,clean,0,frozen,Reconnaissance,157,157,37,0,0,0,0,0,0,120,0.0,0.2356687898089172
unsw,unsw,43,False,forest,clean,0,frozen,Fuzzers,358,358,75,0,0,0,0,0,0,283,0.0,0.20949720670391062
unsw,unsw,43,False,forest,clean,0,frozen,Exploits,547,547,221,1,1,0,0,1,0,326,0.0,0.4040219378427788
unsw,unsw,43,False,forest,clean,0,frozen,Generic,85,85,45,0,0,0,0,0,0,40,0.0,0.5294117647058824
unsw,unsw,43,False,forest,clean,0,frozen,Analysis,11,11,3,0,0,0,0,0,0,8,0.0,0.2727272727272727
unsw,unsw,43,False,forest,clean,0,frozen,Shellcode,23,23,7,0,0,0,0,0,0,16,0.0,0.30434782608695654
unsw,unsw,43,False,forest,clean,0,frozen,DoS,66,66,29,1,1,0,0,1,0,37,0.0,0.4393939393939394
unsw,unsw,43,False,forest,clean,0,frozen,Backdoor,38,38,14,1,1,0,0,1,0,24,0.0,0.3684210526315789
unsw,unsw,43,False,forest,clean,0,cap,Benign,9132,0,45,4,4,0,0,0,4,9087,0.0,0.00492772667542707
unsw,unsw,43,False,forest,clean,0,cap,Reconnaissance,157,157,40,0,0,0,0,0,0,117,0.0,0.25477707006369427
unsw,unsw,43,False,forest,clean,0,cap,Fuzzers,358,358,81,0,0,0,0,0,0,277,0.0,0.22625698324022347
unsw,unsw,43,False,forest,clean,0,cap,Exploits,547,547,243,1,1,0,0,1,0,304,0.0,0.44424131627056673
unsw,unsw,43,False,forest,clean,0,cap,Generic,85,85,51,0,0,0,0,0,0,34,0.0,0.6
unsw,unsw,43,False,forest,clean,0,cap,Analysis,11,11,3,0,0,0,0,0,0,8,0.0,0.2727272727272727
unsw,unsw,43,False,forest,clean,0,cap,Shellcode,23,23,7,0,0,0,0,0,0,16,0.0,0.30434782608695654
unsw,unsw,43,False,forest,clean,0,cap,DoS,66,66,35,1,1,0,0,1,0,31,0.0,0.5303030303030303
unsw,unsw,43,False,forest,clean,0,cap,Backdoor,38,38,13,1,1,0,0,1,0,25,0.0,0.34210526315789475
unsw,unsw,43,False,forest,clean,0,random,Benign,9132,0,442,4,1,0,3,0,4,8690,0.00034522439585730726,0.04840122645641699
unsw,unsw,43,False,forest,clean,0,random,Reconnaissance,157,157,9,0,0,0,0,0,0,148,0.0,0.05732484076433121
unsw,unsw,43,False,forest,clean,0,random,Fuzzers,358,358,19,0,0,0,0,0,0,339,0.0,0.05307262569832402
unsw,unsw,43,False,forest,clean,0,random,Exploits,547,547,32,1,0,1,0,1,0,515,0.001941747572815534,0.05850091407678245
unsw,unsw,43,False,forest,clean,0,random,Generic,85,85,9,0,0,0,0,0,0,76,0.0,0.10588235294117647
unsw,unsw,43,False,forest,clean,0,random,Analysis,11,11,0,0,0,0,0,0,0,11,0.0,0.0
unsw,unsw,43,False,forest,clean,0,random,Shellcode,23,23,1,0,0,0,0,0,0,22,0.0,0.043478260869565216
unsw,unsw,43,False,forest,clean,0,random,DoS,66,66,3,1,0,1,0,1,0,63,0.015873015873015872,0.045454545454545456
unsw,unsw,43,False,forest,clean,0,random,Backdoor,38,38,3,1,0,1,0,1,0,35,0.02857142857142857,0.07894736842105263
unsw,unsw,43,False,forest,temporal,0,frozen,Benign,9132,0,368,5,5,0,0,0,5,8764,0.0,0.04029785370127026
unsw,unsw,43,False,forest,temporal,0,frozen,Reconnaissance,157,157,157,0,0,0,0,0,0,0,,1.0
unsw,unsw,43,False,forest,temporal,0,frozen,Fuzzers,358,358,358,0,0,0,0,0,0,0,,1.0
unsw,unsw,43,False,forest,temporal,0,frozen,Exploits,547,547,547,4,4,0,0,4,0,0,,1.0
unsw,unsw,43,False,forest,temporal,0,frozen,Generic,85,85,85,0,0,0,0,0,0,0,,1.0
unsw,unsw,43,False,forest,temporal,0,frozen,Analysis,11,11,11,0,0,0,0,0,0,0,,1.0
unsw,unsw,43,False,forest,temporal,0,frozen,Shellcode,23,23,23,0,0,0,0,0,0,0,,1.0
unsw,unsw,43,False,forest,temporal,0,frozen,DoS,66,66,66,1,1,0,0,1,0,0,,1.0
unsw,unsw,43,False,forest,temporal,0,frozen,Backdoor,38,38,38,1,1,0,0,1,0,0,,1.0
unsw,unsw,43,False,forest,temporal,0,cap,Benign,9132,0,9,5,4,0,1,0,5,9123,0.00010961306587745259,0.0009855453350854138
unsw,unsw,43,False,forest,temporal,0,cap,Reconnaissance,157,157,17,0,0,0,0,0,0,140,0.0,0.10828025477707007
unsw,unsw,43,False,forest,temporal,0,cap,Fuzzers,358,358,73,0,0,0,0,0,0,285,0.0,0.20391061452513967
unsw,unsw,43,False,forest,temporal,0,cap,Exploits,547,547,321,4,4,0,0,4,0,226,0.0,0.5868372943327239
unsw,unsw,43,False,forest,temporal,0,cap,Generic,85,85,39,0,0,0,0,0,0,46,0.0,0.4588235294117647
unsw,unsw,43,False,forest,temporal,0,cap,Analysis,11,11,9,0,0,0,0,0,0,2,0.0,0.8181818181818182
unsw,unsw,43,False,forest,temporal,0,cap,Shellcode,23,23,5,0,0,0,0,0,0,18,0.0,0.21739130434782608
unsw,unsw,43,False,forest,temporal,0,cap,DoS,66,66,32,1,1,0,0,1,0,34,0.0,0.48484848484848486
unsw,unsw,43,False,forest,temporal,0,cap,Backdoor,38,38,13,1,1,0,0,1,0,25,0.0,0.34210526315789475
unsw,unsw,43,False,forest,temporal,0,random,Benign,9132,0,442,5,1,0,4,0,5,8690,0.00046029919447640965,0.04840122645641699
unsw,unsw,43,False,forest,temporal,0,random,Reconnaissance,157,157,9,0,0,0,0,0,0,148,0.0,0.05732484076433121
unsw,unsw,43,False,forest,temporal,0,random,Fuzzers,358,358,19,0,0,0,0,0,0,339,0.0,0.05307262569832402
unsw,unsw,43,False,forest,temporal,0,random,Exploits,547,547,32,4,0,4,0,4,0,515,0.007766990291262136,0.05850091407678245
unsw,unsw,43,False,forest,temporal,0,random,Generic,85,85,9,0,0,0,0,0,0,76,0.0,0.10588235294117647
unsw,unsw,43,False,forest,temporal,0,random,Analysis,11,11,0,0,0,0,0,0,0,11,0.0,0.0
unsw,unsw,43,False,forest,temporal,0,random,Shellcode,23,23,1,0,0,0,0,0,0,22,0.0,0.043478260869565216
unsw,unsw,43,False,forest,temporal,0,random,DoS,66,66,3,1,0,1,0,1,0,63,0.015873015873015872,0.045454545454545456
unsw,unsw,43,False,forest,temporal,0,random,Backdoor,38,38,3,1,0,1,0,1,0,35,0.02857142857142857,0.07894736842105263
unsw,unsw,43,False,forest,size,0,frozen,Benign,9132,0,929,4,4,0,0,0,4,8203,0.0,0.10173017958826105
unsw,unsw,43,False,forest,size,0,frozen,Reconnaissance,157,157,157,0,0,0,0,0,0,0,,1.0
unsw,unsw,43,False,forest,size,0,frozen,Fuzzers,358,358,358,0,0,0,0,0,0,0,,1.0
unsw,unsw,43,False,forest,size,0,frozen,Exploits,547,547,547,0,0,0,0,0,0,0,,1.0
unsw,unsw,43,False,forest,size,0,frozen,Generic,85,85,85,0,0,0,0,0,0,0,,1.0
unsw,unsw,43,False,forest,size,0,frozen,Analysis,11,11,11,0,0,0,0,0,0,0,,1.0
unsw,unsw,43,False,forest,size,0,frozen,Shellcode,23,23,23,0,0,0,0,0,0,0,,1.0
unsw,unsw,43,False,forest,size,0,frozen,DoS,66,66,66,0,0,0,0,0,0,0,,1.0
unsw,unsw,43,False,forest,size,0,frozen,Backdoor,38,38,38,0,0,0,0,0,0,0,,1.0
unsw,unsw,43,False,forest,size,0,cap,Benign,9132,0,6,4,3,0,1,0,4,9126,0.00010957703265395574,0.000657030223390276
unsw,unsw,43,False,forest,size,0,cap,Reconnaissance,157,157,35,0,0,0,0,0,0,122,0.0,0.2229299363057325
unsw,unsw,43,False,forest,size,0,cap,Fuzzers,358,358,54,0,0,0,0,0,0,304,0.0,0.15083798882681565
unsw,unsw,43,False,forest,size,0,cap,Exploits,547,547,327,0,0,0,0,0,0,220,0.0,0.5978062157221207
unsw,unsw,43,False,forest,size,0,cap,Generic,85,85,38,0,0,0,0,0,0,47,0.0,0.4470588235294118
unsw,unsw,43,False,forest,size,0,cap,Analysis,11,11,10,0,0,0,0,0,0,1,0.0,0.9090909090909091
unsw,unsw,43,False,forest,size,0,cap,Shellcode,23,23,5,0,0,0,0,0,0,18,0.0,0.21739130434782608
unsw,unsw,43,False,forest,size,0,cap,DoS,66,66,32,0,0,0,0,0,0,34,0.0,0.48484848484848486
unsw,unsw,43,False,forest,size,0,cap,Backdoor,38,38,11,0,0,0,0,0,0,27,0.0,0.2894736842105263
unsw,unsw,43,False,forest,size,0,random,Benign,9132,0,442,4,1,0,3,0,4,8690,0.00034522439585730726,0.04840122645641699
unsw,unsw,43,False,forest,size,0,random,Reconnaissance,157,157,9,0,0,0,0,0,0,148,0.0,0.05732484076433121
unsw,unsw,43,False,forest,size,0,random,Fuzzers,358,358,19,0,0,0,0,0,0,339,0.0,0.05307262569832402
unsw,unsw,43,False,forest,size,0,random,Exploits,547,547,32,0,0,0,0,0,0,515,0.0,0.05850091407678245
unsw,unsw,43,False,forest,size,0,random,Generic,85,85,9,0,0,0,0,0,0,76,0.0,0.10588235294117647
unsw,unsw,43,False,forest,size,0,random,Analysis,11,11,0,0,0,0,0,0,0,11,0.0,0.0
unsw,unsw,43,False,forest,size,0,random,Shellcode,23,23,1,0,0,0,0,0,0,22,0.0,0.043478260869565216
unsw,unsw,43,False,forest,size,0,random,DoS,66,66,3,0,0,0,0,0,0,63,0.0,0.045454545454545456
unsw,unsw,43,False,forest,size,0,random,Backdoor,38,38,3,0,0,0,0,0,0,35,0.0,0.07894736842105263
unsw,unsw,43,False,forest,tcp,0,frozen,Benign,9132,0,1073,4,4,0,0,0,4,8059,0.0,0.11749890494962768
unsw,unsw,43,False,forest,tcp,0,frozen,Reconnaissance,157,157,157,0,0,0,0,0,0,0,,1.0
unsw,unsw,43,False,forest,tcp,0,frozen,Fuzzers,358,358,358,0,0,0,0,0,0,0,,1.0
unsw,unsw,43,False,forest,tcp,0,frozen,Exploits,547,547,547,3,3,0,0,3,0,0,,1.0
unsw,unsw,43,False,forest,tcp,0,frozen,Generic,85,85,85,0,0,0,0,0,0,0,,1.0
unsw,unsw,43,False,forest,tcp,0,frozen,Analysis,11,11,11,0,0,0,0,0,0,0,,1.0
unsw,unsw,43,False,forest,tcp,0,frozen,Shellcode,23,23,23,0,0,0,0,0,0,0,,1.0
unsw,unsw,43,False,forest,tcp,0,frozen,DoS,66,66,66,2,2,0,0,2,0,0,,1.0
unsw,unsw,43,False,forest,tcp,0,frozen,Backdoor,38,38,38,1,1,0,0,1,0,0,,1.0
unsw,unsw,43,False,forest,tcp,0,cap,Benign,9132,0,9,4,4,0,0,0,4,9123,0.0,0.0009855453350854138
unsw,unsw,43,False,forest,tcp,0,cap,Reconnaissance,157,157,21,0,0,0,0,0,0,136,0.0,0.1337579617834395
unsw,unsw,43,False,forest,tcp,0,cap,Fuzzers,358,358,129,0,0,0,0,0,0,229,0.0,0.36033519553072624
unsw,unsw,43,False,forest,tcp,0,cap,Exploits,547,547,242,3,3,0,0,3,0,305,0.0,0.4424131627056673
unsw,unsw,43,False,forest,tcp,0,cap,Generic,85,85,49,0,0,0,0,0,0,36,0.0,0.5764705882352941
unsw,unsw,43,False,forest,tcp,0,cap,Analysis,11,11,0,0,0,0,0,0,0,11,0.0,0.0
unsw,unsw,43,False,forest,tcp,0,cap,Shellcode,23,23,12,0,0,0,0,0,0,11,0.0,0.5217391304347826
unsw,unsw,43,False,forest,tcp,0,cap,DoS,66,66,34,2,2,0,0,2,0,32,0.0,0.5151515151515151
unsw,unsw,43,False,forest,tcp,0,cap,Backdoor,38,38,22,1,1,0,0,1,0,16,0.0,0.5789473684210527
unsw,unsw,43,False,forest,tcp,0,random,Benign,9132,0,442,4,1,0,3,0,4,8690,0.00034522439585730726,0.04840122645641699
unsw,unsw,43,False,forest,tcp,0,random,Reconnaissance,157,157,9,0,0,0,0,0,0,148,0.0,0.05732484076433121
unsw,unsw,43,False,forest,tcp,0,random,Fuzzers,358,358,19,0,0,0,0,0,0,339,0.0,0.05307262569832402
unsw,unsw,43,False,forest,tcp,0,random,Exploits,547,547,32,3,0,3,0,3,0,515,0.005825242718446602,0.05850091407678245
unsw,unsw,43,False,forest,tcp,0,random,Generic,85,85,9,0,0,0,0,0,0,76,0.0,0.10588235294117647
unsw,unsw,43,False,forest,tcp,0,random,Analysis,11,11,0,0,0,0,0,0,0,11,0.0,0.0
unsw,unsw,43,False,forest,tcp,0,random,Shellcode,23,23,1,0,0,0,0,0,0,22,0.0,0.043478260869565216
unsw,unsw,43,False,forest,tcp,0,random,DoS,66,66,3,2,0,2,0,2,0,63,0.031746031746031744,0.045454545454545456
unsw,unsw,43,False,forest,tcp,0,random,Backdoor,38,38,3,1,0,1,0,1,0,35,0.02857142857142857,0.07894736842105263
unsw,unsw,43,False,forest,temporal+tcp,0,frozen,Benign,9132,0,1504,5,5,0,0,0,5,7628,0.0,0.16469557599649584
unsw,unsw,43,False,forest,temporal+tcp,0,frozen,Reconnaissance,157,157,157,0,0,0,0,0,0,0,,1.0
unsw,unsw,43,False,forest,temporal+tcp,0,frozen,Fuzzers,358,358,358,0,0,0,0,0,0,0,,1.0
unsw,unsw,43,False,forest,temporal+tcp,0,frozen,Exploits,547,547,547,5,5,0,0,5,0,0,,1.0
unsw,unsw,43,False,forest,temporal+tcp,0,frozen,Generic,85,85,85,1,1,0,0,1,0,0,,1.0
unsw,unsw,43,False,forest,temporal+tcp,0,frozen,Analysis,11,11,11,0,0,0,0,0,0,0,,1.0
unsw,unsw,43,False,forest,temporal+tcp,0,frozen,Shellcode,23,23,23,0,0,0,0,0,0,0,,1.0
unsw,unsw,43,False,forest,temporal+tcp,0,frozen,DoS,66,66,66,2,2,0,0,2,0,0,,1.0
unsw,unsw,43,False,forest,temporal+tcp,0,frozen,Backdoor,38,38,38,1,1,0,0,1,0,0,,1.0
unsw,unsw,43,False,forest,temporal+tcp,0,cap,Benign,9132,0,7,5,5,0,0,0,5,9125,0.0,0.0007665352606219887
unsw,unsw,43,False,forest,temporal+tcp,0,cap,Reconnaissance,157,157,9,0,0,0,0,0,0,148,0.0,0.05732484076433121
unsw,unsw,43,False,forest,temporal+tcp,0,cap,Fuzzers,358,358,97,0,0,0,0,0,0,261,0.0,0.2709497206703911
unsw,unsw,43,False,forest,temporal+tcp,0,cap,Exploits,547,547,304,5,5,0,0,5,0,243,0.0,0.5557586837294333
unsw,unsw,43,False,forest,temporal+tcp,0,cap,Generic,85,85,36,1,1,0,0,1,0,49,0.0,0.4235294117647059
unsw,unsw,43,False,forest,temporal+tcp,0,cap,Analysis,11,11,5,0,0,0,0,0,0,6,0.0,0.45454545454545453
unsw,unsw,43,False,forest,temporal+tcp,0,cap,Shellcode,23,23,5,0,0,0,0,0,0,18,0.0,0.21739130434782608
unsw,unsw,43,False,forest,temporal+tcp,0,cap,DoS,66,66,32,2,2,0,0,2,0,34,0.0,0.48484848484848486
unsw,unsw,43,False,forest,temporal+tcp,0,cap,Backdoor,38,38,23,1,1,0,0,1,0,15,0.0,0.6052631578947368
unsw,unsw,43,False,forest,temporal+tcp,0,random,Benign,9132,0,442,5,1,0,4,0,5,8690,0.00046029919447640965,0.04840122645641699
unsw,unsw,43,False,forest,temporal+tcp,0,random,Reconnaissance,157,157,9,0,0,0,0,0,0,148,0.0,0.05732484076433121
unsw,unsw,43,False,forest,temporal+tcp,0,random,Fuzzers,358,358,19,0,0,0,0,0,0,339,0.0,0.05307262569832402
unsw,unsw,43,False,forest,temporal+tcp,0,random,Exploits,547,547,32,5,0,5,0,5,0,515,0.009708737864077669,0.05850091407678245
unsw,unsw,43,False,forest,temporal+tcp,0,random,Generic,85,85,9,1,0,1,0,1,0,76,0.013157894736842105,0.10588235294117647
unsw,unsw,43,False,forest,temporal+tcp,0,random,Analysis,11,11,0,0,0,0,0,0,0,11,0.0,0.0
unsw,unsw,43,False,forest,temporal+tcp,0,random,Shellcode,23,23,1,0,0,0,0,0,0,22,0.0,0.043478260869565216
unsw,unsw,43,False,forest,temporal+tcp,0,random,DoS,66,66,3,2,0,2,0,2,0,63,0.031746031746031744,0.045454545454545456
unsw,unsw,43,False,forest,temporal+tcp,0,random,Backdoor,38,38,3,1,0,1,0,1,0,35,0.02857142857142857,0.07894736842105263
unsw,unsw,43,False,forest,random10,0,frozen,Benign,9132,0,794,5,5,0,0,0,5,8338,0.0,0.08694699956197985
unsw,unsw,43,False,forest,random10,0,frozen,Reconnaissance,157,157,129,2,2,0,0,2,0,28,0.0,0.821656050955414
unsw,unsw,43,False,forest,random10,0,frozen,Fuzzers,358,358,295,6,6,0,0,6,0,63,0.0,0.8240223463687151
unsw,unsw,43,False,forest,random10,0,frozen,Exploits,547,547,471,13,13,0,0,13,0,76,0.0,0.8610603290676416
unsw,unsw,43,False,forest,random10,0,frozen,Generic,85,85,77,2,2,0,0,2,0,8,0.0,0.9058823529411765
unsw,unsw,43,False,forest,random10,0,frozen,Analysis,11,11,10,0,0,0,0,0,0,1,0.0,0.9090909090909091
unsw,unsw,43,False,forest,random10,0,frozen,Shellcode,23,23,19,2,2,0,0,2,0,4,0.0,0.8260869565217391
unsw,unsw,43,False,forest,random10,0,frozen,DoS,66,66,57,1,1,0,0,1,0,9,0.0,0.8636363636363636
unsw,unsw,43,False,forest,random10,0,frozen,Backdoor,38,38,32,2,2,0,0,2,0,6,0.0,0.8421052631578947
unsw,unsw,43,False,forest,random10,0,cap,Benign,9132,0,13,5,5,0,0,0,5,9119,0.0,0.0014235654840122646
unsw,unsw,43,False,forest,random10,0,cap,Reconnaissance,157,157,62,2,2,0,0,2,0,95,0.0,0.39490445859872614
unsw,unsw,43,False,forest,random10,0,cap,Fuzzers,358,358,138,6,6,0,0,6,0,220,0.0,0.3854748603351955
unsw,unsw,43,False,forest,random10,0,cap,Exploits,547,547,211,13,13,0,0,13,0,336,0.0,0.3857404021937843
unsw,unsw,43,False,forest,random10,0,cap,Generic,85,85,49,2,2,0,0,2,0,36,0.0,0.5764705882352941
unsw,unsw,43,False,forest,random10,0,cap,Analysis,11,11,4,0,0,0,0,0,0,7,0.0,0.36363636363636365
unsw,unsw,43,False,forest,random10,0,cap,Shellcode,23,23,10,2,2,0,0,2,0,13,0.0,0.43478260869565216
unsw,unsw,43,False,forest,random10,0,cap,DoS,66,66,18,1,0,1,0,1,0,48,0.020833333333333332,0.2727272727272727
unsw,unsw,43,False,forest,random10,0,cap,Backdoor,38,38,13,2,2,0,0,2,0,25,0.0,0.34210526315789475
unsw,unsw,43,False,forest,random10,0,random,Benign,9132,0,442,5,1,0,4,0,5,8690,0.00046029919447640965,0.04840122645641699
unsw,unsw,43,False,forest,random10,0,random,Reconnaissance,157,157,9,2,0,2,0,2,0,148,0.013513513513513514,0.05732484076433121
unsw,unsw,43,False,forest,random10,0,random,Fuzzers,358,358,19,6,0,6,0,6,0,339,0.017699115044247787,0.05307262569832402
unsw,unsw,43,False,forest,random10,0,random,Exploits,547,547,32,13,1,12,0,13,0,515,0.02330097087378641,0.05850091407678245
unsw,unsw,43,False,forest,random10,0,random,Generic,85,85,9,2,0,2,0,2,0,76,0.02631578947368421,0.10588235294117647
unsw,unsw,43,False,forest,random10,0,random,Analysis,11,11,0,0,0,0,0,0,0,11,0.0,0.0
unsw,unsw,43,False,forest,random10,0,random,Shellcode,23,23,1,2,0,2,0,2,0,22,0.09090909090909091,0.043478260869565216
unsw,unsw,43,False,forest,random10,0,random,DoS,66,66,3,1,0,1,0,1,0,63,0.015873015873015872,0.045454545454545456
unsw,unsw,43,False,forest,random10,0,random,Backdoor,38,38,3,2,0,2,0,2,0,35,0.05714285714285714,0.07894736842105263
unsw,ton,43,False,forest,clean,0,frozen,Benign,1833,0,1833,1049,1049,0,0,0,1049,0,,1.0
unsw,ton,43,False,forest,clean,0,frozen,xss,7211,7211,7211,5806,5806,0,0,5806,0,0,,1.0
unsw,ton,43,False,forest,clean,0,frozen,ransomware,15,15,15,3,3,0,0,3,0,0,,1.0
unsw,ton,43,False,forest,clean,0,frozen,Backdoor,288,288,288,4,4,0,0,4,0,0,,1.0
unsw,ton,43,False,forest,clean,0,frozen,mitm,20,20,20,13,13,0,0,13,0,0,,1.0
unsw,ton,43,False,forest,clean,0,cap,Benign,1833,0,84,1049,53,0,996,0,1049,1749,0.5694682675814752,0.04582651391162029
unsw,ton,43,False,forest,clean,0,cap,xss,7211,7211,366,5806,347,5459,0,5806,0,6845,0.7975164353542732,0.050755789765635835
unsw,ton,43,False,forest,clean,0,cap,ransomware,15,15,1,3,1,2,0,3,0,14,0.14285714285714285,0.06666666666666667
unsw,ton,43,False,forest,clean,0,cap,Backdoor,288,288,0,4,0,4,0,4,0,288,0.013888888888888888,0.0
unsw,ton,43,False,forest,clean,0,cap,mitm,20,20,3,13,0,13,0,13,0,17,0.7647058823529411,0.15
unsw,ton,43,False,forest,clean,0,random,Benign,1833,0,72,1049,40,0,1009,0,1049,1761,0.5729699034639409,0.03927986906710311
unsw,ton,43,False,forest,clean,0,random,xss,7211,7211,367,5806,291,5515,0,5806,0,6844,0.8058153126826417,0.050894466786853415
unsw,ton,43,False,forest,clean,0,random,ransomware,15,15,1,3,1,2,0,3,0,14,0.14285714285714285,0.06666666666666667
unsw,ton,43,False,forest,clean,0,random,Backdoor,288,288,13,4,2,2,0,4,0,275,0.007272727272727273,0.04513888888888889
unsw,ton,43,False,forest,clean,0,random,mitm,20,20,1,13,1,12,0,13,0,19,0.631578947368421,0.05
unsw,ton,43,False,forest,temporal,0,frozen,Benign,1833,0,1833,1053,1053,0,0,0,1053,0,,1.0
unsw,ton,43,False,forest,temporal,0,frozen,xss,7211,7211,7211,5792,5792,0,0,5792,0,0,,1.0
unsw,ton,43,False,forest,temporal,0,frozen,ransomware,15,15,15,3,3,0,0,3,0,0,,1.0
unsw,ton,43,False,forest,temporal,0,frozen,Backdoor,288,288,288,4,4,0,0,4,0,0,,1.0
unsw,ton,43,False,forest,temporal,0,frozen,mitm,20,20,20,16,16,0,0,16,0,0,,1.0
unsw,ton,43,False,forest,temporal,0,cap,Benign,1833,0,110,1053,67,0,986,0,1053,1723,0.5722576900754498,0.06001091107474086
unsw,ton,43,False,forest,temporal,0,cap,xss,7211,7211,341,5792,243,5549,0,5792,0,6870,0.8077147016011644,0.04728886423519623
unsw,ton,43,False,forest,temporal,0,cap,ransomware,15,15,1,3,1,2,0,3,0,14,0.14285714285714285,0.06666666666666667
unsw,ton,43,False,forest,temporal,0,cap,Backdoor,288,288,2,4,2,2,0,4,0,286,0.006993006993006993,0.006944444444444444
unsw,ton,43,False,forest,temporal,0,cap,mitm,20,20,0,16,0,16,0,16,0,20,0.8,0.0
unsw,ton,43,False,forest,temporal,0,random,Benign,1833,0,72,1053,42,0,1011,0,1053,1761,0.5741056218057922,0.03927986906710311
unsw,ton,43,False,forest,temporal,0,random,xss,7211,7211,367,5792,291,5501,0,5792,0,6844,0.8037697253068381,0.050894466786853415
unsw,ton,43,False,forest,temporal,0,random,ransomware,15,15,1,3,1,2,0,3,0,14,0.14285714285714285,0.06666666666666667
unsw,ton,43,False,forest,temporal,0,random,Backdoor,288,288,13,4,2,2,0,4,0,275,0.007272727272727273,0.04513888888888889
unsw,ton,43,False,forest,temporal,0,random,mitm,20,20,1,16,1,15,0,16,0,19,0.7894736842105263,0.05
unsw,ton,43,False,forest,size,0,frozen,Benign,1833,0,1833,609,609,0,0,0,609,0,,1.0
unsw,ton,43,False,forest,size,0,frozen,xss,7211,7211,7210,7017,7016,1,0,7017,0,1,1.0,0.9998613229787824
unsw,ton,43,False,forest,size,0,frozen,ransomware,15,15,15,15,15,0,0,15,0,0,,1.0
unsw,ton,43,False,forest,size,0,frozen,Backdoor,288,288,288,5,5,0,0,5,0,0,,1.0
unsw,ton,43,False,forest,size,0,frozen,mitm,20,20,20,8,8,0,0,8,0,0,,1.0
unsw,ton,43,False,forest,size,0,cap,Benign,1833,0,154,609,92,0,517,0,609,1679,0.307921381774866,0.08401527550463721
unsw,ton,43,False,forest,size,0,cap,xss,7211,7211,297,7017,224,6793,0,7017,0,6914,0.982499276829621,0.04118707530162252
unsw,ton,43,False,forest,size,0,cap,ransomware,15,15,1,15,1,14,0,15,0,14,1.0,0.06666666666666667
unsw,ton,43,False,forest,size,0,cap,Backdoor,288,288,0,5,0,5,0,5,0,288,0.017361111111111112,0.0
unsw,ton,43,False,forest,size,0,cap,mitm,20,20,2,8,1,7,0,8,0,18,0.3888888888888889,0.1
unsw,ton,43,False,forest,size,0,random,Benign,1833,0,72,609,22,0,587,0,609,1761,0.3333333333333333,0.03927986906710311
unsw,ton,43,False,forest,size,0,random,xss,7211,7211,367,7017,357,6660,0,7017,0,6844,0.973115137346581,0.050894466786853415
unsw,ton,43,False,forest,size,0,random,ransomware,15,15,1,15,1,14,0,15,0,14,1.0,0.06666666666666667
unsw,ton,43,False,forest,size,0,random,Backdoor,288,288,13,5,2,3,0,5,0,275,0.01090909090909091,0.04513888888888889
unsw,ton,43,False,forest,size,0,random,mitm,20,20,1,8,0,8,0,8,0,19,0.42105263157894735,0.05
unsw,ton,43,False,forest,tcp,0,frozen,Benign,1833,0,1833,987,987,0,0,0,987,0,,1.0
unsw,ton,43,False,forest,tcp,0,frozen,xss,7211,7211,7211,5547,5547,0,0,5547,0,0,,1.0
unsw,ton,43,False,forest,tcp,0,frozen,ransomware,15,15,15,3,3,0,0,3,0,0,,1.0
unsw,ton,43,False,forest,tcp,0,frozen,Backdoor,288,288,288,4,4,0,0,4,0,0,,1.0
unsw,ton,43,False,forest,tcp,0,frozen,mitm,20,20,20,16,16,0,0,16,0,0,,1.0
unsw,ton,43,False,forest,tcp,0,cap,Benign,1833,0,69,987,48,0,939,0,987,1764,0.532312925170068,0.03764320785597381
unsw,ton,43,False,forest,tcp,0,cap,xss,7211,7211,382,5547,205,5342,0,5547,0,6829,0.782252159906282,0.052974622105117185
unsw,ton,43,False,forest,tcp,0,cap,ransomware,15,15,0,3,0,3,0,3,0,15,0.2,0.0
unsw,ton,43,False,forest,tcp,0,cap,Backdoor,288,288,0,4,0,4,0,4,0,288,0.013888888888888888,0.0
unsw,ton,43,False,forest,tcp,0,cap,mitm,20,20,3,16,3,13,0,16,0,17,0.7647058823529411,0.15
unsw,ton,43,False,forest,tcp,0,random,Benign,1833,0,72,987,39,0,948,0,987,1761,0.5383304940374787,0.03927986906710311
unsw,ton,43,False,forest,tcp,0,random,xss,7211,7211,367,5547,282,5265,0,5547,0,6844,0.7692869666861485,0.050894466786853415
unsw,ton,43,False,forest,tcp,0,random,ransomware,15,15,1,3,1,2,0,3,0,14,0.14285714285714285,0.06666666666666667
unsw,ton,43,False,forest,tcp,0,random,Backdoor,288,288,13,4,2,2,0,4,0,275,0.007272727272727273,0.04513888888888889
unsw,ton,43,False,forest,tcp,0,random,mitm,20,20,1,16,1,15,0,16,0,19,0.7894736842105263,0.05
unsw,ton,43,False,forest,temporal+tcp,0,frozen,Benign,1833,0,1833,942,942,0,0,0,942,0,,1.0
unsw,ton,43,False,forest,temporal+tcp,0,frozen,xss,7211,7211,7211,5920,5920,0,0,5920,0,0,,1.0
unsw,ton,43,False,forest,temporal+tcp,0,frozen,ransomware,15,15,15,3,3,0,0,3,0,0,,1.0
unsw,ton,43,False,forest,temporal+tcp,0,frozen,Backdoor,288,288,288,4,4,0,0,4,0,0,,1.0
unsw,ton,43,False,forest,temporal+tcp,0,frozen,mitm,20,20,20,16,16,0,0,16,0,0,,1.0
unsw,ton,43,False,forest,temporal+tcp,0,cap,Benign,1833,0,80,942,31,0,911,0,942,1753,0.5196805476326298,0.0436442989634479
unsw,ton,43,False,forest,temporal+tcp,0,cap,xss,7211,7211,374,5920,373,5547,0,5920,0,6837,0.8113207547169812,0.05186520593537651
unsw,ton,43,False,forest,temporal+tcp,0,cap,ransomware,15,15,0,3,0,3,0,3,0,15,0.2,0.0
unsw,ton,43,False,forest,temporal+tcp,0,cap,Backdoor,288,288,0,4,0,4,0,4,0,288,0.013888888888888888,0.0
unsw,ton,43,False,forest,temporal+tcp,0,cap,mitm,20,20,0,16,0,16,0,16,0,20,0.8,0.0
unsw,ton,43,False,forest,temporal+tcp,0,random,Benign,1833,0,72,942,39,0,903,0,942,1761,0.5127768313458262,0.03927986906710311
unsw,ton,43,False,forest,temporal+tcp,0,random,xss,7211,7211,367,5920,296,5624,0,5920,0,6844,0.8217416715371128,0.050894466786853415
unsw,ton,43,False,forest,temporal+tcp,0,random,ransomware,15,15,1,3,1,2,0,3,0,14,0.14285714285714285,0.06666666666666667
unsw,ton,43,False,forest,temporal+tcp,0,random,Backdoor,288,288,13,4,2,2,0,4,0,275,0.007272727272727273,0.04513888888888889
unsw,ton,43,False,forest,temporal+tcp,0,random,mitm,20,20,1,16,1,15,0,16,0,19,0.7894736842105263,0.05
unsw,ton,43,False,forest,random10,0,frozen,Benign,1833,0,1833,988,988,0,0,0,988,0,,1.0
unsw,ton,43,False,forest,random10,0,frozen,xss,7211,7211,7210,5727,5726,1,0,5727,0,1,1.0,0.9998613229787824
unsw,ton,43,False,forest,random10,0,frozen,ransomware,15,15,15,4,4,0,0,4,0,0,,1.0
unsw,ton,43,False,forest,random10,0,frozen,Backdoor,288,288,288,13,13,0,0,13,0,0,,1.0
unsw,ton,43,False,forest,random10,0,frozen,mitm,20,20,20,14,14,0,0,14,0,0,,1.0
unsw,ton,43,False,forest,random10,0,cap,Benign,1833,0,89,988,51,0,937,0,988,1744,0.5372706422018348,0.048554282596835786
unsw,ton,43,False,forest,random10,0,cap,xss,7211,7211,362,5727,206,5521,0,5727,0,6849,0.8061030807417141,0.050201081680765494
unsw,ton,43,False,forest,random10,0,cap,ransomware,15,15,0,4,0,4,0,4,0,15,0.26666666666666666,0.0
unsw,ton,43,False,forest,random10,0,cap,Backdoor,288,288,3,13,2,11,0,13,0,285,0.03859649122807018,0.010416666666666666
unsw,ton,43,False,forest,random10,0,cap,mitm,20,20,0,14,0,14,0,14,0,20,0.7,0.0
unsw,ton,43,False,forest,random10,0,random,Benign,1833,0,72,988,35,0,953,0,988,1761,0.5411697898921067,0.03927986906710311
unsw,ton,43,False,forest,random10,0,random,xss,7211,7211,367,5727,289,5438,0,5727,0,6844,0.7945645821157218,0.050894466786853415
unsw,ton,43,False,forest,random10,0,random,ransomware,15,15,1,4,1,3,0,4,0,14,0.21428571428571427,0.06666666666666667
unsw,ton,43,False,forest,random10,0,random,Backdoor,288,288,13,13,3,10,0,13,0,275,0.03636363636363636,0.04513888888888889
unsw,ton,43,False,forest,random10,0,random,mitm,20,20,1,14,1,13,0,14,0,19,0.6842105263157895,0.05
unsw,cic,43,False,forest,clean,0,frozen,Benign,11886,0,11886,10347,10347,0,0,0,10347,0,,1.0
unsw,cic,43,False,forest,clean,0,frozen,Infilteration,213,213,213,59,59,0,0,59,0,0,,1.0
unsw,cic,43,False,forest,clean,0,frozen,Bot,93,93,93,0,0,0,0,0,0,0,,1.0
unsw,cic,43,False,forest,clean,0,cap,Benign,11886,0,588,10347,579,0,9768,0,10347,11298,0.8645778013807753,0.04946996466431095
unsw,cic,43,False,forest,clean,0,cap,Infilteration,213,213,11,59,0,59,0,59,0,202,0.29207920792079206,0.051643192488262914
unsw,cic,43,False,forest,clean,0,cap,Bot,93,93,0,0,0,0,0,0,0,93,0.0,0.0
unsw,cic,43,False,forest,clean,0,random,Benign,11886,0,587,10347,486,0,9861,0,10347,11299,0.8727321001858571,0.04938583207134444
unsw,cic,43,False,forest,clean,0,random,Infilteration,213,213,9,59,1,58,0,59,0,204,0.28431372549019607,0.04225352112676056
unsw,cic,43,False,forest,clean,0,random,Bot,93,93,3,0,0,0,0,0,0,90,0.0,0.03225806451612903
unsw,cic,43,False,forest,temporal,0,frozen,Benign,11886,0,11886,9861,9861,0,0,0,9861,0,,1.0
unsw,cic,43,False,forest,temporal,0,frozen,Infilteration,213,213,213,71,71,0,0,71,0,0,,1.0
unsw,cic,43,False,forest,temporal,0,frozen,Bot,93,93,93,0,0,0,0,0,0,0,,1.0
unsw,cic,43,False,forest,temporal,0,cap,Benign,11886,0,583,9861,238,0,9623,0,9861,11303,0.8513668937450234,0.049049301699478375
unsw,cic,43,False,forest,temporal,0,cap,Infilteration,213,213,16,71,10,61,0,71,0,197,0.3096446700507614,0.07511737089201878
unsw,cic,43,False,forest,temporal,0,cap,Bot,93,93,0,0,0,0,0,0,0,93,0.0,0.0
unsw,cic,43,False,forest,temporal,0,random,Benign,11886,0,587,9861,461,0,9400,0,9861,11299,0.8319320293831313,0.04938583207134444
unsw,cic,43,False,forest,temporal,0,random,Infilteration,213,213,9,71,3,68,0,71,0,204,0.3333333333333333,0.04225352112676056
unsw,cic,43,False,forest,temporal,0,random,Bot,93,93,3,0,0,0,0,0,0,90,0.0,0.03225806451612903
unsw,cic,43,False,forest,size,0,frozen,Benign,11886,0,11861,2048,2048,0,0,0,2048,25,0.0,0.9978966851758371
unsw,cic,43,False,forest,size,0,frozen,Infilteration,213,213,212,159,158,1,0,159,0,1,1.0,0.9953051643192489
unsw,cic,43,False,forest,size,0,frozen,Bot,93,93,93,93,93,0,0,93,0,0,,1.0
unsw,cic,43,False,forest,size,0,cap,Benign,11886,0,589,2048,46,0,2002,0,2048,11297,0.17721518987341772,0.04955409725727747
unsw,cic,43,False,forest,size,0,cap,Infilteration,213,213,10,159,8,151,0,159,0,203,0.7438423645320197,0.046948356807511735
unsw,cic,43,False,forest,size,0,cap,Bot,93,93,0,93,0,93,0,93,0,93,1.0,0.0
unsw,cic,43,False,forest,size,0,random,Benign,11886,0,587,2048,100,0,1948,0,2048,11299,0.17240463757854677,0.04938583207134444
unsw,cic,43,False,forest,size,0,random,Infilteration,213,213,9,159,4,155,0,159,0,204,0.7598039215686274,0.04225352112676056
unsw,cic,43,False,forest,size,0,random,Bot,93,93,3,93,3,90,0,93,0,90,1.0,0.03225806451612903
unsw,cic,43,False,forest,tcp,0,frozen,Benign,11886,0,11886,9196,9196,0,0,0,9196,0,,1.0
unsw,cic,43,False,forest,tcp,0,frozen,Infilteration,213,213,213,82,82,0,0,82,0,0,,1.0
unsw,cic,43,False,forest,tcp,0,frozen,Bot,93,93,93,0,0,0,0,0,0,0,,1.0
unsw,cic,43,False,forest,tcp,0,cap,Benign,11886,0,577,9196,222,0,8974,0,9196,11309,0.7935272791581925,0.04854450614167929
unsw,cic,43,False,forest,tcp,0,cap,Infilteration,213,213,22,82,11,71,0,82,0,191,0.3717277486910995,0.10328638497652583
unsw,cic,43,False,forest,tcp,0,cap,Bot,93,93,0,0,0,0,0,0,0,93,0.0,0.0
unsw,cic,43,False,forest,tcp,0,random,Benign,11886,0,587,9196,423,0,8773,0,9196,11299,0.7764403929551288,0.04938583207134444
unsw,cic,43,False,forest,tcp,0,random,Infilteration,213,213,9,82,3,79,0,82,0,204,0.3872549019607843,0.04225352112676056
unsw,cic,43,False,forest,tcp,0,random,Bot,93,93,3,0,0,0,0,0,0,90,0.0,0.03225806451612903
unsw,cic,43,False,forest,temporal+tcp,0,frozen,Benign,11886,0,11886,8666,8666,0,0,0,8666,0,,1.0
unsw,cic,43,False,forest,temporal+tcp,0,frozen,Infilteration,213,213,213,103,103,0,0,103,0,0,,1.0
unsw,cic,43,False,forest,temporal+tcp,0,frozen,Bot,93,93,93,0,0,0,0,0,0,0,,1.0
unsw,cic,43,False,forest,temporal+tcp,0,cap,Benign,11886,0,579,8666,30,0,8636,0,8666,11307,0.7637746528699036,0.048712771327612314
unsw,cic,43,False,forest,temporal+tcp,0,cap,Infilteration,213,213,20,103,17,86,0,103,0,193,0.44559585492227977,0.09389671361502347
unsw,cic,43,False,forest,temporal+tcp,0,cap,Bot,93,93,0,0,0,0,0,0,0,93,0.0,0.0
unsw,cic,43,False,forest,temporal+tcp,0,random,Benign,11886,0,587,8666,397,0,8269,0,8666,11299,0.7318346756350119,0.04938583207134444
unsw,cic,43,False,forest,temporal+tcp,0,random,Infilteration,213,213,9,103,6,97,0,103,0,204,0.47549019607843135,0.04225352112676056
unsw,cic,43,False,forest,temporal+tcp,0,random,Bot,93,93,3,0,0,0,0,0,0,90,0.0,0.03225806451612903
unsw,cic,43,False,forest,random10,0,frozen,Benign,11886,0,11886,9389,9389,0,0,0,9389,0,,1.0
unsw,cic,43,False,forest,random10,0,frozen,Infilteration,213,213,213,81,81,0,0,81,0,0,,1.0
unsw,cic,43,False,forest,random10,0,frozen,Bot,93,93,93,14,14,0,0,14,0,0,,1.0
unsw,cic,43,False,forest,random10,0,cap,Benign,11886,0,579,9389,407,0,8982,0,9389,11307,0.7943751658264792,0.048712771327612314
unsw,cic,43,False,forest,random10,0,cap,Infilteration,213,213,10,81,0,81,0,81,0,203,0.39901477832512317,0.046948356807511735
unsw,cic,43,False,forest,random10,0,cap,Bot,93,93,10,14,4,10,0,14,0,83,0.12048192771084337,0.10752688172043011
unsw,cic,43,False,forest,random10,0,random,Benign,11886,0,587,9389,444,0,8945,0,9389,11299,0.7916629790246924,0.04938583207134444
unsw,cic,43,False,forest,random10,0,random,Infilteration,213,213,9,81,2,79,0,81,0,204,0.3872549019607843,0.04225352112676056
unsw,cic,43,False,forest,random10,0,random,Bot,93,93,3,14,0,14,0,14,0,90,0.15555555555555556,0.03225806451612903
unsw,unsw,43,True,logistic,clean,0,frozen,Benign,9132,0,148,3,1,0,2,0,3,8984,0.0002226179875333927,0.016206745510293472
unsw,unsw,43,True,logistic,clean,0,frozen,Reconnaissance,157,157,25,0,0,0,0,0,0,132,0.0,0.1592356687898089
unsw,unsw,43,True,logistic,clean,0,frozen,Fuzzers,358,358,17,0,0,0,0,0,0,341,0.0,0.04748603351955307
unsw,unsw,43,True,logistic,clean,0,frozen,Exploits,547,547,306,3,3,0,0,3,0,241,0.0,0.5594149908592322
unsw,unsw,43,True,logistic,clean,0,frozen,Generic,85,85,35,0,0,0,0,0,0,50,0.0,0.4117647058823529
unsw,unsw,43,True,logistic,clean,0,frozen,Analysis,11,11,11,0,0,0,0,0,0,0,,1.0
unsw,unsw,43,True,logistic,clean,0,frozen,Shellcode,23,23,1,0,0,0,0,0,0,22,0.0,0.043478260869565216
unsw,unsw,43,True,logistic,clean,0,frozen,DoS,66,66,18,2,0,2,0,2,0,48,0.041666666666666664,0.2727272727272727
unsw,unsw,43,True,logistic,clean,0,frozen,Backdoor,38,38,14,1,1,0,0,1,0,24,0.0,0.3684210526315789
unsw,unsw,43,True,logistic,clean,0,cap,Benign,9132,0,117,3,1,0,2,0,3,9015,0.0002218524681087077,0.012812089356110381
unsw,unsw,43,True,logistic,clean,0,cap,Reconnaissance,157,157,22,0,0,0,0,0,0,135,0.0,0.14012738853503184
unsw,unsw,43,True,logistic,clean,0,cap,Fuzzers,358,358,15,0,0,0,0,0,0,343,0.0,0.04189944134078212
unsw,unsw,43,True,logistic,clean,0,cap,Exploits,547,547,291,3,3,0,0,3,0,256,0.0,0.5319926873857403
unsw,unsw,43,True,logistic,clean,0,cap,Generic,85,85,34,0,0,0,0,0,0,51,0.0,0.4
unsw,unsw,43,True,logistic,clean,0,cap,Analysis,11,11,11,0,0,0,0,0,0,0,,1.0
unsw,unsw,43,True,logistic,clean,0,cap,Shellcode,23,23,0,0,0,0,0,0,0,23,0.0,0.0
unsw,unsw,43,True,logistic,clean,0,cap,DoS,66,66,18,2,0,2,0,2,0,48,0.041666666666666664,0.2727272727272727
unsw,unsw,43,True,logistic,clean,0,cap,Backdoor,38,38,10,1,1,0,0,1,0,28,0.0,0.2631578947368421
unsw,unsw,43,True,logistic,clean,0,random,Benign,9132,0,442,3,1,0,2,0,3,8690,0.00023014959723820482,0.04840122645641699
unsw,unsw,43,True,logistic,clean,0,random,Reconnaissance,157,157,9,0,0,0,0,0,0,148,0.0,0.05732484076433121
unsw,unsw,43,True,logistic,clean,0,random,Fuzzers,358,358,19,0,0,0,0,0,0,339,0.0,0.05307262569832402
unsw,unsw,43,True,logistic,clean,0,random,Exploits,547,547,32,3,0,3,0,3,0,515,0.005825242718446602,0.05850091407678245
unsw,unsw,43,True,logistic,clean,0,random,Generic,85,85,9,0,0,0,0,0,0,76,0.0,0.10588235294117647
unsw,unsw,43,True,logistic,clean,0,random,Analysis,11,11,0,0,0,0,0,0,0,11,0.0,0.0
unsw,unsw,43,True,logistic,clean,0,random,Shellcode,23,23,1,0,0,0,0,0,0,22,0.0,0.043478260869565216
unsw,unsw,43,True,logistic,clean,0,random,DoS,66,66,3,2,0,2,0,2,0,63,0.031746031746031744,0.045454545454545456
unsw,unsw,43,True,logistic,clean,0,random,Backdoor,38,38,3,1,0,1,0,1,0,35,0.02857142857142857,0.07894736842105263
unsw,unsw,43,True,logistic,temporal,0,frozen,Benign,9132,0,472,3,2,0,1,0,3,8660,0.00011547344110854503,0.05168637757336837
unsw,unsw,43,True,logistic,temporal,0,frozen,Reconnaissance,157,157,36,1,1,0,0,1,0,121,0.0,0.22929936305732485
unsw,unsw,43,True,logistic,temporal,0,frozen,Fuzzers,358,358,18,1,1,0,0,1,0,340,0.0,0.05027932960893855
unsw,unsw,43,True,logistic,temporal,0,frozen,Exploits,547,547,317,1,1,0,0,1,0,230,0.0,0.5795246800731262
unsw,unsw,43,True,logistic,temporal,0,frozen,Generic,85,85,38,0,0,0,0,0,0,47,0.0,0.4470588235294118
unsw,unsw,43,True,logistic,temporal,0,frozen,Analysis,11,11,11,0,0,0,0,0,0,0,,1.0
unsw,unsw,43,True,logistic,temporal,0,frozen,Shellcode,23,23,1,0,0,0,0,0,0,22,0.0,0.043478260869565216
unsw,unsw,43,True,logistic,temporal,0,frozen,DoS,66,66,21,2,0,2,0,2,0,45,0.044444444444444446,0.3181818181818182
unsw,unsw,43,True,logistic,temporal,0,frozen,Backdoor,38,38,14,1,1,0,0,1,0,24,0.0,0.3684210526315789
unsw,unsw,43,True,logistic,temporal,0,cap,Benign,9132,0,150,3,2,0,1,0,3,8982,0.00011133377866844801,0.0164257555847569
unsw,unsw,43,True,logistic,temporal,0,cap,Reconnaissance,157,157,25,1,1,0,0,1,0,132,0.0,0.1592356687898089
unsw,unsw,43,True,logistic,temporal,0,cap,Fuzzers,358,358,17,1,1,0,0,1,0,341,0.0,0.04748603351955307
unsw,unsw,43,True,logistic,temporal,0,cap,Exploits,547,547,271,1,1,0,0,1,0,276,0.0,0.4954296160877514
unsw,unsw,43,True,logistic,temporal,0,cap,Generic,85,85,17,0,0,0,0,0,0,68,0.0,0.2
unsw,unsw,43,True,logistic,temporal,0,cap,Analysis,11,11,11,0,0,0,0,0,0,0,,1.0
unsw,unsw,43,True,logistic,temporal,0,cap,Shellcode,23,23,0,0,0,0,0,0,0,23,0.0,0.0
unsw,unsw,43,True,logistic,temporal,0,cap,DoS,66,66,17,2,0,2,0,2,0,49,0.04081632653061224,0.25757575757575757
unsw,unsw,43,True,logistic,temporal,0,cap,Backdoor,38,38,10,1,1,0,0,1,0,28,0.0,0.2631578947368421
unsw,unsw,43,True,logistic,temporal,0,random,Benign,9132,0,442,3,1,0,2,0,3,8690,0.00023014959723820482,0.04840122645641699
unsw,unsw,43,True,logistic,temporal,0,random,Reconnaissance,157,157,9,1,0,1,0,1,0,148,0.006756756756756757,0.05732484076433121
unsw,unsw,43,True,logistic,temporal,0,random,Fuzzers,358,358,19,1,0,1,0,1,0,339,0.0029498525073746312,0.05307262569832402
unsw,unsw,43,True,logistic,temporal,0,random,Exploits,547,547,32,1,0,1,0,1,0,515,0.001941747572815534,0.05850091407678245
unsw,unsw,43,True,logistic,temporal,0,random,Generic,85,85,9,0,0,0,0,0,0,76,0.0,0.10588235294117647
unsw,unsw,43,True,logistic,temporal,0,random,Analysis,11,11,0,0,0,0,0,0,0,11,0.0,0.0
unsw,unsw,43,True,logistic,temporal,0,random,Shellcode,23,23,1,0,0,0,0,0,0,22,0.0,0.043478260869565216
unsw,unsw,43,True,logistic,temporal,0,random,DoS,66,66,3,2,0,2,0,2,0,63,0.031746031746031744,0.045454545454545456
unsw,unsw,43,True,logistic,temporal,0,random,Backdoor,38,38,3,1,0,1,0,1,0,35,0.02857142857142857,0.07894736842105263
unsw,unsw,43,True,logistic,size,0,frozen,Benign,9132,0,558,3,2,0,1,0,3,8574,0.00011663167716351762,0.06110381077529566
unsw,unsw,43,True,logistic,size,0,frozen,Reconnaissance,157,157,42,2,2,0,0,2,0,115,0.0,0.267515923566879
unsw,unsw,43,True,logistic,size,0,frozen,Fuzzers,358,358,54,0,0,0,0,0,0,304,0.0,0.15083798882681565
unsw,unsw,43,True,logistic,size,0,frozen,Exploits,547,547,341,15,14,1,0,15,0,206,0.0048543689320388345,0.623400365630713
unsw,unsw,43,True,logistic,size,0,frozen,Generic,85,85,42,4,4,0,0,4,0,43,0.0,0.49411764705882355
unsw,unsw,43,True,logistic,size,0,frozen,Analysis,11,11,11,0,0,0,0,0,0,0,,1.0
unsw,unsw,43,True,logistic,size,0,frozen,Shellcode,23,23,6,0,0,0,0,0,0,17,0.0,0.2608695652173913
unsw,unsw,43,True,logistic,size,0,frozen,DoS,66,66,20,3,1,2,0,3,0,46,0.043478260869565216,0.30303030303030304
unsw,unsw,43,True,logistic,size,0,frozen,Backdoor,38,38,20,1,1,0,0,1,0,18,0.0,0.5263157894736842
unsw,unsw,43,True,logistic,size,0,cap,Benign,9132,0,80,3,2,0,1,0,3,9052,0.0001104728236853734,0.008760402978537012
unsw,unsw,43,True,logistic,size,0,cap,Reconnaissance,157,157,37,2,2,0,0,2,0,120,0.0,0.2356687898089172
unsw,unsw,43,True,logistic,size,0,cap,Fuzzers,358,358,13,0,0,0,0,0,0,345,0.0,0.036312849162011177
unsw,unsw,43,True,logistic,size,0,cap,Exploits,547,547,310,15,14,1,0,15,0,237,0.004219409282700422,0.56672760511883
unsw,unsw,43,True,logistic,size,0,cap,Generic,85,85,36,4,4,0,0,4,0,49,0.0,0.4235294117647059
unsw,unsw,43,True,logistic,size,0,cap,Analysis,11,11,10,0,0,0,0,0,0,1,0.0,0.9090909090909091
unsw,unsw,43,True,logistic,size,0,cap,Shellcode,23,23,0,0,0,0,0,0,0,23,0.0,0.0
unsw,unsw,43,True,logistic,size,0,cap,DoS,66,66,19,3,1,2,0,3,0,47,0.0425531914893617,0.2878787878787879
unsw,unsw,43,True,logistic,size,0,cap,Backdoor,38,38,13,1,1,0,0,1,0,25,0.0,0.34210526315789475
unsw,unsw,43,True,logistic,size,0,random,Benign,9132,0,442,3,0,0,3,0,3,8690,0.00034522439585730726,0.04840122645641699
unsw,unsw,43,True,logistic,size,0,random,Reconnaissance,157,157,9,2,0,2,0,2,0,148,0.013513513513513514,0.05732484076433121
unsw,unsw,43,True,logistic,size,0,random,Fuzzers,358,358,19,0,0,0,0,0,0,339,0.0,0.05307262569832402
unsw,unsw,43,True,logistic,size,0,random,Exploits,547,547,32,15,0,15,0,15,0,515,0.02912621359223301,0.05850091407678245
unsw,unsw,43,True,logistic,size,0,random,Generic,85,85,9,4,0,4,0,4,0,76,0.05263157894736842,0.10588235294117647
unsw,unsw,43,True,logistic,size,0,random,Analysis,11,11,0,0,0,0,0,0,0,11,0.0,0.0
unsw,unsw,43,True,logistic,size,0,random,Shellcode,23,23,1,0,0,0,0,0,0,22,0.0,0.043478260869565216
unsw,unsw,43,True,logistic,size,0,random,DoS,66,66,3,3,0,3,0,3,0,63,0.047619047619047616,0.045454545454545456
unsw,unsw,43,True,logistic,size,0,random,Backdoor,38,38,3,1,0,1,0,1,0,35,0.02857142857142857,0.07894736842105263
unsw,unsw,43,True,logistic,tcp,0,frozen,Benign,9132,0,974,3,1,0,2,0,3,8158,0.00024515812699190976,0.10665790626368812
unsw,unsw,43,True,logistic,tcp,0,frozen,Reconnaissance,157,157,37,0,0,0,0,0,0,120,0.0,0.2356687898089172
unsw,unsw,43,True,logistic,tcp,0,frozen,Fuzzers,358,358,28,0,0,0,0,0,0,330,0.0,0.0782122905027933
unsw,unsw,43,True,logistic,tcp,0,frozen,Exploits,547,547,323,7,1,6,0,7,0,224,0.026785714285714284,0.5904936014625228
unsw,unsw,43,True,logistic,tcp,0,frozen,Generic,85,85,37,1,1,0,0,1,0,48,0.0,0.43529411764705883
unsw,unsw,43,True,logistic,tcp,0,frozen,Analysis,11,11,11,0,0,0,0,0,0,0,,1.0
unsw,unsw,43,True,logistic,tcp,0,frozen,Shellcode,23,23,1,0,0,0,0,0,0,22,0.0,0.043478260869565216
unsw,unsw,43,True,logistic,tcp,0,frozen,DoS,66,66,22,3,1,2,0,3,0,44,0.045454545454545456,0.3333333333333333
unsw,unsw,43,True,logistic,tcp,0,frozen,Backdoor,38,38,15,1,1,0,0,1,0,23,0.0,0.39473684210526316
unsw,unsw,43,True,logistic,tcp,0,cap,Benign,9132,0,155,3,1,0,2,0,3,8977,0.00022279157847833353,0.016973280770915464
unsw,unsw,43,True,logistic,tcp,0,cap,Reconnaissance,157,157,22,0,0,0,0,0,0,135,0.0,0.14012738853503184
unsw,unsw,43,True,logistic,tcp,0,cap,Fuzzers,358,358,17,0,0,0,0,0,0,341,0.0,0.04748603351955307
unsw,unsw,43,True,logistic,tcp,0,cap,Exploits,547,547,266,7,1,6,0,7,0,281,0.021352313167259787,0.48628884826325414
unsw,unsw,43,True,logistic,tcp,0,cap,Generic,85,85,20,1,1,0,0,1,0,65,0.0,0.23529411764705882
unsw,unsw,43,True,logistic,tcp,0,cap,Analysis,11,11,10,0,0,0,0,0,0,1,0.0,0.9090909090909091
unsw,unsw,43,True,logistic,tcp,0,cap,Shellcode,23,23,0,0,0,0,0,0,0,23,0.0,0.0
unsw,unsw,43,True,logistic,tcp,0,cap,DoS,66,66,17,3,1,2,0,3,0,49,0.04081632653061224,0.25757575757575757
unsw,unsw,43,True,logistic,tcp,0,cap,Backdoor,38,38,11,1,1,0,0,1,0,27,0.0,0.2894736842105263
unsw,unsw,43,True,logistic,tcp,0,random,Benign,9132,0,442,3,1,0,2,0,3,8690,0.00023014959723820482,0.04840122645641699
unsw,unsw,43,True,logistic,tcp,0,random,Reconnaissance,157,157,9,0,0,0,0,0,0,148,0.0,0.05732484076433121
unsw,unsw,43,True,logistic,tcp,0,random,Fuzzers,358,358,19,0,0,0,0,0,0,339,0.0,0.05307262569832402
unsw,unsw,43,True,logistic,tcp,0,random,Exploits,547,547,32,7,0,7,0,7,0,515,0.013592233009708738,0.05850091407678245
unsw,unsw,43,True,logistic,tcp,0,random,Generic,85,85,9,1,0,1,0,1,0,76,0.013157894736842105,0.10588235294117647
unsw,unsw,43,True,logistic,tcp,0,random,Analysis,11,11,0,0,0,0,0,0,0,11,0.0,0.0
unsw,unsw,43,True,logistic,tcp,0,random,Shellcode,23,23,1,0,0,0,0,0,0,22,0.0,0.043478260869565216
unsw,unsw,43,True,logistic,tcp,0,random,DoS,66,66,3,3,0,3,0,3,0,63,0.047619047619047616,0.045454545454545456
unsw,unsw,43,True,logistic,tcp,0,random,Backdoor,38,38,3,1,0,1,0,1,0,35,0.02857142857142857,0.07894736842105263
unsw,unsw,43,True,logistic,temporal+tcp,0,frozen,Benign,9132,0,1299,3,2,0,1,0,3,7833,0.00012766500702157538,0.14224704336399474
unsw,unsw,43,True,logistic,temporal+tcp,0,frozen,Reconnaissance,157,157,37,0,0,0,0,0,0,120,0.0,0.2356687898089172
unsw,unsw,43,True,logistic,temporal+tcp,0,frozen,Fuzzers,358,358,31,0,0,0,0,0,0,327,0.0,0.08659217877094973
unsw,unsw,43,True,logistic,temporal+tcp,0,frozen,Exploits,547,547,304,12,6,6,0,12,0,243,0.024691358024691357,0.5557586837294333
unsw,unsw,43,True,logistic,temporal+tcp,0,frozen,Generic,85,85,23,1,1,0,0,1,0,62,0.0,0.27058823529411763
unsw,unsw,43,True,logistic,temporal+tcp,0,frozen,Analysis,11,11,11,0,0,0,0,0,0,0,,1.0
unsw,unsw,43,True,logistic,temporal+tcp,0,frozen,Shellcode,23,23,1,0,0,0,0,0,0,22,0.0,0.043478260869565216
unsw,unsw,43,True,logistic,temporal+tcp,0,frozen,DoS,66,66,23,2,0,2,0,2,0,43,0.046511627906976744,0.3484848484848485
unsw,unsw,43,True,logistic,temporal+tcp,0,frozen,Backdoor,38,38,15,0,0,0,0,0,0,23,0.0,0.39473684210526316
unsw,unsw,43,True,logistic,temporal+tcp,0,cap,Benign,9132,0,102,3,1,0,2,0,3,9030,0.00022148394241417498,0.011169513797634692
unsw,unsw,43,True,logistic,temporal+tcp,0,cap,Reconnaissance,157,157,32,0,0,0,0,0,0,125,0.0,0.20382165605095542
unsw,unsw,43,True,logistic,temporal+tcp,0,cap,Fuzzers,358,358,30,0,0,0,0,0,0,328,0.0,0.08379888268156424
unsw,unsw,43,True,logistic,temporal+tcp,0,cap,Exploits,547,547,287,12,6,6,0,12,0,260,0.023076923076923078,0.5246800731261426
unsw,unsw,43,True,logistic,temporal+tcp,0,cap,Generic,85,85,22,1,1,0,0,1,0,63,0.0,0.25882352941176473
unsw,unsw,43,True,logistic,temporal+tcp,0,cap,Analysis,11,11,11,0,0,0,0,0,0,0,,1.0
unsw,unsw,43,True,logistic,temporal+tcp,0,cap,Shellcode,23,23,0,0,0,0,0,0,0,23,0.0,0.0
unsw,unsw,43,True,logistic,temporal+tcp,0,cap,DoS,66,66,22,2,0,2,0,2,0,44,0.045454545454545456,0.3333333333333333
unsw,unsw,43,True,logistic,temporal+tcp,0,cap,Backdoor,38,38,12,0,0,0,0,0,0,26,0.0,0.3157894736842105
unsw,unsw,43,True,logistic,temporal+tcp,0,random,Benign,9132,0,442,3,1,0,2,0,3,8690,0.00023014959723820482,0.04840122645641699
unsw,unsw,43,True,logistic,temporal+tcp,0,random,Reconnaissance,157,157,9,0,0,0,0,0,0,148,0.0,0.05732484076433121
unsw,unsw,43,True,logistic,temporal+tcp,0,random,Fuzzers,358,358,19,0,0,0,0,0,0,339,0.0,0.05307262569832402
unsw,unsw,43,True,logistic,temporal+tcp,0,random,Exploits,547,547,32,12,0,12,0,12,0,515,0.02330097087378641,0.05850091407678245
unsw,unsw,43,True,logistic,temporal+tcp,0,random,Generic,85,85,9,1,0,1,0,1,0,76,0.013157894736842105,0.10588235294117647
unsw,unsw,43,True,logistic,temporal+tcp,0,random,Analysis,11,11,0,0,0,0,0,0,0,11,0.0,0.0
unsw,unsw,43,True,logistic,temporal+tcp,0,random,Shellcode,23,23,1,0,0,0,0,0,0,22,0.0,0.043478260869565216
unsw,unsw,43,True,logistic,temporal+tcp,0,random,DoS,66,66,3,2,0,2,0,2,0,63,0.031746031746031744,0.045454545454545456
unsw,unsw,43,True,logistic,temporal+tcp,0,random,Backdoor,38,38,3,0,0,0,0,0,0,35,0.0,0.07894736842105263
unsw,unsw,43,True,logistic,random10,0,frozen,Benign,9132,0,702,62,22,0,40,0,62,8430,0.004744958481613286,0.07687253613666228
unsw,unsw,43,True,logistic,random10,0,frozen,Reconnaissance,157,157,34,10,8,2,0,10,0,123,0.016260162601626018,0.21656050955414013
unsw,unsw,43,True,logistic,random10,0,frozen,Fuzzers,358,358,55,17,11,6,0,17,0,303,0.019801980198019802,0.15363128491620112
unsw,unsw,43,True,logistic,random10,0,frozen,Exploits,547,547,299,70,61,9,0,70,0,248,0.036290322580645164,0.546617915904936
unsw,unsw,43,True,logistic,random10,0,frozen,Generic,85,85,38,12,7,5,0,12,0,47,0.10638297872340426,0.4470588235294118
unsw,unsw,43,True,logistic,random10,0,frozen,Analysis,11,11,11,1,1,0,0,1,0,0,,1.0
unsw,unsw,43,True,logistic,random10,0,frozen,Shellcode,23,23,1,1,0,1,0,1,0,22,0.045454545454545456,0.043478260869565216
unsw,unsw,43,True,logistic,random10,0,frozen,DoS,66,66,20,5,3,2,0,5,0,46,0.043478260869565216,0.30303030303030304
unsw,unsw,43,True,logistic,random10,0,frozen,Backdoor,38,38,15,2,1,1,0,2,0,23,0.043478260869565216,0.39473684210526316
unsw,unsw,43,True,logistic,random10,0,cap,Benign,9132,0,191,62,18,0,44,0,62,8941,0.004921149759534727,0.020915462111257117
unsw,unsw,43,True,logistic,random10,0,cap,Reconnaissance,157,157,24,10,7,3,0,10,0,133,0.022556390977443608,0.15286624203821655
unsw,unsw,43,True,logistic,random10,0,cap,Fuzzers,358,358,30,17,8,9,0,17,0,328,0.027439024390243903,0.08379888268156424
unsw,unsw,43,True,logistic,random10,0,cap,Exploits,547,547,216,70,56,14,0,70,0,331,0.04229607250755287,0.39488117001828155
unsw,unsw,43,True,logistic,random10,0,cap,Generic,85,85,23,12,5,7,0,12,0,62,0.11290322580645161,0.27058823529411763
unsw,unsw,43,True,logistic,random10,0,cap,Analysis,11,11,9,1,1,0,0,1,0,2,0.0,0.8181818181818182
unsw,unsw,43,True,logistic,random10,0,cap,Shellcode,23,23,0,1,0,1,0,1,0,23,0.043478260869565216,0.0
unsw,unsw,43,True,logistic,random10,0,cap,DoS,66,66,16,5,2,3,0,5,0,50,0.06,0.24242424242424243
unsw,unsw,43,True,logistic,random10,0,cap,Backdoor,38,38,9,2,1,1,0,2,0,29,0.034482758620689655,0.23684210526315788
unsw,unsw,43,True,logistic,random10,0,random,Benign,9132,0,442,62,5,0,57,0,62,8690,0.006559263521288838,0.04840122645641699
unsw,unsw,43,True,logistic,random10,0,random,Reconnaissance,157,157,9,10,1,9,0,10,0,148,0.060810810810810814,0.05732484076433121
unsw,unsw,43,True,logistic,random10,0,random,Fuzzers,358,358,19,17,3,14,0,17,0,339,0.04129793510324484,0.05307262569832402
unsw,unsw,43,True,logistic,random10,0,random,Exploits,547,547,32,70,3,67,0,70,0,515,0.13009708737864079,0.05850091407678245
unsw,unsw,43,True,logistic,random10,0,random,Generic,85,85,9,12,1,11,0,12,0,76,0.14473684210526316,0.10588235294117647
unsw,unsw,43,True,logistic,random10,0,random,Analysis,11,11,0,1,0,1,0,1,0,11,0.09090909090909091,0.0
unsw,unsw,43,True,logistic,random10,0,random,Shellcode,23,23,1,1,0,1,0,1,0,22,0.045454545454545456,0.043478260869565216
unsw,unsw,43,True,logistic,random10,0,random,DoS,66,66,3,5,1,4,0,5,0,63,0.06349206349206349,0.045454545454545456
unsw,unsw,43,True,logistic,random10,0,random,Backdoor,38,38,3,2,0,2,0,2,0,35,0.05714285714285714,0.07894736842105263
unsw,ton,43,True,logistic,clean,0,frozen,Benign,1833,0,209,33,17,0,16,0,33,1624,0.009852216748768473,0.11402073104200763
unsw,ton,43,True,logistic,clean,0,frozen,xss,7211,7211,48,7178,17,7161,0,7178,0,7163,0.9997207873795896,0.006656497018444044
unsw,ton,43,True,logistic,clean,0,frozen,ransomware,15,15,0,14,0,14,0,14,0,15,0.9333333333333333,0.0
unsw,ton,43,True,logistic,clean,0,frozen,Backdoor,288,288,97,288,97,191,0,288,0,191,1.0,0.3368055555555556
unsw,ton,43,True,logistic,clean,0,frozen,mitm,20,20,8,16,5,11,0,16,0,12,0.9166666666666666,0.4
unsw,ton,43,True,logistic,clean,0,cap,Benign,1833,0,141,33,9,0,24,0,33,1692,0.014184397163120567,0.07692307692307693
unsw,ton,43,True,logistic,clean,0,cap,xss,7211,7211,306,7178,273,6905,0,7178,0,6905,1.0,0.04243516849258078
unsw,ton,43,True,logistic,clean,0,cap,ransomware,15,15,0,14,0,14,0,14,0,15,0.9333333333333333,0.0
unsw,ton,43,True,logistic,clean,0,cap,Backdoor,288,288,0,288,0,288,0,288,0,288,1.0,0.0
unsw,ton,43,True,logistic,clean,0,cap,mitm,20,20,7,16,4,12,0,16,0,13,0.9230769230769231,0.35
unsw,ton,43,True,logistic,clean,0,random,Benign,1833,0,72,33,0,0,33,0,33,1761,0.018739352640545145,0.03927986906710311
unsw,ton,43,True,logistic,clean,0,random,xss,7211,7211,367,7178,365,6813,0,7178,0,6844,0.9954704850964349,0.050894466786853415
unsw,ton,43,True,logistic,clean,0,random,ransomware,15,15,1,14,1,13,0,14,0,14,0.9285714285714286,0.06666666666666667
unsw,ton,43,True,logistic,clean,0,random,Backdoor,288,288,13,288,13,275,0,288,0,275,1.0,0.04513888888888889
unsw,ton,43,True,logistic,clean,0,random,mitm,20,20,1,16,1,15,0,16,0,19,0.7894736842105263,0.05
unsw,ton,43,True,logistic,temporal,0,frozen,Benign,1833,0,229,32,17,0,15,0,32,1604,0.009351620947630923,0.12493180578286961
unsw,ton,43,True,logistic,temporal,0,frozen,xss,7211,7211,52,7174,15,7159,0,7174,0,7159,1.0,0.0072112051033143805
unsw,ton,43,True,logistic,temporal,0,frozen,ransomware,15,15,0,14,0,14,0,14,0,15,0.9333333333333333,0.0
unsw,ton,43,True,logistic,temporal,0,frozen,Backdoor,288,288,0,288,0,288,0,288,0,288,1.0,0.0
unsw,ton,43,True,logistic,temporal,0,frozen,mitm,20,20,9,15,5,10,0,15,0,11,0.9090909090909091,0.45
unsw,ton,43,True,logistic,temporal,0,cap,Benign,1833,0,177,32,12,0,20,0,32,1656,0.012077294685990338,0.09656301145662848
unsw,ton,43,True,logistic,temporal,0,cap,xss,7211,7211,271,7174,234,6940,0,7174,0,6940,1.0,0.03758147274996533
unsw,ton,43,True,logistic,temporal,0,cap,ransomware,15,15,0,14,0,14,0,14,0,15,0.9333333333333333,0.0
unsw,ton,43,True,logistic,temporal,0,cap,Backdoor,288,288,0,288,0,288,0,288,0,288,1.0,0.0
unsw,ton,43,True,logistic,temporal,0,cap,mitm,20,20,6,15,4,11,0,15,0,14,0.7857142857142857,0.3
unsw,ton,43,True,logistic,temporal,0,random,Benign,1833,0,72,32,0,0,32,0,32,1761,0.018171493469619535,0.03927986906710311
unsw,ton,43,True,logistic,temporal,0,random,xss,7211,7211,367,7174,365,6809,0,7174,0,6844,0.9948860315604909,0.050894466786853415
unsw,ton,43,True,logistic,temporal,0,random,ransomware,15,15,1,14,1,13,0,14,0,14,0.9285714285714286,0.06666666666666667
unsw,ton,43,True,logistic,temporal,0,random,Backdoor,288,288,13,288,13,275,0,288,0,275,1.0,0.04513888888888889
unsw,ton,43,True,logistic,temporal,0,random,mitm,20,20,1,15,1,14,0,15,0,19,0.7368421052631579,0.05
unsw,ton,43,True,logistic,size,0,frozen,Benign,1833,0,393,47,35,0,12,0,47,1440,0.008333333333333333,0.2144026186579378
unsw,ton,43,True,logistic,size,0,frozen,xss,7211,7211,48,7171,8,7163,0,7171,0,7163,1.0,0.006656497018444044
unsw,ton,43,True,logistic,size,0,frozen,ransomware,15,15,1,15,1,14,0,15,0,14,1.0,0.06666666666666667
unsw,ton,43,True,logistic,size,0,frozen,Backdoor,288,288,0,288,0,288,0,288,0,288,1.0,0.0
unsw,ton,43,True,logistic,size,0,frozen,mitm,20,20,6,12,3,9,0,12,0,14,0.6428571428571429,0.3
unsw,ton,43,True,logistic,size,0,cap,Benign,1833,0,174,47,8,0,39,0,47,1659,0.023508137432188065,0.09492635024549918
unsw,ton,43,True,logistic,size,0,cap,xss,7211,7211,279,7171,239,6932,0,7171,0,6932,1.0,0.038690888919706005
unsw,ton,43,True,logistic,size,0,cap,ransomware,15,15,1,15,1,14,0,15,0,14,1.0,0.06666666666666667
unsw,ton,43,True,logistic,size,0,cap,Backdoor,288,288,0,288,0,288,0,288,0,288,1.0,0.0
unsw,ton,43,True,logistic,size,0,cap,mitm,20,20,0,12,0,12,0,12,0,20,0.6,0.0
unsw,ton,43,True,logistic,size,0,random,Benign,1833,0,72,47,1,0,46,0,47,1761,0.02612152186257808,0.03927986906710311
unsw,ton,43,True,logistic,size,0,random,xss,7211,7211,367,7171,365,6806,0,7171,0,6844,0.9944476914085331,0.050894466786853415
unsw,ton,43,True,logistic,size,0,random,ransomware,15,15,1,15,1,14,0,15,0,14,1.0,0.06666666666666667
unsw,ton,43,True,logistic,size,0,random,Backdoor,288,288,13,288,13,275,0,288,0,275,1.0,0.04513888888888889
unsw,ton,43,True,logistic,size,0,random,mitm,20,20,1,12,0,12,0,12,0,19,0.631578947368421,0.05
unsw,ton,43,True,logistic,tcp,0,frozen,Benign,1833,0,164,65,46,0,19,0,65,1669,0.011384062312762133,0.0894708128750682
unsw,ton,43,True,logistic,tcp,0,frozen,xss,7211,7211,58,7182,34,7148,0,7182,0,7153,0.9993009925905214,0.008043267230619886
unsw,ton,43,True,logistic,tcp,0,frozen,ransomware,15,15,0,14,0,14,0,14,0,15,0.9333333333333333,0.0
unsw,ton,43,True,logistic,tcp,0,frozen,Backdoor,288,288,20,18,3,15,0,18,0,268,0.055970149253731345,0.06944444444444445
unsw,ton,43,True,logistic,tcp,0,frozen,mitm,20,20,9,14,4,10,0,14,0,11,0.9090909090909091,0.45
unsw,ton,43,True,logistic,tcp,0,cap,Benign,1833,0,143,65,34,0,31,0,65,1690,0.018343195266272188,0.07801418439716312
unsw,ton,43,True,logistic,tcp,0,cap,xss,7211,7211,293,7182,264,6918,0,7182,0,6918,1.0,0.04063236721675218
unsw,ton,43,True,logistic,tcp,0,cap,ransomware,15,15,0,14,0,14,0,14,0,15,0.9333333333333333,0.0
unsw,ton,43,True,logistic,tcp,0,cap,Backdoor,288,288,12,18,2,16,0,18,0,276,0.057971014492753624,0.041666666666666664
unsw,ton,43,True,logistic,tcp,0,cap,mitm,20,20,6,14,3,11,0,14,0,14,0.7857142857142857,0.3
unsw,ton,43,True,logistic,tcp,0,random,Benign,1833,0,72,65,0,0,65,0,65,1761,0.03691084611016468,0.03927986906710311
unsw,ton,43,True,logistic,tcp,0,random,xss,7211,7211,367,7182,365,6817,0,7182,0,6844,0.9960549386323787,0.050894466786853415
unsw,ton,43,True,logistic,tcp,0,random,ransomware,15,15,1,14,1,13,0,14,0,14,0.9285714285714286,0.06666666666666667
unsw,ton,43,True,logistic,tcp,0,random,Backdoor,288,288,13,18,2,16,0,18,0,275,0.05818181818181818,0.04513888888888889
unsw,ton,43,True,logistic,tcp,0,random,mitm,20,20,1,14,0,14,0,14,0,19,0.7368421052631579,0.05
unsw,ton,43,True,logistic,temporal+tcp,0,frozen,Benign,1833,0,169,70,53,0,17,0,70,1664,0.010216346153846154,0.09219858156028368
unsw,ton,43,True,logistic,temporal+tcp,0,frozen,xss,7211,7211,48,7182,23,7159,0,7182,0,7163,0.9994415747591792,0.006656497018444044
unsw,ton,43,True,logistic,temporal+tcp,0,frozen,ransomware,15,15,0,14,0,14,0,14,0,15,0.9333333333333333,0.0
unsw,ton,43,True,logistic,temporal+tcp,0,frozen,Backdoor,288,288,0,5,0,5,0,5,0,288,0.017361111111111112,0.0
unsw,ton,43,True,logistic,temporal+tcp,0,frozen,mitm,20,20,7,13,3,10,0,13,0,13,0.7692307692307693,0.35
unsw,ton,43,True,logistic,temporal+tcp,0,cap,Benign,1833,0,219,70,41,0,29,0,70,1614,0.017967781908302356,0.11947626841243862
unsw,ton,43,True,logistic,temporal+tcp,0,cap,xss,7211,7211,231,7182,202,6980,0,7182,0,6980,1.0,0.03203439190126196
unsw,ton,43,True,logistic,temporal+tcp,0,cap,ransomware,15,15,0,14,0,14,0,14,0,15,0.9333333333333333,0.0
unsw,ton,43,True,logistic,temporal+tcp,0,cap,Backdoor,288,288,0,5,0,5,0,5,0,288,0.017361111111111112,0.0
unsw,ton,43,True,logistic,temporal+tcp,0,cap,mitm,20,20,4,13,2,11,0,13,0,16,0.6875,0.2
unsw,ton,43,True,logistic,temporal+tcp,0,random,Benign,1833,0,72,70,0,0,70,0,70,1761,0.039750141964792735,0.03927986906710311
unsw,ton,43,True,logistic,temporal+tcp,0,random,xss,7211,7211,367,7182,365,6817,0,7182,0,6844,0.9960549386323787,0.050894466786853415
unsw,ton,43,True,logistic,temporal+tcp,0,random,ransomware,15,15,1,14,1,13,0,14,0,14,0.9285714285714286,0.06666666666666667
unsw,ton,43,True,logistic,temporal+tcp,0,random,Backdoor,288,288,13,5,2,3,0,5,0,275,0.01090909090909091,0.04513888888888889
unsw,ton,43,True,logistic,temporal+tcp,0,random,mitm,20,20,1,13,0,13,0,13,0,19,0.6842105263157895,0.05
unsw,ton,43,True,logistic,random10,0,frozen,Benign,1833,0,234,166,62,0,104,0,166,1599,0.06504065040650407,0.1276595744680851
unsw,ton,43,True,logistic,random10,0,frozen,xss,7211,7211,423,6668,226,6442,0,6668,0,6788,0.9490276959340012,0.05866037997503814
unsw,ton,43,True,logistic,random10,0,frozen,ransomware,15,15,0,13,0,13,0,13,0,15,0.8666666666666667,0.0
unsw,ton,43,True,logistic,random10,0,frozen,Backdoor,288,288,77,258,72,186,0,258,0,211,0.8815165876777251,0.2673611111111111
unsw,ton,43,True,logistic,random10,0,frozen,mitm,20,20,6,13,2,11,0,13,0,14,0.7857142857142857,0.3
unsw,ton,43,True,logistic,random10,0,cap,Benign,1833,0,94,166,28,0,138,0,166,1739,0.07935595169637723,0.05128205128205128
unsw,ton,43,True,logistic,random10,0,cap,xss,7211,7211,352,6668,187,6481,0,6668,0,6859,0.9448899256451377,0.04881431146858965
unsw,ton,43,True,logistic,random10,0,cap,ransomware,15,15,0,13,0,13,0,13,0,15,0.8666666666666667,0.0
unsw,ton,43,True,logistic,random10,0,cap,Backdoor,288,288,6,258,6,252,0,258,0,282,0.8936170212765957,0.020833333333333332
unsw,ton,43,True,logistic,random10,0,cap,mitm,20,20,2,13,0,13,0,13,0,18,0.7222222222222222,0.1
unsw,ton,43,True,logistic,random10,0,random,Benign,1833,0,72,166,3,0,163,0,166,1761,0.0925610448608745,0.03927986906710311
unsw,ton,43,True,logistic,random10,0,random,xss,7211,7211,367,6668,332,6336,0,6668,0,6844,0.9257744009351256,0.050894466786853415
unsw,ton,43,True,logistic,random10,0,random,ransomware,15,15,1,13,1,12,0,13,0,14,0.8571428571428571,0.06666666666666667
unsw,ton,43,True,logistic,random10,0,random,Backdoor,288,288,13,258,13,245,0,258,0,275,0.8909090909090909,0.04513888888888889
unsw,ton,43,True,logistic,random10,0,random,mitm,20,20,1,13,0,13,0,13,0,19,0.6842105263157895,0.05
unsw,cic,43,True,logistic,clean,0,frozen,Benign,11886,0,1726,2693,366,0,2327,0,2693,10160,0.22903543307086613,0.1452128554602053
unsw,cic,43,True,logistic,clean,0,frozen,Infilteration,213,213,29,155,24,131,0,155,0,184,0.7119565217391305,0.13615023474178403
unsw,cic,43,True,logistic,clean,0,frozen,Bot,93,93,0,93,0,93,0,93,0,93,1.0,0.0
unsw,cic,43,True,logistic,clean,0,cap,Benign,11886,0,589,2693,207,0,2486,0,2693,11297,0.22005842259006816,0.04955409725727747
unsw,cic,43,True,logistic,clean,0,cap,Infilteration,213,213,10,155,7,148,0,155,0,203,0.729064039408867,0.046948356807511735
unsw,cic,43,True,logistic,clean,0,cap,Bot,93,93,0,93,0,93,0,93,0,93,1.0,0.0
unsw,cic,43,True,logistic,clean,0,random,Benign,11886,0,587,2693,136,0,2557,0,2693,11299,0.22630321267368794,0.04938583207134444
unsw,cic,43,True,logistic,clean,0,random,Infilteration,213,213,9,155,4,151,0,155,0,204,0.7401960784313726,0.04225352112676056
unsw,cic,43,True,logistic,clean,0,random,Bot,93,93,3,93,3,90,0,93,0,90,1.0,0.03225806451612903
unsw,cic,43,True,logistic,temporal,0,frozen,Benign,11886,0,892,3054,371,0,2683,0,3054,10994,0.2440422048390031,0.07504627292613159
unsw,cic,43,True,logistic,temporal,0,frozen,Infilteration,213,213,14,154,10,144,0,154,0,199,0.7236180904522613,0.06572769953051644
unsw,cic,43,True,logistic,temporal,0,frozen,Bot,93,93,0,93,0,93,0,93,0,93,1.0,0.0
unsw,cic,43,True,logistic,temporal,0,cap,Benign,11886,0,591,3054,267,0,2787,0,3054,11295,0.24674634794156705,0.0497223624432105
unsw,cic,43,True,logistic,temporal,0,cap,Infilteration,213,213,8,154,5,149,0,154,0,205,0.7268292682926829,0.03755868544600939
unsw,cic,43,True,logistic,temporal,0,cap,Bot,93,93,0,93,0,93,0,93,0,93,1.0,0.0
unsw,cic,43,True,logistic,temporal,0,random,Benign,11886,0,587,3054,152,0,2902,0,3054,11299,0.25683688822019646,0.04938583207134444
unsw,cic,43,True,logistic,temporal,0,random,Infilteration,213,213,9,154,4,150,0,154,0,204,0.7352941176470589,0.04225352112676056
unsw,cic,43,True,logistic,temporal,0,random,Bot,93,93,3,93,3,90,0,93,0,90,1.0,0.03225806451612903
unsw,cic,43,True,logistic,size,0,frozen,Benign,11886,0,2466,2839,749,0,2090,0,2839,9420,0.2218683651804671,0.20747097425542654
unsw,cic,43,True,logistic,size,0,frozen,Infilteration,213,213,37,149,19,130,0,149,0,176,0.7386363636363636,0.17370892018779344
unsw,cic,43,True,logistic,size,0,frozen,Bot,93,93,93,93,93,0,0,93,0,0,,1.0
unsw,cic,43,True,logistic,size,0,cap,Benign,11886,0,586,2839,309,0,2530,0,2839,11300,0.22389380530973452,0.049301699478377925
unsw,cic,43,True,logistic,size,0,cap,Infilteration,213,213,13,149,3,146,0,149,0,200,0.73,0.06103286384976526
unsw,cic,43,True,logistic,size,0,cap,Bot,93,93,0,93,0,93,0,93,0,93,1.0,0.0
unsw,cic,43,True,logistic,size,0,random,Benign,11886,0,587,2839,146,0,2693,0,2839,11299,0.23833967607752898,0.04938583207134444
unsw,cic,43,True,logistic,size,0,random,Infilteration,213,213,9,149,4,145,0,149,0,204,0.7107843137254902,0.04225352112676056
unsw,cic,43,True,logistic,size,0,random,Bot,93,93,3,93,3,90,0,93,0,90,1.0,0.03225806451612903
unsw,cic,43,True,logistic,tcp,0,frozen,Benign,11886,0,1937,2646,267,0,2379,0,2646,9949,0.23911950949844205,0.16296483257614
unsw,cic,43,True,logistic,tcp,0,frozen,Infilteration,213,213,37,153,30,123,0,153,0,176,0.6988636363636364,0.17370892018779344
unsw,cic,43,True,logistic,tcp,0,frozen,Bot,93,93,0,93,0,93,0,93,0,93,1.0,0.0
unsw,cic,43,True,logistic,tcp,0,cap,Benign,11886,0,590,2646,127,0,2519,0,2646,11296,0.22299929178470254,0.049638229850243985
unsw,cic,43,True,logistic,tcp,0,cap,Infilteration,213,213,9,153,4,149,0,153,0,204,0.7303921568627451,0.04225352112676056
unsw,cic,43,True,logistic,tcp,0,cap,Bot,93,93,0,93,0,93,0,93,0,93,1.0,0.0
unsw,cic,43,True,logistic,tcp,0,random,Benign,11886,0,587,2646,135,0,2511,0,2646,11299,0.22223205593415346,0.04938583207134444
unsw,cic,43,True,logistic,tcp,0,random,Infilteration,213,213,9,153,4,149,0,153,0,204,0.7303921568627451,0.04225352112676056
unsw,cic,43,True,logistic,tcp,0,random,Bot,93,93,3,93,3,90,0,93,0,90,1.0,0.03225806451612903
unsw,cic,43,True,logistic,temporal+tcp,0,frozen,Benign,11886,0,1241,3169,269,0,2900,0,3169,10645,0.2724283701268201,0.10440854787144539
unsw,cic,43,True,logistic,temporal+tcp,0,frozen,Infilteration,213,213,23,151,19,132,0,151,0,190,0.6947368421052632,0.107981220657277
unsw,cic,43,True,logistic,temporal+tcp,0,frozen,Bot,93,93,0,93,0,93,0,93,0,93,1.0,0.0
unsw,cic,43,True,logistic,temporal+tcp,0,cap,Benign,11886,0,583,3169,159,0,3010,0,3169,11303,0.26630098204016633,0.049049301699478375
unsw,cic,43,True,logistic,temporal+tcp,0,cap,Infilteration,213,213,16,151,13,138,0,151,0,197,0.700507614213198,0.07511737089201878
unsw,cic,43,True,logistic,temporal+tcp,0,cap,Bot,93,93,0,93,0,93,0,93,0,93,1.0,0.0
unsw,cic,43,True,logistic,temporal+tcp,0,random,Benign,11886,0,587,3169,156,0,3013,0,3169,11299,0.2666607664395079,0.04938583207134444
unsw,cic,43,True,logistic,temporal+tcp,0,random,Infilteration,213,213,9,151,4,147,0,151,0,204,0.7205882352941176,0.04225352112676056
unsw,cic,43,True,logistic,temporal+tcp,0,random,Bot,93,93,3,93,3,90,0,93,0,90,1.0,0.03225806451612903
unsw,cic,43,True,logistic,random10,0,frozen,Benign,11886,0,2188,3016,879,0,2137,0,3016,9698,0.22035471231181686,0.18408211341073533
unsw,cic,43,True,logistic,random10,0,frozen,Infilteration,213,213,33,150,19,131,0,150,0,180,0.7277777777777777,0.15492957746478872
unsw,cic,43,True,logistic,random10,0,frozen,Bot,93,93,6,85,5,80,0,85,0,87,0.9195402298850575,0.06451612903225806
unsw,cic,43,True,logistic,random10,0,cap,Benign,11886,0,589,3016,275,0,2741,0,3016,11297,0.2426307869345844,0.04955409725727747
unsw,cic,43,True,logistic,random10,0,cap,Infilteration,213,213,10,150,5,145,0,150,0,203,0.7142857142857143,0.046948356807511735
unsw,cic,43,True,logistic,random10,0,cap,Bot,93,93,0,85,0,85,0,85,0,93,0.9139784946236559,0.0
unsw,cic,43,True,logistic,random10,0,random,Benign,11886,0,587,3016,149,0,2867,0,3016,11299,0.25373926896185506,0.04938583207134444
unsw,cic,43,True,logistic,random10,0,random,Infilteration,213,213,9,150,5,145,0,150,0,204,0.7107843137254902,0.04225352112676056
unsw,cic,43,True,logistic,random10,0,random,Bot,93,93,3,85,3,82,0,85,0,90,0.9111111111111111,0.03225806451612903
unsw,unsw,43,True,forest,clean,0,frozen,Benign,9132,0,38,4,4,0,0,0,4,9094,0.0,0.004161191414805081
unsw,unsw,43,True,forest,clean,0,frozen,Reconnaissance,157,157,42,0,0,0,0,0,0,115,0.0,0.267515923566879
unsw,unsw,43,True,forest,clean,0,frozen,Fuzzers,358,358,92,0,0,0,0,0,0,266,0.0,0.2569832402234637
unsw,unsw,43,True,forest,clean,0,frozen,Exploits,547,547,243,0,0,0,0,0,0,304,0.0,0.44424131627056673
unsw,unsw,43,True,forest,clean,0,frozen,Generic,85,85,43,0,0,0,0,0,0,42,0.0,0.5058823529411764
unsw,unsw,43,True,forest,clean,0,frozen,Analysis,11,11,3,0,0,0,0,0,0,8,0.0,0.2727272727272727
unsw,unsw,43,True,forest,clean,0,frozen,Shellcode,23,23,6,0,0,0,0,0,0,17,0.0,0.2608695652173913
unsw,unsw,43,True,forest,clean,0,frozen,DoS,66,66,30,0,0,0,0,0,0,36,0.0,0.45454545454545453
unsw,unsw,43,True,forest,clean,0,frozen,Backdoor,38,38,15,0,0,0,0,0,0,23,0.0,0.39473684210526316
unsw,unsw,43,True,forest,clean,0,cap,Benign,9132,0,44,4,4,0,0,0,4,9088,0.0,0.004818221638195357
unsw,unsw,43,True,forest,clean,0,cap,Reconnaissance,157,157,41,0,0,0,0,0,0,116,0.0,0.2611464968152866
unsw,unsw,43,True,forest,clean,0,cap,Fuzzers,358,358,97,0,0,0,0,0,0,261,0.0,0.2709497206703911
unsw,unsw,43,True,forest,clean,0,cap,Exploits,547,547,241,0,0,0,0,0,0,306,0.0,0.4405850091407678
unsw,unsw,43,True,forest,clean,0,cap,Generic,85,85,43,0,0,0,0,0,0,42,0.0,0.5058823529411764
unsw,unsw,43,True,forest,clean,0,cap,Analysis,11,11,3,0,0,0,0,0,0,8,0.0,0.2727272727272727
unsw,unsw,43,True,forest,clean,0,cap,Shellcode,23,23,6,0,0,0,0,0,0,17,0.0,0.2608695652173913
unsw,unsw,43,True,forest,clean,0,cap,DoS,66,66,28,0,0,0,0,0,0,38,0.0,0.42424242424242425
unsw,unsw,43,True,forest,clean,0,cap,Backdoor,38,38,15,0,0,0,0,0,0,23,0.0,0.39473684210526316
unsw,unsw,43,True,forest,clean,0,random,Benign,9132,0,442,4,1,0,3,0,4,8690,0.00034522439585730726,0.04840122645641699
unsw,unsw,43,True,forest,clean,0,random,Reconnaissance,157,157,9,0,0,0,0,0,0,148,0.0,0.05732484076433121
unsw,unsw,43,True,forest,clean,0,random,Fuzzers,358,358,19,0,0,0,0,0,0,339,0.0,0.05307262569832402
unsw,unsw,43,True,forest,clean,0,random,Exploits,547,547,32,0,0,0,0,0,0,515,0.0,0.05850091407678245
unsw,unsw,43,True,forest,clean,0,random,Generic,85,85,9,0,0,0,0,0,0,76,0.0,0.10588235294117647
unsw,unsw,43,True,forest,clean,0,random,Analysis,11,11,0,0,0,0,0,0,0,11,0.0,0.0
unsw,unsw,43,True,forest,clean,0,random,Shellcode,23,23,1,0,0,0,0,0,0,22,0.0,0.043478260869565216
unsw,unsw,43,True,forest,clean,0,random,DoS,66,66,3,0,0,0,0,0,0,63,0.0,0.045454545454545456
unsw,unsw,43,True,forest,clean,0,random,Backdoor,38,38,3,0,0,0,0,0,0,35,0.0,0.07894736842105263
unsw,unsw,43,True,forest,temporal,0,frozen,Benign,9132,0,35,5,5,0,0,0,5,9097,0.0,0.003832676303109943
unsw,unsw,43,True,forest,temporal,0,frozen,Reconnaissance,157,157,42,0,0,0,0,0,0,115,0.0,0.267515923566879
unsw,unsw,43,True,forest,temporal,0,frozen,Fuzzers,358,358,79,0,0,0,0,0,0,279,0.0,0.2206703910614525
unsw,unsw,43,True,forest,temporal,0,frozen,Exploits,547,547,216,0,0,0,0,0,0,331,0.0,0.39488117001828155
unsw,unsw,43,True,forest,temporal,0,frozen,Generic,85,85,46,0,0,0,0,0,0,39,0.0,0.5411764705882353
unsw,unsw,43,True,forest,temporal,0,frozen,Analysis,11,11,3,0,0,0,0,0,0,8,0.0,0.2727272727272727
unsw,unsw,43,True,forest,temporal,0,frozen,Shellcode,23,23,7,0,0,0,0,0,0,16,0.0,0.30434782608695654
unsw,unsw,43,True,forest,temporal,0,frozen,DoS,66,66,30,0,0,0,0,0,0,36,0.0,0.45454545454545453
unsw,unsw,43,True,forest,temporal,0,frozen,Backdoor,38,38,15,0,0,0,0,0,0,23,0.0,0.39473684210526316
unsw,unsw,43,True,forest,temporal,0,cap,Benign,9132,0,48,5,5,0,0,0,5,9084,0.0,0.005256241787122208
unsw,unsw,43,True,forest,temporal,0,cap,Reconnaissance,157,157,43,0,0,0,0,0,0,114,0.0,0.27388535031847133
unsw,unsw,43,True,forest,temporal,0,cap,Fuzzers,358,358,99,0,0,0,0,0,0,259,0.0,0.276536312849162
unsw,unsw,43,True,forest,temporal,0,cap,Exploits,547,547,226,0,0,0,0,0,0,321,0.0,0.41316270566727603
unsw,unsw,43,True,forest,temporal,0,cap,Generic,85,85,47,0,0,0,0,0,0,38,0.0,0.5529411764705883
unsw,unsw,43,True,forest,temporal,0,cap,Analysis,11,11,3,0,0,0,0,0,0,8,0.0,0.2727272727272727
unsw,unsw,43,True,forest,temporal,0,cap,Shellcode,23,23,7,0,0,0,0,0,0,16,0.0,0.30434782608695654
unsw,unsw,43,True,forest,temporal,0,cap,DoS,66,66,30,0,0,0,0,0,0,36,0.0,0.45454545454545453
unsw,unsw,43,True,forest,temporal,0,cap,Backdoor,38,38,15,0,0,0,0,0,0,23,0.0,0.39473684210526316
unsw,unsw,43,True,forest,temporal,0,random,Benign,9132,0,442,5,1,0,4,0,5,8690,0.00046029919447640965,0.04840122645641699
unsw,unsw,43,True,forest,temporal,0,random,Reconnaissance,157,157,9,0,0,0,0,0,0,148,0.0,0.05732484076433121
unsw,unsw,43,True,forest,temporal,0,random,Fuzzers,358,358,19,0,0,0,0,0,0,339,0.0,0.05307262569832402
unsw,unsw,43,True,forest,temporal,0,random,Exploits,547,547,32,0,0,0,0,0,0,515,0.0,0.05850091407678245
unsw,unsw,43,True,forest,temporal,0,random,Generic,85,85,9,0,0,0,0,0,0,76,0.0,0.10588235294117647
unsw,unsw,43,True,forest,temporal,0,random,Analysis,11,11,0,0,0,0,0,0,0,11,0.0,0.0
unsw,unsw,43,True,forest,temporal,0,random,Shellcode,23,23,1,0,0,0,0,0,0,22,0.0,0.043478260869565216
unsw,unsw,43,True,forest,temporal,0,random,DoS,66,66,3,0,0,0,0,0,0,63,0.0,0.045454545454545456
unsw,unsw,43,True,forest,temporal,0,random,Backdoor,38,38,3,0,0,0,0,0,0,35,0.0,0.07894736842105263
unsw,unsw,43,True,forest,size,0,frozen,Benign,9132,0,259,4,4,0,0,0,4,8873,0.0,0.028361804643013577
unsw,unsw,43,True,forest,size,0,frozen,Reconnaissance,157,157,108,0,0,0,0,0,0,49,0.0,0.6878980891719745
unsw,unsw,43,True,forest,size,0,frozen,Fuzzers,358,358,218,0,0,0,0,0,0,140,0.0,0.6089385474860335
unsw,unsw,43,True,forest,size,0,frozen,Exploits,547,547,451,0,0,0,0,0,0,96,0.0,0.8244972577696527
unsw,unsw,43,True,forest,size,0,frozen,Generic,85,85,69,0,0,0,0,0,0,16,0.0,0.8117647058823529
unsw,unsw,43,True,forest,size,0,frozen,Analysis,11,11,11,0,0,0,0,0,0,0,,1.0
unsw,unsw,43,True,forest,size,0,frozen,Shellcode,23,23,11,0,0,0,0,0,0,12,0.0,0.4782608695652174
unsw,unsw,43,True,forest,size,0,frozen,DoS,66,66,51,0,0,0,0,0,0,15,0.0,0.7727272727272727
unsw,unsw,43,True,forest,size,0,frozen,Backdoor,38,38,29,0,0,0,0,0,0,9,0.0,0.7631578947368421
unsw,unsw,43,True,forest,size,0,cap,Benign,9132,0,19,4,4,0,0,0,4,9113,0.0,0.0020805957074025404
unsw,unsw,43,True,forest,size,0,cap,Reconnaissance,157,157,38,0,0,0,0,0,0,119,0.0,0.24203821656050956
unsw,unsw,43,True,forest,size,0,cap,Fuzzers,358,358,67,0,0,0,0,0,0,291,0.0,0.1871508379888268
unsw,unsw,43,True,forest,size,0,cap,Exploits,547,547,285,0,0,0,0,0,0,262,0.0,0.5210237659963437
unsw,unsw,43,True,forest,size,0,cap,Generic,85,85,47,0,0,0,0,0,0,38,0.0,0.5529411764705883
unsw,unsw,43,True,forest,size,0,cap,Analysis,11,11,5,0,0,0,0,0,0,6,0.0,0.45454545454545453
unsw,unsw,43,True,forest,size,0,cap,Shellcode,23,23,7,0,0,0,0,0,0,16,0.0,0.30434782608695654
unsw,unsw,43,True,forest,size,0,cap,DoS,66,66,34,0,0,0,0,0,0,32,0.0,0.5151515151515151
unsw,unsw,43,True,forest,size,0,cap,Backdoor,38,38,16,0,0,0,0,0,0,22,0.0,0.42105263157894735
unsw,unsw,43,True,forest,size,0,random,Benign,9132,0,442,4,1,0,3,0,4,8690,0.00034522439585730726,0.04840122645641699
unsw,unsw,43,True,forest,size,0,random,Reconnaissance,157,157,9,0,0,0,0,0,0,148,0.0,0.05732484076433121
unsw,unsw,43,True,forest,size,0,random,Fuzzers,358,358,19,0,0,0,0,0,0,339,0.0,0.05307262569832402
unsw,unsw,43,True,forest,size,0,random,Exploits,547,547,32,0,0,0,0,0,0,515,0.0,0.05850091407678245
unsw,unsw,43,True,forest,size,0,random,Generic,85,85,9,0,0,0,0,0,0,76,0.0,0.10588235294117647
unsw,unsw,43,True,forest,size,0,random,Analysis,11,11,0,0,0,0,0,0,0,11,0.0,0.0
unsw,unsw,43,True,forest,size,0,random,Shellcode,23,23,1,0,0,0,0,0,0,22,0.0,0.043478260869565216
unsw,unsw,43,True,forest,size,0,random,DoS,66,66,3,0,0,0,0,0,0,63,0.0,0.045454545454545456
unsw,unsw,43,True,forest,size,0,random,Backdoor,38,38,3,0,0,0,0,0,0,35,0.0,0.07894736842105263
unsw,unsw,43,True,forest,tcp,0,frozen,Benign,9132,0,128,5,5,0,0,0,5,9004,0.0,0.01401664476565922
unsw,unsw,43,True,forest,tcp,0,frozen,Reconnaissance,157,157,48,0,0,0,0,0,0,109,0.0,0.3057324840764331
unsw,unsw,43,True,forest,tcp,0,frozen,Fuzzers,358,358,197,0,0,0,0,0,0,161,0.0,0.5502793296089385
unsw,unsw,43,True,forest,tcp,0,frozen,Exploits,547,547,387,0,0,0,0,0,0,160,0.0,0.7074954296160878
unsw,unsw,43,True,forest,tcp,0,frozen,Generic,85,85,63,0,0,0,0,0,0,22,0.0,0.7411764705882353
unsw,unsw,43,True,forest,tcp,0,frozen,Analysis,11,11,6,0,0,0,0,0,0,5,0.0,0.5454545454545454
unsw,unsw,43,True,forest,tcp,0,frozen,Shellcode,23,23,10,0,0,0,0,0,0,13,0.0,0.43478260869565216
unsw,unsw,43,True,forest,tcp,0,frozen,DoS,66,66,47,0,0,0,0,0,0,19,0.0,0.7121212121212122
unsw,unsw,43,True,forest,tcp,0,frozen,Backdoor,38,38,27,0,0,0,0,0,0,11,0.0,0.7105263157894737
unsw,unsw,43,True,forest,tcp,0,cap,Benign,9132,0,21,5,5,0,0,0,5,9111,0.0,0.0022996057818659658
unsw,unsw,43,True,forest,tcp,0,cap,Reconnaissance,157,157,21,0,0,0,0,0,0,136,0.0,0.1337579617834395
unsw,unsw,43,True,forest,tcp,0,cap,Fuzzers,358,358,120,0,0,0,0,0,0,238,0.0,0.33519553072625696
unsw,unsw,43,True,forest,tcp,0,cap,Exploits,547,547,243,0,0,0,0,0,0,304,0.0,0.44424131627056673
unsw,unsw,43,True,forest,tcp,0,cap,Generic,85,85,52,0,0,0,0,0,0,33,0.0,0.611764705882353
unsw,unsw,43,True,forest,tcp,0,cap,Analysis,11,11,2,0,0,0,0,0,0,9,0.0,0.18181818181818182
unsw,unsw,43,True,forest,tcp,0,cap,Shellcode,23,23,7,0,0,0,0,0,0,16,0.0,0.30434782608695654
unsw,unsw,43,True,forest,tcp,0,cap,DoS,66,66,36,0,0,0,0,0,0,30,0.0,0.5454545454545454
unsw,unsw,43,True,forest,tcp,0,cap,Backdoor,38,38,16,0,0,0,0,0,0,22,0.0,0.42105263157894735
unsw,unsw,43,True,forest,tcp,0,random,Benign,9132,0,442,5,1,0,4,0,5,8690,0.00046029919447640965,0.04840122645641699
unsw,unsw,43,True,forest,tcp,0,random,Reconnaissance,157,157,9,0,0,0,0,0,0,148,0.0,0.05732484076433121
unsw,unsw,43,True,forest,tcp,0,random,Fuzzers,358,358,19,0,0,0,0,0,0,339,0.0,0.05307262569832402
unsw,unsw,43,True,forest,tcp,0,random,Exploits,547,547,32,0,0,0,0,0,0,515,0.0,0.05850091407678245
unsw,unsw,43,True,forest,tcp,0,random,Generic,85,85,9,0,0,0,0,0,0,76,0.0,0.10588235294117647
unsw,unsw,43,True,forest,tcp,0,random,Analysis,11,11,0,0,0,0,0,0,0,11,0.0,0.0
unsw,unsw,43,True,forest,tcp,0,random,Shellcode,23,23,1,0,0,0,0,0,0,22,0.0,0.043478260869565216
unsw,unsw,43,True,forest,tcp,0,random,DoS,66,66,3,0,0,0,0,0,0,63,0.0,0.045454545454545456
unsw,unsw,43,True,forest,tcp,0,random,Backdoor,38,38,3,0,0,0,0,0,0,35,0.0,0.07894736842105263
unsw,unsw,43,True,forest,temporal+tcp,0,frozen,Benign,9132,0,223,4,4,0,0,0,4,8909,0.0,0.024419623302671924
unsw,unsw,43,True,forest,temporal+tcp,0,frozen,Reconnaissance,157,157,139,0,0,0,0,0,0,18,0.0,0.8853503184713376
unsw,unsw,43,True,forest,temporal+tcp,0,frozen,Fuzzers,358,358,286,0,0,0,0,0,0,72,0.0,0.7988826815642458
unsw,unsw,43,True,forest,temporal+tcp,0,frozen,Exploits,547,547,495,0,0,0,0,0,0,52,0.0,0.9049360146252285
unsw,unsw,43,True,forest,temporal+tcp,0,frozen,Generic,85,85,80,0,0,0,0,0,0,5,0.0,0.9411764705882353
unsw,unsw,43,True,forest,temporal+tcp,0,frozen,Analysis,11,11,11,0,0,0,0,0,0,0,,1.0
unsw,unsw,43,True,forest,temporal+tcp,0,frozen,Shellcode,23,23,21,0,0,0,0,0,0,2,0.0,0.9130434782608695
unsw,unsw,43,True,forest,temporal+tcp,0,frozen,DoS,66,66,57,0,0,0,0,0,0,9,0.0,0.8636363636363636
unsw,unsw,43,True,forest,temporal+tcp,0,frozen,Backdoor,38,38,37,0,0,0,0,0,0,1,0.0,0.9736842105263158
unsw,unsw,43,True,forest,temporal+tcp,0,cap,Benign,9132,0,10,4,4,0,0,0,4,9122,0.0,0.0010950503723171265
unsw,unsw,43,True,forest,temporal+tcp,0,cap,Reconnaissance,157,157,19,0,0,0,0,0,0,138,0.0,0.12101910828025478
unsw,unsw,43,True,forest,temporal+tcp,0,cap,Fuzzers,358,358,94,0,0,0,0,0,0,264,0.0,0.26256983240223464
unsw,unsw,43,True,forest,temporal+tcp,0,cap,Exploits,547,547,287,0,0,0,0,0,0,260,0.0,0.5246800731261426
unsw,unsw,43,True,forest,temporal+tcp,0,cap,Generic,85,85,45,0,0,0,0,0,0,40,0.0,0.5294117647058824
unsw,unsw,43,True,forest,temporal+tcp,0,cap,Analysis,11,11,4,0,0,0,0,0,0,7,0.0,0.36363636363636365
unsw,unsw,43,True,forest,temporal+tcp,0,cap,Shellcode,23,23,7,0,0,0,0,0,0,16,0.0,0.30434782608695654
unsw,unsw,43,True,forest,temporal+tcp,0,cap,DoS,66,66,33,0,0,0,0,0,0,33,0.0,0.5
unsw,unsw,43,True,forest,temporal+tcp,0,cap,Backdoor,38,38,19,0,0,0,0,0,0,19,0.0,0.5
unsw,unsw,43,True,forest,temporal+tcp,0,random,Benign,9132,0,442,4,1,0,3,0,4,8690,0.00034522439585730726,0.04840122645641699
unsw,unsw,43,True,forest,temporal+tcp,0,random,Reconnaissance,157,157,9,0,0,0,0,0,0,148,0.0,0.05732484076433121
unsw,unsw,43,True,forest,temporal+tcp,0,random,Fuzzers,358,358,19,0,0,0,0,0,0,339,0.0,0.05307262569832402
unsw,unsw,43,True,forest,temporal+tcp,0,random,Exploits,547,547,32,0,0,0,0,0,0,515,0.0,0.05850091407678245
unsw,unsw,43,True,forest,temporal+tcp,0,random,Generic,85,85,9,0,0,0,0,0,0,76,0.0,0.10588235294117647
unsw,unsw,43,True,forest,temporal+tcp,0,random,Analysis,11,11,0,0,0,0,0,0,0,11,0.0,0.0
unsw,unsw,43,True,forest,temporal+tcp,0,random,Shellcode,23,23,1,0,0,0,0,0,0,22,0.0,0.043478260869565216
unsw,unsw,43,True,forest,temporal+tcp,0,random,DoS,66,66,3,0,0,0,0,0,0,63,0.0,0.045454545454545456
unsw,unsw,43,True,forest,temporal+tcp,0,random,Backdoor,38,38,3,0,0,0,0,0,0,35,0.0,0.07894736842105263
unsw,unsw,43,True,forest,random10,0,frozen,Benign,9132,0,839,4,4,0,0,0,4,8293,0.0,0.09187472623740692
unsw,unsw,43,True,forest,random10,0,frozen,Reconnaissance,157,157,128,3,3,0,0,3,0,29,0.0,0.8152866242038217
unsw,unsw,43,True,forest,random10,0,frozen,Fuzzers,358,358,312,7,7,0,0,7,0,46,0.0,0.8715083798882681
unsw,unsw,43,True,forest,random10,0,frozen,Exploits,547,547,466,9,9,0,0,9,0,81,0.0,0.8519195612431444
unsw,unsw,43,True,forest,random10,0,frozen,Generic,85,85,79,2,2,0,0,2,0,6,0.0,0.9294117647058824
unsw,unsw,43,True,forest,random10,0,frozen,Analysis,11,11,10,0,0,0,0,0,0,1,0.0,0.9090909090909091
unsw,unsw,43,True,forest,random10,0,frozen,Shellcode,23,23,18,1,1,0,0,1,0,5,0.0,0.782608695652174
unsw,unsw,43,True,forest,random10,0,frozen,DoS,66,66,54,1,1,0,0,1,0,12,0.0,0.8181818181818182
unsw,unsw,43,True,forest,random10,0,frozen,Backdoor,38,38,31,1,1,0,0,1,0,7,0.0,0.8157894736842105
unsw,unsw,43,True,forest,random10,0,cap,Benign,9132,0,15,4,4,0,0,0,4,9117,0.0,0.0016425755584756898
unsw,unsw,43,True,forest,random10,0,cap,Reconnaissance,157,157,61,3,3,0,0,3,0,96,0.0,0.3885350318471338
unsw,unsw,43,True,forest,random10,0,cap,Fuzzers,358,358,138,7,7,0,0,7,0,220,0.0,0.3854748603351955
unsw,unsw,43,True,forest,random10,0,cap,Exploits,547,547,210,9,9,0,0,9,0,337,0.0,0.38391224862888484
unsw,unsw,43,True,forest,random10,0,cap,Generic,85,85,48,2,2,0,0,2,0,37,0.0,0.5647058823529412
unsw,unsw,43,True,forest,random10,0,cap,Analysis,11,11,4,0,0,0,0,0,0,7,0.0,0.36363636363636365
unsw,unsw,43,True,forest,random10,0,cap,Shellcode,23,23,8,1,1,0,0,1,0,15,0.0,0.34782608695652173
unsw,unsw,43,True,forest,random10,0,cap,DoS,66,66,21,1,0,1,0,1,0,45,0.022222222222222223,0.3181818181818182
unsw,unsw,43,True,forest,random10,0,cap,Backdoor,38,38,13,1,1,0,0,1,0,25,0.0,0.34210526315789475
unsw,unsw,43,True,forest,random10,0,random,Benign,9132,0,442,4,1,0,3,0,4,8690,0.00034522439585730726,0.04840122645641699
unsw,unsw,43,True,forest,random10,0,random,Reconnaissance,157,157,9,3,0,3,0,3,0,148,0.02027027027027027,0.05732484076433121
unsw,unsw,43,True,forest,random10,0,random,Fuzzers,358,358,19,7,1,6,0,7,0,339,0.017699115044247787,0.05307262569832402
unsw,unsw,43,True,forest,random10,0,random,Exploits,547,547,32,9,1,8,0,9,0,515,0.015533980582524271,0.05850091407678245
unsw,unsw,43,True,forest,random10,0,random,Generic,85,85,9,2,1,1,0,2,0,76,0.013157894736842105,0.10588235294117647
unsw,unsw,43,True,forest,random10,0,random,Analysis,11,11,0,0,0,0,0,0,0,11,0.0,0.0
unsw,unsw,43,True,forest,random10,0,random,Shellcode,23,23,1,1,0,1,0,1,0,22,0.045454545454545456,0.043478260869565216
unsw,unsw,43,True,forest,random10,0,random,DoS,66,66,3,1,0,1,0,1,0,63,0.015873015873015872,0.045454545454545456
unsw,unsw,43,True,forest,random10,0,random,Backdoor,38,38,3,1,0,1,0,1,0,35,0.02857142857142857,0.07894736842105263
unsw,ton,43,True,forest,clean,0,frozen,Benign,1833,0,1833,1396,1396,0,0,0,1396,0,,1.0
unsw,ton,43,True,forest,clean,0,frozen,xss,7211,7211,7211,1706,1706,0,0,1706,0,0,,1.0
unsw,ton,43,True,forest,clean,0,frozen,ransomware,15,15,15,1,1,0,0,1,0,0,,1.0
unsw,ton,43,True,forest,clean,0,frozen,Backdoor,288,288,288,4,4,0,0,4,0,0,,1.0
unsw,ton,43,True,forest,clean,0,frozen,mitm,20,20,20,5,5,0,0,5,0,0,,1.0
unsw,ton,43,True,forest,clean,0,cap,Benign,1833,0,85,1396,79,0,1317,0,1396,1748,0.7534324942791762,0.0463720676486634
unsw,ton,43,True,forest,clean,0,cap,xss,7211,7211,368,1706,22,1684,0,1706,0,6843,0.24609089580593307,0.051033143808071
unsw,ton,43,True,forest,clean,0,cap,ransomware,15,15,0,1,0,1,0,1,0,15,0.06666666666666667,0.0
unsw,ton,43,True,forest,clean,0,cap,Backdoor,288,288,0,4,0,4,0,4,0,288,0.013888888888888888,0.0
unsw,ton,43,True,forest,clean,0,cap,mitm,20,20,1,5,0,5,0,5,0,19,0.2631578947368421,0.05
unsw,ton,43,True,forest,clean,0,random,Benign,1833,0,72,1396,53,0,1343,0,1396,1761,0.7626348665530949,0.03927986906710311
unsw,ton,43,True,forest,clean,0,random,xss,7211,7211,367,1706,96,1610,0,1706,0,6844,0.23524254821741672,0.050894466786853415
unsw,ton,43,True,forest,clean,0,random,ransomware,15,15,1,1,1,0,0,1,0,14,0.0,0.06666666666666667
unsw,ton,43,True,forest,clean,0,random,Backdoor,288,288,13,4,2,2,0,4,0,275,0.007272727272727273,0.04513888888888889
unsw,ton,43,True,forest,clean,0,random,mitm,20,20,1,5,0,5,0,5,0,19,0.2631578947368421,0.05
unsw,ton,43,True,forest,temporal,0,frozen,Benign,1833,0,1833,1397,1397,0,0,0,1397,0,,1.0
unsw,ton,43,True,forest,temporal,0,frozen,xss,7211,7211,7211,1683,1683,0,0,1683,0,0,,1.0
unsw,ton,43,True,forest,temporal,0,frozen,ransomware,15,15,15,1,1,0,0,1,0,0,,1.0
unsw,ton,43,True,forest,temporal,0,frozen,Backdoor,288,288,288,4,4,0,0,4,0,0,,1.0
unsw,ton,43,True,forest,temporal,0,frozen,mitm,20,20,20,5,5,0,0,5,0,0,,1.0
unsw,ton,43,True,forest,temporal,0,cap,Benign,1833,0,71,1397,63,0,1334,0,1397,1762,0.757094211123723,0.03873431533006001
unsw,ton,43,True,forest,temporal,0,cap,xss,7211,7211,380,1683,0,1683,0,1683,0,6831,0.2463768115942029,0.05269726806268201
unsw,ton,43,True,forest,temporal,0,cap,ransomware,15,15,0,1,0,1,0,1,0,15,0.06666666666666667,0.0
unsw,ton,43,True,forest,temporal,0,cap,Backdoor,288,288,1,4,1,3,0,4,0,287,0.010452961672473868,0.003472222222222222
unsw,ton,43,True,forest,temporal,0,cap,mitm,20,20,2,5,0,5,0,5,0,18,0.2777777777777778,0.1
unsw,ton,43,True,forest,temporal,0,random,Benign,1833,0,72,1397,53,0,1344,0,1397,1761,0.7632027257240205,0.03927986906710311
unsw,ton,43,True,forest,temporal,0,random,xss,7211,7211,367,1683,96,1587,0,1683,0,6844,0.23188194038573934,0.050894466786853415
unsw,ton,43,True,forest,temporal,0,random,ransomware,15,15,1,1,1,0,0,1,0,14,0.0,0.06666666666666667
unsw,ton,43,True,forest,temporal,0,random,Backdoor,288,288,13,4,2,2,0,4,0,275,0.007272727272727273,0.04513888888888889
unsw,ton,43,True,forest,temporal,0,random,mitm,20,20,1,5,0,5,0,5,0,19,0.2631578947368421,0.05
unsw,ton,43,True,forest,size,0,frozen,Benign,1833,0,1833,1400,1400,0,0,0,1400,0,,1.0
unsw,ton,43,True,forest,size,0,frozen,xss,7211,7211,7211,1683,1683,0,0,1683,0,0,,1.0
unsw,ton,43,True,forest,size,0,frozen,ransomware,15,15,15,1,1,0,0,1,0,0,,1.0
unsw,ton,43,True,forest,size,0,frozen,Backdoor,288,288,288,4,4,0,0,4,0,0,,1.0
unsw,ton,43,True,forest,size,0,frozen,mitm,20,20,20,4,4,0,0,4,0,0,,1.0
unsw,ton,43,True,forest,size,0,cap,Benign,1833,0,165,1400,157,0,1243,0,1400,1668,0.7452038369304557,0.09001636661211129
unsw,ton,43,True,forest,size,0,cap,xss,7211,7211,282,1683,0,1683,0,1683,0,6929,0.24289219223553182,0.03910691998335876
unsw,ton,43,True,forest,size,0,cap,ransomware,15,15,0,1,0,1,0,1,0,15,0.06666666666666667,0.0
unsw,ton,43,True,forest,size,0,cap,Backdoor,288,288,1,4,0,4,0,4,0,287,0.013937282229965157,0.003472222222222222
unsw,ton,43,True,forest,size,0,cap,mitm,20,20,6,4,0,4,0,4,0,14,0.2857142857142857,0.3
unsw,ton,43,True,forest,size,0,random,Benign,1833,0,72,1400,53,0,1347,0,1400,1761,0.7649063032367973,0.03927986906710311
unsw,ton,43,True,forest,size,0,random,xss,7211,7211,367,1683,96,1587,0,1683,0,6844,0.23188194038573934,0.050894466786853415
unsw,ton,43,True,forest,size,0,random,ransomware,15,15,1,1,1,0,0,1,0,14,0.0,0.06666666666666667
unsw,ton,43,True,forest,size,0,random,Backdoor,288,288,13,4,2,2,0,4,0,275,0.007272727272727273,0.04513888888888889
unsw,ton,43,True,forest,size,0,random,mitm,20,20,1,4,0,4,0,4,0,19,0.21052631578947367,0.05
unsw,ton,43,True,forest,tcp,0,frozen,Benign,1833,0,1833,1400,1400,0,0,0,1400,0,,1.0
unsw,ton,43,True,forest,tcp,0,frozen,xss,7211,7211,7211,1686,1686,0,0,1686,0,0,,1.0
unsw,ton,43,True,forest,tcp,0,frozen,ransomware,15,15,15,1,1,0,0,1,0,0,,1.0
unsw,ton,43,True,forest,tcp,0,frozen,Backdoor,288,288,288,4,4,0,0,4,0,0,,1.0
unsw,ton,43,True,forest,tcp,0,frozen,mitm,20,20,20,4,4,0,0,4,0,0,,1.0
unsw,ton,43,True,forest,tcp,0,cap,Benign,1833,0,74,1400,60,0,1340,0,1400,1759,0.7617964752700398,0.040370976541189305
unsw,ton,43,True,forest,tcp,0,cap,xss,7211,7211,377,1686,3,1683,0,1686,0,6834,0.2462686567164179,0.052281236999029264
unsw,ton,43,True,forest,tcp,0,cap,ransomware,15,15,0,1,0,1,0,1,0,15,0.06666666666666667,0.0
unsw,ton,43,True,forest,tcp,0,cap,Backdoor,288,288,2,4,2,2,0,4,0,286,0.006993006993006993,0.006944444444444444
unsw,ton,43,True,forest,tcp,0,cap,mitm,20,20,1,4,0,4,0,4,0,19,0.21052631578947367,0.05
unsw,ton,43,True,forest,tcp,0,random,Benign,1833,0,72,1400,53,0,1347,0,1400,1761,0.7649063032367973,0.03927986906710311
unsw,ton,43,True,forest,tcp,0,random,xss,7211,7211,367,1686,96,1590,0,1686,0,6844,0.23232028053769727,0.050894466786853415
unsw,ton,43,True,forest,tcp,0,random,ransomware,15,15,1,1,1,0,0,1,0,14,0.0,0.06666666666666667
unsw,ton,43,True,forest,tcp,0,random,Backdoor,288,288,13,4,2,2,0,4,0,275,0.007272727272727273,0.04513888888888889
unsw,ton,43,True,forest,tcp,0,random,mitm,20,20,1,4,0,4,0,4,0,19,0.21052631578947367,0.05
unsw,ton,43,True,forest,temporal+tcp,0,frozen,Benign,1833,0,1833,1400,1400,0,0,0,1400,0,,1.0
unsw,ton,43,True,forest,temporal+tcp,0,frozen,xss,7211,7211,7211,1683,1683,0,0,1683,0,0,,1.0
unsw,ton,43,True,forest,temporal+tcp,0,frozen,ransomware,15,15,15,1,1,0,0,1,0,0,,1.0
unsw,ton,43,True,forest,temporal+tcp,0,frozen,Backdoor,288,288,288,4,4,0,0,4,0,0,,1.0
unsw,ton,43,True,forest,temporal+tcp,0,frozen,mitm,20,20,20,4,4,0,0,4,0,0,,1.0
unsw,ton,43,True,forest,temporal+tcp,0,cap,Benign,1833,0,73,1400,60,0,1340,0,1400,1760,0.7613636363636364,0.03982542280414621
unsw,ton,43,True,forest,temporal+tcp,0,cap,xss,7211,7211,379,1683,0,1683,0,1683,0,6832,0.24634074941451992,0.05255859104146443
unsw,ton,43,True,forest,temporal+tcp,0,cap,ransomware,15,15,0,1,0,1,0,1,0,15,0.06666666666666667,0.0
unsw,ton,43,True,forest,temporal+tcp,0,cap,Backdoor,288,288,2,4,2,2,0,4,0,286,0.006993006993006993,0.006944444444444444
unsw,ton,43,True,forest,temporal+tcp,0,cap,mitm,20,20,0,4,0,4,0,4,0,20,0.2,0.0
unsw,ton,43,True,forest,temporal+tcp,0,random,Benign,1833,0,72,1400,53,0,1347,0,1400,1761,0.7649063032367973,0.03927986906710311
unsw,ton,43,True,forest,temporal+tcp,0,random,xss,7211,7211,367,1683,96,1587,0,1683,0,6844,0.23188194038573934,0.050894466786853415
unsw,ton,43,True,forest,temporal+tcp,0,random,ransomware,15,15,1,1,1,0,0,1,0,14,0.0,0.06666666666666667
unsw,ton,43,True,forest,temporal+tcp,0,random,Backdoor,288,288,13,4,2,2,0,4,0,275,0.007272727272727273,0.04513888888888889
unsw,ton,43,True,forest,temporal+tcp,0,random,mitm,20,20,1,4,0,4,0,4,0,19,0.21052631578947367,0.05
unsw,ton,43,True,forest,random10,0,frozen,Benign,1833,0,1833,1239,1239,0,0,0,1239,0,,1.0
unsw,ton,43,True,forest,random10,0,frozen,xss,7211,7211,7211,2591,2591,0,0,2591,0,0,,1.0
unsw,ton,43,True,forest,random10,0,frozen,ransomware,15,15,15,2,2,0,0,2,0,0,,1.0
unsw,ton,43,True,forest,random10,0,frozen,Backdoor,288,288,288,10,10,0,0,10,0,0,,1.0
unsw,ton,43,True,forest,random10,0,frozen,mitm,20,20,20,9,9,0,0,9,0,0,,1.0
unsw,ton,43,True,forest,random10,0,cap,Benign,1833,0,86,1239,55,0,1184,0,1239,1747,0.6777332570120206,0.046917621385706494
unsw,ton,43,True,forest,random10,0,cap,xss,7211,7211,357,2591,48,2543,0,2591,0,6854,0.37102421943390723,0.04950769657467757
unsw,ton,43,True,forest,random10,0,cap,ransomware,15,15,0,2,0,2,0,2,0,15,0.13333333333333333,0.0
unsw,ton,43,True,forest,random10,0,cap,Backdoor,288,288,10,10,3,7,0,10,0,278,0.025179856115107913,0.034722222222222224
unsw,ton,43,True,forest,random10,0,cap,mitm,20,20,1,9,1,8,0,9,0,19,0.42105263157894735,0.05
unsw,ton,43,True,forest,random10,0,random,Benign,1833,0,72,1239,44,0,1195,0,1239,1761,0.6785917092561045,0.03927986906710311
unsw,ton,43,True,forest,random10,0,random,xss,7211,7211,367,2591,139,2452,0,2591,0,6844,0.3582700175336061,0.050894466786853415
unsw,ton,43,True,forest,random10,0,random,ransomware,15,15,1,2,1,1,0,2,0,14,0.07142857142857142,0.06666666666666667
unsw,ton,43,True,forest,random10,0,random,Backdoor,288,288,13,10,2,8,0,10,0,275,0.02909090909090909,0.04513888888888889
unsw,ton,43,True,forest,random10,0,random,mitm,20,20,1,9,0,9,0,9,0,19,0.47368421052631576,0.05
unsw,cic,43,True,forest,clean,0,frozen,Benign,11886,0,11886,10167,10167,0,0,0,10167,0,,1.0
unsw,cic,43,True,forest,clean,0,frozen,Infilteration,213,213,213,61,61,0,0,61,0,0,,1.0
unsw,cic,43,True,forest,clean,0,frozen,Bot,93,93,93,0,0,0,0,0,0,0,,1.0
unsw,cic,43,True,forest,clean,0,cap,Benign,11886,0,587,10167,460,0,9707,0,10167,11299,0.8591025754491548,0.04938583207134444
unsw,cic,43,True,forest,clean,0,cap,Infilteration,213,213,12,61,0,61,0,61,0,201,0.3034825870646766,0.056338028169014086
unsw,cic,43,True,forest,clean,0,cap,Bot,93,93,0,0,0,0,0,0,0,93,0.0,0.0
unsw,cic,43,True,forest,clean,0,random,Benign,11886,0,587,10167,478,0,9689,0,10167,11299,0.8575095141162935,0.04938583207134444
unsw,cic,43,True,forest,clean,0,random,Infilteration,213,213,9,61,1,60,0,61,0,204,0.29411764705882354,0.04225352112676056
unsw,cic,43,True,forest,clean,0,random,Bot,93,93,3,0,0,0,0,0,0,90,0.0,0.03225806451612903
unsw,cic,43,True,forest,temporal,0,frozen,Benign,11886,0,11886,10266,10266,0,0,0,10266,0,,1.0
unsw,cic,43,True,forest,temporal,0,frozen,Infilteration,213,213,213,61,61,0,0,61,0,0,,1.0
unsw,cic,43,True,forest,temporal,0,frozen,Bot,93,93,93,0,0,0,0,0,0,0,,1.0
unsw,cic,43,True,forest,temporal,0,cap,Benign,11886,0,583,10266,516,0,9750,0,10266,11303,0.8626028488012032,0.049049301699478375
unsw,cic,43,True,forest,temporal,0,cap,Infilteration,213,213,16,61,1,60,0,61,0,197,0.30456852791878175,0.07511737089201878
unsw,cic,43,True,forest,temporal,0,cap,Bot,93,93,0,0,0,0,0,0,0,93,0.0,0.0
unsw,cic,43,True,forest,temporal,0,random,Benign,11886,0,587,10266,483,0,9783,0,10266,11299,0.8658288344101248,0.04938583207134444
unsw,cic,43,True,forest,temporal,0,random,Infilteration,213,213,9,61,1,60,0,61,0,204,0.29411764705882354,0.04225352112676056
unsw,cic,43,True,forest,temporal,0,random,Bot,93,93,3,0,0,0,0,0,0,90,0.0,0.03225806451612903
unsw,cic,43,True,forest,size,0,frozen,Benign,11886,0,11886,10300,10300,0,0,0,10300,0,,1.0
unsw,cic,43,True,forest,size,0,frozen,Infilteration,213,213,213,62,62,0,0,62,0,0,,1.0
unsw,cic,43,True,forest,size,0,frozen,Bot,93,93,93,0,0,0,0,0,0,0,,1.0
unsw,cic,43,True,forest,size,0,cap,Benign,11886,0,586,10300,565,0,9735,0,10300,11300,0.8615044247787611,0.049301699478377925
unsw,cic,43,True,forest,size,0,cap,Infilteration,213,213,13,62,3,59,0,62,0,200,0.295,0.06103286384976526
unsw,cic,43,True,forest,size,0,cap,Bot,93,93,0,0,0,0,0,0,0,93,0.0,0.0
unsw,cic,43,True,forest,size,0,random,Benign,11886,0,587,10300,484,0,9816,0,10300,11299,0.8687494468537039,0.04938583207134444
unsw,cic,43,True,forest,size,0,random,Infilteration,213,213,9,62,1,61,0,62,0,204,0.29901960784313725,0.04225352112676056
unsw,cic,43,True,forest,size,0,random,Bot,93,93,3,0,0,0,0,0,0,90,0.0,0.03225806451612903
unsw,cic,43,True,forest,tcp,0,frozen,Benign,11886,0,11886,10330,10330,0,0,0,10330,0,,1.0
unsw,cic,43,True,forest,tcp,0,frozen,Infilteration,213,213,213,61,61,0,0,61,0,0,,1.0
unsw,cic,43,True,forest,tcp,0,frozen,Bot,93,93,93,0,0,0,0,0,0,0,,1.0
unsw,cic,43,True,forest,tcp,0,cap,Benign,11886,0,588,10330,526,0,9804,0,10330,11298,0.8677642060541689,0.04946996466431095
unsw,cic,43,True,forest,tcp,0,cap,Infilteration,213,213,11,61,1,60,0,61,0,202,0.297029702970297,0.051643192488262914
unsw,cic,43,True,forest,tcp,0,cap,Bot,93,93,0,0,0,0,0,0,0,93,0.0,0.0
unsw,cic,43,True,forest,tcp,0,random,Benign,11886,0,587,10330,486,0,9844,0,10330,11299,0.871227542260377,0.04938583207134444
unsw,cic,43,True,forest,tcp,0,random,Infilteration,213,213,9,61,1,60,0,61,0,204,0.29411764705882354,0.04225352112676056
unsw,cic,43,True,forest,tcp,0,random,Bot,93,93,3,0,0,0,0,0,0,90,0.0,0.03225806451612903
unsw,cic,43,True,forest,temporal+tcp,0,frozen,Benign,11886,0,11886,10323,10323,0,0,0,10323,0,,1.0
unsw,cic,43,True,forest,temporal+tcp,0,frozen,Infilteration,213,213,213,61,61,0,0,61,0,0,,1.0
unsw,cic,43,True,forest,temporal+tcp,0,frozen,Bot,93,93,93,0,0,0,0,0,0,0,,1.0
unsw,cic,43,True,forest,temporal+tcp,0,cap,Benign,11886,0,585,10323,549,0,9774,0,10323,11301,0.8648792142288293,0.04921756688541141
unsw,cic,43,True,forest,temporal+tcp,0,cap,Infilteration,213,213,14,61,3,58,0,61,0,199,0.2914572864321608,0.06572769953051644
unsw,cic,43,True,forest,temporal+tcp,0,cap,Bot,93,93,0,0,0,0,0,0,0,93,0.0,0.0
unsw,cic,43,True,forest,temporal+tcp,0,random,Benign,11886,0,587,10323,485,0,9838,0,10323,11299,0.8706965218160899,0.04938583207134444
unsw,cic,43,True,forest,temporal+tcp,0,random,Infilteration,213,213,9,61,1,60,0,61,0,204,0.29411764705882354,0.04225352112676056
unsw,cic,43,True,forest,temporal+tcp,0,random,Bot,93,93,3,0,0,0,0,0,0,90,0.0,0.03225806451612903
unsw,cic,43,True,forest,random10,0,frozen,Benign,11886,0,11886,9290,9290,0,0,0,9290,0,,1.0
unsw,cic,43,True,forest,random10,0,frozen,Infilteration,213,213,213,84,84,0,0,84,0,0,,1.0
unsw,cic,43,True,forest,random10,0,frozen,Bot,93,93,93,12,12,0,0,12,0,0,,1.0
unsw,cic,43,True,forest,random10,0,cap,Benign,11886,0,594,9290,352,0,8938,0,9290,11292,0.7915338292596529,0.049974760222110046
unsw,cic,43,True,forest,random10,0,cap,Infilteration,213,213,3,84,2,82,0,84,0,210,0.3904761904761905,0.014084507042253521
unsw,cic,43,True,forest,random10,0,cap,Bot,93,93,2,12,0,12,0,12,0,91,0.13186813186813187,0.021505376344086023
unsw,cic,43,True,forest,random10,0,random,Benign,11886,0,587,9290,441,0,8849,0,9290,11299,0.7831666519160988,0.04938583207134444
unsw,cic,43,True,forest,random10,0,random,Infilteration,213,213,9,84,1,83,0,84,0,204,0.4068627450980392,0.04225352112676056
unsw,cic,43,True,forest,random10,0,random,Bot,93,93,3,12,0,12,0,12,0,90,0.13333333333333333,0.03225806451612903
