source,target,seed,augmented,model,condition,overlap_removed,policy,budget,n,attacks,reviewed,errors,reviewed_errors,unreviewed_fn,unreviewed_fp,fn,fp,accepted,accepted_risk,review_fraction,threshold
unsw,unsw,17,False,logistic,clean,0,forced,0.0,10417,1285,0,11,0,9,2,9,2,10417,0.0010559662090813093,0.0,
unsw,unsw,17,False,logistic,clean,0,frozen,0.01,10417,1285,92,11,7,2,2,9,2,10325,0.000387409200968523,0.008831717385043679,0.1661806910609145
unsw,unsw,17,False,logistic,clean,0,cap,0.01,10417,1285,101,11,7,2,2,9,2,10316,0.00038774718883288094,0.009695689737928385,
unsw,unsw,17,False,logistic,clean,0,random,0.01,10417,1285,101,11,0,9,2,9,2,10316,0.0010663047692904227,0.009695689737928385,
unsw,unsw,17,False,logistic,clean,0,frozen,0.05,10417,1285,576,11,10,0,1,9,2,9841,0.000101615689462453,0.055294230584621296,0.009840849172354948
unsw,unsw,17,False,logistic,clean,0,cap,0.05,10417,1285,518,11,10,0,1,9,2,9899,0.00010102030508132135,0.04972640875491984,
unsw,unsw,17,False,logistic,clean,0,random,0.05,10417,1285,518,11,1,8,2,9,2,9899,0.0010102030508132135,0.04972640875491984,
unsw,unsw,17,False,logistic,clean,0,frozen,0.1,10417,1285,1153,11,10,0,1,9,2,9264,0.0001079447322970639,0.11068445809734088,0.004877863942679417
unsw,unsw,17,False,logistic,clean,0,cap,0.1,10417,1285,1040,11,10,0,1,9,2,9377,0.00010664391596459421,0.09983680522223289,
unsw,unsw,17,False,logistic,clean,0,random,0.1,10417,1285,1040,11,1,8,2,9,2,9377,0.0010664391596459423,0.09983680522223289,
unsw,unsw,17,False,logistic,temporal,0,forced,0.0,10417,1285,0,83,0,82,1,82,1,10417,0.007967745032158972,0.0,
unsw,unsw,17,False,logistic,temporal,0,frozen,0.01,10417,1285,402,83,76,6,1,82,1,10015,0.0006989515726410385,0.03859076509551694,0.1661806910609145
unsw,unsw,17,False,logistic,temporal,0,cap,0.01,10417,1285,101,83,39,43,1,82,1,10316,0.004265219077161691,0.009695689737928385,
unsw,unsw,17,False,logistic,temporal,0,random,0.01,10417,1285,101,83,0,82,1,82,1,10316,0.00804575416828228,0.009695689737928385,
unsw,unsw,17,False,logistic,temporal,0,frozen,0.05,10417,1285,888,83,80,2,1,82,1,9529,0.000314828418511911,0.08524527215129116,0.009840849172354948
unsw,unsw,17,False,logistic,temporal,0,cap,0.05,10417,1285,518,83,76,6,1,82,1,9899,0.0007071421355692494,0.04972640875491984,
unsw,unsw,17,False,logistic,temporal,0,random,0.05,10417,1285,518,83,5,77,1,82,1,9899,0.007879583796343065,0.04972640875491984,
unsw,unsw,17,False,logistic,temporal,0,frozen,0.1,10417,1285,1085,83,80,2,1,82,1,9332,0.0003214744963566224,0.10415666698665643,0.004877863942679417
unsw,unsw,17,False,logistic,temporal,0,cap,0.1,10417,1285,1040,83,80,2,1,82,1,9377,0.0003199317478937827,0.09983680522223289,
unsw,unsw,17,False,logistic,temporal,0,random,0.1,10417,1285,1040,83,6,76,1,82,1,9377,0.008211581529273754,0.09983680522223289,
unsw,unsw,17,False,logistic,size,0,forced,0.0,10417,1285,0,315,0,311,4,311,4,10417,0.03023903235096477,0.0,
unsw,unsw,17,False,logistic,size,0,frozen,0.01,10417,1285,406,315,266,47,2,311,4,10011,0.004894615922485266,0.03897475280791015,0.1661806910609145
unsw,unsw,17,False,logistic,size,0,cap,0.01,10417,1285,101,315,67,246,2,311,4,10316,0.02404032570763862,0.009695689737928385,
unsw,unsw,17,False,logistic,size,0,random,0.01,10417,1285,101,315,0,311,4,311,4,10316,0.030535091120589376,0.009695689737928385,
unsw,unsw,17,False,logistic,size,0,frozen,0.05,10417,1285,479,315,312,2,1,311,4,9938,0.00030187160394445564,0.04598252855908611,0.009840849172354948
unsw,unsw,17,False,logistic,size,0,cap,0.05,10417,1285,518,315,300,14,1,311,4,9899,0.0015153045762198202,0.04972640875491984,
unsw,unsw,17,False,logistic,size,0,random,0.05,10417,1285,518,315,12,299,4,311,4,9899,0.030609152439640366,0.04972640875491984,
unsw,unsw,17,False,logistic,size,0,frozen,0.1,10417,1285,555,315,312,2,1,311,4,9862,0.0003041979314540661,0.05327829509455698,0.004877863942679417
unsw,unsw,17,False,logistic,size,0,cap,0.1,10417,1285,1040,315,312,2,1,311,4,9377,0.0003199317478937827,0.09983680522223289,
unsw,unsw,17,False,logistic,size,0,random,0.1,10417,1285,1040,315,21,290,4,311,4,9377,0.0313533112935907,0.09983680522223289,
unsw,unsw,17,False,logistic,tcp,0,forced,0.0,10417,1285,0,99,0,97,2,97,2,10417,0.009503695881731784,0.0,
unsw,unsw,17,False,logistic,tcp,0,frozen,0.01,10417,1285,444,99,83,14,2,97,2,9973,0.0016043316955780607,0.04262263607564558,0.1661806910609145
unsw,unsw,17,False,logistic,tcp,0,cap,0.01,10417,1285,101,99,35,62,2,97,2,10316,0.006203955021326095,0.009695689737928385,
unsw,unsw,17,False,logistic,tcp,0,random,0.01,10417,1285,101,99,1,96,2,97,2,10316,0.009499806126405583,0.009695689737928385,
unsw,unsw,17,False,logistic,tcp,0,frozen,0.05,10417,1285,1116,99,90,8,1,97,2,9301,0.0009676378883990968,0.10713257175770376,0.009840849172354948
unsw,unsw,17,False,logistic,tcp,0,cap,0.05,10417,1285,518,99,89,9,1,97,2,9899,0.0010102030508132135,0.04972640875491984,
unsw,unsw,17,False,logistic,tcp,0,random,0.05,10417,1285,518,99,4,93,2,97,2,9899,0.009596928982725527,0.04972640875491984,
unsw,unsw,17,False,logistic,tcp,0,frozen,0.1,10417,1285,1307,99,90,8,1,97,2,9110,0.0009879253567508233,0.12546798502447923,0.004877863942679417
unsw,unsw,17,False,logistic,tcp,0,cap,0.1,10417,1285,1040,99,90,8,1,97,2,9377,0.0009597952436813479,0.09983680522223289,
unsw,unsw,17,False,logistic,tcp,0,random,0.1,10417,1285,1040,99,7,90,2,97,2,9377,0.009811240268742668,0.09983680522223289,
unsw,unsw,17,False,logistic,temporal+tcp,0,forced,0.0,10417,1285,0,416,0,415,1,415,1,10417,0.039934722088893156,0.0,
unsw,unsw,17,False,logistic,temporal+tcp,0,frozen,0.01,10417,1285,390,416,268,147,1,415,1,10027,0.014760147601476014,0.037438801958337334,0.1661806910609145
unsw,unsw,17,False,logistic,temporal+tcp,0,cap,0.01,10417,1285,101,416,63,352,1,415,1,10316,0.03421868941450174,0.009695689737928385,
unsw,unsw,17,False,logistic,temporal+tcp,0,random,0.01,10417,1285,101,416,3,412,1,415,1,10316,0.04003489724699496,0.009695689737928385,
unsw,unsw,17,False,logistic,temporal+tcp,0,frozen,0.05,10417,1285,1005,416,408,8,0,415,1,9412,0.0008499787505312367,0.09647691273879236,0.009840849172354948
unsw,unsw,17,False,logistic,temporal+tcp,0,cap,0.05,10417,1285,518,416,346,69,1,415,1,9899,0.007071421355692494,0.04972640875491984,
unsw,unsw,17,False,logistic,temporal+tcp,0,random,0.05,10417,1285,518,416,21,394,1,415,1,9899,0.03990302050712193,0.04972640875491984,
unsw,unsw,17,False,logistic,temporal+tcp,0,frozen,0.1,10417,1285,1390,416,408,8,0,415,1,9027,0.0008862301982940069,0.1334357300566382,0.004877863942679417
unsw,unsw,17,False,logistic,temporal+tcp,0,cap,0.1,10417,1285,1040,416,407,8,1,415,1,9377,0.0009597952436813479,0.09983680522223289,
unsw,unsw,17,False,logistic,temporal+tcp,0,random,0.1,10417,1285,1040,416,35,380,1,415,1,9377,0.0406313319825104,0.09983680522223289,
unsw,unsw,17,False,logistic,random10,0,forced,0.0,10417,1285,0,230,0,170,60,170,60,10417,0.022079293462609197,0.0,
unsw,unsw,17,False,logistic,random10,0,frozen,0.01,10417,1285,320,230,106,79,45,170,60,10097,0.012280875507576509,0.030719016991456273,0.1661806910609145
unsw,unsw,17,False,logistic,random10,0,cap,0.01,10417,1285,101,230,38,140,52,170,60,10316,0.018611865063978286,0.009695689737928385,
unsw,unsw,17,False,logistic,random10,0,random,0.01,10417,1285,101,230,0,170,60,170,60,10316,0.022295463357890656,0.009695689737928385,
unsw,unsw,17,False,logistic,random10,0,frozen,0.05,10417,1285,1117,230,168,29,33,170,60,9300,0.006666666666666667,0.10722856868580205,0.009840849172354948
unsw,unsw,17,False,logistic,random10,0,cap,0.05,10417,1285,518,230,133,56,41,170,60,9899,0.00979896959288817,0.04972640875491984,
unsw,unsw,17,False,logistic,random10,0,random,0.05,10417,1285,518,230,14,158,58,170,60,9899,0.021820385897565412,0.04972640875491984,
unsw,unsw,17,False,logistic,random10,0,frozen,0.1,10417,1285,1563,230,177,25,28,170,60,8854,0.005985995030494692,0.15004319861764423,0.004877863942679417
unsw,unsw,17,False,logistic,random10,0,cap,0.1,10417,1285,1040,230,167,30,33,170,60,9377,0.0067185667057694356,0.09983680522223289,
unsw,unsw,17,False,logistic,random10,0,random,0.1,10417,1285,1040,230,26,151,53,170,60,9377,0.02175535885677722,0.09983680522223289,
unsw,ton,17,False,logistic,clean,0,forced,0.0,9367,7534,0,7553,0,7505,48,7505,48,9367,0.8063414113376748,0.0,
unsw,ton,17,False,logistic,clean,0,frozen,0.01,9367,7534,197,7553,44,7489,20,7505,48,9170,0.81886586695747,0.021031280025621865,0.1661806910609145
unsw,ton,17,False,logistic,clean,0,cap,0.01,9367,7534,78,7553,37,7472,44,7505,48,9289,0.8091290774033804,0.008327105796946729,
unsw,ton,17,False,logistic,clean,0,random,0.01,9367,7534,78,7553,69,7436,48,7505,48,9289,0.8056841425341802,0.008327105796946729,
unsw,ton,17,False,logistic,clean,0,frozen,0.05,9367,7534,270,7553,67,7472,14,7505,48,9097,0.8229086512036935,0.028824596989430983,0.009840849172354948
unsw,ton,17,False,logistic,clean,0,cap,0.05,9367,7534,454,7553,284,7241,28,7505,48,8913,0.8155503197576573,0.04846802604889506,
unsw,ton,17,False,logistic,clean,0,random,0.05,9367,7534,454,7553,374,7133,46,7505,48,8913,0.8054527095254124,0.04846802604889506,
unsw,ton,17,False,logistic,clean,0,frozen,0.1,9367,7534,297,7553,72,7468,13,7505,48,9070,0.8248070562293275,0.03170705668837408,0.004877863942679417
unsw,ton,17,False,logistic,clean,0,cap,0.1,9367,7534,921,7553,632,6900,21,7505,48,8446,0.8194411555766044,0.0983239030639479,
unsw,ton,17,False,logistic,clean,0,random,0.1,9367,7534,921,7553,745,6764,44,7505,48,8446,0.8060620412029363,0.0983239030639479,
unsw,ton,17,False,logistic,temporal,0,forced,0.0,9367,7534,0,7544,0,7527,17,7527,17,9367,0.8053805914380271,0.0,
unsw,ton,17,False,logistic,temporal,0,frozen,0.01,9367,7534,45,7544,33,7497,14,7527,17,9322,0.8057283844668526,0.0048040994982384965,0.1661806910609145
unsw,ton,17,False,logistic,temporal,0,cap,0.01,9367,7534,78,7544,51,7477,16,7527,17,9289,0.8066530304661428,0.008327105796946729,
unsw,ton,17,False,logistic,temporal,0,random,0.01,9367,7534,78,7544,69,7458,17,7527,17,9289,0.8047152546022177,0.008327105796946729,
unsw,ton,17,False,logistic,temporal,0,frozen,0.05,9367,7534,80,7544,50,7482,12,7527,17,9287,0.806934424464305,0.008540621330201772,0.009840849172354948
unsw,ton,17,False,logistic,temporal,0,cap,0.05,9367,7534,454,7544,276,7255,13,7527,17,8913,0.8154381240884102,0.04846802604889506,
unsw,ton,17,False,logistic,temporal,0,random,0.05,9367,7534,454,7544,374,7154,16,7527,17,8913,0.8044429485021878,0.04846802604889506,
unsw,ton,17,False,logistic,temporal,0,frozen,0.1,9367,7534,94,7544,52,7480,12,7527,17,9273,0.8079370214601531,0.010035230062987082,0.004877863942679417
unsw,ton,17,False,logistic,temporal,0,cap,0.1,9367,7534,921,7544,617,6917,10,7527,17,8446,0.8201515510300734,0.0983239030639479,
unsw,ton,17,False,logistic,temporal,0,random,0.1,9367,7534,921,7544,748,6781,15,7527,17,8446,0.8046412502959981,0.0983239030639479,
unsw,ton,17,False,logistic,size,0,forced,0.0,9367,7534,0,7575,0,7523,52,7523,52,9367,0.8086900822034803,0.0,
unsw,ton,17,False,logistic,size,0,frozen,0.01,9367,7534,207,7575,52,7485,38,7523,52,9160,0.8212882096069869,0.022098857691897084,0.1661806910609145
unsw,ton,17,False,logistic,size,0,cap,0.01,9367,7534,78,7575,45,7478,52,7523,52,9289,0.8106362364086555,0.008327105796946729,
unsw,ton,17,False,logistic,size,0,random,0.01,9367,7534,78,7575,69,7454,52,7523,52,9289,0.8080525352567554,0.008327105796946729,
unsw,ton,17,False,logistic,size,0,frozen,0.05,9367,7534,492,7575,98,7463,14,7523,52,8875,0.8424788732394366,0.0525248211807409,0.009840849172354948
unsw,ton,17,False,logistic,size,0,cap,0.05,9367,7534,454,7575,288,7241,46,7523,52,8913,0.8175698418041064,0.04846802604889506,
unsw,ton,17,False,logistic,size,0,random,0.05,9367,7534,454,7575,378,7150,47,7523,52,8913,0.8074722315718613,0.04846802604889506,
unsw,ton,17,False,logistic,size,0,frozen,0.1,9367,7534,594,7575,114,7447,14,7523,52,8773,0.8504502450701015,0.06341411337674815,0.004877863942679417
unsw,ton,17,False,logistic,size,0,cap,0.1,9367,7534,921,7575,641,6895,39,7523,52,8446,0.8209803457257874,0.0983239030639479,
unsw,ton,17,False,logistic,size,0,random,0.1,9367,7534,921,7575,754,6777,44,7523,52,8446,0.8076012313521194,0.0983239030639479,
unsw,ton,17,False,logistic,tcp,0,forced,0.0,9367,7534,0,7303,0,7259,44,7259,44,9367,0.7796519696807943,0.0,
unsw,ton,17,False,logistic,tcp,0,frozen,0.01,9367,7534,97,7303,56,7229,18,7259,44,9270,0.7817691477885652,0.01035550336286965,0.1661806910609145
unsw,ton,17,False,logistic,tcp,0,cap,0.01,9367,7534,78,7303,42,7223,38,7259,44,9289,0.7816772526644418,0.008327105796946729,
unsw,ton,17,False,logistic,tcp,0,random,0.01,9367,7534,78,7303,69,7190,44,7259,44,9289,0.7787705888685542,0.008327105796946729,
unsw,ton,17,False,logistic,tcp,0,frozen,0.05,9367,7534,309,7303,91,7199,13,7259,44,9058,0.7962022521527932,0.03298814988790434,0.009840849172354948
unsw,ton,17,False,logistic,tcp,0,cap,0.05,9367,7534,454,7303,289,6988,26,7259,44,8913,0.7869404240996297,0.04846802604889506,
unsw,ton,17,False,logistic,tcp,0,random,0.05,9367,7534,454,7303,361,6900,42,7259,44,8913,0.7788623359138337,0.04846802604889506,
unsw,ton,17,False,logistic,tcp,0,frozen,0.1,9367,7534,466,7303,102,7189,12,7259,44,8901,0.8090102235703853,0.04974911924842532,0.004877863942679417
unsw,ton,17,False,logistic,tcp,0,cap,0.1,9367,7534,921,7303,682,6607,14,7259,44,8446,0.7839213829031494,0.0983239030639479,
unsw,ton,17,False,logistic,tcp,0,random,0.1,9367,7534,921,7303,722,6541,40,7259,44,8446,0.7791854132133554,0.0983239030639479,
unsw,ton,17,False,logistic,temporal+tcp,0,forced,0.0,9367,7534,0,7265,0,7250,15,7250,15,9367,0.7755951745489484,0.0,
unsw,ton,17,False,logistic,temporal+tcp,0,frozen,0.01,9367,7534,287,7265,13,7239,13,7250,15,9080,0.7986784140969163,0.030639479022098858,0.1661806910609145
unsw,ton,17,False,logistic,temporal+tcp,0,cap,0.01,9367,7534,78,7265,48,7202,15,7250,15,9289,0.7769404672192917,0.008327105796946729,
unsw,ton,17,False,logistic,temporal+tcp,0,random,0.01,9367,7534,78,7265,69,7181,15,7250,15,9289,0.774679728711379,0.008327105796946729,
unsw,ton,17,False,logistic,temporal+tcp,0,frozen,0.05,9367,7534,360,7265,53,7201,11,7250,15,9007,0.8007105584545353,0.03843279598590797,0.009840849172354948
unsw,ton,17,False,logistic,temporal+tcp,0,cap,0.05,9367,7534,454,7265,231,7023,11,7250,15,8913,0.7891843374845731,0.04846802604889506,
unsw,ton,17,False,logistic,temporal+tcp,0,random,0.05,9367,7534,454,7265,360,6891,14,7250,15,8913,0.7747110961516885,0.04846802604889506,
unsw,ton,17,False,logistic,temporal+tcp,0,frozen,0.1,9367,7534,390,7265,58,7198,9,7250,15,8977,0.8028294530466749,0.04163552898473364,0.004877863942679417
unsw,ton,17,False,logistic,temporal+tcp,0,cap,0.1,9367,7534,921,7265,573,6686,6,7250,15,8446,0.7923277291025338,0.0983239030639479,
unsw,ton,17,False,logistic,temporal+tcp,0,random,0.1,9367,7534,921,7265,724,6528,13,7250,15,8446,0.7744494435235615,0.0983239030639479,
unsw,ton,17,False,logistic,random10,0,forced,0.0,9367,7534,0,7220,0,7080,140,7080,140,9367,0.77079107505071,0.0,
unsw,ton,17,False,logistic,random10,0,frozen,0.01,9367,7534,378,7220,162,6951,107,7080,140,8989,0.7851818889754144,0.040354435785203376,0.1661806910609145
unsw,ton,17,False,logistic,random10,0,cap,0.01,9367,7534,78,7220,39,7045,136,7080,140,9289,0.7730649154914415,0.008327105796946729,
unsw,ton,17,False,logistic,random10,0,random,0.01,9367,7534,78,7220,64,7016,140,7080,140,9289,0.7703735601248789,0.008327105796946729,
unsw,ton,17,False,logistic,random10,0,frozen,0.05,9367,7534,879,7220,392,6754,74,7080,140,8488,0.8044297832233742,0.09384007686559197,0.009840849172354948
unsw,ton,17,False,logistic,random10,0,cap,0.05,9367,7534,454,7220,210,6897,113,7080,140,8913,0.786491641422641,0.04846802604889506,
unsw,ton,17,False,logistic,random10,0,random,0.05,9367,7534,454,7220,354,6730,136,7080,140,8913,0.770335465051049,0.04846802604889506,
unsw,ton,17,False,logistic,random10,0,frozen,0.1,9367,7534,999,7220,454,6699,67,7080,140,8368,0.8085564053537285,0.10665100886089462,0.004877863942679417
unsw,ton,17,False,logistic,random10,0,cap,0.1,9367,7534,921,7220,472,6666,82,7080,140,8446,0.7989580866682453,0.0983239030639479,
unsw,ton,17,False,logistic,random10,0,random,0.1,9367,7534,921,7220,708,6383,129,7080,140,8446,0.7710158654984608,0.0983239030639479,
unsw,cic,17,False,logistic,clean,0,forced,0.0,12192,306,0,2811,0,247,2564,247,2564,12192,0.23056102362204725,0.0,
unsw,cic,17,False,logistic,clean,0,frozen,0.01,12192,306,309,2811,151,242,2418,247,2564,11883,0.22384919633089287,0.025344488188976378,0.1661806910609145
unsw,cic,17,False,logistic,clean,0,cap,0.01,12192,306,110,2811,54,244,2513,247,2564,12082,0.228190696904486,0.00902230971128609,
unsw,cic,17,False,logistic,clean,0,random,0.01,12192,306,110,2811,21,244,2546,247,2564,12082,0.23092203277603046,0.00902230971128609,
unsw,cic,17,False,logistic,clean,0,frozen,0.05,12192,306,848,2811,349,239,2223,247,2564,11344,0.21703102961918194,0.06955380577427822,0.009840849172354948
unsw,cic,17,False,logistic,clean,0,cap,0.05,12192,306,599,2811,241,239,2331,247,2564,11593,0.22168549987061156,0.04913057742782152,
unsw,cic,17,False,logistic,clean,0,random,0.05,12192,306,599,2811,139,232,2440,247,2564,11593,0.23048391270594323,0.04913057742782152,
unsw,cic,17,False,logistic,clean,0,frozen,0.1,12192,306,1294,2811,469,233,2109,247,2564,10898,0.21490181684712792,0.10613517060367454,0.004877863942679417
unsw,cic,17,False,logistic,clean,0,cap,0.1,12192,306,1210,2811,452,234,2125,247,2564,10982,0.2148060462575123,0.09924540682414698,
unsw,cic,17,False,logistic,clean,0,random,0.1,12192,306,1210,2811,274,225,2312,247,2564,10982,0.2310143871790202,0.09924540682414698,
unsw,cic,17,False,logistic,temporal,0,forced,0.0,12192,306,0,2977,0,251,2726,251,2726,12192,0.2441765091863517,0.0,
unsw,cic,17,False,logistic,temporal,0,frozen,0.01,12192,306,977,2977,813,250,1914,251,2726,11215,0.1929558626839055,0.08013451443569554,0.1661806910609145
unsw,cic,17,False,logistic,temporal,0,cap,0.01,12192,306,110,2977,81,250,2646,251,2726,12082,0.23969541466644595,0.00902230971128609,
unsw,cic,17,False,logistic,temporal,0,random,0.01,12192,306,110,2977,26,248,2703,251,2726,12082,0.24424764111902003,0.00902230971128609,
unsw,cic,17,False,logistic,temporal,0,frozen,0.05,12192,306,1627,2977,1241,246,1490,251,2726,10565,0.16431613819214388,0.1334481627296588,0.009840849172354948
unsw,cic,17,False,logistic,temporal,0,cap,0.05,12192,306,599,2977,500,250,2227,251,2726,11593,0.21366341757957388,0.04913057742782152,
unsw,cic,17,False,logistic,temporal,0,random,0.05,12192,306,599,2977,145,236,2596,251,2726,11593,0.2442853446045027,0.04913057742782152,
unsw,cic,17,False,logistic,temporal,0,frozen,0.1,12192,306,1769,2977,1354,246,1377,251,2726,10423,0.15571332629761106,0.1450951443569554,0.004877863942679417
unsw,cic,17,False,logistic,temporal,0,cap,0.1,12192,306,1210,2977,991,249,1737,251,2726,10982,0.18084137679839737,0.09924540682414698,
unsw,cic,17,False,logistic,temporal,0,random,0.1,12192,306,1210,2977,289,228,2460,251,2726,10982,0.24476415953378255,0.09924540682414698,
unsw,cic,17,False,logistic,size,0,forced,0.0,12192,306,0,2740,0,246,2494,246,2494,12192,0.22473753280839895,0.0,
unsw,cic,17,False,logistic,size,0,frozen,0.01,12192,306,552,2740,188,239,2313,246,2494,11640,0.21924398625429553,0.045275590551181105,0.1661806910609145
unsw,cic,17,False,logistic,size,0,cap,0.01,12192,306,110,2740,74,246,2420,246,2494,12082,0.220658831319318,0.00902230971128609,
unsw,cic,17,False,logistic,size,0,random,0.01,12192,306,110,2740,20,243,2477,246,2494,12082,0.22512829001820892,0.00902230971128609,
unsw,cic,17,False,logistic,size,0,frozen,0.05,12192,306,2274,2740,743,215,1782,246,2494,9918,0.20135107884654163,0.18651574803149606,0.009840849172354948
unsw,cic,17,False,logistic,size,0,cap,0.05,12192,306,599,2740,194,237,2309,246,2494,11593,0.21961528508582764,0.04913057742782152,
unsw,cic,17,False,logistic,size,0,random,0.05,12192,306,599,2740,134,231,2375,246,2494,11593,0.22479082204778747,0.04913057742782152,
unsw,cic,17,False,logistic,size,0,frozen,0.1,12192,306,2894,2740,896,186,1658,246,2494,9298,0.19832221983222198,0.2373687664041995,0.004877863942679417
unsw,cic,17,False,logistic,size,0,cap,0.1,12192,306,1210,2740,344,227,2169,246,2494,10982,0.21817519577490438,0.09924540682414698,
unsw,cic,17,False,logistic,size,0,random,0.1,12192,306,1210,2740,264,224,2252,246,2494,10982,0.2254598433800765,0.09924540682414698,
unsw,cic,17,False,logistic,tcp,0,forced,0.0,12192,306,0,2796,0,247,2549,247,2549,12192,0.22933070866141733,0.0,
unsw,cic,17,False,logistic,tcp,0,frozen,0.01,12192,306,264,2796,141,243,2412,247,2549,11928,0.22258551307847083,0.021653543307086614,0.1661806910609145
unsw,cic,17,False,logistic,tcp,0,cap,0.01,12192,306,110,2796,63,245,2488,247,2549,12082,0.22620427081609004,0.00902230971128609,
unsw,cic,17,False,logistic,tcp,0,random,0.01,12192,306,110,2796,21,244,2531,247,2549,12082,0.22968051647078297,0.00902230971128609,
unsw,cic,17,False,logistic,tcp,0,frozen,0.05,12192,306,1042,2796,484,236,2076,247,2549,11150,0.2073542600896861,0.08546587926509186,0.009840849172354948
unsw,cic,17,False,logistic,tcp,0,cap,0.05,12192,306,599,2796,293,239,2264,247,2549,11593,0.2159061502630898,0.04913057742782152,
unsw,cic,17,False,logistic,tcp,0,random,0.05,12192,306,599,2796,137,232,2427,247,2549,11593,0.2293625463641853,0.04913057742782152,
unsw,cic,17,False,logistic,tcp,0,frozen,0.1,12192,306,1490,2796,757,231,1808,247,2549,10702,0.1905251354886937,0.12221128608923884,0.004877863942679417
unsw,cic,17,False,logistic,tcp,0,cap,0.1,12192,306,1210,2796,592,236,1968,247,2549,10982,0.20069204152249134,0.09924540682414698,
unsw,cic,17,False,logistic,tcp,0,random,0.1,12192,306,1210,2796,272,224,2300,247,2549,10982,0.22983063194317974,0.09924540682414698,
unsw,cic,17,False,logistic,temporal+tcp,0,forced,0.0,12192,306,0,3051,0,252,2799,252,2799,12192,0.250246062992126,0.0,
unsw,cic,17,False,logistic,temporal+tcp,0,frozen,0.01,12192,306,1376,3051,1158,248,1645,252,2799,10816,0.17501849112426035,0.11286089238845144,0.1661806910609145
unsw,cic,17,False,logistic,temporal+tcp,0,cap,0.01,12192,306,110,3051,60,251,2740,252,2799,12082,0.24755835126634662,0.00902230971128609,
unsw,cic,17,False,logistic,temporal+tcp,0,random,0.01,12192,306,110,3051,25,249,2777,252,2799,12082,0.2504552226452574,0.00902230971128609,
unsw,cic,17,False,logistic,temporal+tcp,0,frozen,0.05,12192,306,2021,3051,1671,246,1134,252,2799,10171,0.13567987415200078,0.16576443569553806,0.009840849172354948
unsw,cic,17,False,logistic,temporal+tcp,0,cap,0.05,12192,306,599,3051,470,250,2331,252,2799,11593,0.22263434831363754,0.04913057742782152,
unsw,cic,17,False,logistic,temporal+tcp,0,random,0.05,12192,306,599,3051,148,237,2666,252,2799,11593,0.25040973000948846,0.04913057742782152,
unsw,cic,17,False,logistic,temporal+tcp,0,frozen,0.1,12192,306,2322,3051,1915,246,890,252,2799,9870,0.11509625126646403,0.1904527559055118,0.004877863942679417
unsw,cic,17,False,logistic,temporal+tcp,0,cap,0.1,12192,306,1210,3051,1008,248,1795,252,2799,10982,0.1860316882170825,0.09924540682414698,
unsw,cic,17,False,logistic,temporal+tcp,0,random,0.1,12192,306,1210,3051,298,229,2524,252,2799,10982,0.2506829357129849,0.09924540682414698,
unsw,cic,17,False,logistic,random10,0,forced,0.0,12192,306,0,2896,0,244,2652,244,2652,12192,0.23753280839895013,0.0,
unsw,cic,17,False,logistic,random10,0,frozen,0.01,12192,306,823,2896,383,233,2280,244,2652,11369,0.2210396692761017,0.06750328083989501,0.1661806910609145
unsw,cic,17,False,logistic,random10,0,cap,0.01,12192,306,110,2896,45,243,2608,244,2652,12082,0.23597086575070353,0.00902230971128609,
unsw,cic,17,False,logistic,random10,0,random,0.01,12192,306,110,2896,21,241,2634,244,2652,12082,0.2379572918390995,0.00902230971128609,
unsw,cic,17,False,logistic,random10,0,frozen,0.05,12192,306,1998,2896,868,223,1805,244,2652,10194,0.19894055326662743,0.1638779527559055,0.009840849172354948
unsw,cic,17,False,logistic,random10,0,cap,0.05,12192,306,599,2896,270,236,2390,244,2652,11593,0.22651600103510738,0.04913057742782152,
unsw,cic,17,False,logistic,random10,0,random,0.05,12192,306,599,2896,150,230,2516,244,2652,11593,0.236867074959027,0.04913057742782152,
unsw,cic,17,False,logistic,random10,0,frozen,0.1,12192,306,2315,2896,973,219,1704,244,2652,9877,0.19469474536802672,0.1898786089238845,0.004877863942679417
unsw,cic,17,False,logistic,random10,0,cap,0.1,12192,306,1210,2896,556,230,2110,244,2652,10982,0.21307594245128392,0.09924540682414698,
unsw,cic,17,False,logistic,random10,0,random,0.1,12192,306,1210,2896,293,222,2381,244,2652,10982,0.2370242214532872,0.09924540682414698,
unsw,unsw,17,False,forest,clean,0,forced,0.0,10417,1285,0,11,0,7,4,7,4,10417,0.0010559662090813093,0.0,
unsw,unsw,17,False,forest,clean,0,frozen,0.01,10417,1285,104,11,11,0,0,7,4,10313,0.0,0.009983680522223289,0.0909174518292164
unsw,unsw,17,False,forest,clean,0,cap,0.01,10417,1285,101,11,11,0,0,7,4,10316,0.0,0.009695689737928385,
unsw,unsw,17,False,forest,clean,0,random,0.01,10417,1285,101,11,0,7,4,7,4,10316,0.0010663047692904227,0.009695689737928385,
unsw,unsw,17,False,forest,clean,0,frozen,0.05,10417,1285,493,11,11,0,0,7,4,9924,0.0,0.04732648555246232,0.016000000000000014
unsw,unsw,17,False,forest,clean,0,cap,0.05,10417,1285,518,11,11,0,0,7,4,9899,0.0,0.04972640875491984,
unsw,unsw,17,False,forest,clean,0,random,0.05,10417,1285,518,11,0,7,4,7,4,9899,0.0011112233558945347,0.04972640875491984,
unsw,unsw,17,False,forest,clean,0,frozen,0.1,10417,1285,1036,11,11,0,0,7,4,9381,0.0,0.09945281750983968,0.0019999999999997797
unsw,unsw,17,False,forest,clean,0,cap,0.1,10417,1285,1040,11,11,0,0,7,4,9377,0.0,0.09983680522223289,
unsw,unsw,17,False,forest,clean,0,random,0.1,10417,1285,1040,11,0,7,4,7,4,9377,0.0011730830756105364,0.09983680522223289,
unsw,unsw,17,False,forest,temporal,0,forced,0.0,10417,1285,0,14,0,9,5,9,5,10417,0.001343956993376212,0.0,
unsw,unsw,17,False,forest,temporal,0,frozen,0.01,10417,1285,878,14,14,0,0,9,5,9539,0.0,0.08428530287030815,0.0909174518292164
unsw,unsw,17,False,forest,temporal,0,cap,0.01,10417,1285,101,14,14,0,0,9,5,10316,0.0,0.009695689737928385,
unsw,unsw,17,False,forest,temporal,0,random,0.01,10417,1285,101,14,0,9,5,9,5,10316,0.0013571151609150834,0.009695689737928385,
unsw,unsw,17,False,forest,temporal,0,frozen,0.05,10417,1285,2387,14,14,0,0,9,5,8030,0.0,0.22914466737064415,0.016000000000000014
unsw,unsw,17,False,forest,temporal,0,cap,0.05,10417,1285,518,14,14,0,0,9,5,9899,0.0,0.04972640875491984,
unsw,unsw,17,False,forest,temporal,0,random,0.05,10417,1285,518,14,0,9,5,9,5,9899,0.0014142842711384988,0.04972640875491984,
unsw,unsw,17,False,forest,temporal,0,frozen,0.1,10417,1285,2545,14,14,0,0,9,5,7872,0.0,0.24431218201017568,0.0019999999999997797
unsw,unsw,17,False,forest,temporal,0,cap,0.1,10417,1285,1040,14,14,0,0,9,5,9377,0.0,0.09983680522223289,
unsw,unsw,17,False,forest,temporal,0,random,0.1,10417,1285,1040,14,0,9,5,9,5,9377,0.0014930148235043192,0.09983680522223289,
unsw,unsw,17,False,forest,size,0,forced,0.0,10417,1285,0,26,0,24,2,24,2,10417,0.0024959201305558222,0.0,
unsw,unsw,17,False,forest,size,0,frozen,0.01,10417,1285,1681,26,26,0,0,24,2,8736,0.0,0.16137083613324374,0.0909174518292164
unsw,unsw,17,False,forest,size,0,cap,0.01,10417,1285,101,26,11,13,2,24,2,10316,0.0014540519581233036,0.009695689737928385,
unsw,unsw,17,False,forest,size,0,random,0.01,10417,1285,101,26,1,23,2,24,2,10316,0.002423419930205506,0.009695689737928385,
unsw,unsw,17,False,forest,size,0,frozen,0.05,10417,1285,2327,26,26,0,0,24,2,8090,0.0,0.2233848516847461,0.016000000000000014
unsw,unsw,17,False,forest,size,0,cap,0.05,10417,1285,518,26,24,1,1,24,2,9899,0.0002020406101626427,0.04972640875491984,
unsw,unsw,17,False,forest,size,0,random,0.05,10417,1285,518,26,1,23,2,24,2,9899,0.0025255076270330338,0.04972640875491984,
unsw,unsw,17,False,forest,size,0,frozen,0.1,10417,1285,4059,26,26,0,0,24,2,6358,0.0,0.38965153115100315,0.0019999999999997797
unsw,unsw,17,False,forest,size,0,cap,0.1,10417,1285,1040,26,26,0,0,24,2,9377,0.0,0.09983680522223289,
unsw,unsw,17,False,forest,size,0,random,0.1,10417,1285,1040,26,2,22,2,24,2,9377,0.0025594539831502615,0.09983680522223289,
unsw,unsw,17,False,forest,tcp,0,forced,0.0,10417,1285,0,14,0,10,4,10,4,10417,0.001343956993376212,0.0,
unsw,unsw,17,False,forest,tcp,0,frozen,0.01,10417,1285,1441,14,14,0,0,10,4,8976,0.0,0.13833157338965152,0.0909174518292164
unsw,unsw,17,False,forest,tcp,0,cap,0.01,10417,1285,101,14,13,0,1,10,4,10316,9.693679720822024e-05,0.009695689737928385,
unsw,unsw,17,False,forest,tcp,0,random,0.01,10417,1285,101,14,0,10,4,10,4,10316,0.0013571151609150834,0.009695689737928385,
unsw,unsw,17,False,forest,tcp,0,frozen,0.05,10417,1285,2827,14,14,0,0,10,4,7590,0.0,0.2713833157338965,0.016000000000000014
unsw,unsw,17,False,forest,tcp,0,cap,0.05,10417,1285,518,14,14,0,0,10,4,9899,0.0,0.04972640875491984,
unsw,unsw,17,False,forest,tcp,0,random,0.05,10417,1285,518,14,0,10,4,10,4,9899,0.0014142842711384988,0.04972640875491984,
unsw,unsw,17,False,forest,tcp,0,frozen,0.1,10417,1285,3274,14,14,0,0,10,4,7143,0.0,0.314293942593837,0.0019999999999997797
unsw,unsw,17,False,forest,tcp,0,cap,0.1,10417,1285,1040,14,14,0,0,10,4,9377,0.0,0.09983680522223289,
unsw,unsw,17,False,forest,tcp,0,random,0.1,10417,1285,1040,14,0,10,4,10,4,9377,0.0014930148235043192,0.09983680522223289,
unsw,unsw,17,False,forest,temporal+tcp,0,forced,0.0,10417,1285,0,14,0,10,4,10,4,10417,0.001343956993376212,0.0,
unsw,unsw,17,False,forest,temporal+tcp,0,frozen,0.01,10417,1285,1363,14,14,0,0,10,4,9054,0.0,0.13084381299798406,0.0909174518292164
unsw,unsw,17,False,forest,temporal+tcp,0,cap,0.01,10417,1285,101,14,13,0,1,10,4,10316,9.693679720822024e-05,0.009695689737928385,
unsw,unsw,17,False,forest,temporal+tcp,0,random,0.01,10417,1285,101,14,0,10,4,10,4,10316,0.0013571151609150834,0.009695689737928385,
unsw,unsw,17,False,forest,temporal+tcp,0,frozen,0.05,10417,1285,3534,14,14,0,0,10,4,6883,0.0,0.3392531438993952,0.016000000000000014
unsw,unsw,17,False,forest,temporal+tcp,0,cap,0.05,10417,1285,518,14,14,0,0,10,4,9899,0.0,0.04972640875491984,
unsw,unsw,17,False,forest,temporal+tcp,0,random,0.05,10417,1285,518,14,0,10,4,10,4,9899,0.0014142842711384988,0.04972640875491984,
unsw,unsw,17,False,forest,temporal+tcp,0,frozen,0.1,10417,1285,3835,14,14,0,0,10,4,6582,0.0,0.36814821925698377,0.0019999999999997797
unsw,unsw,17,False,forest,temporal+tcp,0,cap,0.1,10417,1285,1040,14,14,0,0,10,4,9377,0.0,0.09983680522223289,
unsw,unsw,17,False,forest,temporal+tcp,0,random,0.1,10417,1285,1040,14,0,10,4,10,4,9377,0.0014930148235043192,0.09983680522223289,
unsw,unsw,17,False,forest,random10,0,forced,0.0,10417,1285,0,35,0,31,4,31,4,10417,0.00335989248344053,0.0,
unsw,unsw,17,False,forest,random10,0,frozen,0.01,10417,1285,820,35,35,0,0,31,4,9597,0.0,0.0787174810406067,0.0909174518292164
unsw,unsw,17,False,forest,random10,0,cap,0.01,10417,1285,101,35,23,10,2,31,4,10316,0.0011632415664986429,0.009695689737928385,
unsw,unsw,17,False,forest,random10,0,random,0.01,10417,1285,101,35,0,31,4,31,4,10316,0.0033927879022877085,0.009695689737928385,
unsw,unsw,17,False,forest,random10,0,frozen,0.05,10417,1285,1822,35,35,0,0,31,4,8595,0.0,0.17490640299510415,0.016000000000000014
unsw,unsw,17,False,forest,random10,0,cap,0.05,10417,1285,518,35,34,0,1,31,4,9899,0.00010102030508132135,0.04972640875491984,
unsw,unsw,17,False,forest,random10,0,random,0.05,10417,1285,518,35,0,31,4,31,4,9899,0.003535710677846247,0.04972640875491984,
unsw,unsw,17,False,forest,random10,0,frozen,0.1,10417,1285,2708,35,35,0,0,31,4,7709,0.0,0.2599596812901987,0.0019999999999997797
unsw,unsw,17,False,forest,random10,0,cap,0.1,10417,1285,1040,35,35,0,0,31,4,9377,0.0,0.09983680522223289,
unsw,unsw,17,False,forest,random10,0,random,0.1,10417,1285,1040,35,1,30,4,31,4,9377,0.0036258931427962035,0.09983680522223289,
unsw,ton,17,False,forest,clean,0,forced,0.0,9367,7534,0,6825,0,5869,956,5869,956,9367,0.7286217572328387,0.0,
unsw,ton,17,False,forest,clean,0,frozen,0.01,9367,7534,9366,6825,6824,1,0,5869,956,1,1.0,0.9998932422333725,0.0909174518292164
unsw,ton,17,False,forest,clean,0,cap,0.01,9367,7534,78,6825,29,5843,953,5869,956,9289,0.7316180428463774,0.008327105796946729,
unsw,ton,17,False,forest,clean,0,random,0.01,9367,7534,78,6825,62,5812,951,5869,956,9289,0.7280654537625147,0.008327105796946729,
unsw,ton,17,False,forest,clean,0,frozen,0.05,9367,7534,9367,6825,6825,0,0,5869,956,0,,1.0,0.016000000000000014
unsw,ton,17,False,forest,clean,0,cap,0.05,9367,7534,454,6825,308,5633,884,5869,956,8913,0.7311791764837877,0.04846802604889506,
unsw,ton,17,False,forest,clean,0,random,0.05,9367,7534,454,6825,333,5576,916,5869,956,8913,0.7283742847526086,0.04846802604889506,
unsw,ton,17,False,forest,clean,0,frozen,0.1,9367,7534,9367,6825,6825,0,0,5869,956,0,,1.0,0.0019999999999997797
unsw,ton,17,False,forest,clean,0,cap,0.1,9367,7534,921,6825,728,5262,835,5869,956,8446,0.7218801799668482,0.0983239030639479,
unsw,ton,17,False,forest,clean,0,random,0.1,9367,7534,921,6825,658,5294,873,5869,956,8446,0.7301681269239877,0.0983239030639479,
unsw,ton,17,False,forest,temporal,0,forced,0.0,9367,7534,0,6838,0,5901,937,5901,937,9367,0.7300096081989965,0.0,
unsw,ton,17,False,forest,temporal,0,frozen,0.01,9367,7534,9365,6838,6837,1,0,5901,937,2,0.5,0.999786484466745,0.0909174518292164
unsw,ton,17,False,forest,temporal,0,cap,0.01,9367,7534,78,6838,46,5857,935,5901,937,9289,0.7311874259877275,0.008327105796946729,
unsw,ton,17,False,forest,temporal,0,random,0.01,9367,7534,78,6838,63,5843,932,5901,937,9289,0.7293573043384648,0.008327105796946729,
unsw,ton,17,False,forest,temporal,0,frozen,0.05,9367,7534,9367,6838,6838,0,0,5901,937,0,,1.0,0.016000000000000014
unsw,ton,17,False,forest,temporal,0,cap,0.05,9367,7534,454,6838,333,5606,899,5901,937,8913,0.7298328284528217,0.04846802604889506,
unsw,ton,17,False,forest,temporal,0,random,0.05,9367,7534,454,6838,334,5604,900,5901,937,8913,0.7297206327835746,0.04846802604889506,
unsw,ton,17,False,forest,temporal,0,frozen,0.1,9367,7534,9367,6838,6838,0,0,5901,937,0,,1.0,0.0019999999999997797
unsw,ton,17,False,forest,temporal,0,cap,0.1,9367,7534,921,6838,755,5228,855,5901,937,8446,0.7202225905754203,0.0983239030639479,
unsw,ton,17,False,forest,temporal,0,random,0.1,9367,7534,921,6838,661,5320,857,5901,937,8446,0.7313521193464362,0.0983239030639479,
unsw,ton,17,False,forest,size,0,forced,0.0,9367,7534,0,7217,0,7183,34,7183,34,9367,0.7704708017508274,0.0,
unsw,ton,17,False,forest,size,0,frozen,0.01,9367,7534,9364,7217,7215,2,0,7183,34,3,0.6666666666666666,0.9996797267001174,0.0909174518292164
unsw,ton,17,False,forest,size,0,cap,0.01,9367,7534,78,7217,33,7152,32,7183,34,9289,0.773387878135429,0.008327105796946729,
unsw,ton,17,False,forest,size,0,random,0.01,9367,7534,78,7217,69,7114,34,7183,34,9289,0.7695123264075788,0.008327105796946729,
unsw,ton,17,False,forest,size,0,frozen,0.05,9367,7534,9367,7217,7217,0,0,7183,34,0,,1.0,0.016000000000000014
unsw,ton,17,False,forest,size,0,cap,0.05,9367,7534,454,7217,180,7026,11,7183,34,8913,0.7895209244923146,0.04846802604889506,
unsw,ton,17,False,forest,size,0,random,0.05,9367,7534,454,7217,358,6829,30,7183,34,8913,0.7695500953663189,0.04846802604889506,
unsw,ton,17,False,forest,size,0,frozen,0.1,9367,7534,9367,7217,7217,0,0,7183,34,0,,1.0,0.0019999999999997797
unsw,ton,17,False,forest,size,0,cap,0.1,9367,7534,921,7217,466,6742,9,7183,34,8446,0.7993132843949798,0.0983239030639479,
unsw,ton,17,False,forest,size,0,random,0.1,9367,7534,921,7217,716,6472,29,7183,34,8446,0.7697134738337674,0.0983239030639479,
unsw,ton,17,False,forest,tcp,0,forced,0.0,9367,7534,0,6878,0,5943,935,5943,935,9367,0.7342799188640974,0.0,
unsw,ton,17,False,forest,tcp,0,frozen,0.01,9367,7534,9366,6878,6877,1,0,5943,935,1,1.0,0.9998932422333725,0.0909174518292164
unsw,ton,17,False,forest,tcp,0,cap,0.01,9367,7534,78,6878,55,5890,933,5943,935,9289,0.734524706642265,0.008327105796946729,
unsw,ton,17,False,forest,tcp,0,random,0.01,9367,7534,78,6878,63,5885,930,5943,935,9289,0.733663472924965,0.008327105796946729,
unsw,ton,17,False,forest,tcp,0,frozen,0.05,9367,7534,9367,6878,6878,0,0,5943,935,0,,1.0,0.016000000000000014
unsw,ton,17,False,forest,tcp,0,cap,0.05,9367,7534,454,6878,368,5669,841,5943,935,8913,0.7303938067990575,0.04846802604889506,
unsw,ton,17,False,forest,tcp,0,random,0.05,9367,7534,454,6878,335,5645,898,5943,935,8913,0.7340962638842141,0.04846802604889506,
unsw,ton,17,False,forest,tcp,0,frozen,0.1,9367,7534,9367,6878,6878,0,0,5943,935,0,,1.0,0.0019999999999997797
unsw,ton,17,False,forest,tcp,0,cap,0.1,9367,7534,921,6878,765,5340,773,5943,935,8446,0.7237745678427658,0.0983239030639479,
unsw,ton,17,False,forest,tcp,0,random,0.1,9367,7534,921,6878,663,5359,856,5943,935,8446,0.7358512905517405,0.0983239030639479,
unsw,ton,17,False,forest,temporal+tcp,0,forced,0.0,9367,7534,0,6879,0,5944,935,5944,935,9367,0.7343866766307249,0.0,
unsw,ton,17,False,forest,temporal+tcp,0,frozen,0.01,9367,7534,9366,6879,6878,1,0,5944,935,1,1.0,0.9998932422333725,0.0909174518292164
unsw,ton,17,False,forest,temporal+tcp,0,cap,0.01,9367,7534,78,6879,62,5886,931,5944,935,9289,0.73387878135429,0.008327105796946729,
unsw,ton,17,False,forest,temporal+tcp,0,random,0.01,9367,7534,78,6879,63,5886,930,5944,935,9289,0.7337711271396276,0.008327105796946729,
unsw,ton,17,False,forest,temporal+tcp,0,frozen,0.05,9367,7534,9367,6879,6879,0,0,5944,935,0,,1.0,0.016000000000000014
unsw,ton,17,False,forest,temporal+tcp,0,cap,0.05,9367,7534,454,6879,398,5600,881,5944,935,8913,0.7271401323908897,0.04846802604889506,
unsw,ton,17,False,forest,temporal+tcp,0,random,0.05,9367,7534,454,6879,335,5646,898,5944,935,8913,0.7342084595534613,0.04846802604889506,
unsw,ton,17,False,forest,temporal+tcp,0,frozen,0.1,9367,7534,9367,6879,6879,0,0,5944,935,0,,1.0,0.0019999999999997797
unsw,ton,17,False,forest,temporal+tcp,0,cap,0.1,9367,7534,921,6879,831,5242,806,5944,935,8446,0.7160786170968506,0.0983239030639479,
unsw,ton,17,False,forest,temporal+tcp,0,random,0.1,9367,7534,921,6879,664,5359,856,5944,935,8446,0.7358512905517405,0.0983239030639479,
unsw,ton,17,False,forest,random10,0,forced,0.0,9367,7534,0,6890,0,6064,826,6064,826,9367,0.7355610120636277,0.0,
unsw,ton,17,False,forest,random10,0,frozen,0.01,9367,7534,9328,6890,6855,34,1,6064,826,39,0.8974358974358975,0.9958364471015266,0.0909174518292164
unsw,ton,17,False,forest,random10,0,cap,0.01,9367,7534,78,6890,37,6038,815,6064,826,9289,0.7377543330821401,0.008327105796946729,
unsw,ton,17,False,forest,random10,0,random,0.01,9367,7534,78,6890,63,6004,823,6064,826,9289,0.7349553235009151,0.008327105796946729,
unsw,ton,17,False,forest,random10,0,frozen,0.05,9367,7534,9366,6890,6889,1,0,6064,826,1,1.0,0.9998932422333725,0.016000000000000014
unsw,ton,17,False,forest,random10,0,cap,0.05,9367,7534,454,6890,190,5943,757,6064,826,8913,0.7517109839560193,0.04846802604889506,
unsw,ton,17,False,forest,random10,0,random,0.05,9367,7534,454,6890,335,5762,793,6064,826,8913,0.7354426119151801,0.04846802604889506,
unsw,ton,17,False,forest,random10,0,frozen,0.1,9367,7534,9367,6890,6890,0,0,6064,826,0,,1.0,0.0019999999999997797
unsw,ton,17,False,forest,random10,0,cap,0.1,9367,7534,921,6890,487,5701,702,6064,826,8446,0.7581103480937722,0.0983239030639479,
unsw,ton,17,False,forest,random10,0,random,0.1,9367,7534,921,6890,668,5466,756,6064,826,8446,0.7366800852474544,0.0983239030639479,
unsw,cic,17,False,forest,clean,0,forced,0.0,12192,306,0,9467,0,87,9380,87,9380,12192,0.7764927821522309,0.0,
unsw,cic,17,False,forest,clean,0,frozen,0.01,12192,306,12192,9467,9467,0,0,87,9380,0,,1.0,0.0909174518292164
unsw,cic,17,False,forest,clean,0,cap,0.01,12192,306,110,9467,68,86,9313,87,9380,12082,0.7779341168680682,0.00902230971128609,
unsw,cic,17,False,forest,clean,0,random,0.01,12192,306,110,9467,89,87,9291,87,9380,12082,0.7761959940407217,0.00902230971128609,
unsw,cic,17,False,forest,clean,0,frozen,0.05,12192,306,12192,9467,9467,0,0,87,9380,0,,1.0,0.016000000000000014
unsw,cic,17,False,forest,clean,0,cap,0.05,12192,306,599,9467,335,72,9060,87,9380,11593,0.787716725610282,0.04913057742782152,
unsw,cic,17,False,forest,clean,0,random,0.05,12192,306,599,9467,463,84,8920,87,9380,11593,0.7766755800914344,0.04913057742782152,
unsw,cic,17,False,forest,clean,0,frozen,0.1,12192,306,12192,9467,9467,0,0,87,9380,0,,1.0,0.0019999999999997797
unsw,cic,17,False,forest,clean,0,cap,0.1,12192,306,1210,9467,601,64,8802,87,9380,10982,0.8073210708431979,0.09924540682414698,
unsw,cic,17,False,forest,clean,0,random,0.1,12192,306,1210,9467,943,82,8442,87,9380,10982,0.7761792023310873,0.09924540682414698,
unsw,cic,17,False,forest,temporal,0,forced,0.0,12192,306,0,9298,0,92,9206,92,9206,12192,0.7626312335958005,0.0,
unsw,cic,17,False,forest,temporal,0,frozen,0.01,12192,306,12177,9298,9298,0,0,92,9206,15,0.0,0.99876968503937,0.0909174518292164
unsw,cic,17,False,forest,temporal,0,cap,0.01,12192,306,110,9298,75,91,9132,92,9206,12082,0.7633669922198312,0.00902230971128609,
unsw,cic,17,False,forest,temporal,0,random,0.01,12192,306,110,9298,87,92,9119,92,9206,12082,0.7623737791756332,0.00902230971128609,
unsw,cic,17,False,forest,temporal,0,frozen,0.05,12192,306,12192,9298,9298,0,0,92,9206,0,,1.0,0.016000000000000014
unsw,cic,17,False,forest,temporal,0,cap,0.05,12192,306,599,9298,347,81,8870,92,9206,11593,0.7721038557750367,0.04913057742782152,
unsw,cic,17,False,forest,temporal,0,random,0.05,12192,306,599,9298,452,89,8757,92,9206,11593,0.763046666091607,0.04913057742782152,
unsw,cic,17,False,forest,temporal,0,frozen,0.1,12192,306,12192,9298,9298,0,0,92,9206,0,,1.0,0.0019999999999997797
unsw,cic,17,False,forest,temporal,0,cap,0.1,12192,306,1210,9298,589,72,8637,92,9206,10982,0.7930249499180477,0.09924540682414698,
unsw,cic,17,False,forest,temporal,0,random,0.1,12192,306,1210,9298,926,86,8286,92,9206,10982,0.7623383718812602,0.09924540682414698,
unsw,cic,17,False,forest,size,0,forced,0.0,12192,306,0,1889,0,258,1631,258,1631,12192,0.15493766404199474,0.0,
unsw,cic,17,False,forest,size,0,frozen,0.01,12192,306,12101,1889,1887,2,0,258,1631,91,0.02197802197802198,0.9925360892388452,0.0909174518292164
unsw,cic,17,False,forest,size,0,cap,0.01,12192,306,110,1889,2,256,1631,258,1631,12082,0.15618275120013242,0.00902230971128609,
unsw,cic,17,False,forest,size,0,random,0.01,12192,306,110,1889,12,255,1622,258,1631,12082,0.15535507366330079,0.00902230971128609,
unsw,cic,17,False,forest,size,0,frozen,0.05,12192,306,12161,1889,1887,2,0,258,1631,31,0.06451612903225806,0.9974573490813649,0.016000000000000014
unsw,cic,17,False,forest,size,0,cap,0.05,12192,306,599,1889,260,253,1376,258,1631,11593,0.14051582851720867,0.04913057742782152,
unsw,cic,17,False,forest,size,0,random,0.05,12192,306,599,1889,80,243,1566,258,1631,11593,0.15604243940308807,0.04913057742782152,
unsw,cic,17,False,forest,size,0,frozen,0.1,12192,306,12192,1889,1889,0,0,258,1631,0,,1.0,0.0019999999999997797
unsw,cic,17,False,forest,size,0,cap,0.1,12192,306,1210,1889,797,253,839,258,1631,10982,0.09943543981059916,0.09924540682414698,
unsw,cic,17,False,forest,size,0,random,0.1,12192,306,1210,1889,174,233,1482,258,1631,10982,0.15616463303587688,0.09924540682414698,
unsw,cic,17,False,forest,tcp,0,forced,0.0,12192,306,0,8783,0,105,8678,105,8678,12192,0.7203904199475065,0.0,
unsw,cic,17,False,forest,tcp,0,frozen,0.01,12192,306,12147,8783,8783,0,0,105,8678,45,0.0,0.9963090551181102,0.0909174518292164
unsw,cic,17,False,forest,tcp,0,cap,0.01,12192,306,110,8783,34,100,8649,105,8678,12082,0.7241350769740109,0.00902230971128609,
unsw,cic,17,False,forest,tcp,0,random,0.01,12192,306,110,8783,83,105,8595,105,8678,12082,0.7200794570435358,0.00902230971128609,
unsw,cic,17,False,forest,tcp,0,frozen,0.05,12192,306,12192,8783,8783,0,0,105,8678,0,,1.0,0.016000000000000014
unsw,cic,17,False,forest,tcp,0,cap,0.05,12192,306,599,8783,76,83,8624,105,8678,11593,0.7510566721297335,0.04913057742782152,
unsw,cic,17,False,forest,tcp,0,random,0.05,12192,306,599,8783,432,101,8250,105,8678,11593,0.7203484861554387,0.04913057742782152,
unsw,cic,17,False,forest,tcp,0,frozen,0.1,12192,306,12192,8783,8783,0,0,105,8678,0,,1.0,0.0019999999999997797
unsw,cic,17,False,forest,tcp,0,cap,0.1,12192,306,1210,8783,147,72,8564,105,8678,10982,0.7863777089783281,0.09924540682414698,
unsw,cic,17,False,forest,tcp,0,random,0.1,12192,306,1210,8783,880,98,7805,105,8678,10982,0.7196321252959388,0.09924540682414698,
unsw,cic,17,False,forest,temporal+tcp,0,forced,0.0,12192,306,0,8739,0,106,8633,106,8633,12192,0.7167814960629921,0.0,
unsw,cic,17,False,forest,temporal+tcp,0,frozen,0.01,12192,306,12192,8739,8739,0,0,106,8633,0,,1.0,0.0909174518292164
unsw,cic,17,False,forest,temporal+tcp,0,cap,0.01,12192,306,110,8739,10,103,8626,106,8633,12082,0.7224797219003476,0.00902230971128609,
unsw,cic,17,False,forest,temporal+tcp,0,random,0.01,12192,306,110,8739,83,106,8550,106,8633,12082,0.7164376758814766,0.00902230971128609,
unsw,cic,17,False,forest,temporal+tcp,0,frozen,0.05,12192,306,12192,8739,8739,0,0,106,8633,0,,1.0,0.016000000000000014
unsw,cic,17,False,forest,temporal+tcp,0,cap,0.05,12192,306,599,8739,45,83,8611,106,8633,11593,0.7499353057879755,0.04913057742782152,
unsw,cic,17,False,forest,temporal+tcp,0,random,0.05,12192,306,599,8739,431,102,8206,106,8633,11593,0.7166393513327007,0.04913057742782152,
unsw,cic,17,False,forest,temporal+tcp,0,frozen,0.1,12192,306,12192,8739,8739,0,0,106,8633,0,,1.0,0.0019999999999997797
unsw,cic,17,False,forest,temporal+tcp,0,cap,0.1,12192,306,1210,8739,116,72,8551,106,8633,10982,0.7851939537424877,0.09924540682414698,
unsw,cic,17,False,forest,temporal+tcp,0,random,0.1,12192,306,1210,8739,876,99,7764,106,8633,10982,0.7159898014933528,0.09924540682414698,
unsw,cic,17,False,forest,random10,0,forced,0.0,12192,306,0,8086,0,126,7960,126,7960,12192,0.6632217847769029,0.0,
unsw,cic,17,False,forest,random10,0,frozen,0.01,12192,306,12159,8086,8086,0,0,126,7960,33,0.0,0.9972933070866141,0.0909174518292164
unsw,cic,17,False,forest,random10,0,cap,0.01,12192,306,110,8086,57,123,7906,126,7960,12082,0.6645422943221321,0.00902230971128609,
unsw,cic,17,False,forest,random10,0,random,0.01,12192,306,110,8086,75,124,7887,126,7960,12082,0.6630524747558352,0.00902230971128609,
unsw,cic,17,False,forest,random10,0,frozen,0.05,12192,306,12192,8086,8086,0,0,126,7960,0,,1.0,0.016000000000000014
unsw,cic,17,False,forest,random10,0,cap,0.05,12192,306,599,8086,311,118,7657,126,7960,11593,0.6706633313206245,0.04913057742782152,
unsw,cic,17,False,forest,random10,0,random,0.05,12192,306,599,8086,396,121,7569,126,7960,11593,0.6633313206245148,0.04913057742782152,
unsw,cic,17,False,forest,random10,0,frozen,0.1,12192,306,12192,8086,8086,0,0,126,7960,0,,1.0,0.0019999999999997797
unsw,cic,17,False,forest,random10,0,cap,0.1,12192,306,1210,8086,647,112,7327,126,7960,10982,0.6773811691859406,0.09924540682414698,
unsw,cic,17,False,forest,random10,0,random,0.1,12192,306,1210,8086,814,118,7154,126,7960,10982,0.6621744673101438,0.09924540682414698,
unsw,unsw,17,True,logistic,clean,0,forced,0.0,10417,1285,0,9,0,7,2,7,2,10417,0.0008639723528847077,0.0,
unsw,unsw,17,True,logistic,clean,0,frozen,0.01,10417,1285,97,9,5,2,2,7,2,10320,0.0003875968992248062,0.009311702025535183,0.11233513088859981
unsw,unsw,17,True,logistic,clean,0,cap,0.01,10417,1285,101,9,5,2,2,7,2,10316,0.00038774718883288094,0.009695689737928385,
unsw,unsw,17,True,logistic,clean,0,random,0.01,10417,1285,101,9,0,7,2,7,2,10316,0.0008724311748739822,0.009695689737928385,
unsw,unsw,17,True,logistic,clean,0,frozen,0.05,10417,1285,540,9,6,2,1,7,2,9877,0.0003037359522122102,0.05183834117308246,0.0056054316569625895
unsw,unsw,17,True,logistic,clean,0,cap,0.05,10417,1285,518,9,6,2,1,7,2,9899,0.000303060915243964,0.04972640875491984,
unsw,unsw,17,True,logistic,clean,0,random,0.05,10417,1285,518,9,1,6,2,7,2,9899,0.0008081624406505708,0.04972640875491984,
unsw,unsw,17,True,logistic,clean,0,frozen,0.1,10417,1285,1108,9,6,2,1,7,2,9309,0.0003222687721559781,0.10636459633291735,0.0022485339460258658
unsw,unsw,17,True,logistic,clean,0,cap,0.1,10417,1285,1040,9,6,2,1,7,2,9377,0.0003199317478937827,0.09983680522223289,
unsw,unsw,17,True,logistic,clean,0,random,0.1,10417,1285,1040,9,1,6,2,7,2,9377,0.0008531513277167537,0.09983680522223289,
unsw,unsw,17,True,logistic,temporal,0,forced,0.0,10417,1285,0,6,0,3,3,3,3,10417,0.0005759815685898052,0.0,
unsw,unsw,17,True,logistic,temporal,0,frozen,0.01,10417,1285,220,6,3,2,1,3,3,10197,0.0002942041776993233,0.021119324181626188,0.11233513088859981
unsw,unsw,17,True,logistic,temporal,0,cap,0.01,10417,1285,101,6,3,2,1,3,3,10316,0.0002908103916246607,0.009695689737928385,
unsw,unsw,17,True,logistic,temporal,0,random,0.01,10417,1285,101,6,0,3,3,3,3,10316,0.0005816207832493214,0.009695689737928385,
unsw,unsw,17,True,logistic,temporal,0,frozen,0.05,10417,1285,919,6,3,2,1,3,3,9498,0.0003158559696778269,0.08822117692233848,0.0056054316569625895
unsw,unsw,17,True,logistic,temporal,0,cap,0.05,10417,1285,518,6,3,2,1,3,3,9899,0.000303060915243964,0.04972640875491984,
unsw,unsw,17,True,logistic,temporal,0,random,0.05,10417,1285,518,6,0,3,3,3,3,9899,0.000606121830487928,0.04972640875491984,
unsw,unsw,17,True,logistic,temporal,0,frozen,0.1,10417,1285,2056,6,3,2,1,3,3,8361,0.0003588087549336204,0.19736968417010656,0.0022485339460258658
unsw,unsw,17,True,logistic,temporal,0,cap,0.1,10417,1285,1040,6,3,2,1,3,3,9377,0.0003199317478937827,0.09983680522223289,
unsw,unsw,17,True,logistic,temporal,0,random,0.1,10417,1285,1040,6,0,3,3,3,3,9377,0.0006398634957875654,0.09983680522223289,
unsw,unsw,17,True,logistic,size,0,forced,0.0,10417,1285,0,10,0,7,3,7,3,10417,0.0009599692809830085,0.0,
unsw,unsw,17,True,logistic,size,0,frozen,0.01,10417,1285,233,10,5,3,2,7,3,10184,0.0004909662215239591,0.0223672842469041,0.11233513088859981
unsw,unsw,17,True,logistic,size,0,cap,0.01,10417,1285,101,10,4,3,3,7,3,10316,0.0005816207832493214,0.009695689737928385,
unsw,unsw,17,True,logistic,size,0,random,0.01,10417,1285,101,10,0,7,3,7,3,10316,0.0009693679720822024,0.009695689737928385,
unsw,unsw,17,True,logistic,size,0,frozen,0.05,10417,1285,1449,10,7,2,1,7,3,8968,0.00033452274754683316,0.13909954881443795,0.0056054316569625895
unsw,unsw,17,True,logistic,size,0,cap,0.05,10417,1285,518,10,6,3,1,7,3,9899,0.0004040812203252854,0.04972640875491984,
unsw,unsw,17,True,logistic,size,0,random,0.05,10417,1285,518,10,0,7,3,7,3,9899,0.0010102030508132135,0.04972640875491984,
unsw,unsw,17,True,logistic,size,0,frozen,0.1,10417,1285,2817,10,7,2,1,7,3,7600,0.00039473684210526315,0.2704233464529135,0.0022485339460258658
unsw,unsw,17,True,logistic,size,0,cap,0.1,10417,1285,1040,10,7,2,1,7,3,9377,0.0003199317478937827,0.09983680522223289,
unsw,unsw,17,True,logistic,size,0,random,0.1,10417,1285,1040,10,0,7,3,7,3,9377,0.0010664391596459423,0.09983680522223289,
unsw,unsw,17,True,logistic,tcp,0,forced,0.0,10417,1285,0,18,0,16,2,16,2,10417,0.0017279447057694155,0.0,
unsw,unsw,17,True,logistic,tcp,0,frozen,0.01,10417,1285,270,18,8,8,2,16,2,10147,0.0009855129594954174,0.02591917058654123,0.11233513088859981
unsw,unsw,17,True,logistic,tcp,0,cap,0.01,10417,1285,101,18,8,8,2,16,2,10316,0.0009693679720822024,0.009695689737928385,
unsw,unsw,17,True,logistic,tcp,0,random,0.01,10417,1285,101,18,1,15,2,16,2,10316,0.0016479255525397442,0.009695689737928385,
unsw,unsw,17,True,logistic,tcp,0,frozen,0.05,10417,1285,1492,18,9,8,1,16,2,8925,0.0010084033613445378,0.14322741672266487,0.0056054316569625895
unsw,unsw,17,True,logistic,tcp,0,cap,0.05,10417,1285,518,18,9,8,1,16,2,9899,0.0009091827457318921,0.04972640875491984,
unsw,unsw,17,True,logistic,tcp,0,random,0.05,10417,1285,518,18,2,14,2,16,2,9899,0.0016163248813011416,0.04972640875491984,
unsw,unsw,17,True,logistic,tcp,0,frozen,0.1,10417,1285,1948,18,12,5,1,16,2,8469,0.0007084661707403471,0.18700201593549007,0.0022485339460258658
unsw,unsw,17,True,logistic,tcp,0,cap,0.1,10417,1285,1040,18,9,8,1,16,2,9377,0.0009597952436813479,0.09983680522223289,
unsw,unsw,17,True,logistic,tcp,0,random,0.1,10417,1285,1040,18,3,13,2,16,2,9377,0.0015996587394689133,0.09983680522223289,
unsw,unsw,17,True,logistic,temporal+tcp,0,forced,0.0,10417,1285,0,17,0,14,3,14,3,10417,0.0016319477776711145,0.0,
unsw,unsw,17,True,logistic,temporal+tcp,0,frozen,0.01,10417,1285,345,17,8,8,1,14,3,10072,0.0008935663224781573,0.033118940193913794,0.11233513088859981
unsw,unsw,17,True,logistic,temporal+tcp,0,cap,0.01,10417,1285,101,17,6,8,3,14,3,10316,0.0010663047692904227,0.009695689737928385,
unsw,unsw,17,True,logistic,temporal+tcp,0,random,0.01,10417,1285,101,17,1,13,3,14,3,10316,0.0015509887553315238,0.009695689737928385,
unsw,unsw,17,True,logistic,temporal+tcp,0,frozen,0.05,10417,1285,2078,17,8,8,1,14,3,8339,0.0010792660990526443,0.19948161658826918,0.0056054316569625895
unsw,unsw,17,True,logistic,temporal+tcp,0,cap,0.05,10417,1285,518,17,8,8,1,14,3,9899,0.0009091827457318921,0.04972640875491984,
unsw,unsw,17,True,logistic,temporal+tcp,0,random,0.05,10417,1285,518,17,2,12,3,14,3,9899,0.0015153045762198202,0.04972640875491984,
unsw,unsw,17,True,logistic,temporal+tcp,0,frozen,0.1,10417,1285,2857,17,8,8,1,14,3,7560,0.0011904761904761906,0.2742632235768455,0.0022485339460258658
unsw,unsw,17,True,logistic,temporal+tcp,0,cap,0.1,10417,1285,1040,17,8,8,1,14,3,9377,0.0009597952436813479,0.09983680522223289,
unsw,unsw,17,True,logistic,temporal+tcp,0,random,0.1,10417,1285,1040,17,3,11,3,14,3,9377,0.0014930148235043192,0.09983680522223289,
unsw,unsw,17,True,logistic,random10,0,forced,0.0,10417,1285,0,185,0,115,70,115,70,10417,0.017759431698185658,0.0,
unsw,unsw,17,True,logistic,random10,0,frozen,0.01,10417,1285,320,185,90,48,47,115,70,10097,0.009408735267901357,0.030719016991456273,0.11233513088859981
unsw,unsw,17,True,logistic,random10,0,cap,0.01,10417,1285,101,185,38,86,61,115,70,10316,0.014249709189608375,0.009695689737928385,
unsw,unsw,17,True,logistic,random10,0,random,0.01,10417,1285,101,185,0,115,70,115,70,10316,0.017933307483520743,0.009695689737928385,
unsw,unsw,17,True,logistic,random10,0,frozen,0.05,10417,1285,1265,185,122,26,37,115,70,9152,0.006883741258741259,0.12143611404435058,0.0056054316569625895
unsw,unsw,17,True,logistic,random10,0,cap,0.05,10417,1285,518,185,105,37,43,115,70,9899,0.008081624406505708,0.04972640875491984,
unsw,unsw,17,True,logistic,random10,0,random,0.05,10417,1285,518,185,11,107,67,115,70,9899,0.017577533084149916,0.04972640875491984,
unsw,unsw,17,True,logistic,random10,0,frozen,0.1,10417,1285,1869,185,130,24,31,115,70,8548,0.006434253626579317,0.1794182586157243,0.0022485339460258658
unsw,unsw,17,True,logistic,random10,0,cap,0.1,10417,1285,1040,185,120,27,38,115,70,9377,0.006931854537698625,0.09983680522223289,
unsw,unsw,17,True,logistic,random10,0,random,0.1,10417,1285,1040,185,19,105,61,115,70,9377,0.01770289005012264,0.09983680522223289,
unsw,ton,17,True,logistic,clean,0,forced,0.0,9367,7534,0,7529,0,7497,32,7497,32,9367,0.8037792249386143,0.0,
unsw,ton,17,True,logistic,clean,0,frozen,0.01,9367,7534,93,7529,34,7476,19,7497,32,9274,0.8081733879663575,0.00992847229635956,0.11233513088859981
unsw,ton,17,True,logistic,clean,0,cap,0.01,9367,7534,78,7529,29,7471,29,7497,32,9289,0.8074066099687803,0.008327105796946729,
unsw,ton,17,True,logistic,clean,0,random,0.01,9367,7534,78,7529,69,7428,32,7497,32,9289,0.8031004413822801,0.008327105796946729,
unsw,ton,17,True,logistic,clean,0,frozen,0.05,9367,7534,507,7529,274,7240,15,7497,32,8860,0.8188487584650113,0.05412618768015373,0.0056054316569625895
unsw,ton,17,True,logistic,clean,0,cap,0.05,9367,7534,454,7529,275,7231,23,7497,32,8913,0.8138673847189498,0.04846802604889506,
unsw,ton,17,True,logistic,clean,0,random,0.05,9367,7534,454,7529,374,7125,30,7497,32,8913,0.8027600134634804,0.04846802604889506,
unsw,ton,17,True,logistic,clean,0,frozen,0.1,9367,7534,549,7529,287,7228,14,7497,32,8818,0.8212746654570198,0.05861001387850966,0.0022485339460258658
unsw,ton,17,True,logistic,clean,0,cap,0.1,9367,7534,921,7529,659,6853,17,7497,32,8446,0.813402794222117,0.0983239030639479,
unsw,ton,17,True,logistic,clean,0,random,0.1,9367,7534,921,7529,743,6757,29,7497,32,8446,0.8034572578735496,0.0983239030639479,
unsw,ton,17,True,logistic,temporal,0,forced,0.0,9367,7534,0,7519,0,7489,30,7489,30,9367,0.802711647272339,0.0,
unsw,ton,17,True,logistic,temporal,0,frozen,0.01,9367,7534,85,7519,28,7473,18,7489,30,9282,0.8070458952811894,0.009074410163339383,0.11233513088859981
unsw,ton,17,True,logistic,temporal,0,cap,0.01,9367,7534,78,7519,18,7473,28,7489,30,9289,0.8075142641834427,0.008327105796946729,
unsw,ton,17,True,logistic,temporal,0,random,0.01,9367,7534,78,7519,69,7420,30,7489,30,9289,0.8020238992356551,0.008327105796946729,
unsw,ton,17,True,logistic,temporal,0,frozen,0.05,9367,7534,306,7519,48,7456,15,7489,30,9061,0.8245226796159364,0.032667876588021776,0.0056054316569625895
unsw,ton,17,True,logistic,temporal,0,cap,0.05,9367,7534,454,7519,249,7250,20,7489,30,8913,0.8156625154269045,0.04846802604889506,
unsw,ton,17,True,logistic,temporal,0,random,0.05,9367,7534,454,7519,374,7117,28,7489,30,8913,0.8016380567710086,0.04846802604889506,
unsw,ton,17,True,logistic,temporal,0,frozen,0.1,9367,7534,354,7519,53,7451,15,7489,30,9013,0.8283590369466326,0.03779224938614284,0.0022485339460258658
unsw,ton,17,True,logistic,temporal,0,cap,0.1,9367,7534,921,7519,601,6902,16,7489,30,8446,0.8190859578498697,0.0983239030639479,
unsw,ton,17,True,logistic,temporal,0,random,0.1,9367,7534,921,7519,744,6748,27,7489,30,8446,0.8021548662088562,0.0983239030639479,
unsw,ton,17,True,logistic,size,0,forced,0.0,9367,7534,0,7557,0,7484,73,7484,73,9367,0.8067684424041849,0.0,
unsw,ton,17,True,logistic,size,0,frozen,0.01,9367,7534,189,7557,42,7479,36,7484,73,9178,0.818805840052299,0.020177217892601688,0.11233513088859981
unsw,ton,17,True,logistic,size,0,cap,0.01,9367,7534,78,7557,9,7479,69,7484,73,9289,0.8125740122725805,0.008327105796946729,
unsw,ton,17,True,logistic,size,0,random,0.01,9367,7534,78,7557,68,7416,73,7484,73,9289,0.8062224136074927,0.008327105796946729,
unsw,ton,17,True,logistic,size,0,frozen,0.05,9367,7534,440,7557,73,7470,14,7484,73,8927,0.8383555505769016,0.046973417316109746,0.0056054316569625895
unsw,ton,17,True,logistic,size,0,cap,0.05,9367,7534,454,7557,261,7240,56,7484,73,8913,0.8185796028273309,0.04846802604889506,
unsw,ton,17,True,logistic,size,0,random,0.05,9367,7534,454,7557,376,7113,68,7484,73,8913,0.8056771008639066,0.04846802604889506,
unsw,ton,17,True,logistic,size,0,frozen,0.1,9367,7534,647,7557,125,7419,13,7484,73,8720,0.8522935779816514,0.06907227500800683,0.0022485339460258658
unsw,ton,17,True,logistic,size,0,cap,0.1,9367,7534,921,7557,644,6870,43,7484,73,8446,0.8184939616386455,0.0983239030639479,
unsw,ton,17,True,logistic,size,0,random,0.1,9367,7534,921,7557,748,6745,64,7484,73,8446,0.8061804404451811,0.0983239030639479,
unsw,ton,17,True,logistic,tcp,0,forced,0.0,9367,7534,0,7290,0,7229,61,7229,61,9367,0.7782641187146365,0.0,
unsw,ton,17,True,logistic,tcp,0,frozen,0.01,9367,7534,108,7290,64,7205,21,7229,61,9259,0.780429852035857,0.011529838795772393,0.11233513088859981
unsw,ton,17,True,logistic,tcp,0,cap,0.01,9367,7534,78,7290,35,7205,50,7229,61,9289,0.7810313273764667,0.008327105796946729,
unsw,ton,17,True,logistic,tcp,0,random,0.01,9367,7534,78,7290,69,7160,61,7229,61,9289,0.7773710840779416,0.008327105796946729,
unsw,ton,17,True,logistic,tcp,0,frozen,0.05,9367,7534,343,7290,97,7177,16,7229,61,9024,0.7970966312056738,0.0366179139532401,0.0056054316569625895
unsw,ton,17,True,logistic,tcp,0,cap,0.05,9367,7534,454,7290,304,6958,28,7229,61,8913,0.783798945360709,0.04846802604889506,
unsw,ton,17,True,logistic,tcp,0,random,0.05,9367,7534,454,7290,359,6872,59,7229,61,8913,0.7776281835521149,0.04846802604889506,
unsw,ton,17,True,logistic,tcp,0,frozen,0.1,9367,7534,376,7290,102,7174,14,7229,61,8991,0.7994661327994661,0.04014092025194833,0.0022485339460258658
unsw,ton,17,True,logistic,tcp,0,cap,0.1,9367,7534,921,7290,680,6592,18,7229,61,8446,0.782618991238456,0.0983239030639479,
unsw,ton,17,True,logistic,tcp,0,random,0.1,9367,7534,921,7290,720,6515,55,7229,61,8446,0.7778830215486621,0.0983239030639479,
unsw,ton,17,True,logistic,temporal+tcp,0,forced,0.0,9367,7534,0,7253,0,7208,45,7208,45,9367,0.7743140813494181,0.0,
unsw,ton,17,True,logistic,temporal+tcp,0,frozen,0.01,9367,7534,123,7253,45,7190,18,7208,45,9244,0.7797490263954998,0.013131205295185225,0.11233513088859981
unsw,ton,17,True,logistic,temporal+tcp,0,cap,0.01,9367,7534,78,7253,32,7192,29,7208,45,9289,0.7773710840779416,0.008327105796946729,
unsw,ton,17,True,logistic,temporal+tcp,0,random,0.01,9367,7534,78,7253,69,7139,45,7208,45,9289,0.773387878135429,0.008327105796946729,
unsw,ton,17,True,logistic,temporal+tcp,0,frozen,0.05,9367,7534,224,7253,49,7188,16,7208,45,9143,0.787925188668927,0.023913739724564963,0.0056054316569625895
unsw,ton,17,True,logistic,temporal+tcp,0,cap,0.05,9367,7534,454,7253,221,7011,21,7208,45,8913,0.7889599461460788,0.04846802604889506,
unsw,ton,17,True,logistic,temporal+tcp,0,random,0.05,9367,7534,454,7253,359,6851,43,7208,45,8913,0.7734769437899697,0.04846802604889506,
unsw,ton,17,True,logistic,temporal+tcp,0,frozen,0.1,9367,7534,290,7253,50,7187,16,7208,45,9077,0.7935441225074363,0.030959752321981424,0.0022485339460258658
unsw,ton,17,True,logistic,temporal+tcp,0,cap,0.1,9367,7534,921,7253,589,6646,18,7208,45,8446,0.789012550319678,0.0983239030639479,
unsw,ton,17,True,logistic,temporal+tcp,0,random,0.1,9367,7534,921,7253,719,6493,41,7208,45,8446,0.7736206488278475,0.0983239030639479,
unsw,ton,17,True,logistic,random10,0,forced,0.0,9367,7534,0,7112,0,6944,168,6944,168,9367,0.7592612362549376,0.0,
unsw,ton,17,True,logistic,random10,0,frozen,0.01,9367,7534,308,7112,141,6836,135,6944,168,9059,0.7695109835522684,0.032881392121276824,0.11233513088859981
unsw,ton,17,True,logistic,random10,0,cap,0.01,9367,7534,78,7112,35,6910,167,6944,168,9289,0.7618688771665411,0.008327105796946729,
unsw,ton,17,True,logistic,random10,0,random,0.01,9367,7534,78,7112,63,6881,168,6944,168,9289,0.758854559155991,0.008327105796946729,
unsw,ton,17,True,logistic,random10,0,frozen,0.05,9367,7534,776,7112,385,6623,104,6944,168,8591,0.7830287510185078,0.0828440269029572,0.0056054316569625895
unsw,ton,17,True,logistic,random10,0,cap,0.05,9367,7534,454,7112,224,6747,141,6944,168,8913,0.7728037697744867,0.04846802604889506,
unsw,ton,17,True,logistic,random10,0,random,0.05,9367,7534,454,7112,346,6602,164,6944,168,8913,0.7591158981263323,0.04846802604889506,
unsw,ton,17,True,logistic,random10,0,frozen,0.1,9367,7534,951,7112,469,6544,99,6944,168,8416,0.7893298479087453,0.10152663606277357,0.0022485339460258658
unsw,ton,17,True,logistic,random10,0,cap,0.1,9367,7534,921,7112,474,6519,119,6944,168,8446,0.7859341700213118,0.0983239030639479,
unsw,ton,17,True,logistic,random10,0,random,0.1,9367,7534,921,7112,698,6258,156,6944,168,8446,0.7594127397584656,0.0983239030639479,
unsw,cic,17,True,logistic,clean,0,forced,0.0,12192,306,0,2907,0,247,2660,247,2660,12192,0.23843503937007873,0.0,
unsw,cic,17,True,logistic,clean,0,frozen,0.01,12192,306,359,2907,141,242,2524,247,2660,11833,0.2337530634665765,0.029445538057742783,0.11233513088859981
unsw,cic,17,True,logistic,clean,0,cap,0.01,12192,306,110,2907,46,246,2615,247,2660,12082,0.23679854328753516,0.00902230971128609,
unsw,cic,17,True,logistic,clean,0,random,0.01,12192,306,110,2907,23,244,2640,247,2660,12082,0.23870220162224798,0.00902230971128609,
unsw,cic,17,True,logistic,clean,0,frozen,0.05,12192,306,1540,2907,299,220,2388,247,2660,10652,0.24483665039429214,0.12631233595800526,0.0056054316569625895
unsw,cic,17,True,logistic,clean,0,cap,0.05,12192,306,599,2907,171,238,2498,247,2660,11593,0.23600448546536704,0.04913057742782152,
unsw,cic,17,True,logistic,clean,0,random,0.05,12192,306,599,2907,146,232,2529,247,2660,11593,0.23816095919951694,0.04913057742782152,
unsw,cic,17,True,logistic,clean,0,frozen,0.1,12192,306,1925,2907,377,218,2312,247,2660,10267,0.2464205707606896,0.15789041994750655,0.0022485339460258658
unsw,cic,17,True,logistic,clean,0,cap,0.1,12192,306,1210,2907,256,226,2425,247,2660,10982,0.24139501001639047,0.09924540682414698,
unsw,cic,17,True,logistic,clean,0,random,0.1,12192,306,1210,2907,287,225,2395,247,2660,10982,0.23857220906938628,0.09924540682414698,
unsw,cic,17,True,logistic,temporal,0,forced,0.0,12192,306,0,3259,0,249,3010,249,3010,12192,0.26730643044619423,0.0,
unsw,cic,17,True,logistic,temporal,0,frozen,0.01,12192,306,372,3259,201,246,2812,249,3010,11820,0.25871404399323183,0.03051181102362205,0.11233513088859981
unsw,cic,17,True,logistic,temporal,0,cap,0.01,12192,306,110,3259,68,248,2943,249,3010,12082,0.2641119020029796,0.00902230971128609,
unsw,cic,17,True,logistic,temporal,0,random,0.01,12192,306,110,3259,29,246,2984,249,3010,12082,0.26733984439662306,0.00902230971128609,
unsw,cic,17,True,logistic,temporal,0,frozen,0.05,12192,306,938,3259,508,239,2512,249,3010,11254,0.2444464190510041,0.07693569553805775,0.0056054316569625895
unsw,cic,17,True,logistic,temporal,0,cap,0.05,12192,306,599,3259,318,242,2699,249,3010,11593,0.2536875700853964,0.04913057742782152,
unsw,cic,17,True,logistic,temporal,0,random,0.05,12192,306,599,3259,155,234,2870,249,3010,11593,0.2677477788320538,0.04913057742782152,
unsw,cic,17,True,logistic,temporal,0,frozen,0.1,12192,306,1755,3259,946,235,2078,249,3010,10437,0.22161540672607072,0.14394685039370078,0.0022485339460258658
unsw,cic,17,True,logistic,temporal,0,cap,0.1,12192,306,1210,3259,674,239,2346,249,3010,10982,0.23538517574212348,0.09924540682414698,
unsw,cic,17,True,logistic,temporal,0,random,0.1,12192,306,1210,3259,311,226,2722,249,3010,10982,0.2684392642505919,0.09924540682414698,
unsw,cic,17,True,logistic,size,0,forced,0.0,12192,306,0,3286,0,236,3050,236,3050,12192,0.2695209973753281,0.0,
unsw,cic,17,True,logistic,size,0,frozen,0.01,12192,306,1303,3286,584,228,2474,236,3050,10889,0.24814032509872347,0.1068733595800525,0.11233513088859981
unsw,cic,17,True,logistic,size,0,cap,0.01,12192,306,110,3286,50,236,3000,236,3050,12082,0.26783645091872205,0.00902230971128609,
unsw,cic,17,True,logistic,size,0,random,0.01,12192,306,110,3286,27,233,3026,236,3050,12082,0.26974010925343483,0.00902230971128609,
unsw,cic,17,True,logistic,size,0,frozen,0.05,12192,306,2422,3286,888,135,2263,236,3050,9770,0.24544524053224157,0.1986548556430446,0.0056054316569625895
unsw,cic,17,True,logistic,size,0,cap,0.05,12192,306,599,3286,348,234,2704,236,3050,11593,0.2534287932372984,0.04913057742782152,
unsw,cic,17,True,logistic,size,0,random,0.05,12192,306,599,3286,168,222,2896,236,3050,11593,0.26895540412317775,0.04913057742782152,
unsw,cic,17,True,logistic,size,0,frozen,0.1,12192,306,2813,3286,1008,122,2156,236,3050,9379,0.24288303657106303,0.2307250656167979,0.0022485339460258658
unsw,cic,17,True,logistic,size,0,cap,0.1,12192,306,1210,3286,578,229,2479,236,3050,10982,0.24658532143507558,0.09924540682414698,
unsw,cic,17,True,logistic,size,0,random,0.1,12192,306,1210,3286,340,214,2732,236,3050,10982,0.2682571480604626,0.09924540682414698,
unsw,cic,17,True,logistic,tcp,0,forced,0.0,12192,306,0,2905,0,246,2659,246,2659,12192,0.2382709973753281,0.0,
unsw,cic,17,True,logistic,tcp,0,frozen,0.01,12192,306,486,2905,142,240,2523,246,2659,11706,0.23603280369041518,0.03986220472440945,0.11233513088859981
unsw,cic,17,True,logistic,tcp,0,cap,0.01,12192,306,110,2905,49,244,2612,246,2659,12082,0.23638470451911936,0.00902230971128609,
unsw,cic,17,True,logistic,tcp,0,random,0.01,12192,306,110,2905,22,243,2640,246,2659,12082,0.2386194338685648,0.00902230971128609,
unsw,cic,17,True,logistic,tcp,0,frozen,0.05,12192,306,2078,2905,335,213,2357,246,2659,10114,0.2541032232548942,0.17043963254593175,0.0056054316569625895
unsw,cic,17,True,logistic,tcp,0,cap,0.05,12192,306,599,2905,163,239,2503,246,2659,11593,0.236522039161563,0.04913057742782152,
unsw,cic,17,True,logistic,tcp,0,random,0.05,12192,306,599,2905,143,231,2531,246,2659,11593,0.23824721814888294,0.04913057742782152,
unsw,cic,17,True,logistic,tcp,0,frozen,0.1,12192,306,2447,2905,392,206,2307,246,2659,9745,0.257875833760903,0.20070538057742782,0.0022485339460258658
unsw,cic,17,True,logistic,tcp,0,cap,0.1,12192,306,1210,2905,229,231,2445,246,2659,10982,0.24367146239300674,0.09924540682414698,
unsw,cic,17,True,logistic,tcp,0,random,0.1,12192,306,1210,2905,284,223,2398,246,2659,10982,0.2386632671644509,0.09924540682414698,
unsw,cic,17,True,logistic,temporal+tcp,0,forced,0.0,12192,306,0,3351,0,247,3104,247,3104,12192,0.2748523622047244,0.0,
unsw,cic,17,True,logistic,temporal+tcp,0,frozen,0.01,12192,306,249,3351,103,242,3006,247,3104,11943,0.2719584693962991,0.02042322834645669,0.11233513088859981
unsw,cic,17,True,logistic,temporal+tcp,0,cap,0.01,12192,306,110,3351,50,243,3058,247,3104,12082,0.2732163549081278,0.00902230971128609,
unsw,cic,17,True,logistic,temporal+tcp,0,random,0.01,12192,306,110,3351,29,244,3078,247,3104,12082,0.27495447773547427,0.00902230971128609,
unsw,cic,17,True,logistic,temporal+tcp,0,frozen,0.05,12192,306,1183,3351,542,227,2582,247,3104,11009,0.2551548732854937,0.09703083989501313,0.0056054316569625895
unsw,cic,17,True,logistic,temporal+tcp,0,cap,0.05,12192,306,599,3351,277,234,2840,247,3104,11593,0.26516001035107395,0.04913057742782152,
unsw,cic,17,True,logistic,temporal+tcp,0,random,0.05,12192,306,599,3351,158,232,2961,247,3104,11593,0.2754248253256275,0.04913057742782152,
unsw,cic,17,True,logistic,temporal+tcp,0,frozen,0.1,12192,306,2649,3351,1031,219,2101,247,3104,9543,0.2431101330818401,0.2172736220472441,0.0022485339460258658
unsw,cic,17,True,logistic,temporal+tcp,0,cap,0.1,12192,306,1210,3351,577,225,2549,247,3104,10982,0.25259515570934254,0.09924540682414698,
unsw,cic,17,True,logistic,temporal+tcp,0,random,0.1,12192,306,1210,3351,321,224,2806,247,3104,10982,0.27590602804589326,0.09924540682414698,
unsw,cic,17,True,logistic,random10,0,forced,0.0,12192,306,0,3338,0,239,3099,239,3099,12192,0.2737860892388451,0.0,
unsw,cic,17,True,logistic,random10,0,frozen,0.01,12192,306,922,3338,422,227,2689,239,3099,11270,0.2587400177462289,0.0756233595800525,0.11233513088859981
unsw,cic,17,True,logistic,random10,0,cap,0.01,12192,306,110,3338,54,237,3047,239,3099,12082,0.271809303095514,0.00902230971128609,
unsw,cic,17,True,logistic,random10,0,random,0.01,12192,306,110,3338,24,236,3078,239,3099,12082,0.2742923357060089,0.00902230971128609,
unsw,cic,17,True,logistic,random10,0,frozen,0.05,12192,306,2104,3338,871,209,2258,239,3099,10088,0.24454797779540047,0.1725721784776903,0.0056054316569625895
unsw,cic,17,True,logistic,random10,0,cap,0.05,12192,306,599,3338,282,231,2825,239,3099,11593,0.26360734926248597,0.04913057742782152,
unsw,cic,17,True,logistic,random10,0,random,0.05,12192,306,599,3338,173,225,2940,239,3099,11593,0.2730095747433796,0.04913057742782152,
unsw,cic,17,True,logistic,random10,0,frozen,0.1,12192,306,2465,3338,1016,200,2122,239,3099,9727,0.23871697337308523,0.20218175853018372,0.0022485339460258658
unsw,cic,17,True,logistic,random10,0,cap,0.1,12192,306,1210,3338,530,225,2583,239,3099,10982,0.2556911309415407,0.09924540682414698,
unsw,cic,17,True,logistic,random10,0,random,0.1,12192,306,1210,3338,334,217,2787,239,3099,10982,0.2735385175742123,0.09924540682414698,
unsw,unsw,17,True,forest,clean,0,forced,0.0,10417,1285,0,3,0,0,3,0,3,10417,0.0002879907842949026,0.0,
unsw,unsw,17,True,forest,clean,0,frozen,0.01,10417,1285,103,3,3,0,0,0,3,10314,0.0,0.009887683594124988,0.058068986568986736
unsw,unsw,17,True,forest,clean,0,cap,0.01,10417,1285,101,3,2,0,1,0,3,10316,9.693679720822024e-05,0.009695689737928385,
unsw,unsw,17,True,forest,clean,0,random,0.01,10417,1285,101,3,0,0,3,0,3,10316,0.0002908103916246607,0.009695689737928385,
unsw,unsw,17,True,forest,clean,0,frozen,0.05,10417,1285,480,3,3,0,0,0,3,9937,0.0,0.04607852548718441,0.009047619047618971
unsw,unsw,17,True,forest,clean,0,cap,0.05,10417,1285,518,3,3,0,0,0,3,9899,0.0,0.04972640875491984,
unsw,unsw,17,True,forest,clean,0,random,0.05,10417,1285,518,3,0,0,3,0,3,9899,0.000303060915243964,0.04972640875491984,
unsw,unsw,17,True,forest,clean,0,frozen,0.1,10417,1285,834,3,3,0,0,0,3,9583,0.0,0.08006143803398291,0.0
unsw,unsw,17,True,forest,clean,0,cap,0.1,10417,1285,1040,3,3,0,0,0,3,9377,0.0,0.09983680522223289,
unsw,unsw,17,True,forest,clean,0,random,0.1,10417,1285,1040,3,0,0,3,0,3,9377,0.0003199317478937827,0.09983680522223289,
unsw,unsw,17,True,forest,temporal,0,forced,0.0,10417,1285,0,5,0,0,5,0,5,10417,0.00047998464049150427,0.0,
unsw,unsw,17,True,forest,temporal,0,frozen,0.01,10417,1285,178,5,5,0,0,0,5,10239,0.0,0.017087453201497554,0.058068986568986736
unsw,unsw,17,True,forest,temporal,0,cap,0.01,10417,1285,101,5,5,0,0,0,5,10316,0.0,0.009695689737928385,
unsw,unsw,17,True,forest,temporal,0,random,0.01,10417,1285,101,5,0,0,5,0,5,10316,0.0004846839860411012,0.009695689737928385,
unsw,unsw,17,True,forest,temporal,0,frozen,0.05,10417,1285,648,5,5,0,0,0,5,9769,0.0,0.06220600940769895,0.009047619047618971
unsw,unsw,17,True,forest,temporal,0,cap,0.05,10417,1285,518,5,5,0,0,0,5,9899,0.0,0.04972640875491984,
unsw,unsw,17,True,forest,temporal,0,random,0.05,10417,1285,518,5,0,0,5,0,5,9899,0.0005051015254066068,0.04972640875491984,
unsw,unsw,17,True,forest,temporal,0,frozen,0.1,10417,1285,1293,5,5,0,0,0,5,9124,0.0,0.124124028031103,0.0
unsw,unsw,17,True,forest,temporal,0,cap,0.1,10417,1285,1040,5,5,0,0,0,5,9377,0.0,0.09983680522223289,
unsw,unsw,17,True,forest,temporal,0,random,0.1,10417,1285,1040,5,0,0,5,0,5,9377,0.0005332195798229711,0.09983680522223289,
unsw,unsw,17,True,forest,size,0,forced,0.0,10417,1285,0,5,0,0,5,0,5,10417,0.00047998464049150427,0.0,
unsw,unsw,17,True,forest,size,0,frozen,0.01,10417,1285,1153,5,5,0,0,0,5,9264,0.0,0.11068445809734088,0.058068986568986736
unsw,unsw,17,True,forest,size,0,cap,0.01,10417,1285,101,5,4,0,1,0,5,10316,9.693679720822024e-05,0.009695689737928385,
unsw,unsw,17,True,forest,size,0,random,0.01,10417,1285,101,5,0,0,5,0,5,10316,0.0004846839860411012,0.009695689737928385,
unsw,unsw,17,True,forest,size,0,frozen,0.05,10417,1285,1907,5,5,0,0,0,5,8510,0.0,0.18306614188345974,0.009047619047618971
unsw,unsw,17,True,forest,size,0,cap,0.05,10417,1285,518,5,5,0,0,0,5,9899,0.0,0.04972640875491984,
unsw,unsw,17,True,forest,size,0,random,0.05,10417,1285,518,5,0,0,5,0,5,9899,0.0005051015254066068,0.04972640875491984,
unsw,unsw,17,True,forest,size,0,frozen,0.1,10417,1285,10417,5,5,0,0,0,5,0,,1.0,0.0
unsw,unsw,17,True,forest,size,0,cap,0.1,10417,1285,1040,5,5,0,0,0,5,9377,0.0,0.09983680522223289,
unsw,unsw,17,True,forest,size,0,random,0.1,10417,1285,1040,5,0,0,5,0,5,9377,0.0005332195798229711,0.09983680522223289,
unsw,unsw,17,True,forest,tcp,0,forced,0.0,10417,1285,0,10,0,5,5,5,5,10417,0.0009599692809830085,0.0,
unsw,unsw,17,True,forest,tcp,0,frozen,0.01,10417,1285,194,10,10,0,0,5,5,10223,0.0,0.018623404051070366,0.058068986568986736
unsw,unsw,17,True,forest,tcp,0,cap,0.01,10417,1285,101,10,9,0,1,5,5,10316,9.693679720822024e-05,0.009695689737928385,
unsw,unsw,17,True,forest,tcp,0,random,0.01,10417,1285,101,10,0,5,5,5,5,10316,0.0009693679720822024,0.009695689737928385,
unsw,unsw,17,True,forest,tcp,0,frozen,0.05,10417,1285,797,10,10,0,0,5,5,9620,0.0,0.07650955169434578,0.009047619047618971
unsw,unsw,17,True,forest,tcp,0,cap,0.05,10417,1285,518,10,10,0,0,5,5,9899,0.0,0.04972640875491984,
unsw,unsw,17,True,forest,tcp,0,random,0.05,10417,1285,518,10,0,5,5,5,5,9899,0.0010102030508132135,0.04972640875491984,
unsw,unsw,17,True,forest,tcp,0,frozen,0.1,10417,1285,1309,10,10,0,0,5,5,9108,0.0,0.12565997888067582,0.0
unsw,unsw,17,True,forest,tcp,0,cap,0.1,10417,1285,1040,10,10,0,0,5,5,9377,0.0,0.09983680522223289,
unsw,unsw,17,True,forest,tcp,0,random,0.1,10417,1285,1040,10,0,5,5,5,5,9377,0.0010664391596459423,0.09983680522223289,
unsw,unsw,17,True,forest,temporal+tcp,0,forced,0.0,10417,1285,0,5,0,0,5,0,5,10417,0.00047998464049150427,0.0,
unsw,unsw,17,True,forest,temporal+tcp,0,frozen,0.01,10417,1285,508,5,5,0,0,0,5,9909,0.0,0.048766439473936836,0.058068986568986736
unsw,unsw,17,True,forest,temporal+tcp,0,cap,0.01,10417,1285,101,5,4,0,1,0,5,10316,9.693679720822024e-05,0.009695689737928385,
unsw,unsw,17,True,forest,temporal+tcp,0,random,0.01,10417,1285,101,5,0,0,5,0,5,10316,0.0004846839860411012,0.009695689737928385,
unsw,unsw,17,True,forest,temporal+tcp,0,frozen,0.05,10417,1285,1611,5,5,0,0,0,5,8806,0.0,0.15465105116636269,0.009047619047618971
unsw,unsw,17,True,forest,temporal+tcp,0,cap,0.05,10417,1285,518,5,5,0,0,0,5,9899,0.0,0.04972640875491984,
unsw,unsw,17,True,forest,temporal+tcp,0,random,0.05,10417,1285,518,5,0,0,5,0,5,9899,0.0005051015254066068,0.04972640875491984,
unsw,unsw,17,True,forest,temporal+tcp,0,frozen,0.1,10417,1285,1962,5,5,0,0,0,5,8455,0.0,0.1883459729288663,0.0
unsw,unsw,17,True,forest,temporal+tcp,0,cap,0.1,10417,1285,1040,5,5,0,0,0,5,9377,0.0,0.09983680522223289,
unsw,unsw,17,True,forest,temporal+tcp,0,random,0.1,10417,1285,1040,5,0,0,5,0,5,9377,0.0005332195798229711,0.09983680522223289,
unsw,unsw,17,True,forest,random10,0,forced,0.0,10417,1285,0,39,0,36,3,36,3,10417,0.003743880195833733,0.0,
unsw,unsw,17,True,forest,random10,0,frozen,0.01,10417,1285,696,39,39,0,0,36,3,9721,0.0,0.06681386195641739,0.058068986568986736
unsw,unsw,17,True,forest,random10,0,cap,0.01,10417,1285,101,39,29,7,3,36,3,10316,0.0009693679720822024,0.009695689737928385,
unsw,unsw,17,True,forest,random10,0,random,0.01,10417,1285,101,39,0,36,3,36,3,10316,0.003780535091120589,0.009695689737928385,
unsw,unsw,17,True,forest,random10,0,frozen,0.05,10417,1285,1715,39,39,0,0,36,3,8702,0.0,0.16463473168858597,0.009047619047618971
unsw,unsw,17,True,forest,random10,0,cap,0.05,10417,1285,518,39,39,0,0,36,3,9899,0.0,0.04972640875491984,
unsw,unsw,17,True,forest,random10,0,random,0.05,10417,1285,518,39,0,36,3,36,3,9899,0.003939791898171533,0.04972640875491984,
unsw,unsw,17,True,forest,random10,0,frozen,0.1,10417,1285,3813,39,39,0,0,36,3,6604,0.0,0.36603628683882117,0.0
unsw,unsw,17,True,forest,random10,0,cap,0.1,10417,1285,1040,39,39,0,0,36,3,9377,0.0,0.09983680522223289,
unsw,unsw,17,True,forest,random10,0,random,0.1,10417,1285,1040,39,2,34,3,36,3,9377,0.003945824890689986,0.09983680522223289,
unsw,ton,17,True,forest,clean,0,forced,0.0,9367,7534,0,5010,0,3716,1294,3716,1294,9367,0.534856410803886,0.0,
unsw,ton,17,True,forest,clean,0,frozen,0.01,9367,7534,9366,5010,5009,1,0,3716,1294,1,1.0,0.9998932422333725,0.058068986568986736
unsw,ton,17,True,forest,clean,0,cap,0.01,9367,7534,78,5010,7,3714,1289,3716,1294,9289,0.5385940359565077,0.008327105796946729,
unsw,ton,17,True,forest,clean,0,random,0.01,9367,7534,78,5010,40,3684,1286,3716,1294,9289,0.5350414468726451,0.008327105796946729,
unsw,ton,17,True,forest,clean,0,frozen,0.05,9367,7534,9367,5010,5010,0,0,3716,1294,0,,1.0,0.009047619047618971
unsw,ton,17,True,forest,clean,0,cap,0.05,9367,7534,454,5010,201,3565,1244,3716,1294,8913,0.5395489734096264,0.04846802604889506,
unsw,ton,17,True,forest,clean,0,random,0.05,9367,7534,454,5010,236,3536,1238,3716,1294,8913,0.5356221249859755,0.04846802604889506,
unsw,ton,17,True,forest,clean,0,frozen,0.1,9367,7534,9367,5010,5010,0,0,3716,1294,0,,1.0,0.0
unsw,ton,17,True,forest,clean,0,cap,0.1,9367,7534,921,5010,488,3344,1178,3716,1294,8446,0.5354013734312101,0.0983239030639479,
unsw,ton,17,True,forest,clean,0,random,0.1,9367,7534,921,5010,491,3349,1170,3716,1294,8446,0.5350461757044755,0.0983239030639479,
unsw,ton,17,True,forest,temporal,0,forced,0.0,9367,7534,0,3734,0,2371,1363,2371,1363,9367,0.39863350058716773,0.0,
unsw,ton,17,True,forest,temporal,0,frozen,0.01,9367,7534,9366,3734,3733,1,0,2371,1363,1,1.0,0.9998932422333725,0.058068986568986736
unsw,ton,17,True,forest,temporal,0,cap,0.01,9367,7534,78,3734,19,2355,1360,2371,1363,9289,0.3999354074712025,0.008327105796946729,
unsw,ton,17,True,forest,temporal,0,random,0.01,9367,7534,78,3734,29,2350,1355,2371,1363,9289,0.3988588653245775,0.008327105796946729,
unsw,ton,17,True,forest,temporal,0,frozen,0.05,9367,7534,9367,3734,3734,0,0,2371,1363,0,,1.0,0.009047619047618971
unsw,ton,17,True,forest,temporal,0,cap,0.05,9367,7534,454,3734,210,2200,1324,2371,1363,8913,0.39537753842701673,0.04846802604889506,
unsw,ton,17,True,forest,temporal,0,random,0.05,9367,7534,454,3734,172,2259,1303,2371,1363,8913,0.3996409738584091,0.04846802604889506,
unsw,ton,17,True,forest,temporal,0,frozen,0.1,9367,7534,9367,3734,3734,0,0,2371,1363,0,,1.0,0.0
unsw,ton,17,True,forest,temporal,0,cap,0.1,9367,7534,921,3734,349,2129,1256,2371,1363,8446,0.400781434998816,0.0983239030639479,
unsw,ton,17,True,forest,temporal,0,random,0.1,9367,7534,921,3734,366,2137,1231,2371,1363,8446,0.3987686478806536,0.0983239030639479,
unsw,ton,17,True,forest,size,0,forced,0.0,9367,7534,0,3100,0,1692,1408,1692,1408,9367,0.3309490765453187,0.0,
unsw,ton,17,True,forest,size,0,frozen,0.01,9367,7534,9360,3100,3097,3,0,1692,1408,7,0.42857142857142855,0.9992526956336073,0.058068986568986736
unsw,ton,17,True,forest,size,0,cap,0.01,9367,7534,78,3100,52,1692,1356,1692,1408,9289,0.3281300462913123,0.008327105796946729,
unsw,ton,17,True,forest,size,0,random,0.01,9367,7534,78,3100,24,1676,1400,1692,1408,9289,0.3311443643018624,0.008327105796946729,
unsw,ton,17,True,forest,size,0,frozen,0.05,9367,7534,9367,3100,3100,0,0,1692,1408,0,,1.0,0.009047619047618971
unsw,ton,17,True,forest,size,0,cap,0.05,9367,7534,454,3100,169,1692,1239,1692,1408,8913,0.32884550656344663,0.04846802604889506,
unsw,ton,17,True,forest,size,0,random,0.05,9367,7534,454,3100,147,1608,1345,1692,1408,8913,0.3313138112868843,0.04846802604889506,
unsw,ton,17,True,forest,size,0,frozen,0.1,9367,7534,9367,3100,3100,0,0,1692,1408,0,,1.0,0.0
unsw,ton,17,True,forest,size,0,cap,0.1,9367,7534,921,3100,251,1692,1157,1692,1408,8446,0.3373194411555766,0.0983239030639479,
unsw,ton,17,True,forest,size,0,random,0.1,9367,7534,921,3100,303,1528,1269,1692,1408,8446,0.3311626805588444,0.0983239030639479,
unsw,ton,17,True,forest,tcp,0,forced,0.0,9367,7534,0,4910,0,3648,1262,3648,1262,9367,0.5241806341411338,0.0,
unsw,ton,17,True,forest,tcp,0,frozen,0.01,9367,7534,9363,4910,4909,1,0,3648,1262,4,0.25,0.9995729689334899,0.058068986568986736
unsw,ton,17,True,forest,tcp,0,cap,0.01,9367,7534,78,4910,37,3617,1256,3648,1262,9289,0.5245989880503822,0.008327105796946729,
unsw,ton,17,True,forest,tcp,0,random,0.01,9367,7534,78,4910,43,3613,1254,3648,1262,9289,0.5239530627624072,0.008327105796946729,
unsw,ton,17,True,forest,tcp,0,frozen,0.05,9367,7534,9367,4910,4910,0,0,3648,1262,0,,1.0,0.009047619047618971
unsw,ton,17,True,forest,tcp,0,cap,0.05,9367,7534,454,4910,212,3474,1224,3648,1262,8913,0.5270952541231908,0.04846802604889506,
unsw,ton,17,True,forest,tcp,0,random,0.05,9367,7534,454,4910,234,3470,1206,3648,1262,8913,0.5246269493997532,0.04846802604889506,
unsw,ton,17,True,forest,tcp,0,frozen,0.1,9367,7534,9367,4910,4910,0,0,3648,1262,0,,1.0,0.0
unsw,ton,17,True,forest,tcp,0,cap,0.1,9367,7534,921,4910,434,3306,1170,3648,1262,8446,0.529955008287947,0.0983239030639479,
unsw,ton,17,True,forest,tcp,0,random,0.1,9367,7534,921,4910,481,3286,1143,3648,1262,8446,0.524390243902439,0.0983239030639479,
unsw,ton,17,True,forest,temporal+tcp,0,forced,0.0,9367,7534,0,3568,0,2215,1353,2215,1353,9367,0.380911711326999,0.0,
unsw,ton,17,True,forest,temporal+tcp,0,frozen,0.01,9367,7534,9366,3568,3567,1,0,2215,1353,1,1.0,0.9998932422333725,0.058068986568986736
unsw,ton,17,True,forest,temporal+tcp,0,cap,0.01,9367,7534,78,3568,7,2214,1347,2215,1353,9289,0.3833566584131769,0.008327105796946729,
unsw,ton,17,True,forest,temporal+tcp,0,random,0.01,9367,7534,78,3568,25,2198,1345,2215,1353,9289,0.3814188825492518,0.008327105796946729,
unsw,ton,17,True,forest,temporal+tcp,0,frozen,0.05,9367,7534,9367,3568,3568,0,0,2215,1353,0,,1.0,0.009047619047618971
unsw,ton,17,True,forest,temporal+tcp,0,cap,0.05,9367,7534,454,3568,95,2158,1315,2215,1353,8913,0.3896555592954112,0.04846802604889506,
unsw,ton,17,True,forest,temporal+tcp,0,random,0.05,9367,7534,454,3568,165,2111,1292,2215,1353,8913,0.3818018624481095,0.04846802604889506,
unsw,ton,17,True,forest,temporal+tcp,0,frozen,0.1,9367,7534,9367,3568,3568,0,0,2215,1353,0,,1.0,0.0
unsw,ton,17,True,forest,temporal+tcp,0,cap,0.1,9367,7534,921,3568,256,2046,1266,2215,1353,8446,0.39213829031494196,0.0983239030639479,
unsw,ton,17,True,forest,temporal+tcp,0,random,0.1,9367,7534,921,3568,344,2003,1221,2215,1353,8446,0.3817191569973952,0.0983239030639479,
unsw,ton,17,True,forest,random10,0,forced,0.0,9367,7534,0,4765,0,3560,1205,3560,1205,9367,0.508700757980143,0.0,
unsw,ton,17,True,forest,random10,0,frozen,0.01,9367,7534,9196,4765,4603,161,1,3560,1205,171,0.9473684210526315,0.9817444219066938,0.058068986568986736
unsw,ton,17,True,forest,random10,0,cap,0.01,9367,7534,78,4765,42,3519,1204,3560,1205,9289,0.5084508558510066,0.008327105796946729,
unsw,ton,17,True,forest,random10,0,random,0.01,9367,7534,78,4765,37,3529,1199,3560,1205,9289,0.5089891269243191,0.008327105796946729,
unsw,ton,17,True,forest,random10,0,frozen,0.05,9367,7534,9364,4765,4762,3,0,3560,1205,3,1.0,0.9996797267001174,0.009047619047618971
unsw,ton,17,True,forest,random10,0,cap,0.05,9367,7534,454,4765,238,3354,1173,3560,1205,8913,0.5079097946819253,0.04846802604889506,
unsw,ton,17,True,forest,random10,0,random,0.05,9367,7534,454,4765,226,3388,1151,3560,1205,8913,0.5092561427128913,0.04846802604889506,
unsw,ton,17,True,forest,random10,0,frozen,0.1,9367,7534,9367,4765,4765,0,0,3560,1205,0,,1.0,0.0
unsw,ton,17,True,forest,random10,0,cap,0.1,9367,7534,921,4765,473,3181,1111,3560,1205,8446,0.5081695477148946,0.0983239030639479,
unsw,ton,17,True,forest,random10,0,random,0.1,9367,7534,921,4765,469,3209,1087,3560,1205,8446,0.5086431446838741,0.0983239030639479,
unsw,cic,17,True,forest,clean,0,forced,0.0,12192,306,0,10402,0,61,10341,61,10341,12192,0.8531824146981627,0.0,
unsw,cic,17,True,forest,clean,0,frozen,0.01,12192,306,12186,10402,10402,0,0,61,10341,6,0.0,0.999507874015748,0.058068986568986736
unsw,cic,17,True,forest,clean,0,cap,0.01,12192,306,110,10402,97,61,10244,61,10341,12082,0.8529217017050157,0.00902230971128609,
unsw,cic,17,True,forest,clean,0,random,0.01,12192,306,110,10402,94,61,10247,61,10341,12082,0.8531700049660652,0.00902230971128609,
unsw,cic,17,True,forest,clean,0,frozen,0.05,12192,306,12192,10402,10402,0,0,61,10341,0,,1.0,0.009047619047618971
unsw,cic,17,True,forest,clean,0,cap,0.05,12192,306,599,10402,555,61,9786,61,10341,11593,0.8493918744069697,0.04913057742782152,
unsw,cic,17,True,forest,clean,0,random,0.05,12192,306,599,10402,505,59,9838,61,10341,11593,0.8537048218752695,0.04913057742782152,
unsw,cic,17,True,forest,clean,0,frozen,0.1,12192,306,12192,10402,10402,0,0,61,10341,0,,1.0,0.0
unsw,cic,17,True,forest,clean,0,cap,0.1,12192,306,1210,10402,1118,59,9225,61,10341,10982,0.8453833545802222,0.09924540682414698,
unsw,cic,17,True,forest,clean,0,random,0.1,12192,306,1210,10402,1034,58,9310,61,10341,10982,0.8530322345656529,0.09924540682414698,
unsw,cic,17,True,forest,temporal,0,forced,0.0,12192,306,0,10406,0,60,10346,60,10346,12192,0.853510498687664,0.0,
unsw,cic,17,True,forest,temporal,0,frozen,0.01,12192,306,12192,10406,10406,0,0,60,10346,0,,1.0,0.058068986568986736
unsw,cic,17,True,forest,temporal,0,cap,0.01,12192,306,110,10406,79,59,10268,60,10346,12082,0.8547425922860453,0.00902230971128609,
unsw,cic,17,True,forest,temporal,0,random,0.01,12192,306,110,10406,94,60,10252,60,10346,12082,0.8535010759807978,0.00902230971128609,
unsw,cic,17,True,forest,temporal,0,frozen,0.05,12192,306,12192,10406,10406,0,0,60,10346,0,,1.0,0.009047619047618971
unsw,cic,17,True,forest,temporal,0,cap,0.05,12192,306,599,10406,531,57,9818,60,10346,11593,0.8518071249892176,0.04913057742782152,
unsw,cic,17,True,forest,temporal,0,random,0.05,12192,306,599,10406,505,58,9843,60,10346,11593,0.8540498576727336,0.04913057742782152,
unsw,cic,17,True,forest,temporal,0,frozen,0.1,12192,306,12192,10406,10406,0,0,60,10346,0,,1.0,0.0
unsw,cic,17,True,forest,temporal,0,cap,0.1,12192,306,1210,10406,1049,54,9303,60,10346,10982,0.8520305955199418,0.09924540682414698,
unsw,cic,17,True,forest,temporal,0,random,0.1,12192,306,1210,10406,1034,57,9315,60,10346,10982,0.8533964669459115,0.09924540682414698,
unsw,cic,17,True,forest,size,0,forced,0.0,12192,306,0,10406,0,57,10349,57,10349,12192,0.853510498687664,0.0,
unsw,cic,17,True,forest,size,0,frozen,0.01,12192,306,12143,10406,10406,0,0,57,10349,49,0.0,0.995980971128609,0.058068986568986736
unsw,cic,17,True,forest,size,0,cap,0.01,12192,306,110,10406,97,56,10253,57,10349,12082,0.8532527727197484,0.00902230971128609,
unsw,cic,17,True,forest,size,0,random,0.01,12192,306,110,10406,94,57,10255,57,10349,12082,0.8535010759807978,0.00902230971128609,
unsw,cic,17,True,forest,size,0,frozen,0.05,12192,306,12192,10406,10406,0,0,57,10349,0,,1.0,0.009047619047618971
unsw,cic,17,True,forest,size,0,cap,0.05,12192,306,599,10406,570,55,9781,57,10349,11593,0.8484430259639437,0.04913057742782152,
unsw,cic,17,True,forest,size,0,random,0.05,12192,306,599,10406,506,55,9845,57,10349,11593,0.8539635987233676,0.04913057742782152,
unsw,cic,17,True,forest,size,0,frozen,0.1,12192,306,12192,10406,10406,0,0,57,10349,0,,1.0,0.0
unsw,cic,17,True,forest,size,0,cap,0.1,12192,306,1210,10406,1144,55,9207,57,10349,10982,0.8433800764887999,0.09924540682414698,
unsw,cic,17,True,forest,size,0,random,0.1,12192,306,1210,10406,1035,54,9317,57,10349,10982,0.8533054088508468,0.09924540682414698,
unsw,cic,17,True,forest,tcp,0,forced,0.0,12192,306,0,9871,0,70,9801,70,9801,12192,0.8096292650918635,0.0,
unsw,cic,17,True,forest,tcp,0,frozen,0.01,12192,306,12129,9871,9868,3,0,70,9801,63,0.047619047619047616,0.9948326771653543,0.058068986568986736
unsw,cic,17,True,forest,tcp,0,cap,0.01,12192,306,110,9871,66,70,9735,70,9801,12082,0.8115378248634332,0.00902230971128609,
unsw,cic,17,True,forest,tcp,0,random,0.01,12192,306,110,9871,90,70,9711,70,9801,12082,0.8095513987750372,0.00902230971128609,
unsw,cic,17,True,forest,tcp,0,frozen,0.05,12192,306,12192,9871,9871,0,0,70,9801,0,,1.0,0.009047619047618971
unsw,cic,17,True,forest,tcp,0,cap,0.05,12192,306,599,9871,305,65,9501,70,9801,11593,0.8251531096351247,0.04913057742782152,
unsw,cic,17,True,forest,tcp,0,random,0.05,12192,306,599,9871,478,67,9326,70,9801,11593,0.8102303113948072,0.04913057742782152,
unsw,cic,17,True,forest,tcp,0,frozen,0.1,12192,306,12192,9871,9871,0,0,70,9801,0,,1.0,0.0
unsw,cic,17,True,forest,tcp,0,cap,0.1,12192,306,1210,9871,680,60,9131,70,9801,10982,0.8369149517392096,0.09924540682414698,
unsw,cic,17,True,forest,tcp,0,random,0.1,12192,306,1210,9871,988,65,8818,70,9801,10982,0.808869058459297,0.09924540682414698,
unsw,cic,17,True,forest,temporal+tcp,0,forced,0.0,12192,306,0,10397,0,59,10338,59,10338,12192,0.852772309711286,0.0,
unsw,cic,17,True,forest,temporal+tcp,0,frozen,0.01,12192,306,12192,10397,10397,0,0,59,10338,0,,1.0,0.058068986568986736
unsw,cic,17,True,forest,temporal+tcp,0,cap,0.01,12192,306,110,10397,92,58,10247,59,10338,12082,0.8529217017050157,0.00902230971128609,
unsw,cic,17,True,forest,temporal+tcp,0,random,0.01,12192,306,110,10397,94,59,10244,59,10338,12082,0.8527561661976494,0.00902230971128609,
unsw,cic,17,True,forest,temporal+tcp,0,frozen,0.05,12192,306,12192,10397,10397,0,0,59,10338,0,,1.0,0.009047619047618971
unsw,cic,17,True,forest,temporal+tcp,0,cap,0.05,12192,306,599,10397,557,58,9782,59,10338,11593,0.8487880617614078,0.04913057742782152,
unsw,cic,17,True,forest,temporal+tcp,0,random,0.05,12192,306,599,10397,505,57,9835,59,10338,11593,0.8532735271284396,0.04913057742782152,
unsw,cic,17,True,forest,temporal+tcp,0,frozen,0.1,12192,306,12192,10397,10397,0,0,59,10338,0,,1.0,0.0
unsw,cic,17,True,forest,temporal+tcp,0,cap,0.1,12192,306,1210,10397,1117,58,9222,59,10338,10982,0.8450191221999636,0.09924540682414698,
unsw,cic,17,True,forest,temporal+tcp,0,random,0.1,12192,306,1210,10397,1033,56,9308,59,10338,10982,0.8526680021853943,0.09924540682414698,
unsw,cic,17,True,forest,random10,0,forced,0.0,12192,306,0,9679,0,87,9592,87,9592,12192,0.7938812335958005,0.0,
unsw,cic,17,True,forest,random10,0,frozen,0.01,12192,306,12169,9679,9679,0,0,87,9592,23,0.0,0.9981135170603674,0.058068986568986736
unsw,cic,17,True,forest,random10,0,cap,0.01,12192,306,110,9679,59,87,9533,87,9592,12082,0.7962257904320477,0.00902230971128609,
unsw,cic,17,True,forest,random10,0,random,0.01,12192,306,110,9679,86,86,9507,87,9592,12082,0.7939910610826022,0.00902230971128609,
unsw,cic,17,True,forest,random10,0,frozen,0.05,12192,306,12192,9679,9679,0,0,87,9592,0,,1.0,0.009047619047618971
unsw,cic,17,True,forest,random10,0,cap,0.05,12192,306,599,9679,452,82,9145,87,9592,11593,0.7959113258000517,0.04913057742782152,
unsw,cic,17,True,forest,random10,0,random,0.05,12192,306,599,9679,474,84,9121,87,9592,11593,0.7940136289139998,0.04913057742782152,
unsw,cic,17,True,forest,random10,0,frozen,0.1,12192,306,12192,9679,9679,0,0,87,9592,0,,1.0,0.0
unsw,cic,17,True,forest,random10,0,cap,0.1,12192,306,1210,9679,973,79,8627,87,9592,10982,0.7927517756328537,0.09924540682414698,
unsw,cic,17,True,forest,random10,0,random,0.1,12192,306,1210,9679,969,82,8628,87,9592,10982,0.7931160080131123,0.09924540682414698,
unsw,unsw,29,False,logistic,clean,0,forced,0.0,10417,1285,0,11,0,9,2,9,2,10417,0.0010559662090813093,0.0,
unsw,unsw,29,False,logistic,clean,0,frozen,0.01,10417,1285,92,11,7,2,2,9,2,10325,0.000387409200968523,0.008831717385043679,0.1661806910609145
unsw,unsw,29,False,logistic,clean,0,cap,0.01,10417,1285,101,11,7,2,2,9,2,10316,0.00038774718883288094,0.009695689737928385,
unsw,unsw,29,False,logistic,clean,0,random,0.01,10417,1285,101,11,0,9,2,9,2,10316,0.0010663047692904227,0.009695689737928385,
unsw,unsw,29,False,logistic,clean,0,frozen,0.05,10417,1285,576,11,10,0,1,9,2,9841,0.000101615689462453,0.055294230584621296,0.009840849172354948
unsw,unsw,29,False,logistic,clean,0,cap,0.05,10417,1285,518,11,10,0,1,9,2,9899,0.00010102030508132135,0.04972640875491984,
unsw,unsw,29,False,logistic,clean,0,random,0.05,10417,1285,518,11,0,9,2,9,2,9899,0.0011112233558945347,0.04972640875491984,
unsw,unsw,29,False,logistic,clean,0,frozen,0.1,10417,1285,1153,11,10,0,1,9,2,9264,0.0001079447322970639,0.11068445809734088,0.004877863942679417
unsw,unsw,29,False,logistic,clean,0,cap,0.1,10417,1285,1040,11,10,0,1,9,2,9377,0.00010664391596459421,0.09983680522223289,
unsw,unsw,29,False,logistic,clean,0,random,0.1,10417,1285,1040,11,0,9,2,9,2,9377,0.0011730830756105364,0.09983680522223289,
unsw,unsw,29,False,logistic,temporal,0,forced,0.0,10417,1285,0,83,0,82,1,82,1,10417,0.007967745032158972,0.0,
unsw,unsw,29,False,logistic,temporal,0,frozen,0.01,10417,1285,402,83,76,6,1,82,1,10015,0.0006989515726410385,0.03859076509551694,0.1661806910609145
unsw,unsw,29,False,logistic,temporal,0,cap,0.01,10417,1285,101,83,39,43,1,82,1,10316,0.004265219077161691,0.009695689737928385,
unsw,unsw,29,False,logistic,temporal,0,random,0.01,10417,1285,101,83,2,80,1,82,1,10316,0.007851880573865839,0.009695689737928385,
unsw,unsw,29,False,logistic,temporal,0,frozen,0.05,10417,1285,888,83,80,2,1,82,1,9529,0.000314828418511911,0.08524527215129116,0.009840849172354948
unsw,unsw,29,False,logistic,temporal,0,cap,0.05,10417,1285,518,83,76,6,1,82,1,9899,0.0007071421355692494,0.04972640875491984,
unsw,unsw,29,False,logistic,temporal,0,random,0.05,10417,1285,518,83,5,77,1,82,1,9899,0.007879583796343065,0.04972640875491984,
unsw,unsw,29,False,logistic,temporal,0,frozen,0.1,10417,1285,1085,83,80,2,1,82,1,9332,0.0003214744963566224,0.10415666698665643,0.004877863942679417
unsw,unsw,29,False,logistic,temporal,0,cap,0.1,10417,1285,1040,83,80,2,1,82,1,9377,0.0003199317478937827,0.09983680522223289,
unsw,unsw,29,False,logistic,temporal,0,random,0.1,10417,1285,1040,83,11,71,1,82,1,9377,0.0076783619494507835,0.09983680522223289,
unsw,unsw,29,False,logistic,size,0,forced,0.0,10417,1285,0,315,0,311,4,311,4,10417,0.03023903235096477,0.0,
unsw,unsw,29,False,logistic,size,0,frozen,0.01,10417,1285,406,315,266,47,2,311,4,10011,0.004894615922485266,0.03897475280791015,0.1661806910609145
unsw,unsw,29,False,logistic,size,0,cap,0.01,10417,1285,101,315,67,246,2,311,4,10316,0.02404032570763862,0.009695689737928385,
unsw,unsw,29,False,logistic,size,0,random,0.01,10417,1285,101,315,5,306,4,311,4,10316,0.030050407134548273,0.009695689737928385,
unsw,unsw,29,False,logistic,size,0,frozen,0.05,10417,1285,479,315,312,2,1,311,4,9938,0.00030187160394445564,0.04598252855908611,0.009840849172354948
unsw,unsw,29,False,logistic,size,0,cap,0.05,10417,1285,518,315,300,14,1,311,4,9899,0.0015153045762198202,0.04972640875491984,
unsw,unsw,29,False,logistic,size,0,random,0.05,10417,1285,518,315,16,295,4,311,4,9899,0.030205071219315083,0.04972640875491984,
unsw,unsw,29,False,logistic,size,0,frozen,0.1,10417,1285,555,315,312,2,1,311,4,9862,0.0003041979314540661,0.05327829509455698,0.004877863942679417
unsw,unsw,29,False,logistic,size,0,cap,0.1,10417,1285,1040,315,312,2,1,311,4,9377,0.0003199317478937827,0.09983680522223289,
unsw,unsw,29,False,logistic,size,0,random,0.1,10417,1285,1040,315,37,274,4,311,4,9377,0.029647008638157193,0.09983680522223289,
unsw,unsw,29,False,logistic,tcp,0,forced,0.0,10417,1285,0,99,0,97,2,97,2,10417,0.009503695881731784,0.0,
unsw,unsw,29,False,logistic,tcp,0,frozen,0.01,10417,1285,444,99,83,14,2,97,2,9973,0.0016043316955780607,0.04262263607564558,0.1661806910609145
unsw,unsw,29,False,logistic,tcp,0,cap,0.01,10417,1285,101,99,35,62,2,97,2,10316,0.006203955021326095,0.009695689737928385,
unsw,unsw,29,False,logistic,tcp,0,random,0.01,10417,1285,101,99,2,95,2,97,2,10316,0.009402869329197363,0.009695689737928385,
unsw,unsw,29,False,logistic,tcp,0,frozen,0.05,10417,1285,1116,99,90,8,1,97,2,9301,0.0009676378883990968,0.10713257175770376,0.009840849172354948
unsw,unsw,29,False,logistic,tcp,0,cap,0.05,10417,1285,518,99,89,9,1,97,2,9899,0.0010102030508132135,0.04972640875491984,
unsw,unsw,29,False,logistic,tcp,0,random,0.05,10417,1285,518,99,4,93,2,97,2,9899,0.009596928982725527,0.04972640875491984,
unsw,unsw,29,False,logistic,tcp,0,frozen,0.1,10417,1285,1307,99,90,8,1,97,2,9110,0.0009879253567508233,0.12546798502447923,0.004877863942679417
unsw,unsw,29,False,logistic,tcp,0,cap,0.1,10417,1285,1040,99,90,8,1,97,2,9377,0.0009597952436813479,0.09983680522223289,
unsw,unsw,29,False,logistic,tcp,0,random,0.1,10417,1285,1040,99,10,87,2,97,2,9377,0.009491308520848885,0.09983680522223289,
unsw,unsw,29,False,logistic,temporal+tcp,0,forced,0.0,10417,1285,0,416,0,415,1,415,1,10417,0.039934722088893156,0.0,
unsw,unsw,29,False,logistic,temporal+tcp,0,frozen,0.01,10417,1285,390,416,268,147,1,415,1,10027,0.014760147601476014,0.037438801958337334,0.1661806910609145
unsw,unsw,29,False,logistic,temporal+tcp,0,cap,0.01,10417,1285,101,416,63,352,1,415,1,10316,0.03421868941450174,0.009695689737928385,
unsw,unsw,29,False,logistic,temporal+tcp,0,random,0.01,10417,1285,101,416,5,410,1,415,1,10316,0.03984102365257852,0.009695689737928385,
unsw,unsw,29,False,logistic,temporal+tcp,0,frozen,0.05,10417,1285,1005,416,408,8,0,415,1,9412,0.0008499787505312367,0.09647691273879236,0.009840849172354948
unsw,unsw,29,False,logistic,temporal+tcp,0,cap,0.05,10417,1285,518,416,346,69,1,415,1,9899,0.007071421355692494,0.04972640875491984,
unsw,unsw,29,False,logistic,temporal+tcp,0,random,0.05,10417,1285,518,416,23,392,1,415,1,9899,0.03970097989695929,0.04972640875491984,
unsw,unsw,29,False,logistic,temporal+tcp,0,frozen,0.1,10417,1285,1390,416,408,8,0,415,1,9027,0.0008862301982940069,0.1334357300566382,0.004877863942679417
unsw,unsw,29,False,logistic,temporal+tcp,0,cap,0.1,10417,1285,1040,416,407,8,1,415,1,9377,0.0009597952436813479,0.09983680522223289,
unsw,unsw,29,False,logistic,temporal+tcp,0,random,0.1,10417,1285,1040,416,51,364,1,415,1,9377,0.03892502932707689,0.09983680522223289,
unsw,unsw,29,False,logistic,random10,0,forced,0.0,10417,1285,0,194,0,146,48,146,48,10417,0.018623404051070366,0.0,
unsw,unsw,29,False,logistic,random10,0,frozen,0.01,10417,1285,295,194,94,62,38,146,48,10122,0.009879470460383323,0.028319093788998752,0.1661806910609145
unsw,unsw,29,False,logistic,random10,0,cap,0.01,10417,1285,101,194,47,106,41,146,48,10316,0.014249709189608375,0.009695689737928385,
unsw,unsw,29,False,logistic,random10,0,random,0.01,10417,1285,101,194,3,143,48,146,48,10316,0.018514928266770064,0.009695689737928385,
unsw,unsw,29,False,logistic,random10,0,frozen,0.05,10417,1285,1075,194,138,27,29,146,48,9342,0.00599443374009848,0.10319669770567341,0.009840849172354948
unsw,unsw,29,False,logistic,random10,0,cap,0.05,10417,1285,518,194,117,43,34,146,48,9899,0.007778563491261744,0.04972640875491984,
unsw,unsw,29,False,logistic,random10,0,random,0.05,10417,1285,518,194,13,137,44,146,48,9899,0.018284675219719163,0.04972640875491984,
unsw,unsw,29,False,logistic,random10,0,frozen,0.1,10417,1285,1568,194,152,20,22,146,48,8849,0.004746299016838061,0.15052318325813574,0.004877863942679417
unsw,unsw,29,False,logistic,random10,0,cap,0.1,10417,1285,1040,194,136,30,28,146,48,9377,0.006185347125946465,0.09983680522223289,
unsw,unsw,29,False,logistic,random10,0,random,0.1,10417,1285,1040,194,26,128,40,146,48,9377,0.01791617788205183,0.09983680522223289,
unsw,ton,29,False,logistic,clean,0,forced,0.0,9367,7534,0,7553,0,7505,48,7505,48,9367,0.8063414113376748,0.0,
unsw,ton,29,False,logistic,clean,0,frozen,0.01,9367,7534,197,7553,44,7489,20,7505,48,9170,0.81886586695747,0.021031280025621865,0.1661806910609145
unsw,ton,29,False,logistic,clean,0,cap,0.01,9367,7534,78,7553,37,7472,44,7505,48,9289,0.8091290774033804,0.008327105796946729,
unsw,ton,29,False,logistic,clean,0,random,0.01,9367,7534,78,7553,70,7435,48,7505,48,9289,0.8055764883195177,0.008327105796946729,
unsw,ton,29,False,logistic,clean,0,frozen,0.05,9367,7534,270,7553,67,7472,14,7505,48,9097,0.8229086512036935,0.028824596989430983,0.009840849172354948
unsw,ton,29,False,logistic,clean,0,cap,0.05,9367,7534,454,7553,284,7241,28,7505,48,8913,0.8155503197576573,0.04846802604889506,
unsw,ton,29,False,logistic,clean,0,random,0.05,9367,7534,454,7553,377,7129,47,7505,48,8913,0.8051161225176708,0.04846802604889506,
unsw,ton,29,False,logistic,clean,0,frozen,0.1,9367,7534,297,7553,72,7468,13,7505,48,9070,0.8248070562293275,0.03170705668837408,0.004877863942679417
unsw,ton,29,False,logistic,clean,0,cap,0.1,9367,7534,921,7553,632,6900,21,7505,48,8446,0.8194411555766044,0.0983239030639479,
unsw,ton,29,False,logistic,clean,0,random,0.1,9367,7534,921,7553,750,6757,46,7505,48,8446,0.805470044991712,0.0983239030639479,
unsw,ton,29,False,logistic,temporal,0,forced,0.0,9367,7534,0,7544,0,7527,17,7527,17,9367,0.8053805914380271,0.0,
unsw,ton,29,False,logistic,temporal,0,frozen,0.01,9367,7534,45,7544,33,7497,14,7527,17,9322,0.8057283844668526,0.0048040994982384965,0.1661806910609145
unsw,ton,29,False,logistic,temporal,0,cap,0.01,9367,7534,78,7544,51,7477,16,7527,17,9289,0.8066530304661428,0.008327105796946729,
unsw,ton,29,False,logistic,temporal,0,random,0.01,9367,7534,78,7544,70,7457,17,7527,17,9289,0.8046076003875552,0.008327105796946729,
unsw,ton,29,False,logistic,temporal,0,frozen,0.05,9367,7534,80,7544,50,7482,12,7527,17,9287,0.806934424464305,0.008540621330201772,0.009840849172354948
unsw,ton,29,False,logistic,temporal,0,cap,0.05,9367,7534,454,7544,276,7255,13,7527,17,8913,0.8154381240884102,0.04846802604889506,
unsw,ton,29,False,logistic,temporal,0,random,0.05,9367,7534,454,7544,377,7150,17,7527,17,8913,0.8041063614944464,0.04846802604889506,
unsw,ton,29,False,logistic,temporal,0,frozen,0.1,9367,7534,94,7544,52,7480,12,7527,17,9273,0.8079370214601531,0.010035230062987082,0.004877863942679417
unsw,ton,29,False,logistic,temporal,0,cap,0.1,9367,7534,921,7544,617,6917,10,7527,17,8446,0.8201515510300734,0.0983239030639479,
unsw,ton,29,False,logistic,temporal,0,random,0.1,9367,7534,921,7544,748,6779,17,7527,17,8446,0.8046412502959981,0.0983239030639479,
unsw,ton,29,False,logistic,size,0,forced,0.0,9367,7534,0,7575,0,7523,52,7523,52,9367,0.8086900822034803,0.0,
unsw,ton,29,False,logistic,size,0,frozen,0.01,9367,7534,207,7575,52,7485,38,7523,52,9160,0.8212882096069869,0.022098857691897084,0.1661806910609145
unsw,ton,29,False,logistic,size,0,cap,0.01,9367,7534,78,7575,45,7478,52,7523,52,9289,0.8106362364086555,0.008327105796946729,
unsw,ton,29,False,logistic,size,0,random,0.01,9367,7534,78,7575,70,7453,52,7523,52,9289,0.8079448810420928,0.008327105796946729,
unsw,ton,29,False,logistic,size,0,frozen,0.05,9367,7534,492,7575,98,7463,14,7523,52,8875,0.8424788732394366,0.0525248211807409,0.009840849172354948
unsw,ton,29,False,logistic,size,0,cap,0.05,9367,7534,454,7575,288,7241,46,7523,52,8913,0.8175698418041064,0.04846802604889506,
unsw,ton,29,False,logistic,size,0,random,0.05,9367,7534,454,7575,379,7146,50,7523,52,8913,0.8073600359026142,0.04846802604889506,
unsw,ton,29,False,logistic,size,0,frozen,0.1,9367,7534,594,7575,114,7447,14,7523,52,8773,0.8504502450701015,0.06341411337674815,0.004877863942679417
unsw,ton,29,False,logistic,size,0,cap,0.1,9367,7534,921,7575,641,6895,39,7523,52,8446,0.8209803457257874,0.0983239030639479,
unsw,ton,29,False,logistic,size,0,random,0.1,9367,7534,921,7575,750,6777,48,7523,52,8446,0.8080748283210988,0.0983239030639479,
unsw,ton,29,False,logistic,tcp,0,forced,0.0,9367,7534,0,7303,0,7259,44,7259,44,9367,0.7796519696807943,0.0,
unsw,ton,29,False,logistic,tcp,0,frozen,0.01,9367,7534,97,7303,56,7229,18,7259,44,9270,0.7817691477885652,0.01035550336286965,0.1661806910609145
unsw,ton,29,False,logistic,tcp,0,cap,0.01,9367,7534,78,7303,42,7223,38,7259,44,9289,0.7816772526644418,0.008327105796946729,
unsw,ton,29,False,logistic,tcp,0,random,0.01,9367,7534,78,7303,70,7189,44,7259,44,9289,0.7786629346538917,0.008327105796946729,
unsw,ton,29,False,logistic,tcp,0,frozen,0.05,9367,7534,309,7303,91,7199,13,7259,44,9058,0.7962022521527932,0.03298814988790434,0.009840849172354948
unsw,ton,29,False,logistic,tcp,0,cap,0.05,9367,7534,454,7303,289,6988,26,7259,44,8913,0.7869404240996297,0.04846802604889506,
unsw,ton,29,False,logistic,tcp,0,random,0.05,9367,7534,454,7303,371,6889,43,7259,44,8913,0.7777403792213621,0.04846802604889506,
unsw,ton,29,False,logistic,tcp,0,frozen,0.1,9367,7534,466,7303,102,7189,12,7259,44,8901,0.8090102235703853,0.04974911924842532,0.004877863942679417
unsw,ton,29,False,logistic,tcp,0,cap,0.1,9367,7534,921,7303,682,6607,14,7259,44,8446,0.7839213829031494,0.0983239030639479,
unsw,ton,29,False,logistic,tcp,0,random,0.1,9367,7534,921,7303,729,6532,42,7259,44,8446,0.7783566185176415,0.0983239030639479,
unsw,ton,29,False,logistic,temporal+tcp,0,forced,0.0,9367,7534,0,7265,0,7250,15,7250,15,9367,0.7755951745489484,0.0,
unsw,ton,29,False,logistic,temporal+tcp,0,frozen,0.01,9367,7534,287,7265,13,7239,13,7250,15,9080,0.7986784140969163,0.030639479022098858,0.1661806910609145
unsw,ton,29,False,logistic,temporal+tcp,0,cap,0.01,9367,7534,78,7265,48,7202,15,7250,15,9289,0.7769404672192917,0.008327105796946729,
unsw,ton,29,False,logistic,temporal+tcp,0,random,0.01,9367,7534,78,7265,70,7180,15,7250,15,9289,0.7745720744967165,0.008327105796946729,
unsw,ton,29,False,logistic,temporal+tcp,0,frozen,0.05,9367,7534,360,7265,53,7201,11,7250,15,9007,0.8007105584545353,0.03843279598590797,0.009840849172354948
unsw,ton,29,False,logistic,temporal+tcp,0,cap,0.05,9367,7534,454,7265,231,7023,11,7250,15,8913,0.7891843374845731,0.04846802604889506,
unsw,ton,29,False,logistic,temporal+tcp,0,random,0.05,9367,7534,454,7265,368,6882,15,7250,15,8913,0.7738135307977112,0.04846802604889506,
unsw,ton,29,False,logistic,temporal+tcp,0,frozen,0.1,9367,7534,390,7265,58,7198,9,7250,15,8977,0.8028294530466749,0.04163552898473364,0.004877863942679417
unsw,ton,29,False,logistic,temporal+tcp,0,cap,0.1,9367,7534,921,7265,573,6686,6,7250,15,8446,0.7923277291025338,0.0983239030639479,
unsw,ton,29,False,logistic,temporal+tcp,0,random,0.1,9367,7534,921,7265,725,6525,15,7250,15,8446,0.7743310442813166,0.0983239030639479,
unsw,ton,29,False,logistic,random10,0,forced,0.0,9367,7534,0,7235,0,7074,161,7074,161,9367,0.7723924415501228,0.0,
unsw,ton,29,False,logistic,random10,0,frozen,0.01,9367,7534,417,7235,179,6947,109,7074,161,8950,0.7883798882681564,0.044517988683676735,0.1661806910609145
unsw,ton,29,False,logistic,random10,0,cap,0.01,9367,7534,78,7235,43,7035,157,7074,161,9289,0.774249111852729,0.008327105796946729,
unsw,ton,29,False,logistic,random10,0,random,0.01,9367,7534,78,7235,66,7008,161,7074,161,9289,0.7717730649154915,0.008327105796946729,
unsw,ton,29,False,logistic,random10,0,frozen,0.05,9367,7534,894,7235,405,6748,82,7074,161,8473,0.8060899327274873,0.0954414433650048,0.009840849172354948
unsw,ton,29,False,logistic,random10,0,cap,0.05,9367,7534,454,7235,213,6899,123,7074,161,8913,0.7878379894536071,0.04846802604889506,
unsw,ton,29,False,logistic,random10,0,random,0.05,9367,7534,454,7235,362,6721,152,7074,161,8913,0.7711208347357792,0.04846802604889506,
unsw,ton,29,False,logistic,random10,0,frozen,0.1,9367,7534,1017,7235,474,6689,72,7074,161,8350,0.8097005988023952,0.10857264866019004,0.004877863942679417
unsw,ton,29,False,logistic,random10,0,cap,0.1,9367,7534,921,7235,468,6675,92,7074,161,8446,0.8012076722708975,0.0983239030639479,
unsw,ton,29,False,logistic,random10,0,random,0.1,9367,7534,921,7235,719,6368,148,7074,161,8446,0.7714894624674402,0.0983239030639479,
unsw,cic,29,False,logistic,clean,0,forced,0.0,12192,306,0,2811,0,247,2564,247,2564,12192,0.23056102362204725,0.0,
unsw,cic,29,False,logistic,clean,0,frozen,0.01,12192,306,309,2811,151,242,2418,247,2564,11883,0.22384919633089287,0.025344488188976378,0.1661806910609145
unsw,cic,29,False,logistic,clean,0,cap,0.01,12192,306,110,2811,54,244,2513,247,2564,12082,0.228190696904486,0.00902230971128609,
unsw,cic,29,False,logistic,clean,0,random,0.01,12192,306,110,2811,19,243,2549,247,2564,12082,0.2310875682833968,0.00902230971128609,
unsw,cic,29,False,logistic,clean,0,frozen,0.05,12192,306,848,2811,349,239,2223,247,2564,11344,0.21703102961918194,0.06955380577427822,0.009840849172354948
unsw,cic,29,False,logistic,clean,0,cap,0.05,12192,306,599,2811,241,239,2331,247,2564,11593,0.22168549987061156,0.04913057742782152,
unsw,cic,29,False,logistic,clean,0,random,0.05,12192,306,599,2811,130,228,2453,247,2564,11593,0.23126024325023722,0.04913057742782152,
unsw,cic,29,False,logistic,clean,0,frozen,0.1,12192,306,1294,2811,469,233,2109,247,2564,10898,0.21490181684712792,0.10613517060367454,0.004877863942679417
unsw,cic,29,False,logistic,clean,0,cap,0.1,12192,306,1210,2811,452,234,2125,247,2564,10982,0.2148060462575123,0.09924540682414698,
unsw,cic,29,False,logistic,clean,0,random,0.1,12192,306,1210,2811,256,212,2343,247,2564,10982,0.23265343289018395,0.09924540682414698,
unsw,cic,29,False,logistic,temporal,0,forced,0.0,12192,306,0,2977,0,251,2726,251,2726,12192,0.2441765091863517,0.0,
unsw,cic,29,False,logistic,temporal,0,frozen,0.01,12192,306,977,2977,813,250,1914,251,2726,11215,0.1929558626839055,0.08013451443569554,0.1661806910609145
unsw,cic,29,False,logistic,temporal,0,cap,0.01,12192,306,110,2977,81,250,2646,251,2726,12082,0.23969541466644595,0.00902230971128609,
unsw,cic,29,False,logistic,temporal,0,random,0.01,12192,306,110,2977,22,247,2708,251,2726,12082,0.24457871213375268,0.00902230971128609,
unsw,cic,29,False,logistic,temporal,0,frozen,0.05,12192,306,1627,2977,1241,246,1490,251,2726,10565,0.16431613819214388,0.1334481627296588,0.009840849172354948
unsw,cic,29,False,logistic,temporal,0,cap,0.05,12192,306,599,2977,500,250,2227,251,2726,11593,0.21366341757957388,0.04913057742782152,
unsw,cic,29,False,logistic,temporal,0,random,0.05,12192,306,599,2977,138,232,2607,251,2726,11593,0.2448891572500647,0.04913057742782152,
unsw,cic,29,False,logistic,temporal,0,frozen,0.1,12192,306,1769,2977,1354,246,1377,251,2726,10423,0.15571332629761106,0.1450951443569554,0.004877863942679417
unsw,cic,29,False,logistic,temporal,0,cap,0.1,12192,306,1210,2977,991,249,1737,251,2726,10982,0.18084137679839737,0.09924540682414698,
unsw,cic,29,False,logistic,temporal,0,random,0.1,12192,306,1210,2977,279,215,2483,251,2726,10982,0.24567474048442905,0.09924540682414698,
unsw,cic,29,False,logistic,size,0,forced,0.0,12192,306,0,2740,0,246,2494,246,2494,12192,0.22473753280839895,0.0,
unsw,cic,29,False,logistic,size,0,frozen,0.01,12192,306,552,2740,188,239,2313,246,2494,11640,0.21924398625429553,0.045275590551181105,0.1661806910609145
unsw,cic,29,False,logistic,size,0,cap,0.01,12192,306,110,2740,74,246,2420,246,2494,12082,0.220658831319318,0.00902230971128609,
unsw,cic,29,False,logistic,size,0,random,0.01,12192,306,110,2740,19,242,2479,246,2494,12082,0.22521105777189207,0.00902230971128609,
unsw,cic,29,False,logistic,size,0,frozen,0.05,12192,306,2274,2740,743,215,1782,246,2494,9918,0.20135107884654163,0.18651574803149606,0.009840849172354948
unsw,cic,29,False,logistic,size,0,cap,0.05,12192,306,599,2740,194,237,2309,246,2494,11593,0.21961528508582764,0.04913057742782152,
unsw,cic,29,False,logistic,size,0,random,0.05,12192,306,599,2740,127,227,2386,246,2494,11593,0.22539463469334944,0.04913057742782152,
unsw,cic,29,False,logistic,size,0,frozen,0.1,12192,306,2894,2740,896,186,1658,246,2494,9298,0.19832221983222198,0.2373687664041995,0.004877863942679417
unsw,cic,29,False,logistic,size,0,cap,0.1,12192,306,1210,2740,344,227,2169,246,2494,10982,0.21817519577490438,0.09924540682414698,
unsw,cic,29,False,logistic,size,0,random,0.1,12192,306,1210,2740,253,211,2276,246,2494,10982,0.22646148242578765,0.09924540682414698,
unsw,cic,29,False,logistic,tcp,0,forced,0.0,12192,306,0,2796,0,247,2549,247,2549,12192,0.22933070866141733,0.0,
unsw,cic,29,False,logistic,tcp,0,frozen,0.01,12192,306,264,2796,141,243,2412,247,2549,11928,0.22258551307847083,0.021653543307086614,0.1661806910609145
unsw,cic,29,False,logistic,tcp,0,cap,0.01,12192,306,110,2796,63,245,2488,247,2549,12082,0.22620427081609004,0.00902230971128609,
unsw,cic,29,False,logistic,tcp,0,random,0.01,12192,306,110,2796,19,243,2534,247,2549,12082,0.2298460519781493,0.00902230971128609,
unsw,cic,29,False,logistic,tcp,0,frozen,0.05,12192,306,1042,2796,484,236,2076,247,2549,11150,0.2073542600896861,0.08546587926509186,0.009840849172354948
unsw,cic,29,False,logistic,tcp,0,cap,0.05,12192,306,599,2796,293,239,2264,247,2549,11593,0.2159061502630898,0.04913057742782152,
unsw,cic,29,False,logistic,tcp,0,random,0.05,12192,306,599,2796,128,227,2441,247,2549,11593,0.23013887690847926,0.04913057742782152,
unsw,cic,29,False,logistic,tcp,0,frozen,0.1,12192,306,1490,2796,757,231,1808,247,2549,10702,0.1905251354886937,0.12221128608923884,0.004877863942679417
unsw,cic,29,False,logistic,tcp,0,cap,0.1,12192,306,1210,2796,592,236,1968,247,2549,10982,0.20069204152249134,0.09924540682414698,
unsw,cic,29,False,logistic,tcp,0,random,0.1,12192,306,1210,2796,257,211,2328,247,2549,10982,0.23119650336914951,0.09924540682414698,
unsw,cic,29,False,logistic,temporal+tcp,0,forced,0.0,12192,306,0,3051,0,252,2799,252,2799,12192,0.250246062992126,0.0,
unsw,cic,29,False,logistic,temporal+tcp,0,frozen,0.01,12192,306,1376,3051,1158,248,1645,252,2799,10816,0.17501849112426035,0.11286089238845144,0.1661806910609145
unsw,cic,29,False,logistic,temporal+tcp,0,cap,0.01,12192,306,110,3051,60,251,2740,252,2799,12082,0.24755835126634662,0.00902230971128609,
unsw,cic,29,False,logistic,temporal+tcp,0,random,0.01,12192,306,110,3051,21,248,2782,252,2799,12082,0.25078629365999006,0.00902230971128609,
unsw,cic,29,False,logistic,temporal+tcp,0,frozen,0.05,12192,306,2021,3051,1671,246,1134,252,2799,10171,0.13567987415200078,0.16576443569553806,0.009840849172354948
unsw,cic,29,False,logistic,temporal+tcp,0,cap,0.05,12192,306,599,3051,470,250,2331,252,2799,11593,0.22263434831363754,0.04913057742782152,
unsw,cic,29,False,logistic,temporal+tcp,0,random,0.05,12192,306,599,3051,140,232,2679,252,2799,11593,0.2510998016044165,0.04913057742782152,
unsw,cic,29,False,logistic,temporal+tcp,0,frozen,0.1,12192,306,2322,3051,1915,246,890,252,2799,9870,0.11509625126646403,0.1904527559055118,0.004877863942679417
unsw,cic,29,False,logistic,temporal+tcp,0,cap,0.1,12192,306,1210,3051,1008,248,1795,252,2799,10982,0.1860316882170825,0.09924540682414698,
unsw,cic,29,False,logistic,temporal+tcp,0,random,0.1,12192,306,1210,3051,286,215,2550,252,2799,10982,0.2517756328537607,0.09924540682414698,
unsw,cic,29,False,logistic,random10,0,forced,0.0,12192,306,0,2880,0,247,2633,247,2633,12192,0.23622047244094488,0.0,
unsw,cic,29,False,logistic,random10,0,frozen,0.01,12192,306,778,2880,360,236,2284,247,2633,11414,0.2207814964079201,0.06381233595800526,0.1661806910609145
unsw,cic,29,False,logistic,random10,0,cap,0.01,12192,306,110,2880,48,247,2585,247,2633,12082,0.2343982784307234,0.00902230971128609,
unsw,cic,29,False,logistic,random10,0,random,0.01,12192,306,110,2880,20,243,2617,247,2633,12082,0.236715775533852,0.00902230971128609,
unsw,cic,29,False,logistic,random10,0,frozen,0.05,12192,306,1948,2880,811,224,1845,247,2633,10244,0.20197188598203827,0.1597769028871391,0.009840849172354948
unsw,cic,29,False,logistic,random10,0,cap,0.05,12192,306,599,2880,284,239,2357,247,2633,11593,0.2239282325541275,0.04913057742782152,
unsw,cic,29,False,logistic,random10,0,random,0.05,12192,306,599,2880,153,229,2498,247,2633,11593,0.23522815492107307,0.04913057742782152,
unsw,cic,29,False,logistic,random10,0,frozen,0.1,12192,306,2286,2880,946,215,1719,247,2633,9906,0.19523521098324248,0.1875,0.004877863942679417
unsw,cic,29,False,logistic,random10,0,cap,0.1,12192,306,1210,2880,520,234,2126,247,2633,10982,0.21489710435257695,0.09924540682414698,
unsw,cic,29,False,logistic,random10,0,random,0.1,12192,306,1210,2880,276,213,2391,247,2633,10982,0.23711527954835185,0.09924540682414698,
unsw,unsw,29,False,forest,clean,0,forced,0.0,10417,1285,0,11,0,6,5,6,5,10417,0.0010559662090813093,0.0,
unsw,unsw,29,False,forest,clean,0,frozen,0.01,10417,1285,93,11,11,0,0,6,5,10324,0.0,0.00892771431314198,0.0848736349388799
unsw,unsw,29,False,forest,clean,0,cap,0.01,10417,1285,101,11,10,0,1,6,5,10316,9.693679720822024e-05,0.009695689737928385,
unsw,unsw,29,False,forest,clean,0,random,0.01,10417,1285,101,11,0,6,5,6,5,10316,0.0010663047692904227,0.009695689737928385,
unsw,unsw,29,False,forest,clean,0,frozen,0.05,10417,1285,493,11,11,0,0,6,5,9924,0.0,0.04732648555246232,0.028909645795073935
unsw,unsw,29,False,forest,clean,0,cap,0.05,10417,1285,518,11,11,0,0,6,5,9899,0.0,0.04972640875491984,
unsw,unsw,29,False,forest,clean,0,random,0.05,10417,1285,518,11,0,6,5,6,5,9899,0.0011112233558945347,0.04972640875491984,
unsw,unsw,29,False,forest,clean,0,frozen,0.1,10417,1285,888,11,11,0,0,6,5,9529,0.0,0.08524527215129116,0.011691857964324592
unsw,unsw,29,False,forest,clean,0,cap,0.1,10417,1285,1040,11,11,0,0,6,5,9377,0.0,0.09983680522223289,
unsw,unsw,29,False,forest,clean,0,random,0.1,10417,1285,1040,11,0,6,5,6,5,9377,0.0011730830756105364,0.09983680522223289,
unsw,unsw,29,False,forest,temporal,0,forced,0.0,10417,1285,0,11,0,7,4,7,4,10417,0.0010559662090813093,0.0,
unsw,unsw,29,False,forest,temporal,0,frozen,0.01,10417,1285,1131,11,11,0,0,7,4,9286,0.0,0.10857252567917827,0.0848736349388799
unsw,unsw,29,False,forest,temporal,0,cap,0.01,10417,1285,101,11,10,0,1,7,4,10316,9.693679720822024e-05,0.009695689737928385,
unsw,unsw,29,False,forest,temporal,0,random,0.01,10417,1285,101,11,0,7,4,7,4,10316,0.0010663047692904227,0.009695689737928385,
unsw,unsw,29,False,forest,temporal,0,frozen,0.05,10417,1285,1391,11,11,0,0,7,4,9026,0.0,0.13353172698473648,0.028909645795073935
unsw,unsw,29,False,forest,temporal,0,cap,0.05,10417,1285,518,11,11,0,0,7,4,9899,0.0,0.04972640875491984,
unsw,unsw,29,False,forest,temporal,0,random,0.05,10417,1285,518,11,0,7,4,7,4,9899,0.0011112233558945347,0.04972640875491984,
unsw,unsw,29,False,forest,temporal,0,frozen,0.1,10417,1285,2002,11,11,0,0,7,4,8415,0.0,0.1921858500527983,0.011691857964324592
unsw,unsw,29,False,forest,temporal,0,cap,0.1,10417,1285,1040,11,11,0,0,7,4,9377,0.0,0.09983680522223289,
unsw,unsw,29,False,forest,temporal,0,random,0.1,10417,1285,1040,11,0,7,4,7,4,9377,0.0011730830756105364,0.09983680522223289,
unsw,unsw,29,False,forest,size,0,forced,0.0,10417,1285,0,148,0,146,2,146,2,10417,0.014207545358548526,0.0,
unsw,unsw,29,False,forest,size,0,frozen,0.01,10417,1285,1551,148,148,0,0,146,2,8866,0.0,0.14889123548046462,0.0848736349388799
unsw,unsw,29,False,forest,size,0,cap,0.01,10417,1285,101,148,49,98,1,146,2,10316,0.009596742923613804,0.009695689737928385,
unsw,unsw,29,False,forest,size,0,random,0.01,10417,1285,101,148,1,145,2,146,2,10316,0.014249709189608375,0.009695689737928385,
unsw,unsw,29,False,forest,size,0,frozen,0.05,10417,1285,2000,148,148,0,0,146,2,8417,0.0,0.1919938561966017,0.028909645795073935
unsw,unsw,29,False,forest,size,0,cap,0.05,10417,1285,518,148,146,1,1,146,2,9899,0.0002020406101626427,0.04972640875491984,
unsw,unsw,29,False,forest,size,0,random,0.05,10417,1285,518,148,5,141,2,146,2,9899,0.014445903626628953,0.04972640875491984,
unsw,unsw,29,False,forest,size,0,frozen,0.1,10417,1285,2195,148,148,0,0,146,2,8222,0.0,0.21071325717577039,0.011691857964324592
unsw,unsw,29,False,forest,size,0,cap,0.1,10417,1285,1040,148,148,0,0,146,2,9377,0.0,0.09983680522223289,
unsw,unsw,29,False,forest,size,0,random,0.1,10417,1285,1040,148,16,130,2,146,2,9377,0.014076996907326438,0.09983680522223289,
unsw,unsw,29,False,forest,tcp,0,forced,0.0,10417,1285,0,13,0,8,5,8,5,10417,0.0012479600652779111,0.0,
unsw,unsw,29,False,forest,tcp,0,frozen,0.01,10417,1285,1327,13,13,0,0,8,5,9090,0.0,0.12738792358644524,0.0848736349388799
unsw,unsw,29,False,forest,tcp,0,cap,0.01,10417,1285,101,13,12,0,1,8,5,10316,9.693679720822024e-05,0.009695689737928385,
unsw,unsw,29,False,forest,tcp,0,random,0.01,10417,1285,101,13,0,8,5,8,5,10316,0.001260178363706863,0.009695689737928385,
unsw,unsw,29,False,forest,tcp,0,frozen,0.05,10417,1285,1599,13,13,0,0,8,5,8818,0.0,0.15349908802918308,0.028909645795073935
unsw,unsw,29,False,forest,tcp,0,cap,0.05,10417,1285,518,13,13,0,0,8,5,9899,0.0,0.04972640875491984,
unsw,unsw,29,False,forest,tcp,0,random,0.05,10417,1285,518,13,0,8,5,8,5,9899,0.0013132639660571775,0.04972640875491984,
unsw,unsw,29,False,forest,tcp,0,frozen,0.1,10417,1285,1963,13,13,0,0,8,5,8454,0.0,0.18844196985696457,0.011691857964324592
unsw,unsw,29,False,forest,tcp,0,cap,0.1,10417,1285,1040,13,13,0,0,8,5,9377,0.0,0.09983680522223289,
unsw,unsw,29,False,forest,tcp,0,random,0.1,10417,1285,1040,13,0,8,5,8,5,9377,0.0013863709075397248,0.09983680522223289,
unsw,unsw,29,False,forest,temporal+tcp,0,forced,0.0,10417,1285,0,13,0,9,4,9,4,10417,0.0012479600652779111,0.0,
unsw,unsw,29,False,forest,temporal+tcp,0,frozen,0.01,10417,1285,1327,13,13,0,0,9,4,9090,0.0,0.12738792358644524,0.0848736349388799
unsw,unsw,29,False,forest,temporal+tcp,0,cap,0.01,10417,1285,101,13,12,0,1,9,4,10316,9.693679720822024e-05,0.009695689737928385,
unsw,unsw,29,False,forest,temporal+tcp,0,random,0.01,10417,1285,101,13,0,9,4,9,4,10316,0.001260178363706863,0.009695689737928385,
unsw,unsw,29,False,forest,temporal+tcp,0,frozen,0.05,10417,1285,1536,13,13,0,0,9,4,8881,0.0,0.14745128155899012,0.028909645795073935
unsw,unsw,29,False,forest,temporal+tcp,0,cap,0.05,10417,1285,518,13,13,0,0,9,4,9899,0.0,0.04972640875491984,
unsw,unsw,29,False,forest,temporal+tcp,0,random,0.05,10417,1285,518,13,0,9,4,9,4,9899,0.0013132639660571775,0.04972640875491984,
unsw,unsw,29,False,forest,temporal+tcp,0,frozen,0.1,10417,1285,2470,13,13,0,0,9,4,7947,0.0,0.23711241240280312,0.011691857964324592
unsw,unsw,29,False,forest,temporal+tcp,0,cap,0.1,10417,1285,1040,13,13,0,0,9,4,9377,0.0,0.09983680522223289,
unsw,unsw,29,False,forest,temporal+tcp,0,random,0.1,10417,1285,1040,13,0,9,4,9,4,9377,0.0013863709075397248,0.09983680522223289,
unsw,unsw,29,False,forest,random10,0,forced,0.0,10417,1285,0,39,0,35,4,35,4,10417,0.003743880195833733,0.0,
unsw,unsw,29,False,forest,random10,0,frozen,0.01,10417,1285,765,39,39,0,0,35,4,9652,0.0,0.07343764999520015,0.0848736349388799
unsw,unsw,29,False,forest,random10,0,cap,0.01,10417,1285,101,39,32,4,3,35,4,10316,0.0006785575804575417,0.009695689737928385,
unsw,unsw,29,False,forest,random10,0,random,0.01,10417,1285,101,39,0,35,4,35,4,10316,0.003780535091120589,0.009695689737928385,
unsw,unsw,29,False,forest,random10,0,frozen,0.05,10417,1285,1355,39,39,0,0,35,4,9062,0.0,0.13007583757319766,0.028909645795073935
unsw,unsw,29,False,forest,random10,0,cap,0.05,10417,1285,518,39,38,0,1,35,4,9899,0.00010102030508132135,0.04972640875491984,
unsw,unsw,29,False,forest,random10,0,random,0.05,10417,1285,518,39,0,35,4,35,4,9899,0.003939791898171533,0.04972640875491984,
unsw,unsw,29,False,forest,random10,0,frozen,0.1,10417,1285,1831,39,39,0,0,35,4,8586,0.0,0.17577037534798887,0.011691857964324592
unsw,unsw,29,False,forest,random10,0,cap,0.1,10417,1285,1040,39,39,0,0,35,4,9377,0.0,0.09983680522223289,
unsw,unsw,29,False,forest,random10,0,random,0.1,10417,1285,1040,39,1,34,4,35,4,9377,0.00405246880665458,0.09983680522223289,
unsw,ton,29,False,forest,clean,0,forced,0.0,9367,7534,0,6821,0,5871,950,5871,950,9367,0.7281947261663286,0.0,
unsw,ton,29,False,forest,clean,0,frozen,0.01,9367,7534,8745,6821,6215,606,0,5871,950,622,0.9742765273311897,0.9335966691576812,0.0848736349388799
unsw,ton,29,False,forest,clean,0,cap,0.01,9367,7534,78,6821,46,5835,940,5871,950,9289,0.7293573043384648,0.008327105796946729,
unsw,ton,29,False,forest,clean,0,random,0.01,9367,7534,78,6821,61,5814,946,5871,950,9289,0.7277424911185273,0.008327105796946729,
unsw,ton,29,False,forest,clean,0,frozen,0.05,9367,7534,9367,6821,6821,0,0,5871,950,0,,1.0,0.028909645795073935
unsw,ton,29,False,forest,clean,0,cap,0.05,9367,7534,454,6821,382,5534,905,5871,950,8913,0.7224279142825087,0.04846802604889506,
unsw,ton,29,False,forest,clean,0,random,0.05,9367,7534,454,6821,342,5568,911,5871,950,8913,0.7269157410523954,0.04846802604889506,
unsw,ton,29,False,forest,clean,0,frozen,0.1,9367,7534,9367,6821,6821,0,0,5871,950,0,,1.0,0.011691857964324592
unsw,ton,29,False,forest,clean,0,cap,0.1,9367,7534,921,6821,785,5171,865,5871,950,8446,0.7146578261899124,0.0983239030639479,
unsw,ton,29,False,forest,clean,0,random,0.1,9367,7534,921,6821,670,5286,865,5871,950,8446,0.7282737390480701,0.0983239030639479,
unsw,ton,29,False,forest,temporal,0,forced,0.0,9367,7534,0,6842,0,5903,939,5903,939,9367,0.7304366392655066,0.0,
unsw,ton,29,False,forest,temporal,0,frozen,0.01,9367,7534,9202,6842,6682,160,0,5903,939,165,0.9696969696969697,0.9823849685064588,0.0848736349388799
unsw,ton,29,False,forest,temporal,0,cap,0.01,9367,7534,78,6842,35,5871,936,5903,939,9289,0.732802239207665,0.008327105796946729,
unsw,ton,29,False,forest,temporal,0,random,0.01,9367,7534,78,6842,64,5843,935,5903,939,9289,0.7296802669824524,0.008327105796946729,
unsw,ton,29,False,forest,temporal,0,frozen,0.05,9367,7534,9366,6842,6841,1,0,5903,939,1,1.0,0.9998932422333725,0.028909645795073935
unsw,ton,29,False,forest,temporal,0,cap,0.05,9367,7534,454,6842,357,5582,903,5903,939,8913,0.7275889150678784,0.04846802604889506,
unsw,ton,29,False,forest,temporal,0,random,0.05,9367,7534,454,6842,345,5596,901,5903,939,8913,0.7289352630988444,0.04846802604889506,
unsw,ton,29,False,forest,temporal,0,frozen,0.1,9367,7534,9367,6842,6842,0,0,5903,939,0,,1.0,0.011691857964324592
unsw,ton,29,False,forest,temporal,0,cap,0.1,9367,7534,921,6842,781,5198,863,5903,939,8446,0.7176178072460336,0.0983239030639479,
unsw,ton,29,False,forest,temporal,0,random,0.1,9367,7534,921,6842,673,5314,855,5903,939,8446,0.7304049254084773,0.0983239030639479,
unsw,ton,29,False,forest,size,0,forced,0.0,9367,7534,0,7394,0,7191,203,7191,203,9367,0.7893669264438988,0.0,
unsw,ton,29,False,forest,size,0,frozen,0.01,9367,7534,9361,7394,7391,3,0,7191,203,6,0.5,0.9993594534002349,0.0848736349388799
unsw,ton,29,False,forest,size,0,cap,0.01,9367,7534,78,7394,51,7172,171,7191,203,9289,0.7905048982667672,0.008327105796946729,
unsw,ton,29,False,forest,size,0,random,0.01,9367,7534,78,7394,69,7122,203,7191,203,9289,0.7885671224028421,0.008327105796946729,
unsw,ton,29,False,forest,size,0,frozen,0.05,9367,7534,9365,7394,7393,1,0,7191,203,2,0.5,0.999786484466745,0.028909645795073935
unsw,ton,29,False,forest,size,0,cap,0.05,9367,7534,454,7394,240,6998,156,7191,203,8913,0.8026478177942331,0.04846802604889506,
unsw,ton,29,False,forest,size,0,random,0.05,9367,7534,454,7394,370,6827,197,7191,203,8913,0.7880623807921014,0.04846802604889506,
unsw,ton,29,False,forest,size,0,frozen,0.1,9367,7534,9367,7394,7394,0,0,7191,203,0,,1.0,0.011691857964324592
unsw,ton,29,False,forest,size,0,cap,0.1,9367,7534,921,7394,638,6615,141,7191,203,8446,0.7999052806062041,0.0983239030639479,
unsw,ton,29,False,forest,size,0,random,0.1,9367,7534,921,7394,739,6471,184,7191,203,8446,0.7879469571394743,0.0983239030639479,
unsw,ton,29,False,forest,tcp,0,forced,0.0,9367,7534,0,6850,0,5894,956,5894,956,9367,0.7312907013985267,0.0,
unsw,ton,29,False,forest,tcp,0,frozen,0.01,9367,7534,8693,6850,6194,656,0,5894,956,674,0.973293768545994,0.9280452652930501,0.0848736349388799
unsw,ton,29,False,forest,tcp,0,cap,0.01,9367,7534,78,6850,59,5843,948,5894,956,9289,0.7310797717730649,0.008327105796946729,
unsw,ton,29,False,forest,tcp,0,random,0.01,9367,7534,78,6850,61,5837,952,5894,956,9289,0.7308644633437399,0.008327105796946729,
unsw,ton,29,False,forest,tcp,0,frozen,0.05,9367,7534,9367,6850,6850,0,0,5894,956,0,,1.0,0.028909645795073935
unsw,ton,29,False,forest,tcp,0,cap,0.05,9367,7534,454,6850,405,5534,911,5894,956,8913,0.7231010882979917,0.04846802604889506,
unsw,ton,29,False,forest,tcp,0,random,0.05,9367,7534,454,6850,344,5589,917,5894,956,8913,0.7299450241220689,0.04846802604889506,
unsw,ton,29,False,forest,tcp,0,frozen,0.1,9367,7534,9367,6850,6850,0,0,5894,956,0,,1.0,0.011691857964324592
unsw,ton,29,False,forest,tcp,0,cap,0.1,9367,7534,921,6850,814,5172,864,5894,956,8446,0.7146578261899124,0.0983239030639479,
unsw,ton,29,False,forest,tcp,0,random,0.1,9367,7534,921,6850,672,5307,871,5894,956,8446,0.7314705185886811,0.0983239030639479,
unsw,ton,29,False,forest,temporal+tcp,0,forced,0.0,9367,7534,0,6853,0,5916,937,5916,937,9367,0.7316109746984093,0.0,
unsw,ton,29,False,forest,temporal+tcp,0,frozen,0.01,9367,7534,9196,6853,6693,160,0,5916,937,171,0.935672514619883,0.9817444219066938,0.0848736349388799
unsw,ton,29,False,forest,temporal+tcp,0,cap,0.01,9367,7534,78,6853,31,5886,936,5916,937,9289,0.7344170524276026,0.008327105796946729,
unsw,ton,29,False,forest,temporal+tcp,0,random,0.01,9367,7534,78,6853,62,5858,933,5916,937,9289,0.7310797717730649,0.008327105796946729,
unsw,ton,29,False,forest,temporal+tcp,0,frozen,0.05,9367,7534,9367,6853,6853,0,0,5916,937,0,,1.0,0.028909645795073935
unsw,ton,29,False,forest,temporal+tcp,0,cap,0.05,9367,7534,454,6853,371,5580,902,5916,937,8913,0.7272523280601368,0.04846802604889506,
unsw,ton,29,False,forest,temporal+tcp,0,random,0.05,9367,7534,454,6853,344,5610,899,5916,937,8913,0.7302816111298104,0.04846802604889506,
unsw,ton,29,False,forest,temporal+tcp,0,frozen,0.1,9367,7534,9367,6853,6853,0,0,5916,937,0,,1.0,0.011691857964324592
unsw,ton,29,False,forest,temporal+tcp,0,cap,0.1,9367,7534,921,6853,799,5192,862,5916,937,8446,0.7167890125503197,0.0983239030639479,
unsw,ton,29,False,forest,temporal+tcp,0,random,0.1,9367,7534,921,6853,671,5328,854,5916,937,8446,0.7319441155576605,0.0983239030639479,
unsw,ton,29,False,forest,random10,0,forced,0.0,9367,7534,0,6897,0,6050,847,6050,847,9367,0.7363083164300203,0.0,
unsw,ton,29,False,forest,random10,0,frozen,0.01,9367,7534,9071,6897,6614,283,0,6050,847,296,0.956081081081081,0.9683997010782535,0.0848736349388799
unsw,ton,29,False,forest,random10,0,cap,0.01,9367,7534,78,6897,42,6011,844,6050,847,9289,0.7379696415114652,0.008327105796946729,
unsw,ton,29,False,forest,random10,0,random,0.01,9367,7534,78,6897,61,5993,843,6050,847,9289,0.7359242114328776,0.008327105796946729,
unsw,ton,29,False,forest,random10,0,frozen,0.05,9367,7534,9352,6897,6884,13,0,6050,847,15,0.8666666666666667,0.9983986335005872,0.028909645795073935
unsw,ton,29,False,forest,random10,0,cap,0.05,9367,7534,454,6897,307,5793,797,6050,847,8913,0.7393694603388309,0.04846802604889506,
unsw,ton,29,False,forest,random10,0,random,0.05,9367,7534,454,6897,346,5740,811,6050,847,8913,0.7349938292381915,0.04846802604889506,
unsw,ton,29,False,forest,random10,0,frozen,0.1,9367,7534,9365,6897,6895,2,0,6050,847,2,1.0,0.999786484466745,0.011691857964324592
unsw,ton,29,False,forest,random10,0,cap,0.1,9367,7534,921,6897,678,5462,757,6050,847,8446,0.7363248875207199,0.0983239030639479,
unsw,ton,29,False,forest,random10,0,random,0.1,9367,7534,921,6897,681,5445,771,6050,847,8446,0.7359696897939854,0.0983239030639479,
unsw,cic,29,False,forest,clean,0,forced,0.0,12192,306,0,9510,0,81,9429,81,9429,12192,0.78001968503937,0.0,
unsw,cic,29,False,forest,clean,0,frozen,0.01,12192,306,12067,9510,9506,4,0,81,9429,125,0.032,0.989747375328084,0.0848736349388799
unsw,cic,29,False,forest,clean,0,cap,0.01,12192,306,110,9510,59,78,9373,81,9429,12082,0.7822380400595927,0.00902230971128609,
unsw,cic,29,False,forest,clean,0,random,0.01,12192,306,110,9510,87,78,9345,81,9429,12082,0.7799205429564642,0.00902230971128609,
unsw,cic,29,False,forest,clean,0,frozen,0.05,12192,306,12192,9510,9510,0,0,81,9429,0,,1.0,0.028909645795073935
unsw,cic,29,False,forest,clean,0,cap,0.05,12192,306,599,9510,389,76,9045,81,9429,11593,0.7867678771672562,0.04913057742782152,
unsw,cic,29,False,forest,clean,0,random,0.05,12192,306,599,9510,470,74,8966,81,9429,11593,0.7797809022686104,0.04913057742782152,
unsw,cic,29,False,forest,clean,0,frozen,0.1,12192,306,12192,9510,9510,0,0,81,9429,0,,1.0,0.011691857964324592
unsw,cic,29,False,forest,clean,0,cap,0.1,12192,306,1210,9510,692,70,8748,81,9429,10982,0.8029502822800947,0.09924540682414698,
unsw,cic,29,False,forest,clean,0,random,0.1,12192,306,1210,9510,949,71,8490,81,9429,10982,0.7795483518484794,0.09924540682414698,
unsw,cic,29,False,forest,temporal,0,forced,0.0,12192,306,0,9531,0,83,9448,83,9448,12192,0.781742125984252,0.0,
unsw,cic,29,False,forest,temporal,0,frozen,0.01,12192,306,12182,9531,9530,1,0,83,9448,10,0.1,0.9991797900262467,0.0848736349388799
unsw,cic,29,False,forest,temporal,0,cap,0.01,12192,306,110,9531,58,78,9395,83,9448,12082,0.7840589306406224,0.00902230971128609,
unsw,cic,29,False,forest,temporal,0,random,0.01,12192,306,110,9531,88,80,9363,83,9448,12082,0.7815758980301275,0.00902230971128609,
unsw,cic,29,False,forest,temporal,0,frozen,0.05,12192,306,12192,9531,9531,0,0,83,9448,0,,1.0,0.028909645795073935
unsw,cic,29,False,forest,temporal,0,cap,0.05,12192,306,599,9531,366,75,9090,83,9448,11593,0.79056327093936,0.04913057742782152,
unsw,cic,29,False,forest,temporal,0,random,0.05,12192,306,599,9531,472,76,8983,83,9448,11593,0.7814198223065643,0.04913057742782152,
unsw,cic,29,False,forest,temporal,0,frozen,0.1,12192,306,12192,9531,9531,0,0,83,9448,0,,1.0,0.011691857964324592
unsw,cic,29,False,forest,temporal,0,cap,0.1,12192,306,1210,9531,660,70,8801,83,9448,10982,0.8077763613185213,0.09924540682414698,
unsw,cic,29,False,forest,temporal,0,random,0.1,12192,306,1210,9531,952,73,8506,83,9448,10982,0.7811873975596431,0.09924540682414698,
unsw,cic,29,False,forest,size,0,forced,0.0,12192,306,0,406,0,304,102,304,102,12192,0.0333005249343832,0.0,
unsw,cic,29,False,forest,size,0,frozen,0.01,12192,306,12093,406,404,2,0,304,102,99,0.020202020202020204,0.9918799212598425,0.0848736349388799
unsw,cic,29,False,forest,size,0,cap,0.01,12192,306,110,406,7,304,95,304,102,12082,0.03302433371958285,0.00902230971128609,
unsw,cic,29,False,forest,size,0,random,0.01,12192,306,110,406,7,298,101,304,102,12082,0.03302433371958285,0.00902230971128609,
unsw,cic,29,False,forest,size,0,frozen,0.05,12192,306,12131,406,404,2,0,304,102,61,0.03278688524590164,0.994996719160105,0.028909645795073935
unsw,cic,29,False,forest,size,0,cap,0.05,12192,306,599,406,24,298,84,304,102,11593,0.032950918657810746,0.04913057742782152,
unsw,cic,29,False,forest,size,0,random,0.05,12192,306,599,406,29,280,97,304,102,11593,0.03251962391098077,0.04913057742782152,
unsw,cic,29,False,forest,size,0,frozen,0.1,12192,306,12158,406,404,2,0,304,102,34,0.058823529411764705,0.9972112860892388,0.011691857964324592
unsw,cic,29,False,forest,size,0,cap,0.1,12192,306,1210,406,91,291,24,304,102,10982,0.028683299945365143,0.09924540682414698,
unsw,cic,29,False,forest,size,0,random,0.1,12192,306,1210,406,53,261,92,304,102,10982,0.03214350755782189,0.09924540682414698,
unsw,cic,29,False,forest,tcp,0,forced,0.0,12192,306,0,8878,0,102,8776,102,8776,12192,0.7281824146981627,0.0,
unsw,cic,29,False,forest,tcp,0,frozen,0.01,12192,306,11920,8878,8868,10,0,102,8776,272,0.03676470588235294,0.9776902887139107,0.0848736349388799
unsw,cic,29,False,forest,tcp,0,cap,0.01,12192,306,110,8878,48,98,8732,102,8776,12082,0.7308392650223473,0.00902230971128609,
unsw,cic,29,False,forest,tcp,0,random,0.01,12192,306,110,8878,82,98,8698,102,8776,12082,0.7280251613971197,0.00902230971128609,
unsw,cic,29,False,forest,tcp,0,frozen,0.05,12192,306,12192,8878,8878,0,0,102,8776,0,,1.0,0.028909645795073935
unsw,cic,29,False,forest,tcp,0,cap,0.05,12192,306,599,8878,147,87,8644,102,8776,11593,0.7531268869145173,0.04913057742782152,
unsw,cic,29,False,forest,tcp,0,random,0.05,12192,306,599,8878,444,94,8340,102,8776,11593,0.7275079789528164,0.04913057742782152,
unsw,cic,29,False,forest,tcp,0,frozen,0.1,12192,306,12192,8878,8878,0,0,102,8776,0,,1.0,0.011691857964324592
unsw,cic,29,False,forest,tcp,0,cap,0.1,12192,306,1210,8878,209,71,8598,102,8776,10982,0.7893826261154616,0.09924540682414698,
unsw,cic,29,False,forest,tcp,0,random,0.1,12192,306,1210,8878,894,90,7894,102,8776,10982,0.7270078309961756,0.09924540682414698,
unsw,cic,29,False,forest,temporal+tcp,0,forced,0.0,12192,306,0,8831,0,103,8728,103,8728,12192,0.7243274278215223,0.0,
unsw,cic,29,False,forest,temporal+tcp,0,frozen,0.01,12192,306,12157,8831,8829,2,0,103,8728,35,0.05714285714285714,0.9971292650918635,0.0848736349388799
unsw,cic,29,False,forest,temporal+tcp,0,cap,0.01,12192,306,110,8831,44,98,8689,103,8728,12082,0.7272802516139713,0.00902230971128609,
unsw,cic,29,False,forest,temporal+tcp,0,random,0.01,12192,306,110,8831,82,99,8650,103,8728,12082,0.7241350769740109,0.00902230971128609,
unsw,cic,29,False,forest,temporal+tcp,0,frozen,0.05,12192,306,12192,8831,8831,0,0,103,8728,0,,1.0,0.028909645795073935
unsw,cic,29,False,forest,temporal+tcp,0,cap,0.05,12192,306,599,8831,121,85,8625,103,8728,11593,0.7513154489778314,0.04913057742782152,
unsw,cic,29,False,forest,temporal+tcp,0,random,0.05,12192,306,599,8831,443,94,8294,103,8728,11593,0.7235400672819805,0.04913057742782152,
unsw,cic,29,False,forest,temporal+tcp,0,frozen,0.1,12192,306,12192,8831,8831,0,0,103,8728,0,,1.0,0.011691857964324592
unsw,cic,29,False,forest,temporal+tcp,0,cap,0.1,12192,306,1210,8831,168,71,8592,103,8728,10982,0.7888362775450738,0.09924540682414698,
unsw,cic,29,False,forest,temporal+tcp,0,random,0.1,12192,306,1210,8831,888,90,7853,103,8728,10982,0.7232744490985249,0.09924540682414698,
unsw,cic,29,False,forest,random10,0,forced,0.0,12192,306,0,8324,0,120,8204,120,8204,12192,0.6827427821522309,0.0,
unsw,cic,29,False,forest,random10,0,frozen,0.01,12192,306,12115,8324,8322,2,0,120,8204,77,0.025974025974025976,0.9936843832020997,0.0848736349388799
unsw,cic,29,False,forest,random10,0,cap,0.01,12192,306,110,8324,59,120,8145,120,8204,12082,0.684075484191359,0.00902230971128609,
unsw,cic,29,False,forest,random10,0,random,0.01,12192,306,110,8324,79,117,8128,120,8204,12082,0.6824201291176958,0.00902230971128609,
unsw,cic,29,False,forest,random10,0,frozen,0.05,12192,306,12192,8324,8324,0,0,120,8204,0,,1.0,0.028909645795073935
unsw,cic,29,False,forest,random10,0,cap,0.05,12192,306,599,8324,311,114,7899,120,8204,11593,0.6911929612697317,0.04913057742782152,
unsw,cic,29,False,forest,random10,0,random,0.05,12192,306,599,8324,411,112,7801,120,8204,11593,0.682567066333132,0.04913057742782152,
unsw,cic,29,False,forest,random10,0,frozen,0.1,12192,306,12192,8324,8324,0,0,120,8204,0,,1.0,0.011691857964324592
unsw,cic,29,False,forest,random10,0,cap,0.1,12192,306,1210,8324,645,104,7575,120,8204,10982,0.6992351120014569,0.09924540682414698,
unsw,cic,29,False,forest,random10,0,random,0.1,12192,306,1210,8324,833,103,7388,120,8204,10982,0.6821161901293025,0.09924540682414698,
unsw,unsw,29,True,logistic,clean,0,forced,0.0,10417,1285,0,11,0,8,3,8,3,10417,0.0010559662090813093,0.0,
unsw,unsw,29,True,logistic,clean,0,frozen,0.01,10417,1285,97,11,7,2,2,8,3,10320,0.0003875968992248062,0.009311702025535183,0.10021309581669935
unsw,unsw,29,True,logistic,clean,0,cap,0.01,10417,1285,101,11,7,2,2,8,3,10316,0.00038774718883288094,0.009695689737928385,
unsw,unsw,29,True,logistic,clean,0,random,0.01,10417,1285,101,11,0,8,3,8,3,10316,0.0010663047692904227,0.009695689737928385,
unsw,unsw,29,True,logistic,clean,0,frozen,0.05,10417,1285,543,11,8,2,1,8,3,9874,0.00030382823577071097,0.05212633195737736,0.005132755569159375
unsw,unsw,29,True,logistic,clean,0,cap,0.05,10417,1285,518,11,8,2,1,8,3,9899,0.000303060915243964,0.04972640875491984,
unsw,unsw,29,True,logistic,clean,0,random,0.05,10417,1285,518,11,0,8,3,8,3,9899,0.0011112233558945347,0.04972640875491984,
unsw,unsw,29,True,logistic,clean,0,frozen,0.1,10417,1285,1161,11,8,2,1,8,3,9256,0.00032411408815903196,0.11145243352212729,0.0021471212075538926
unsw,unsw,29,True,logistic,clean,0,cap,0.1,10417,1285,1040,11,8,2,1,8,3,9377,0.0003199317478937827,0.09983680522223289,
unsw,unsw,29,True,logistic,clean,0,random,0.1,10417,1285,1040,11,0,8,3,8,3,9377,0.0011730830756105364,0.09983680522223289,
unsw,unsw,29,True,logistic,temporal,0,forced,0.0,10417,1285,0,11,0,8,3,8,3,10417,0.0010559662090813093,0.0,
unsw,unsw,29,True,logistic,temporal,0,frozen,0.01,10417,1285,241,11,7,3,1,8,3,10176,0.00039308176100628933,0.023135259671690507,0.10021309581669935
unsw,unsw,29,True,logistic,temporal,0,cap,0.01,10417,1285,101,11,6,3,2,8,3,10316,0.0004846839860411012,0.009695689737928385,
unsw,unsw,29,True,logistic,temporal,0,random,0.01,10417,1285,101,11,0,8,3,8,3,10316,0.0010663047692904227,0.009695689737928385,
unsw,unsw,29,True,logistic,temporal,0,frozen,0.05,10417,1285,953,11,8,2,1,8,3,9464,0.00031699070160608623,0.09148507247768072,0.005132755569159375
unsw,unsw,29,True,logistic,temporal,0,cap,0.05,10417,1285,518,11,8,2,1,8,3,9899,0.000303060915243964,0.04972640875491984,
unsw,unsw,29,True,logistic,temporal,0,random,0.05,10417,1285,518,11,0,8,3,8,3,9899,0.0011112233558945347,0.04972640875491984,
unsw,unsw,29,True,logistic,temporal,0,frozen,0.1,10417,1285,2083,11,8,2,1,8,3,8334,0.0003599712023038157,0.19996160122876067,0.0021471212075538926
unsw,unsw,29,True,logistic,temporal,0,cap,0.1,10417,1285,1040,11,8,2,1,8,3,9377,0.0003199317478937827,0.09983680522223289,
unsw,unsw,29,True,logistic,temporal,0,random,0.1,10417,1285,1040,11,0,8,3,8,3,9377,0.0011730830756105364,0.09983680522223289,
unsw,unsw,29,True,logistic,size,0,forced,0.0,10417,1285,0,11,0,8,3,8,3,10417,0.0010559662090813093,0.0,
unsw,unsw,29,True,logistic,size,0,frozen,0.01,10417,1285,223,11,6,3,2,8,3,10194,0.0004904845987835982,0.02140731496592109,0.10021309581669935
unsw,unsw,29,True,logistic,size,0,cap,0.01,10417,1285,101,11,2,6,3,8,3,10316,0.0008724311748739822,0.009695689737928385,
unsw,unsw,29,True,logistic,size,0,random,0.01,10417,1285,101,11,0,8,3,8,3,10316,0.0010663047692904227,0.009695689737928385,
unsw,unsw,29,True,logistic,size,0,frozen,0.05,10417,1285,1248,11,8,2,1,8,3,9169,0.000327189442687316,0.11980416626667946,0.005132755569159375
unsw,unsw,29,True,logistic,size,0,cap,0.05,10417,1285,518,11,7,3,1,8,3,9899,0.0004040812203252854,0.04972640875491984,
unsw,unsw,29,True,logistic,size,0,random,0.05,10417,1285,518,11,0,8,3,8,3,9899,0.0011112233558945347,0.04972640875491984,
unsw,unsw,29,True,logistic,size,0,frozen,0.1,10417,1285,2414,11,8,2,1,8,3,8003,0.000374859427714607,0.23173658442929826,0.0021471212075538926
unsw,unsw,29,True,logistic,size,0,cap,0.1,10417,1285,1040,11,8,2,1,8,3,9377,0.0003199317478937827,0.09983680522223289,
unsw,unsw,29,True,logistic,size,0,random,0.1,10417,1285,1040,11,0,8,3,8,3,9377,0.0011730830756105364,0.09983680522223289,
unsw,unsw,29,True,logistic,tcp,0,forced,0.0,10417,1285,0,23,0,20,3,20,3,10417,0.0022079293462609196,0.0,
unsw,unsw,29,True,logistic,tcp,0,frozen,0.01,10417,1285,300,23,13,8,2,20,3,10117,0.0009884353069091628,0.028799078429490255,0.10021309581669935
unsw,unsw,29,True,logistic,tcp,0,cap,0.01,10417,1285,101,23,12,8,3,20,3,10316,0.0010663047692904227,0.009695689737928385,
unsw,unsw,29,True,logistic,tcp,0,random,0.01,10417,1285,101,23,0,20,3,20,3,10316,0.0022295463357890656,0.009695689737928385,
unsw,unsw,29,True,logistic,tcp,0,frozen,0.05,10417,1285,1451,23,13,8,2,20,3,8966,0.001115324559446799,0.13929154267063454,0.005132755569159375
unsw,unsw,29,True,logistic,tcp,0,cap,0.05,10417,1285,518,23,13,8,2,20,3,9899,0.0010102030508132135,0.04972640875491984,
unsw,unsw,29,True,logistic,tcp,0,random,0.05,10417,1285,518,23,0,20,3,20,3,9899,0.002323467016870391,0.04972640875491984,
unsw,unsw,29,True,logistic,tcp,0,frozen,0.1,10417,1285,1875,23,13,8,2,20,3,8542,0.0011706860220088973,0.1799942401843141,0.0021471212075538926
unsw,unsw,29,True,logistic,tcp,0,cap,0.1,10417,1285,1040,23,13,8,2,20,3,9377,0.0010664391596459423,0.09983680522223289,
unsw,unsw,29,True,logistic,tcp,0,random,0.1,10417,1285,1040,23,1,19,3,20,3,9377,0.0023461661512210728,0.09983680522223289,
unsw,unsw,29,True,logistic,temporal+tcp,0,forced,0.0,10417,1285,0,24,0,21,3,21,3,10417,0.0023039262743592206,0.0,
unsw,unsw,29,True,logistic,temporal+tcp,0,frozen,0.01,10417,1285,395,24,14,8,2,21,3,10022,0.000997804829375374,0.03791878659882884,0.10021309581669935
unsw,unsw,29,True,logistic,temporal+tcp,0,cap,0.01,10417,1285,101,24,9,12,3,21,3,10316,0.0014540519581233036,0.009695689737928385,
unsw,unsw,29,True,logistic,temporal+tcp,0,random,0.01,10417,1285,101,24,0,21,3,21,3,10316,0.0023264831329972858,0.009695689737928385,
unsw,unsw,29,True,logistic,temporal+tcp,0,frozen,0.05,10417,1285,1884,24,15,8,1,21,3,8533,0.001054728700339857,0.1808582125371988,0.005132755569159375
unsw,unsw,29,True,logistic,temporal+tcp,0,cap,0.05,10417,1285,518,24,14,8,2,21,3,9899,0.0010102030508132135,0.04972640875491984,
unsw,unsw,29,True,logistic,temporal+tcp,0,random,0.05,10417,1285,518,24,0,21,3,21,3,9899,0.002424487321951712,0.04972640875491984,
unsw,unsw,29,True,logistic,temporal+tcp,0,frozen,0.1,10417,1285,2684,24,15,8,1,21,3,7733,0.001163843269106427,0.2576557550158395,0.0021471212075538926
unsw,unsw,29,True,logistic,temporal+tcp,0,cap,0.1,10417,1285,1040,24,15,8,1,21,3,9377,0.0009597952436813479,0.09983680522223289,
unsw,unsw,29,True,logistic,temporal+tcp,0,random,0.1,10417,1285,1040,24,2,19,3,21,3,9377,0.0023461661512210728,0.09983680522223289,
unsw,unsw,29,True,logistic,random10,0,forced,0.0,10417,1285,0,147,0,92,55,92,55,10417,0.014111548430450226,0.0,
unsw,unsw,29,True,logistic,random10,0,frozen,0.01,10417,1285,292,147,58,45,44,92,55,10125,0.008790123456790123,0.02803110300470385,0.10021309581669935
unsw,unsw,29,True,logistic,random10,0,cap,0.01,10417,1285,101,147,28,69,50,92,55,10316,0.011535478867778209,0.009695689737928385,
unsw,unsw,29,True,logistic,random10,0,random,0.01,10417,1285,101,147,2,90,55,92,55,10316,0.014055835595191935,0.009695689737928385,
unsw,unsw,29,True,logistic,random10,0,frozen,0.05,10417,1285,1254,147,97,18,32,92,55,9163,0.005456728145803776,0.12038014783526928,0.005132755569159375
unsw,unsw,29,True,logistic,random10,0,cap,0.05,10417,1285,518,147,74,34,39,92,55,9899,0.007374482270936458,0.04972640875491984,
unsw,unsw,29,True,logistic,random10,0,random,0.05,10417,1285,518,147,9,87,51,92,55,9899,0.013940802101222345,0.04972640875491984,
unsw,unsw,29,True,logistic,random10,0,frozen,0.1,10417,1285,1787,147,101,16,30,92,55,8630,0.005330243337195829,0.1715465105116636,0.0021471212075538926
unsw,unsw,29,True,logistic,random10,0,cap,0.1,10417,1285,1040,147,92,21,34,92,55,9377,0.005865415378052682,0.09983680522223289,
unsw,unsw,29,True,logistic,random10,0,random,0.1,10417,1285,1040,147,18,82,47,92,55,9377,0.013757065159432655,0.09983680522223289,
unsw,ton,29,True,logistic,clean,0,forced,0.0,9367,7534,0,7534,0,7502,32,7502,32,9367,0.8043130137717519,0.0,
unsw,ton,29,True,logistic,clean,0,frozen,0.01,9367,7534,95,7534,34,7481,19,7502,32,9272,0.8088869715271786,0.010141987829614604,0.10021309581669935
unsw,ton,29,True,logistic,clean,0,cap,0.01,9367,7534,78,7534,29,7477,28,7502,32,9289,0.8079448810420928,0.008327105796946729,
unsw,ton,29,True,logistic,clean,0,random,0.01,9367,7534,78,7534,70,7432,32,7502,32,9289,0.8035310582409302,0.008327105796946729,
unsw,ton,29,True,logistic,clean,0,frozen,0.05,9367,7534,267,7534,48,7470,16,7502,32,9100,0.8226373626373626,0.028504323689548413,0.005132755569159375
unsw,ton,29,True,logistic,clean,0,cap,0.05,9367,7534,454,7534,293,7218,23,7502,32,8913,0.8124088410187367,0.04846802604889506,
unsw,ton,29,True,logistic,clean,0,random,0.05,9367,7534,454,7534,377,7125,32,7502,32,8913,0.8029844048019746,0.04846802604889506,
unsw,ton,29,True,logistic,clean,0,frozen,0.1,9367,7534,391,7534,145,7374,15,7502,32,8976,0.8231951871657754,0.041742286751361164,0.0021471212075538926
unsw,ton,29,True,logistic,clean,0,cap,0.1,9367,7534,921,7534,672,6845,17,7502,32,8446,0.8124556002841582,0.0983239030639479,
unsw,ton,29,True,logistic,clean,0,random,0.1,9367,7534,921,7534,747,6755,32,7502,32,8446,0.8035756571157945,0.0983239030639479,
unsw,ton,29,True,logistic,temporal,0,forced,0.0,9367,7534,0,7532,0,7500,32,7500,32,9367,0.8040994982384968,0.0,
unsw,ton,29,True,logistic,temporal,0,frozen,0.01,9367,7534,118,7532,38,7478,16,7500,32,9249,0.8102497567304573,0.012597416462047614,0.10021309581669935
unsw,ton,29,True,logistic,temporal,0,cap,0.01,9367,7534,78,7532,27,7475,30,7500,32,9289,0.8079448810420928,0.008327105796946729,
unsw,ton,29,True,logistic,temporal,0,random,0.01,9367,7534,78,7532,70,7430,32,7500,32,9289,0.8033157498116051,0.008327105796946729,
unsw,ton,29,True,logistic,temporal,0,frozen,0.05,9367,7534,287,7532,46,7471,15,7500,32,9080,0.8244493392070484,0.030639479022098858,0.005132755569159375
unsw,ton,29,True,logistic,temporal,0,cap,0.05,9367,7534,454,7532,260,7251,21,7500,32,8913,0.8158869067653989,0.04846802604889506,
unsw,ton,29,True,logistic,temporal,0,random,0.05,9367,7534,454,7532,376,7124,32,7500,32,8913,0.8028722091327275,0.04846802604889506,
unsw,ton,29,True,logistic,temporal,0,frozen,0.1,9367,7534,320,7532,47,7470,15,7500,32,9047,0.8273460815740025,0.03416248532080709,0.0021471212075538926
unsw,ton,29,True,logistic,temporal,0,cap,0.1,9367,7534,921,7532,621,6895,16,7500,32,8446,0.8182571631541559,0.0983239030639479,
unsw,ton,29,True,logistic,temporal,0,random,0.1,9367,7534,921,7532,747,6753,32,7500,32,8446,0.8033388586313047,0.0983239030639479,
unsw,ton,29,True,logistic,size,0,forced,0.0,9367,7534,0,7532,0,7485,47,7485,47,9367,0.8040994982384968,0.0,
unsw,ton,29,True,logistic,size,0,frozen,0.01,9367,7534,187,7532,29,7479,24,7485,47,9180,0.8173202614379085,0.019963702359346643,0.10021309581669935
unsw,ton,29,True,logistic,size,0,cap,0.01,9367,7534,78,7532,10,7478,44,7485,47,9289,0.8097750026913554,0.008327105796946729,
unsw,ton,29,True,logistic,size,0,random,0.01,9367,7534,78,7532,70,7415,47,7485,47,9289,0.8033157498116051,0.008327105796946729,
unsw,ton,29,True,logistic,size,0,frozen,0.05,9367,7534,469,7532,53,7466,13,7485,47,8898,0.8405259608900877,0.05006939254830789,0.005132755569159375
unsw,ton,29,True,logistic,size,0,cap,0.05,9367,7534,454,7532,252,7243,37,7485,47,8913,0.8167844721193762,0.04846802604889506,
unsw,ton,29,True,logistic,size,0,random,0.05,9367,7534,454,7532,379,7108,45,7485,47,8913,0.802535622124986,0.04846802604889506,
unsw,ton,29,True,logistic,size,0,frozen,0.1,9367,7534,529,7532,69,7451,12,7485,47,8838,0.8444218148902467,0.05647485854595922,0.0021471212075538926
unsw,ton,29,True,logistic,size,0,cap,0.1,9367,7534,921,7532,628,6873,31,7485,47,8446,0.8174283684584419,0.0983239030639479,
unsw,ton,29,True,logistic,size,0,random,0.1,9367,7534,921,7532,749,6740,43,7485,47,8446,0.8031020601468151,0.0983239030639479,
unsw,ton,29,True,logistic,tcp,0,forced,0.0,9367,7534,0,7302,0,7238,64,7238,64,9367,0.7795452119141667,0.0,
unsw,ton,29,True,logistic,tcp,0,frozen,0.01,9367,7534,132,7302,70,7205,27,7238,64,9235,0.7831077422847862,0.014092025194832923,0.10021309581669935
unsw,ton,29,True,logistic,tcp,0,cap,0.01,9367,7534,78,7302,44,7205,53,7238,64,9289,0.7813542900204543,0.008327105796946729,
unsw,ton,29,True,logistic,tcp,0,random,0.01,9367,7534,78,7302,70,7168,64,7238,64,9289,0.7785552804392292,0.008327105796946729,
unsw,ton,29,True,logistic,tcp,0,frozen,0.05,9367,7534,199,7302,85,7200,17,7238,64,9168,0.787194589877836,0.021244795558876907,0.005132755569159375
unsw,ton,29,True,logistic,tcp,0,cap,0.05,9367,7534,454,7302,326,6947,29,7238,64,8913,0.7826769886682374,0.04846802604889506,
unsw,ton,29,True,logistic,tcp,0,random,0.05,9367,7534,454,7302,368,6871,63,7238,64,8913,0.7779647705598564,0.04846802604889506,
unsw,ton,29,True,logistic,tcp,0,frozen,0.1,9367,7534,327,7302,101,7184,17,7238,64,9040,0.796570796460177,0.034909789687199745,0.0021471212075538926
unsw,ton,29,True,logistic,tcp,0,cap,0.1,9367,7534,921,7302,695,6590,17,7238,64,8446,0.7822637935117215,0.0983239030639479,
unsw,ton,29,True,logistic,tcp,0,random,0.1,9367,7534,921,7302,724,6516,62,7238,64,8446,0.7788302154866209,0.0983239030639479,
unsw,ton,29,True,logistic,temporal+tcp,0,forced,0.0,9367,7534,0,7278,0,7225,53,7225,53,9367,0.7769830255151062,0.0,
unsw,ton,29,True,logistic,temporal+tcp,0,frozen,0.01,9367,7534,145,7278,64,7191,23,7225,53,9222,0.7822598134894817,0.015479876160990712,0.10021309581669935
unsw,ton,29,True,logistic,temporal+tcp,0,cap,0.01,9367,7534,78,7278,36,7196,46,7225,53,9289,0.7796318225858543,0.008327105796946729,
unsw,ton,29,True,logistic,temporal+tcp,0,random,0.01,9367,7534,78,7278,70,7155,53,7225,53,9289,0.7759715792873291,0.008327105796946729,
unsw,ton,29,True,logistic,temporal+tcp,0,frozen,0.05,9367,7534,228,7278,73,7189,16,7225,53,9139,0.7883794725899989,0.02434077079107505,0.005132755569159375
unsw,ton,29,True,logistic,temporal+tcp,0,cap,0.05,9367,7534,454,7278,238,7011,29,7225,53,8913,0.7898575115000561,0.04846802604889506,
unsw,ton,29,True,logistic,temporal+tcp,0,random,0.05,9367,7534,454,7278,369,6858,51,7225,53,8913,0.7751598788286772,0.04846802604889506,
unsw,ton,29,True,logistic,temporal+tcp,0,frozen,0.1,9367,7534,258,7278,75,7187,16,7225,53,9109,0.790756394774399,0.027543503789900715,0.0021471212075538926
unsw,ton,29,True,logistic,temporal+tcp,0,cap,0.1,9367,7534,921,7278,615,6645,18,7225,53,8446,0.7888941510774331,0.0983239030639479,
unsw,ton,29,True,logistic,temporal+tcp,0,random,0.1,9367,7534,921,7278,725,6502,51,7225,53,8446,0.7758702344304996,0.0983239030639479,
unsw,ton,29,True,logistic,random10,0,forced,0.0,9367,7534,0,7142,0,6959,183,6959,183,9367,0.7624639692537633,0.0,
unsw,ton,29,True,logistic,random10,0,frozen,0.01,9367,7534,275,7142,143,6861,138,6959,183,9092,0.7697976242850858,0.02935838582256859,0.10021309581669935
unsw,ton,29,True,logistic,random10,0,cap,0.01,9367,7534,78,7142,40,6926,176,6959,183,9289,0.7645602325331037,0.008327105796946729,
unsw,ton,29,True,logistic,random10,0,random,0.01,9367,7534,78,7142,65,6894,183,6959,183,9289,0.7618688771665411,0.008327105796946729,
unsw,ton,29,True,logistic,random10,0,frozen,0.05,9367,7534,672,7142,334,6691,117,6959,183,8695,0.7829787234042553,0.07174121917369489,0.005132755569159375
unsw,ton,29,True,logistic,random10,0,cap,0.05,9367,7534,454,7142,241,6753,148,6959,183,8913,0.7742623134746999,0.04846802604889506,
unsw,ton,29,True,logistic,random10,0,random,0.05,9367,7534,454,7142,357,6612,173,6959,183,8913,0.7612476158420285,0.04846802604889506,
unsw,ton,29,True,logistic,random10,0,frozen,0.1,9367,7534,859,7142,443,6595,104,6959,183,8508,0.78737658674189,0.09170492153304152,0.0021471212075538926
unsw,ton,29,True,logistic,random10,0,cap,0.1,9367,7534,921,7142,521,6502,119,6959,183,8446,0.7839213829031494,0.0983239030639479,
unsw,ton,29,True,logistic,random10,0,random,0.1,9367,7534,921,7142,714,6261,167,6959,183,8446,0.7610703291498935,0.0983239030639479,
unsw,cic,29,True,logistic,clean,0,forced,0.0,12192,306,0,2999,0,248,2751,248,2751,12192,0.24598097112860892,0.0,
unsw,cic,29,True,logistic,clean,0,frozen,0.01,12192,306,706,2999,169,230,2600,248,2751,11486,0.24638690579836323,0.057906824146981624,0.10021309581669935
unsw,cic,29,True,logistic,clean,0,cap,0.01,12192,306,110,2999,38,248,2713,248,2751,12082,0.2450753186558517,0.00902230971128609,
unsw,cic,29,True,logistic,clean,0,random,0.01,12192,306,110,2999,20,244,2735,248,2751,12082,0.24656513822214865,0.00902230971128609,
unsw,cic,29,True,logistic,clean,0,frozen,0.05,12192,306,1693,2999,432,216,2351,248,2751,10499,0.24449947614058481,0.13886154855643046,0.005132755569159375
unsw,cic,29,True,logistic,clean,0,cap,0.05,12192,306,599,2999,151,236,2612,248,2751,11593,0.24566548779435868,0.04913057742782152,
unsw,cic,29,True,logistic,clean,0,random,0.05,12192,306,599,2999,141,228,2630,248,2751,11593,0.24652807728801862,0.04913057742782152,
unsw,cic,29,True,logistic,clean,0,frozen,0.1,12192,306,2088,2999,527,210,2262,248,2751,10104,0.24465558194774348,0.17125984251968504,0.0021471212075538926
unsw,cic,29,True,logistic,clean,0,cap,0.1,12192,306,1210,2999,309,222,2468,248,2751,10982,0.24494627572391187,0.09924540682414698,
unsw,cic,29,True,logistic,clean,0,random,0.1,12192,306,1210,2999,278,212,2509,248,2751,10982,0.24776907667091605,0.09924540682414698,
unsw,cic,29,True,logistic,temporal,0,forced,0.0,12192,306,0,3304,0,247,3057,247,3057,12192,0.270997375328084,0.0,
unsw,cic,29,True,logistic,temporal,0,frozen,0.01,12192,306,391,3304,240,246,2818,247,3057,11801,0.25963901364291164,0.03207020997375328,0.10021309581669935
unsw,cic,29,True,logistic,temporal,0,cap,0.01,12192,306,110,3304,57,247,3000,247,3057,12082,0.26874689620923686,0.00902230971128609,
unsw,cic,29,True,logistic,temporal,0,random,0.01,12192,306,110,3304,27,243,3034,247,3057,12082,0.27122992881973185,0.00902230971128609,
unsw,cic,29,True,logistic,temporal,0,frozen,0.05,12192,306,1905,3304,482,229,2593,247,3057,10287,0.2743268202585788,0.15625,0.005132755569159375
unsw,cic,29,True,logistic,temporal,0,cap,0.05,12192,306,599,3304,283,245,2776,247,3057,11593,0.2605882860346761,0.04913057742782152,
unsw,cic,29,True,logistic,temporal,0,random,0.05,12192,306,599,3304,158,228,2918,247,3057,11593,0.2713706547054257,0.04913057742782152,
unsw,cic,29,True,logistic,temporal,0,frozen,0.1,12192,306,2937,3304,708,211,2385,247,3057,9255,0.2804970286331713,0.24089566929133857,0.0021471212075538926
unsw,cic,29,True,logistic,temporal,0,cap,0.1,12192,306,1210,3304,403,239,2662,247,3057,10982,0.26415953378255325,0.09924540682414698,
unsw,cic,29,True,logistic,temporal,0,random,0.1,12192,306,1210,3304,320,212,2772,247,3057,10982,0.2717173556729193,0.09924540682414698,
unsw,cic,29,True,logistic,size,0,forced,0.0,12192,306,0,3704,0,230,3474,230,3474,12192,0.3038057742782152,0.0,
unsw,cic,29,True,logistic,size,0,frozen,0.01,12192,306,1404,3704,782,185,2737,230,3474,10788,0.27085650723025584,0.11515748031496063,0.10021309581669935
unsw,cic,29,True,logistic,size,0,cap,0.01,12192,306,110,3704,55,230,3419,230,3474,12082,0.30201953318986924,0.00902230971128609,
unsw,cic,29,True,logistic,size,0,random,0.01,12192,306,110,3704,29,227,3448,230,3474,12082,0.3041714947856315,0.00902230971128609,
unsw,cic,29,True,logistic,size,0,frozen,0.05,12192,306,2714,3704,1395,126,2183,230,3474,9478,0.24361679679257228,0.22260498687664043,0.005132755569159375
unsw,cic,29,True,logistic,size,0,cap,0.05,12192,306,599,3704,368,227,3109,230,3474,11593,0.28775985508496504,0.04913057742782152,
unsw,cic,29,True,logistic,size,0,random,0.05,12192,306,599,3704,181,212,3311,230,3474,11593,0.30389027861640644,0.04913057742782152,
unsw,cic,29,True,logistic,size,0,frozen,0.1,12192,306,3047,3704,1507,122,2075,230,3474,9145,0.24024056861673046,0.24991797900262466,0.0021471212075538926
unsw,cic,29,True,logistic,size,0,cap,0.1,12192,306,1210,3704,652,211,2841,230,3474,10982,0.2779093061373156,0.09924540682414698,
unsw,cic,29,True,logistic,size,0,random,0.1,12192,306,1210,3704,349,198,3157,230,3474,10982,0.30549990894190493,0.09924540682414698,
unsw,cic,29,True,logistic,tcp,0,forced,0.0,12192,306,0,2938,0,244,2694,244,2694,12192,0.2409776902887139,0.0,
unsw,cic,29,True,logistic,tcp,0,frozen,0.01,12192,306,526,2938,177,242,2519,244,2694,11666,0.23667066689525115,0.043143044619422574,0.10021309581669935
unsw,cic,29,True,logistic,tcp,0,cap,0.01,12192,306,110,2938,54,244,2640,244,2694,12082,0.23870220162224798,0.00902230971128609,
unsw,cic,29,True,logistic,tcp,0,random,0.01,12192,306,110,2938,20,240,2678,244,2694,12082,0.24151630524747558,0.00902230971128609,
unsw,cic,29,True,logistic,tcp,0,frozen,0.05,12192,306,2009,2938,350,217,2371,244,2694,10183,0.2541490719827163,0.16478018372703412,0.005132755569159375
unsw,cic,29,True,logistic,tcp,0,cap,0.05,12192,306,599,2938,187,240,2511,244,2694,11593,0.237298369705857,0.04913057742782152,
unsw,cic,29,True,logistic,tcp,0,random,0.05,12192,306,599,2938,137,225,2576,244,2694,11593,0.24161131717415682,0.04913057742782152,
unsw,cic,29,True,logistic,tcp,0,frozen,0.1,12192,306,2357,2938,444,210,2284,244,2694,9835,0.25358413828164716,0.1933234908136483,0.0021471212075538926
unsw,cic,29,True,logistic,tcp,0,cap,0.1,12192,306,1210,2938,251,231,2456,244,2694,10982,0.2446731014387179,0.09924540682414698,
unsw,cic,29,True,logistic,tcp,0,random,0.1,12192,306,1210,2938,274,209,2455,244,2694,10982,0.24257876525223093,0.09924540682414698,
unsw,cic,29,True,logistic,temporal+tcp,0,forced,0.0,12192,306,0,3390,0,244,3146,244,3146,12192,0.2780511811023622,0.0,
unsw,cic,29,True,logistic,temporal+tcp,0,frozen,0.01,12192,306,237,3390,143,242,3005,244,3146,11955,0.27160184023421163,0.019438976377952756,0.10021309581669935
unsw,cic,29,True,logistic,temporal+tcp,0,cap,0.01,12192,306,110,3390,46,242,3102,244,3146,12082,0.2767753683165039,0.00902230971128609,
unsw,cic,29,True,logistic,temporal+tcp,0,random,0.01,12192,306,110,3390,27,240,3123,244,3146,12082,0.278347955636484,0.00902230971128609,
unsw,cic,29,True,logistic,temporal+tcp,0,frozen,0.05,12192,306,1018,3390,565,225,2600,244,3146,11174,0.2528190442097727,0.08349737532808399,0.005132755569159375
unsw,cic,29,True,logistic,temporal+tcp,0,cap,0.05,12192,306,599,3390,308,232,2850,244,3146,11593,0.2658500819460019,0.04913057742782152,
unsw,cic,29,True,logistic,temporal+tcp,0,random,0.05,12192,306,599,3390,158,225,3007,244,3146,11593,0.2787889243509014,0.04913057742782152,
unsw,cic,29,True,logistic,temporal+tcp,0,frozen,0.1,12192,306,2336,3390,1021,221,2148,244,3146,9856,0.2403612012987013,0.19160104986876642,0.0021471212075538926
unsw,cic,29,True,logistic,temporal+tcp,0,cap,0.1,12192,306,1210,3390,645,226,2519,244,3146,10982,0.24995447095246767,0.09924540682414698,
unsw,cic,29,True,logistic,temporal+tcp,0,random,0.1,12192,306,1210,3390,324,209,2857,244,3146,10982,0.27918411946822075,0.09924540682414698,
unsw,cic,29,True,logistic,random10,0,forced,0.0,12192,306,0,3422,0,238,3184,238,3184,12192,0.2806758530183727,0.0,
unsw,cic,29,True,logistic,random10,0,frozen,0.01,12192,306,1056,3422,477,216,2729,238,3184,11136,0.26445761494252873,0.08661417322834646,0.10021309581669935
unsw,cic,29,True,logistic,random10,0,cap,0.01,12192,306,110,3422,52,235,3135,238,3184,12082,0.2789273299122662,0.00902230971128609,
unsw,cic,29,True,logistic,random10,0,random,0.01,12192,306,110,3422,26,234,3162,238,3184,12082,0.28107929150802846,0.00902230971128609,
unsw,cic,29,True,logistic,random10,0,frozen,0.05,12192,306,2180,3422,910,194,2318,238,3184,10012,0.2508989212944467,0.17880577427821523,0.005132755569159375
unsw,cic,29,True,logistic,random10,0,cap,0.05,12192,306,599,3422,276,227,2919,238,3184,11593,0.2713706547054257,0.04913057742782152,
unsw,cic,29,True,logistic,random10,0,random,0.05,12192,306,599,3422,175,220,3027,238,3184,11593,0.28008280859139134,0.04913057742782152,
unsw,cic,29,True,logistic,random10,0,frozen,0.1,12192,306,2552,3422,1058,189,2175,238,3184,9640,0.24522821576763484,0.20931758530183728,0.0021471212075538926
unsw,cic,29,True,logistic,random10,0,cap,0.1,12192,306,1210,3422,548,211,2663,238,3184,10982,0.2617009652158077,0.09924540682414698,
unsw,cic,29,True,logistic,random10,0,random,0.1,12192,306,1210,3422,327,205,2890,238,3184,10982,0.2818248042250956,0.09924540682414698,
unsw,unsw,29,True,forest,clean,0,forced,0.0,10417,1285,0,3,0,0,3,0,3,10417,0.0002879907842949026,0.0,
unsw,unsw,29,True,forest,clean,0,frozen,0.01,10417,1285,98,3,3,0,0,0,3,10319,0.0,0.009407698953633484,0.0520900093370682
unsw,unsw,29,True,forest,clean,0,cap,0.01,10417,1285,101,3,3,0,0,0,3,10316,0.0,0.009695689737928385,
unsw,unsw,29,True,forest,clean,0,random,0.01,10417,1285,101,3,0,0,3,0,3,10316,0.0002908103916246607,0.009695689737928385,
unsw,unsw,29,True,forest,clean,0,frozen,0.05,10417,1285,466,3,3,0,0,0,3,9951,0.0,0.0447345684938082,0.009166666666666545
unsw,unsw,29,True,forest,clean,0,cap,0.05,10417,1285,518,3,3,0,0,0,3,9899,0.0,0.04972640875491984,
unsw,unsw,29,True,forest,clean,0,random,0.05,10417,1285,518,3,0,0,3,0,3,9899,0.000303060915243964,0.04972640875491984,
unsw,unsw,29,True,forest,clean,0,frozen,0.1,10417,1285,855,3,3,0,0,0,3,9562,0.0,0.08207737352404723,0.0
unsw,unsw,29,True,forest,clean,0,cap,0.1,10417,1285,1040,3,3,0,0,0,3,9377,0.0,0.09983680522223289,
unsw,unsw,29,True,forest,clean,0,random,0.1,10417,1285,1040,3,0,0,3,0,3,9377,0.0003199317478937827,0.09983680522223289,
unsw,unsw,29,True,forest,temporal,0,forced,0.0,10417,1285,0,4,0,1,3,1,3,10417,0.0003839877123932034,0.0,
unsw,unsw,29,True,forest,temporal,0,frozen,0.01,10417,1285,137,4,4,0,0,1,3,10280,0.0,0.013151579149467216,0.0520900093370682
unsw,unsw,29,True,forest,temporal,0,cap,0.01,10417,1285,101,4,4,0,0,1,3,10316,0.0,0.009695689737928385,
unsw,unsw,29,True,forest,temporal,0,random,0.01,10417,1285,101,4,0,1,3,1,3,10316,0.00038774718883288094,0.009695689737928385,
unsw,unsw,29,True,forest,temporal,0,frozen,0.05,10417,1285,546,4,4,0,0,1,3,9871,0.0,0.052414322741672265,0.009166666666666545
unsw,unsw,29,True,forest,temporal,0,cap,0.05,10417,1285,518,4,4,0,0,1,3,9899,0.0,0.04972640875491984,
unsw,unsw,29,True,forest,temporal,0,random,0.05,10417,1285,518,4,0,1,3,1,3,9899,0.0004040812203252854,0.04972640875491984,
unsw,unsw,29,True,forest,temporal,0,frozen,0.1,10417,1285,1081,4,4,0,0,1,3,9336,0.0,0.10377267927426323,0.0
unsw,unsw,29,True,forest,temporal,0,cap,0.1,10417,1285,1040,4,4,0,0,1,3,9377,0.0,0.09983680522223289,
unsw,unsw,29,True,forest,temporal,0,random,0.1,10417,1285,1040,4,0,1,3,1,3,9377,0.00042657566385837685,0.09983680522223289,
unsw,unsw,29,True,forest,size,0,forced,0.0,10417,1285,0,4,0,0,4,0,4,10417,0.0003839877123932034,0.0,
unsw,unsw,29,True,forest,size,0,frozen,0.01,10417,1285,323,4,3,0,1,0,4,10094,9.906875371507826e-05,0.031007007775751175,0.0520900093370682
unsw,unsw,29,True,forest,size,0,cap,0.01,10417,1285,101,4,3,0,1,0,4,10316,9.693679720822024e-05,0.009695689737928385,
unsw,unsw,29,True,forest,size,0,random,0.01,10417,1285,101,4,0,0,4,0,4,10316,0.00038774718883288094,0.009695689737928385,
unsw,unsw,29,True,forest,size,0,frozen,0.05,10417,1285,1041,4,4,0,0,0,4,9376,0.0,0.0999328021503312,0.009166666666666545
unsw,unsw,29,True,forest,size,0,cap,0.05,10417,1285,518,4,3,0,1,0,4,9899,0.00010102030508132135,0.04972640875491984,
unsw,unsw,29,True,forest,size,0,random,0.05,10417,1285,518,4,0,0,4,0,4,9899,0.0004040812203252854,0.04972640875491984,
unsw,unsw,29,True,forest,size,0,frozen,0.1,10417,1285,10067,4,4,0,0,0,4,350,0.0,0.9664010751655947,0.0
unsw,unsw,29,True,forest,size,0,cap,0.1,10417,1285,1040,4,4,0,0,0,4,9377,0.0,0.09983680522223289,
unsw,unsw,29,True,forest,size,0,random,0.1,10417,1285,1040,4,0,0,4,0,4,9377,0.00042657566385837685,0.09983680522223289,
unsw,unsw,29,True,forest,tcp,0,forced,0.0,10417,1285,0,4,0,0,4,0,4,10417,0.0003839877123932034,0.0,
unsw,unsw,29,True,forest,tcp,0,frozen,0.01,10417,1285,212,4,4,0,0,0,4,10205,0.0,0.02035134875683978,0.0520900093370682
unsw,unsw,29,True,forest,tcp,0,cap,0.01,10417,1285,101,4,4,0,0,0,4,10316,0.0,0.009695689737928385,
unsw,unsw,29,True,forest,tcp,0,random,0.01,10417,1285,101,4,0,0,4,0,4,10316,0.00038774718883288094,0.009695689737928385,
unsw,unsw,29,True,forest,tcp,0,frozen,0.05,10417,1285,964,4,4,0,0,0,4,9453,0.0,0.09254103868676203,0.009166666666666545
unsw,unsw,29,True,forest,tcp,0,cap,0.05,10417,1285,518,4,4,0,0,0,4,9899,0.0,0.04972640875491984,
unsw,unsw,29,True,forest,tcp,0,random,0.05,10417,1285,518,4,0,0,4,0,4,9899,0.0004040812203252854,0.04972640875491984,
unsw,unsw,29,True,forest,tcp,0,frozen,0.1,10417,1285,3361,4,4,0,0,0,4,7056,0.0,0.32264567533838917,0.0
unsw,unsw,29,True,forest,tcp,0,cap,0.1,10417,1285,1040,4,4,0,0,0,4,9377,0.0,0.09983680522223289,
unsw,unsw,29,True,forest,tcp,0,random,0.1,10417,1285,1040,4,0,0,4,0,4,9377,0.00042657566385837685,0.09983680522223289,
unsw,unsw,29,True,forest,temporal+tcp,0,forced,0.0,10417,1285,0,5,0,0,5,0,5,10417,0.00047998464049150427,0.0,
unsw,unsw,29,True,forest,temporal+tcp,0,frozen,0.01,10417,1285,853,5,5,0,0,0,5,9564,0.0,0.08188537966785063,0.0520900093370682
unsw,unsw,29,True,forest,temporal+tcp,0,cap,0.01,10417,1285,101,5,5,0,0,0,5,10316,0.0,0.009695689737928385,
unsw,unsw,29,True,forest,temporal+tcp,0,random,0.01,10417,1285,101,5,0,0,5,0,5,10316,0.0004846839860411012,0.009695689737928385,
unsw,unsw,29,True,forest,temporal+tcp,0,frozen,0.05,10417,1285,1397,5,5,0,0,0,5,9020,0.0,0.1341077085533263,0.009166666666666545
unsw,unsw,29,True,forest,temporal+tcp,0,cap,0.05,10417,1285,518,5,5,0,0,0,5,9899,0.0,0.04972640875491984,
unsw,unsw,29,True,forest,temporal+tcp,0,random,0.05,10417,1285,518,5,0,0,5,0,5,9899,0.0005051015254066068,0.04972640875491984,
unsw,unsw,29,True,forest,temporal+tcp,0,frozen,0.1,10417,1285,3677,5,5,0,0,0,5,6740,0.0,0.35298070461745223,0.0
unsw,unsw,29,True,forest,temporal+tcp,0,cap,0.1,10417,1285,1040,5,5,0,0,0,5,9377,0.0,0.09983680522223289,
unsw,unsw,29,True,forest,temporal+tcp,0,random,0.1,10417,1285,1040,5,0,0,5,0,5,9377,0.0005332195798229711,0.09983680522223289,
unsw,unsw,29,True,forest,random10,0,forced,0.0,10417,1285,0,31,0,28,3,28,3,10417,0.0029759047710473264,0.0,
unsw,unsw,29,True,forest,random10,0,frozen,0.01,10417,1285,755,31,31,0,0,28,3,9662,0.0,0.07247768071421715,0.0520900093370682
unsw,unsw,29,True,forest,random10,0,cap,0.01,10417,1285,101,31,24,4,3,28,3,10316,0.0006785575804575417,0.009695689737928385,
unsw,unsw,29,True,forest,random10,0,random,0.01,10417,1285,101,31,0,28,3,28,3,10316,0.0030050407134548274,0.009695689737928385,
unsw,unsw,29,True,forest,random10,0,frozen,0.05,10417,1285,1633,31,31,0,0,28,3,8784,0.0,0.15676298358452528,0.009166666666666545
unsw,unsw,29,True,forest,random10,0,cap,0.05,10417,1285,518,31,31,0,0,28,3,9899,0.0,0.04972640875491984,
unsw,unsw,29,True,forest,random10,0,random,0.05,10417,1285,518,31,0,28,3,28,3,9899,0.0031316294575209616,0.04972640875491984,
unsw,unsw,29,True,forest,random10,0,frozen,0.1,10417,1285,3598,31,31,0,0,28,3,6819,0.0,0.3453969472976865,0.0
unsw,unsw,29,True,forest,random10,0,cap,0.1,10417,1285,1040,31,31,0,0,28,3,9377,0.0,0.09983680522223289,
unsw,unsw,29,True,forest,random10,0,random,0.1,10417,1285,1040,31,0,28,3,28,3,9377,0.0033059613949024207,0.09983680522223289,
unsw,ton,29,True,forest,clean,0,forced,0.0,9367,7534,0,4568,0,3269,1299,3269,1299,9367,0.4876694779545212,0.0,
unsw,ton,29,True,forest,clean,0,frozen,0.01,9367,7534,9187,4568,4392,176,0,3269,1299,180,0.9777777777777777,0.9807836020070461,0.0520900093370682
unsw,ton,29,True,forest,clean,0,cap,0.01,9367,7534,78,4568,17,3256,1295,3269,1299,9289,0.48993433092905586,0.008327105796946729,
unsw,ton,29,True,forest,clean,0,random,0.01,9367,7534,78,4568,38,3237,1293,3269,1299,9289,0.4876735924211433,0.008327105796946729,
unsw,ton,29,True,forest,clean,0,frozen,0.05,9367,7534,9367,4568,4568,0,0,3269,1299,0,,1.0,0.009166666666666545
unsw,ton,29,True,forest,clean,0,cap,0.05,9367,7534,454,4568,148,3191,1229,3269,1299,8913,0.4959048580724784,0.04846802604889506,
unsw,ton,29,True,forest,clean,0,random,0.05,9367,7534,454,4568,230,3098,1240,3269,1299,8913,0.4867048131942107,0.04846802604889506,
unsw,ton,29,True,forest,clean,0,frozen,0.1,9367,7534,9367,4568,4568,0,0,3269,1299,0,,1.0,0.0
unsw,ton,29,True,forest,clean,0,cap,0.1,9367,7534,921,4568,236,3163,1169,3269,1299,8446,0.5129055174046886,0.0983239030639479,
unsw,ton,29,True,forest,clean,0,random,0.1,9367,7534,921,4568,466,2926,1176,3269,1299,8446,0.4856736916883732,0.0983239030639479,
unsw,ton,29,True,forest,temporal,0,forced,0.0,9367,7534,0,5448,0,4277,1171,4277,1171,9367,0.5816163125867407,0.0,
unsw,ton,29,True,forest,temporal,0,frozen,0.01,9367,7534,9367,5448,5448,0,0,4277,1171,0,,1.0,0.0520900093370682
unsw,ton,29,True,forest,temporal,0,cap,0.01,9367,7534,78,5448,34,4250,1164,4277,1171,9289,0.5828399181827969,0.008327105796946729,
unsw,ton,29,True,forest,temporal,0,random,0.01,9367,7534,78,5448,53,4229,1166,4277,1171,9289,0.5807944881042093,0.008327105796946729,
unsw,ton,29,True,forest,temporal,0,frozen,0.05,9367,7534,9367,5448,5448,0,0,4277,1171,0,,1.0,0.009166666666666545
unsw,ton,29,True,forest,temporal,0,cap,0.05,9367,7534,454,5448,89,4235,1124,4277,1171,8913,0.6012565914955683,0.04846802604889506,
unsw,ton,29,True,forest,temporal,0,random,0.05,9367,7534,454,5448,277,4049,1122,4277,1171,8913,0.5801638056771009,0.04846802604889506,
unsw,ton,29,True,forest,temporal,0,frozen,0.1,9367,7534,9367,5448,5448,0,0,4277,1171,0,,1.0,0.0
unsw,ton,29,True,forest,temporal,0,cap,0.1,9367,7534,921,5448,143,4219,1086,4277,1171,8446,0.6281079801089273,0.0983239030639479,
unsw,ton,29,True,forest,temporal,0,random,0.1,9367,7534,921,5448,555,3829,1064,4277,1171,8446,0.5793274923040492,0.0983239030639479,
unsw,ton,29,True,forest,size,0,forced,0.0,9367,7534,0,3092,0,1692,1400,1692,1400,9367,0.3300950144122985,0.0,
unsw,ton,29,True,forest,size,0,frozen,0.01,9367,7534,9366,3092,3091,1,0,1692,1400,1,1.0,0.9998932422333725,0.0520900093370682
unsw,ton,29,True,forest,size,0,cap,0.01,9367,7534,78,3092,27,1692,1373,1692,1400,9289,0.32996016794057487,0.008327105796946729,
unsw,ton,29,True,forest,size,0,random,0.01,9367,7534,78,3092,24,1675,1393,1692,1400,9289,0.3302831305845624,0.008327105796946729,
unsw,ton,29,True,forest,size,0,frozen,0.05,9367,7534,9367,3092,3092,0,0,1692,1400,0,,1.0,0.009166666666666545
unsw,ton,29,True,forest,size,0,cap,0.05,9367,7534,454,3092,102,1692,1298,1692,1400,8913,0.3354650510490295,0.04846802604889506,
unsw,ton,29,True,forest,size,0,random,0.05,9367,7534,454,3092,149,1607,1336,1692,1400,8913,0.33019185459441264,0.04846802604889506,
unsw,ton,29,True,forest,size,0,frozen,0.1,9367,7534,9367,3092,3092,0,0,1692,1400,0,,1.0,0.0
unsw,ton,29,True,forest,size,0,cap,0.1,9367,7534,921,3092,197,1692,1203,1692,1400,8446,0.3427658062988397,0.0983239030639479,
unsw,ton,29,True,forest,size,0,random,0.1,9367,7534,921,3092,307,1517,1268,1692,1400,8446,0.3297418896519062,0.0983239030639479,
unsw,ton,29,True,forest,tcp,0,forced,0.0,9367,7534,0,3594,0,2228,1366,2228,1366,9367,0.3836874132593146,0.0,
unsw,ton,29,True,forest,tcp,0,frozen,0.01,9367,7534,9366,3594,3593,1,0,2228,1366,1,1.0,0.9998932422333725,0.0520900093370682
unsw,ton,29,True,forest,tcp,0,cap,0.01,9367,7534,78,3594,19,2211,1364,2228,1366,9289,0.38486381741845194,0.008327105796946729,
unsw,ton,29,True,forest,tcp,0,random,0.01,9367,7534,78,3594,31,2204,1359,2228,1366,9289,0.3835719668425019,0.008327105796946729,
unsw,ton,29,True,forest,tcp,0,frozen,0.05,9367,7534,9367,3594,3594,0,0,2228,1366,0,,1.0,0.009166666666666545
unsw,ton,29,True,forest,tcp,0,cap,0.05,9367,7534,454,3594,187,2086,1321,2228,1366,8913,0.38225064512509815,0.04846802604889506,
unsw,ton,29,True,forest,tcp,0,random,0.05,9367,7534,454,3594,180,2111,1303,2228,1366,8913,0.38303601480982835,0.04846802604889506,
unsw,ton,29,True,forest,tcp,0,frozen,0.1,9367,7534,9367,3594,3594,0,0,2228,1366,0,,1.0,0.0
unsw,ton,29,True,forest,tcp,0,cap,0.1,9367,7534,921,3594,453,1895,1246,2228,1366,8446,0.3718920198910727,0.0983239030639479,
unsw,ton,29,True,forest,tcp,0,random,0.1,9367,7534,921,3594,362,1997,1235,2228,1366,8446,0.382666350935354,0.0983239030639479,
unsw,ton,29,True,forest,temporal+tcp,0,forced,0.0,9367,7534,0,5108,0,3847,1261,3847,1261,9367,0.5453186719333831,0.0,
unsw,ton,29,True,forest,temporal+tcp,0,frozen,0.01,9367,7534,9367,5108,5108,0,0,3847,1261,0,,1.0,0.0520900093370682
unsw,ton,29,True,forest,temporal+tcp,0,cap,0.01,9367,7534,78,5108,14,3835,1259,3847,1261,9289,0.5483905694907956,0.008327105796946729,
unsw,ton,29,True,forest,temporal+tcp,0,random,0.01,9367,7534,78,5108,48,3805,1255,3847,1261,9289,0.5447303261922705,0.008327105796946729,
unsw,ton,29,True,forest,temporal+tcp,0,frozen,0.05,9367,7534,9367,5108,5108,0,0,3847,1261,0,,1.0,0.009166666666666545
unsw,ton,29,True,forest,temporal+tcp,0,cap,0.05,9367,7534,454,5108,335,3539,1234,3847,1261,8913,0.5355099293167284,0.04846802604889506,
unsw,ton,29,True,forest,temporal+tcp,0,random,0.05,9367,7534,454,5108,261,3640,1207,3847,1261,8913,0.5438124088410188,0.04846802604889506,
unsw,ton,29,True,forest,temporal+tcp,0,frozen,0.1,9367,7534,9367,5108,5108,0,0,3847,1261,0,,1.0,0.0
unsw,ton,29,True,forest,temporal+tcp,0,cap,0.1,9367,7534,921,5108,745,3184,1179,3847,1261,8446,0.5165758939142789,0.0983239030639479,
unsw,ton,29,True,forest,temporal+tcp,0,random,0.1,9367,7534,921,5108,527,3440,1141,3847,1261,8446,0.5423869287236561,0.0983239030639479,
unsw,ton,29,True,forest,random10,0,forced,0.0,9367,7534,0,4685,0,3481,1204,3481,1204,9367,0.5001601366499413,0.0,
unsw,ton,29,True,forest,random10,0,frozen,0.01,9367,7534,9305,4685,4623,62,0,3481,1204,62,1.0,0.9933810184690937,0.0520900093370682
unsw,ton,29,True,forest,random10,0,cap,0.01,9367,7534,78,4685,36,3451,1198,3481,1204,9289,0.5004844439659812,0.008327105796946729,
unsw,ton,29,True,forest,random10,0,random,0.01,9367,7534,78,4685,41,3447,1197,3481,1204,9289,0.49994617289266874,0.008327105796946729,
unsw,ton,29,True,forest,random10,0,frozen,0.05,9367,7534,9366,4685,4684,1,0,3481,1204,1,1.0,0.9998932422333725,0.009166666666666545
unsw,ton,29,True,forest,random10,0,cap,0.05,9367,7534,454,4685,221,3305,1159,3481,1204,8913,0.5008414675193538,0.04846802604889506,
unsw,ton,29,True,forest,random10,0,random,0.05,9367,7534,454,4685,247,3291,1147,3481,1204,8913,0.4979243801189274,0.04846802604889506,
unsw,ton,29,True,forest,random10,0,frozen,0.1,9367,7534,9367,4685,4685,0,0,3481,1204,0,,1.0,0.0
unsw,ton,29,True,forest,random10,0,cap,0.1,9367,7534,921,4685,444,3146,1095,3481,1204,8446,0.5021311863604073,0.0983239030639479,
unsw,ton,29,True,forest,random10,0,random,0.1,9367,7534,921,4685,488,3108,1089,3481,1204,8446,0.4969216197016339,0.0983239030639479,
unsw,cic,29,True,forest,clean,0,forced,0.0,12192,306,0,10397,0,61,10336,61,10336,12192,0.852772309711286,0.0,
unsw,cic,29,True,forest,clean,0,frozen,0.01,12192,306,12188,10397,10397,0,0,61,10336,4,0.0,0.9996719160104987,0.0520900093370682
unsw,cic,29,True,forest,clean,0,cap,0.01,12192,306,110,10397,91,61,10245,61,10336,12082,0.8530044694586989,0.00902230971128609,
unsw,cic,29,True,forest,clean,0,random,0.01,12192,306,110,10397,92,59,10246,61,10336,12082,0.8529217017050157,0.00902230971128609,
unsw,cic,29,True,forest,clean,0,frozen,0.05,12192,306,12192,10397,10397,0,0,61,10336,0,,1.0,0.009166666666666545
unsw,cic,29,True,forest,clean,0,cap,0.05,12192,306,599,10397,561,61,9775,61,10336,11593,0.8484430259639437,0.04913057742782152,
unsw,cic,29,True,forest,clean,0,random,0.05,12192,306,599,10397,502,55,9840,61,10336,11593,0.8535323039765376,0.04913057742782152,
unsw,cic,29,True,forest,clean,0,frozen,0.1,12192,306,12192,10397,10397,0,0,61,10336,0,,1.0,0.0
unsw,cic,29,True,forest,clean,0,cap,0.1,12192,306,1210,10397,1155,59,9183,61,10336,10982,0.8415589145875069,0.09924540682414698,
unsw,cic,29,True,forest,clean,0,random,0.1,12192,306,1210,10397,1018,53,9326,61,10336,10982,0.8540338736113641,0.09924540682414698,
unsw,cic,29,True,forest,temporal,0,forced,0.0,12192,306,0,10382,0,61,10321,61,10321,12192,0.8515419947506562,0.0,
unsw,cic,29,True,forest,temporal,0,frozen,0.01,12192,306,12192,10382,10382,0,0,61,10321,0,,1.0,0.0520900093370682
unsw,cic,29,True,forest,temporal,0,cap,0.01,12192,306,110,10382,83,61,10238,61,10321,12082,0.8524250951829168,0.00902230971128609,
unsw,cic,29,True,forest,temporal,0,random,0.01,12192,306,110,10382,92,59,10231,61,10321,12082,0.8516801853997682,0.00902230971128609,
unsw,cic,29,True,forest,temporal,0,frozen,0.05,12192,306,12192,10382,10382,0,0,61,10321,0,,1.0,0.009166666666666545
unsw,cic,29,True,forest,temporal,0,cap,0.05,12192,306,599,10382,550,61,9771,61,10321,11593,0.8480979901664798,0.04913057742782152,
unsw,cic,29,True,forest,temporal,0,random,0.05,12192,306,599,10382,501,55,9826,61,10321,11593,0.8523246786854136,0.04913057742782152,
unsw,cic,29,True,forest,temporal,0,frozen,0.1,12192,306,12192,10382,10382,0,0,61,10321,0,,1.0,0.0
unsw,cic,29,True,forest,temporal,0,cap,0.1,12192,306,1210,10382,1144,59,9179,61,10321,10982,0.8411946822072482,0.09924540682414698,
unsw,cic,29,True,forest,temporal,0,random,0.1,12192,306,1210,10382,1016,53,9313,61,10321,10982,0.8528501183755236,0.09924540682414698,
unsw,cic,29,True,forest,size,0,forced,0.0,12192,306,0,10364,0,62,10302,62,10302,12192,0.8500656167979003,0.0,
unsw,cic,29,True,forest,size,0,frozen,0.01,12192,306,12161,10364,10363,1,0,62,10302,31,0.03225806451612903,0.9974573490813649,0.0520900093370682
unsw,cic,29,True,forest,size,0,cap,0.01,12192,306,110,10364,64,59,10241,62,10302,12082,0.8525078629365999,0.00902230971128609,
unsw,cic,29,True,forest,size,0,random,0.01,12192,306,110,10364,92,60,10212,62,10302,12082,0.8501903658334713,0.00902230971128609,
unsw,cic,29,True,forest,size,0,frozen,0.05,12192,306,12192,10364,10364,0,0,62,10302,0,,1.0,0.009166666666666545
unsw,cic,29,True,forest,size,0,cap,0.05,12192,306,599,10364,455,56,9853,62,10302,11593,0.8547399292676615,0.04913057742782152,
unsw,cic,29,True,forest,size,0,random,0.05,12192,306,599,10364,500,56,9808,62,10302,11593,0.8508582765461916,0.04913057742782152,
unsw,cic,29,True,forest,size,0,frozen,0.1,12192,306,12192,10364,10364,0,0,62,10302,0,,1.0,0.0
unsw,cic,29,True,forest,size,0,cap,0.1,12192,306,1210,10364,1042,56,9266,62,10302,10982,0.848843562192679,0.09924540682414698,
unsw,cic,29,True,forest,size,0,random,0.1,12192,306,1210,10364,1015,54,9295,62,10302,10982,0.8513021307594245,0.09924540682414698,
unsw,cic,29,True,forest,tcp,0,forced,0.0,12192,306,0,10410,0,59,10351,59,10351,12192,0.8538385826771654,0.0,
unsw,cic,29,True,forest,tcp,0,frozen,0.01,12192,306,12192,10410,10410,0,0,59,10351,0,,1.0,0.0520900093370682
unsw,cic,29,True,forest,tcp,0,cap,0.01,12192,306,110,10410,104,58,10248,59,10351,12082,0.8530044694586989,0.00902230971128609,
unsw,cic,29,True,forest,tcp,0,random,0.01,12192,306,110,10410,92,57,10261,59,10351,12082,0.8539976825028969,0.00902230971128609,
unsw,cic,29,True,forest,tcp,0,frozen,0.05,12192,306,12192,10410,10410,0,0,59,10351,0,,1.0,0.009166666666666545
unsw,cic,29,True,forest,tcp,0,cap,0.05,12192,306,599,10410,576,58,9776,59,10351,11593,0.8482705080652118,0.04913057742782152,
unsw,cic,29,True,forest,tcp,0,random,0.05,12192,306,599,10410,502,53,9855,59,10351,11593,0.8546536703182955,0.04913057742782152,
unsw,cic,29,True,forest,tcp,0,frozen,0.1,12192,306,12192,10410,10410,0,0,59,10351,0,,1.0,0.0
unsw,cic,29,True,forest,tcp,0,cap,0.1,12192,306,1210,10410,1172,58,9180,59,10351,10982,0.8411946822072482,0.09924540682414698,
unsw,cic,29,True,forest,tcp,0,random,0.1,12192,306,1210,10410,1019,51,9340,59,10351,10982,0.8551265707521398,0.09924540682414698,
unsw,cic,29,True,forest,temporal+tcp,0,forced,0.0,12192,306,0,10385,0,61,10324,61,10324,12192,0.8517880577427821,0.0,
unsw,cic,29,True,forest,temporal+tcp,0,frozen,0.01,12192,306,12192,10385,10385,0,0,61,10324,0,,1.0,0.0520900093370682
unsw,cic,29,True,forest,temporal+tcp,0,cap,0.01,12192,306,110,10385,103,58,10224,61,10324,12082,0.851018043370303,0.00902230971128609,
unsw,cic,29,True,forest,temporal+tcp,0,random,0.01,12192,306,110,10385,92,59,10234,61,10324,12082,0.8519284886608177,0.00902230971128609,
unsw,cic,29,True,forest,temporal+tcp,0,frozen,0.05,12192,306,12192,10385,10385,0,0,61,10324,0,,1.0,0.009166666666666545
unsw,cic,29,True,forest,temporal+tcp,0,cap,0.05,12192,306,599,10385,562,58,9765,61,10324,11593,0.8473216596221858,0.04913057742782152,
unsw,cic,29,True,forest,temporal+tcp,0,random,0.05,12192,306,599,10385,501,55,9829,61,10324,11593,0.8525834555335116,0.04913057742782152,
unsw,cic,29,True,forest,temporal+tcp,0,frozen,0.1,12192,306,12192,10385,10385,0,0,61,10324,0,,1.0,0.0
unsw,cic,29,True,forest,temporal+tcp,0,cap,0.1,12192,306,1210,10385,1148,58,9179,61,10324,10982,0.8411036241121835,0.09924540682414698,
unsw,cic,29,True,forest,temporal+tcp,0,random,0.1,12192,306,1210,10385,1016,53,9316,61,10324,10982,0.8531232926607175,0.09924540682414698,
unsw,cic,29,True,forest,random10,0,forced,0.0,12192,306,0,9655,0,79,9576,79,9576,12192,0.7919127296587927,0.0,
unsw,cic,29,True,forest,random10,0,frozen,0.01,12192,306,12190,9655,9655,0,0,79,9576,2,0.0,0.9998359580052494,0.0520900093370682
unsw,cic,29,True,forest,random10,0,cap,0.01,12192,306,110,9655,79,79,9497,79,9576,12082,0.7925840092699884,0.00902230971128609,
unsw,cic,29,True,forest,random10,0,random,0.01,12192,306,110,9655,87,77,9491,79,9576,12082,0.791921867240523,0.00902230971128609,
unsw,cic,29,True,forest,random10,0,frozen,0.05,12192,306,12192,9655,9655,0,0,79,9576,0,,1.0,0.009166666666666545
unsw,cic,29,True,forest,random10,0,cap,0.05,12192,306,599,9655,477,76,9102,79,9576,11593,0.7916846372811179,0.04913057742782152,
unsw,cic,29,True,forest,random10,0,random,0.05,12192,306,599,9655,463,73,9119,79,9576,11593,0.7928922625722419,0.04913057742782152,
unsw,cic,29,True,forest,random10,0,frozen,0.1,12192,306,12192,9655,9655,0,0,79,9576,0,,1.0,0.0
unsw,cic,29,True,forest,random10,0,cap,0.1,12192,306,1210,9655,991,74,8590,79,9576,10982,0.7889273356401384,0.09924540682414698,
unsw,cic,29,True,forest,random10,0,random,0.1,12192,306,1210,9655,945,70,8640,79,9576,10982,0.7931160080131123,0.09924540682414698,
unsw,unsw,43,False,logistic,clean,0,forced,0.0,10417,1285,0,11,0,9,2,9,2,10417,0.0010559662090813093,0.0,
unsw,unsw,43,False,logistic,clean,0,frozen,0.01,10417,1285,92,11,7,2,2,9,2,10325,0.000387409200968523,0.008831717385043679,0.1661806910609145
unsw,unsw,43,False,logistic,clean,0,cap,0.01,10417,1285,101,11,7,2,2,9,2,10316,0.00038774718883288094,0.009695689737928385,
unsw,unsw,43,False,logistic,clean,0,random,0.01,10417,1285,101,11,0,9,2,9,2,10316,0.0010663047692904227,0.009695689737928385,
unsw,unsw,43,False,logistic,clean,0,frozen,0.05,10417,1285,576,11,10,0,1,9,2,9841,0.000101615689462453,0.055294230584621296,0.009840849172354948
unsw,unsw,43,False,logistic,clean,0,cap,0.05,10417,1285,518,11,10,0,1,9,2,9899,0.00010102030508132135,0.04972640875491984,
unsw,unsw,43,False,logistic,clean,0,random,0.05,10417,1285,518,11,0,9,2,9,2,9899,0.0011112233558945347,0.04972640875491984,
unsw,unsw,43,False,logistic,clean,0,frozen,0.1,10417,1285,1153,11,10,0,1,9,2,9264,0.0001079447322970639,0.11068445809734088,0.004877863942679417
unsw,unsw,43,False,logistic,clean,0,cap,0.1,10417,1285,1040,11,10,0,1,9,2,9377,0.00010664391596459421,0.09983680522223289,
unsw,unsw,43,False,logistic,clean,0,random,0.1,10417,1285,1040,11,0,9,2,9,2,9377,0.0011730830756105364,0.09983680522223289,
unsw,unsw,43,False,logistic,temporal,0,forced,0.0,10417,1285,0,83,0,82,1,82,1,10417,0.007967745032158972,0.0,
unsw,unsw,43,False,logistic,temporal,0,frozen,0.01,10417,1285,402,83,76,6,1,82,1,10015,0.0006989515726410385,0.03859076509551694,0.1661806910609145
unsw,unsw,43,False,logistic,temporal,0,cap,0.01,10417,1285,101,83,39,43,1,82,1,10316,0.004265219077161691,0.009695689737928385,
unsw,unsw,43,False,logistic,temporal,0,random,0.01,10417,1285,101,83,0,82,1,82,1,10316,0.00804575416828228,0.009695689737928385,
unsw,unsw,43,False,logistic,temporal,0,frozen,0.05,10417,1285,888,83,80,2,1,82,1,9529,0.000314828418511911,0.08524527215129116,0.009840849172354948
unsw,unsw,43,False,logistic,temporal,0,cap,0.05,10417,1285,518,83,76,6,1,82,1,9899,0.0007071421355692494,0.04972640875491984,
unsw,unsw,43,False,logistic,temporal,0,random,0.05,10417,1285,518,83,1,81,1,82,1,9899,0.00828366501666835,0.04972640875491984,
unsw,unsw,43,False,logistic,temporal,0,frozen,0.1,10417,1285,1085,83,80,2,1,82,1,9332,0.0003214744963566224,0.10415666698665643,0.004877863942679417
unsw,unsw,43,False,logistic,temporal,0,cap,0.1,10417,1285,1040,83,80,2,1,82,1,9377,0.0003199317478937827,0.09983680522223289,
unsw,unsw,43,False,logistic,temporal,0,random,0.1,10417,1285,1040,83,6,76,1,82,1,9377,0.008211581529273754,0.09983680522223289,
unsw,unsw,43,False,logistic,size,0,forced,0.0,10417,1285,0,315,0,311,4,311,4,10417,0.03023903235096477,0.0,
unsw,unsw,43,False,logistic,size,0,frozen,0.01,10417,1285,406,315,266,47,2,311,4,10011,0.004894615922485266,0.03897475280791015,0.1661806910609145
unsw,unsw,43,False,logistic,size,0,cap,0.01,10417,1285,101,315,67,246,2,311,4,10316,0.02404032570763862,0.009695689737928385,
unsw,unsw,43,False,logistic,size,0,random,0.01,10417,1285,101,315,6,305,4,311,4,10316,0.029953470337340055,0.009695689737928385,
unsw,unsw,43,False,logistic,size,0,frozen,0.05,10417,1285,479,315,312,2,1,311,4,9938,0.00030187160394445564,0.04598252855908611,0.009840849172354948
unsw,unsw,43,False,logistic,size,0,cap,0.05,10417,1285,518,315,300,14,1,311,4,9899,0.0015153045762198202,0.04972640875491984,
unsw,unsw,43,False,logistic,size,0,random,0.05,10417,1285,518,315,22,289,4,311,4,9899,0.029598949388827154,0.04972640875491984,
unsw,unsw,43,False,logistic,size,0,frozen,0.1,10417,1285,555,315,312,2,1,311,4,9862,0.0003041979314540661,0.05327829509455698,0.004877863942679417
unsw,unsw,43,False,logistic,size,0,cap,0.1,10417,1285,1040,315,312,2,1,311,4,9377,0.0003199317478937827,0.09983680522223289,
unsw,unsw,43,False,logistic,size,0,random,0.1,10417,1285,1040,315,39,272,4,311,4,9377,0.029433720806228005,0.09983680522223289,
unsw,unsw,43,False,logistic,tcp,0,forced,0.0,10417,1285,0,99,0,97,2,97,2,10417,0.009503695881731784,0.0,
unsw,unsw,43,False,logistic,tcp,0,frozen,0.01,10417,1285,444,99,83,14,2,97,2,9973,0.0016043316955780607,0.04262263607564558,0.1661806910609145
unsw,unsw,43,False,logistic,tcp,0,cap,0.01,10417,1285,101,99,35,62,2,97,2,10316,0.006203955021326095,0.009695689737928385,
unsw,unsw,43,False,logistic,tcp,0,random,0.01,10417,1285,101,99,1,96,2,97,2,10316,0.009499806126405583,0.009695689737928385,
unsw,unsw,43,False,logistic,tcp,0,frozen,0.05,10417,1285,1116,99,90,8,1,97,2,9301,0.0009676378883990968,0.10713257175770376,0.009840849172354948
unsw,unsw,43,False,logistic,tcp,0,cap,0.05,10417,1285,518,99,89,9,1,97,2,9899,0.0010102030508132135,0.04972640875491984,
unsw,unsw,43,False,logistic,tcp,0,random,0.05,10417,1285,518,99,5,92,2,97,2,9899,0.009495908677644207,0.04972640875491984,
unsw,unsw,43,False,logistic,tcp,0,frozen,0.1,10417,1285,1307,99,90,8,1,97,2,9110,0.0009879253567508233,0.12546798502447923,0.004877863942679417
unsw,unsw,43,False,logistic,tcp,0,cap,0.1,10417,1285,1040,99,90,8,1,97,2,9377,0.0009597952436813479,0.09983680522223289,
unsw,unsw,43,False,logistic,tcp,0,random,0.1,10417,1285,1040,99,10,87,2,97,2,9377,0.009491308520848885,0.09983680522223289,
unsw,unsw,43,False,logistic,temporal+tcp,0,forced,0.0,10417,1285,0,416,0,415,1,415,1,10417,0.039934722088893156,0.0,
unsw,unsw,43,False,logistic,temporal+tcp,0,frozen,0.01,10417,1285,390,416,268,147,1,415,1,10027,0.014760147601476014,0.037438801958337334,0.1661806910609145
unsw,unsw,43,False,logistic,temporal+tcp,0,cap,0.01,10417,1285,101,416,63,352,1,415,1,10316,0.03421868941450174,0.009695689737928385,
unsw,unsw,43,False,logistic,temporal+tcp,0,random,0.01,10417,1285,101,416,6,409,1,415,1,10316,0.0397440868553703,0.009695689737928385,
unsw,unsw,43,False,logistic,temporal+tcp,0,frozen,0.05,10417,1285,1005,416,408,8,0,415,1,9412,0.0008499787505312367,0.09647691273879236,0.009840849172354948
unsw,unsw,43,False,logistic,temporal+tcp,0,cap,0.05,10417,1285,518,416,346,69,1,415,1,9899,0.007071421355692494,0.04972640875491984,
unsw,unsw,43,False,logistic,temporal+tcp,0,random,0.05,10417,1285,518,416,23,392,1,415,1,9899,0.03970097989695929,0.04972640875491984,
unsw,unsw,43,False,logistic,temporal+tcp,0,frozen,0.1,10417,1285,1390,416,408,8,0,415,1,9027,0.0008862301982940069,0.1334357300566382,0.004877863942679417
unsw,unsw,43,False,logistic,temporal+tcp,0,cap,0.1,10417,1285,1040,416,407,8,1,415,1,9377,0.0009597952436813479,0.09983680522223289,
unsw,unsw,43,False,logistic,temporal+tcp,0,random,0.1,10417,1285,1040,416,44,371,1,415,1,9377,0.03967153673882905,0.09983680522223289,
unsw,unsw,43,False,logistic,random10,0,forced,0.0,10417,1285,0,220,0,168,52,168,52,10417,0.021119324181626188,0.0,
unsw,unsw,43,False,logistic,random10,0,frozen,0.01,10417,1285,324,220,110,71,39,168,52,10093,0.010898642623600515,0.031103004703849475,0.1661806910609145
unsw,unsw,43,False,logistic,random10,0,cap,0.01,10417,1285,101,220,48,124,48,168,52,10316,0.016673129119813883,0.009695689737928385,
unsw,unsw,43,False,logistic,random10,0,random,0.01,10417,1285,101,220,3,166,51,168,52,10316,0.021035284994183792,0.009695689737928385,
unsw,unsw,43,False,logistic,random10,0,frozen,0.05,10417,1285,1084,220,163,34,23,168,52,9333,0.006107360977177756,0.10406067005855812,0.009840849172354948
unsw,unsw,43,False,logistic,random10,0,cap,0.05,10417,1285,518,220,130,54,36,168,52,9899,0.00909182745731892,0.04972640875491984,
unsw,unsw,43,False,logistic,random10,0,random,0.05,10417,1285,518,220,13,158,49,168,52,9899,0.020911203151833518,0.04972640875491984,
unsw,unsw,43,False,logistic,random10,0,frozen,0.1,10417,1285,1533,220,170,31,19,168,52,8884,0.005628095452498875,0.1471632907746952,0.004877863942679417
unsw,unsw,43,False,logistic,random10,0,cap,0.1,10417,1285,1040,220,161,34,25,168,52,9377,0.006291991041911059,0.09983680522223289,
unsw,unsw,43,False,logistic,random10,0,random,0.1,10417,1285,1040,220,23,150,47,168,52,9377,0.02100885144502506,0.09983680522223289,
unsw,ton,43,False,logistic,clean,0,forced,0.0,9367,7534,0,7553,0,7505,48,7505,48,9367,0.8063414113376748,0.0,
unsw,ton,43,False,logistic,clean,0,frozen,0.01,9367,7534,197,7553,44,7489,20,7505,48,9170,0.81886586695747,0.021031280025621865,0.1661806910609145
unsw,ton,43,False,logistic,clean,0,cap,0.01,9367,7534,78,7553,37,7472,44,7505,48,9289,0.8091290774033804,0.008327105796946729,
unsw,ton,43,False,logistic,clean,0,random,0.01,9367,7534,78,7553,73,7432,48,7505,48,9289,0.8052535256755302,0.008327105796946729,
unsw,ton,43,False,logistic,clean,0,frozen,0.05,9367,7534,270,7553,67,7472,14,7505,48,9097,0.8229086512036935,0.028824596989430983,0.009840849172354948
unsw,ton,43,False,logistic,clean,0,cap,0.05,9367,7534,454,7553,284,7241,28,7505,48,8913,0.8155503197576573,0.04846802604889506,
unsw,ton,43,False,logistic,clean,0,random,0.05,9367,7534,454,7553,382,7124,47,7505,48,8913,0.804555144171435,0.04846802604889506,
unsw,ton,43,False,logistic,clean,0,frozen,0.1,9367,7534,297,7553,72,7468,13,7505,48,9070,0.8248070562293275,0.03170705668837408,0.004877863942679417
unsw,ton,43,False,logistic,clean,0,cap,0.1,9367,7534,921,7553,632,6900,21,7505,48,8446,0.8194411555766044,0.0983239030639479,
unsw,ton,43,False,logistic,clean,0,random,0.1,9367,7534,921,7553,768,6743,42,7505,48,8446,0.8033388586313047,0.0983239030639479,
unsw,ton,43,False,logistic,temporal,0,forced,0.0,9367,7534,0,7544,0,7527,17,7527,17,9367,0.8053805914380271,0.0,
unsw,ton,43,False,logistic,temporal,0,frozen,0.01,9367,7534,45,7544,33,7497,14,7527,17,9322,0.8057283844668526,0.0048040994982384965,0.1661806910609145
unsw,ton,43,False,logistic,temporal,0,cap,0.01,9367,7534,78,7544,51,7477,16,7527,17,9289,0.8066530304661428,0.008327105796946729,
unsw,ton,43,False,logistic,temporal,0,random,0.01,9367,7534,78,7544,73,7454,17,7527,17,9289,0.8042846377435676,0.008327105796946729,
unsw,ton,43,False,logistic,temporal,0,frozen,0.05,9367,7534,80,7544,50,7482,12,7527,17,9287,0.806934424464305,0.008540621330201772,0.009840849172354948
unsw,ton,43,False,logistic,temporal,0,cap,0.05,9367,7534,454,7544,276,7255,13,7527,17,8913,0.8154381240884102,0.04846802604889506,
unsw,ton,43,False,logistic,temporal,0,random,0.05,9367,7534,454,7544,381,7146,17,7527,17,8913,0.8036575788174577,0.04846802604889506,
unsw,ton,43,False,logistic,temporal,0,frozen,0.1,9367,7534,94,7544,52,7480,12,7527,17,9273,0.8079370214601531,0.010035230062987082,0.004877863942679417
unsw,ton,43,False,logistic,temporal,0,cap,0.1,9367,7534,921,7544,617,6917,10,7527,17,8446,0.8201515510300734,0.0983239030639479,
unsw,ton,43,False,logistic,temporal,0,random,0.1,9367,7534,921,7544,766,6763,15,7527,17,8446,0.8025100639355908,0.0983239030639479,
unsw,ton,43,False,logistic,size,0,forced,0.0,9367,7534,0,7575,0,7523,52,7523,52,9367,0.8086900822034803,0.0,
unsw,ton,43,False,logistic,size,0,frozen,0.01,9367,7534,207,7575,52,7485,38,7523,52,9160,0.8212882096069869,0.022098857691897084,0.1661806910609145
unsw,ton,43,False,logistic,size,0,cap,0.01,9367,7534,78,7575,45,7478,52,7523,52,9289,0.8106362364086555,0.008327105796946729,
unsw,ton,43,False,logistic,size,0,random,0.01,9367,7534,78,7575,73,7450,52,7523,52,9289,0.8076219183981053,0.008327105796946729,
unsw,ton,43,False,logistic,size,0,frozen,0.05,9367,7534,492,7575,98,7463,14,7523,52,8875,0.8424788732394366,0.0525248211807409,0.009840849172354948
unsw,ton,43,False,logistic,size,0,cap,0.05,9367,7534,454,7575,288,7241,46,7523,52,8913,0.8175698418041064,0.04846802604889506,
unsw,ton,43,False,logistic,size,0,random,0.05,9367,7534,454,7575,382,7142,51,7523,52,8913,0.8070234488948727,0.04846802604889506,
unsw,ton,43,False,logistic,size,0,frozen,0.1,9367,7534,594,7575,114,7447,14,7523,52,8773,0.8504502450701015,0.06341411337674815,0.004877863942679417
unsw,ton,43,False,logistic,size,0,cap,0.1,9367,7534,921,7575,641,6895,39,7523,52,8446,0.8209803457257874,0.0983239030639479,
unsw,ton,43,False,logistic,size,0,random,0.1,9367,7534,921,7575,768,6759,48,7523,52,8446,0.8059436419606915,0.0983239030639479,
unsw,ton,43,False,logistic,tcp,0,forced,0.0,9367,7534,0,7303,0,7259,44,7259,44,9367,0.7796519696807943,0.0,
unsw,ton,43,False,logistic,tcp,0,frozen,0.01,9367,7534,97,7303,56,7229,18,7259,44,9270,0.7817691477885652,0.01035550336286965,0.1661806910609145
unsw,ton,43,False,logistic,tcp,0,cap,0.01,9367,7534,78,7303,42,7223,38,7259,44,9289,0.7816772526644418,0.008327105796946729,
unsw,ton,43,False,logistic,tcp,0,random,0.01,9367,7534,78,7303,73,7186,44,7259,44,9289,0.7783399720099042,0.008327105796946729,
unsw,ton,43,False,logistic,tcp,0,frozen,0.05,9367,7534,309,7303,91,7199,13,7259,44,9058,0.7962022521527932,0.03298814988790434,0.009840849172354948
unsw,ton,43,False,logistic,tcp,0,cap,0.05,9367,7534,454,7303,289,6988,26,7259,44,8913,0.7869404240996297,0.04846802604889506,
unsw,ton,43,False,logistic,tcp,0,random,0.05,9367,7534,454,7303,370,6889,44,7259,44,8913,0.7778525748906092,0.04846802604889506,
unsw,ton,43,False,logistic,tcp,0,frozen,0.1,9367,7534,466,7303,102,7189,12,7259,44,8901,0.8090102235703853,0.04974911924842532,0.004877863942679417
unsw,ton,43,False,logistic,tcp,0,cap,0.1,9367,7534,921,7303,682,6607,14,7259,44,8446,0.7839213829031494,0.0983239030639479,
unsw,ton,43,False,logistic,tcp,0,random,0.1,9367,7534,921,7303,743,6522,38,7259,44,8446,0.7766990291262136,0.0983239030639479,
unsw,ton,43,False,logistic,temporal+tcp,0,forced,0.0,9367,7534,0,7265,0,7250,15,7250,15,9367,0.7755951745489484,0.0,
unsw,ton,43,False,logistic,temporal+tcp,0,frozen,0.01,9367,7534,287,7265,13,7239,13,7250,15,9080,0.7986784140969163,0.030639479022098858,0.1661806910609145
unsw,ton,43,False,logistic,temporal+tcp,0,cap,0.01,9367,7534,78,7265,48,7202,15,7250,15,9289,0.7769404672192917,0.008327105796946729,
unsw,ton,43,False,logistic,temporal+tcp,0,random,0.01,9367,7534,78,7265,73,7177,15,7250,15,9289,0.774249111852729,0.008327105796946729,
unsw,ton,43,False,logistic,temporal+tcp,0,frozen,0.05,9367,7534,360,7265,53,7201,11,7250,15,9007,0.8007105584545353,0.03843279598590797,0.009840849172354948
unsw,ton,43,False,logistic,temporal+tcp,0,cap,0.05,9367,7534,454,7265,231,7023,11,7250,15,8913,0.7891843374845731,0.04846802604889506,
unsw,ton,43,False,logistic,temporal+tcp,0,random,0.05,9367,7534,454,7265,371,6879,15,7250,15,8913,0.7734769437899697,0.04846802604889506,
unsw,ton,43,False,logistic,temporal+tcp,0,frozen,0.1,9367,7534,390,7265,58,7198,9,7250,15,8977,0.8028294530466749,0.04163552898473364,0.004877863942679417
unsw,ton,43,False,logistic,temporal+tcp,0,cap,0.1,9367,7534,921,7265,573,6686,6,7250,15,8446,0.7923277291025338,0.0983239030639479,
unsw,ton,43,False,logistic,temporal+tcp,0,random,0.1,9367,7534,921,7265,741,6511,13,7250,15,8446,0.772436656405399,0.0983239030639479,
unsw,ton,43,False,logistic,random10,0,forced,0.0,9367,7534,0,7216,0,7085,131,7085,131,9367,0.7703640439841999,0.0,
unsw,ton,43,False,logistic,random10,0,frozen,0.01,9367,7534,415,7216,168,6947,101,7085,131,8952,0.7873100983020554,0.04430447315042169,0.1661806910609145
unsw,ton,43,False,logistic,random10,0,cap,0.01,9367,7534,78,7216,42,7046,128,7085,131,9289,0.772311335988804,0.008327105796946729,
unsw,ton,43,False,logistic,random10,0,random,0.01,9367,7534,78,7216,70,7015,131,7085,131,9289,0.7692970179782539,0.008327105796946729,
unsw,ton,43,False,logistic,random10,0,frozen,0.05,9367,7534,900,7216,373,6766,77,7085,131,8467,0.80819652769576,0.09608198996476994,0.009840849172354948
unsw,ton,43,False,logistic,random10,0,cap,0.05,9367,7534,454,7216,209,6899,108,7085,131,8913,0.7861550544148996,0.04846802604889506,
unsw,ton,43,False,logistic,random10,0,random,0.05,9367,7534,454,7216,356,6732,128,7085,131,8913,0.769662291035566,0.04846802604889506,
unsw,ton,43,False,logistic,random10,0,frozen,0.1,9367,7534,1027,7216,459,6688,69,7085,131,8340,0.8101918465227818,0.10964022632646525,0.004877863942679417
unsw,ton,43,False,logistic,random10,0,cap,0.1,9367,7534,921,7216,447,6682,87,7085,131,8446,0.8014444707553872,0.0983239030639479,
unsw,ton,43,False,logistic,random10,0,random,0.1,9367,7534,921,7216,724,6373,119,7085,131,8446,0.7686478806535638,0.0983239030639479,
unsw,cic,43,False,logistic,clean,0,forced,0.0,12192,306,0,2811,0,247,2564,247,2564,12192,0.23056102362204725,0.0,
unsw,cic,43,False,logistic,clean,0,frozen,0.01,12192,306,309,2811,151,242,2418,247,2564,11883,0.22384919633089287,0.025344488188976378,0.1661806910609145
unsw,cic,43,False,logistic,clean,0,cap,0.01,12192,306,110,2811,54,244,2513,247,2564,12082,0.228190696904486,0.00902230971128609,
unsw,cic,43,False,logistic,clean,0,random,0.01,12192,306,110,2811,31,243,2537,247,2564,12082,0.2300943552391988,0.00902230971128609,
unsw,cic,43,False,logistic,clean,0,frozen,0.05,12192,306,848,2811,349,239,2223,247,2564,11344,0.21703102961918194,0.06955380577427822,0.009840849172354948
unsw,cic,43,False,logistic,clean,0,cap,0.05,12192,306,599,2811,241,239,2331,247,2564,11593,0.22168549987061156,0.04913057742782152,
unsw,cic,43,False,logistic,clean,0,random,0.05,12192,306,599,2811,135,240,2436,247,2564,11593,0.23082894850340724,0.04913057742782152,
unsw,cic,43,False,logistic,clean,0,frozen,0.1,12192,306,1294,2811,469,233,2109,247,2564,10898,0.21490181684712792,0.10613517060367454,0.004877863942679417
unsw,cic,43,False,logistic,clean,0,cap,0.1,12192,306,1210,2811,452,234,2125,247,2564,10982,0.2148060462575123,0.09924540682414698,
unsw,cic,43,False,logistic,clean,0,random,0.1,12192,306,1210,2811,270,231,2310,247,2564,10982,0.23137861955927883,0.09924540682414698,
unsw,cic,43,False,logistic,temporal,0,forced,0.0,12192,306,0,2977,0,251,2726,251,2726,12192,0.2441765091863517,0.0,
unsw,cic,43,False,logistic,temporal,0,frozen,0.01,12192,306,977,2977,813,250,1914,251,2726,11215,0.1929558626839055,0.08013451443569554,0.1661806910609145
unsw,cic,43,False,logistic,temporal,0,cap,0.01,12192,306,110,2977,81,250,2646,251,2726,12082,0.23969541466644595,0.00902230971128609,
unsw,cic,43,False,logistic,temporal,0,random,0.01,12192,306,110,2977,34,247,2696,251,2726,12082,0.2435854990895547,0.00902230971128609,
unsw,cic,43,False,logistic,temporal,0,frozen,0.05,12192,306,1627,2977,1241,246,1490,251,2726,10565,0.16431613819214388,0.1334481627296588,0.009840849172354948
unsw,cic,43,False,logistic,temporal,0,cap,0.05,12192,306,599,2977,500,250,2227,251,2726,11593,0.21366341757957388,0.04913057742782152,
unsw,cic,43,False,logistic,temporal,0,random,0.05,12192,306,599,2977,147,244,2586,251,2726,11593,0.24411282670577072,0.04913057742782152,
unsw,cic,43,False,logistic,temporal,0,frozen,0.1,12192,306,1769,2977,1354,246,1377,251,2726,10423,0.15571332629761106,0.1450951443569554,0.004877863942679417
unsw,cic,43,False,logistic,temporal,0,cap,0.1,12192,306,1210,2977,991,249,1737,251,2726,10982,0.18084137679839737,0.09924540682414698,
unsw,cic,43,False,logistic,temporal,0,random,0.1,12192,306,1210,2977,291,234,2452,251,2726,10982,0.24458204334365324,0.09924540682414698,
unsw,cic,43,False,logistic,size,0,forced,0.0,12192,306,0,2740,0,246,2494,246,2494,12192,0.22473753280839895,0.0,
unsw,cic,43,False,logistic,size,0,frozen,0.01,12192,306,552,2740,188,239,2313,246,2494,11640,0.21924398625429553,0.045275590551181105,0.1661806910609145
unsw,cic,43,False,logistic,size,0,cap,0.01,12192,306,110,2740,74,246,2420,246,2494,12082,0.220658831319318,0.00902230971128609,
unsw,cic,43,False,logistic,size,0,random,0.01,12192,306,110,2740,31,242,2467,246,2494,12082,0.2242178447276941,0.00902230971128609,
unsw,cic,43,False,logistic,size,0,frozen,0.05,12192,306,2274,2740,743,215,1782,246,2494,9918,0.20135107884654163,0.18651574803149606,0.009840849172354948
unsw,cic,43,False,logistic,size,0,cap,0.05,12192,306,599,2740,194,237,2309,246,2494,11593,0.21961528508582764,0.04913057742782152,
unsw,cic,43,False,logistic,size,0,random,0.05,12192,306,599,2740,134,239,2367,246,2494,11593,0.22479082204778747,0.04913057742782152,
unsw,cic,43,False,logistic,size,0,frozen,0.1,12192,306,2894,2740,896,186,1658,246,2494,9298,0.19832221983222198,0.2373687664041995,0.004877863942679417
unsw,cic,43,False,logistic,size,0,cap,0.1,12192,306,1210,2740,344,227,2169,246,2494,10982,0.21817519577490438,0.09924540682414698,
unsw,cic,43,False,logistic,size,0,random,0.1,12192,306,1210,2740,269,230,2241,246,2494,10982,0.22500455290475324,0.09924540682414698,
unsw,cic,43,False,logistic,tcp,0,forced,0.0,12192,306,0,2796,0,247,2549,247,2549,12192,0.22933070866141733,0.0,
unsw,cic,43,False,logistic,tcp,0,frozen,0.01,12192,306,264,2796,141,243,2412,247,2549,11928,0.22258551307847083,0.021653543307086614,0.1661806910609145
unsw,cic,43,False,logistic,tcp,0,cap,0.01,12192,306,110,2796,63,245,2488,247,2549,12082,0.22620427081609004,0.00902230971128609,
unsw,cic,43,False,logistic,tcp,0,random,0.01,12192,306,110,2796,31,243,2522,247,2549,12082,0.22885283893395134,0.00902230971128609,
unsw,cic,43,False,logistic,tcp,0,frozen,0.05,12192,306,1042,2796,484,236,2076,247,2549,11150,0.2073542600896861,0.08546587926509186,0.009840849172354948
unsw,cic,43,False,logistic,tcp,0,cap,0.05,12192,306,599,2796,293,239,2264,247,2549,11593,0.2159061502630898,0.04913057742782152,
unsw,cic,43,False,logistic,tcp,0,random,0.05,12192,306,599,2796,135,240,2421,247,2549,11593,0.22953506426291728,0.04913057742782152,
unsw,cic,43,False,logistic,tcp,0,frozen,0.1,12192,306,1490,2796,757,231,1808,247,2549,10702,0.1905251354886937,0.12221128608923884,0.004877863942679417
unsw,cic,43,False,logistic,tcp,0,cap,0.1,12192,306,1210,2796,592,236,1968,247,2549,10982,0.20069204152249134,0.09924540682414698,
unsw,cic,43,False,logistic,tcp,0,random,0.1,12192,306,1210,2796,268,231,2297,247,2549,10982,0.23019486432343836,0.09924540682414698,
unsw,cic,43,False,logistic,temporal+tcp,0,forced,0.0,12192,306,0,3051,0,252,2799,252,2799,12192,0.250246062992126,0.0,
unsw,cic,43,False,logistic,temporal+tcp,0,frozen,0.01,12192,306,1376,3051,1158,248,1645,252,2799,10816,0.17501849112426035,0.11286089238845144,0.1661806910609145
unsw,cic,43,False,logistic,temporal+tcp,0,cap,0.01,12192,306,110,3051,60,251,2740,252,2799,12082,0.24755835126634662,0.00902230971128609,
unsw,cic,43,False,logistic,temporal+tcp,0,random,0.01,12192,306,110,3051,35,248,2768,252,2799,12082,0.24962754510842575,0.00902230971128609,
unsw,cic,43,False,logistic,temporal+tcp,0,frozen,0.05,12192,306,2021,3051,1671,246,1134,252,2799,10171,0.13567987415200078,0.16576443569553806,0.009840849172354948
unsw,cic,43,False,logistic,temporal+tcp,0,cap,0.05,12192,306,599,3051,470,250,2331,252,2799,11593,0.22263434831363754,0.04913057742782152,
unsw,cic,43,False,logistic,temporal+tcp,0,random,0.05,12192,306,599,3051,149,245,2657,252,2799,11593,0.2503234710601225,0.04913057742782152,
unsw,cic,43,False,logistic,temporal+tcp,0,frozen,0.1,12192,306,2322,3051,1915,246,890,252,2799,9870,0.11509625126646403,0.1904527559055118,0.004877863942679417
unsw,cic,43,False,logistic,temporal+tcp,0,cap,0.1,12192,306,1210,3051,1008,248,1795,252,2799,10982,0.1860316882170825,0.09924540682414698,
unsw,cic,43,False,logistic,temporal+tcp,0,random,0.1,12192,306,1210,3051,290,236,2525,252,2799,10982,0.2514114004735021,0.09924540682414698,
unsw,cic,43,False,logistic,random10,0,forced,0.0,12192,306,0,2880,0,245,2635,245,2635,12192,0.23622047244094488,0.0,
unsw,cic,43,False,logistic,random10,0,frozen,0.01,12192,306,803,2880,379,235,2266,245,2635,11389,0.21959785758187725,0.06586286089238845,0.1661806910609145
unsw,cic,43,False,logistic,random10,0,cap,0.01,12192,306,110,2880,55,243,2582,245,2635,12082,0.23381890415494125,0.00902230971128609,
unsw,cic,43,False,logistic,random10,0,random,0.01,12192,306,110,2880,30,241,2609,245,2635,12082,0.23588809799702037,0.00902230971128609,
unsw,cic,43,False,logistic,random10,0,frozen,0.05,12192,306,1969,2880,881,219,1780,245,2635,10223,0.19553946982294826,0.161499343832021,0.009840849172354948
unsw,cic,43,False,logistic,random10,0,cap,0.05,12192,306,599,2880,290,239,2351,245,2635,11593,0.2234106788579315,0.04913057742782152,
unsw,cic,43,False,logistic,random10,0,random,0.05,12192,306,599,2880,140,237,2503,245,2635,11593,0.236349521262831,0.04913057742782152,
unsw,cic,43,False,logistic,random10,0,frozen,0.1,12192,306,2309,2880,1000,214,1666,245,2635,9883,0.19022563998785794,0.18938648293963253,0.004877863942679417
unsw,cic,43,False,logistic,random10,0,cap,0.1,12192,306,1210,2880,554,229,2097,245,2635,10982,0.2118011291203788,0.09924540682414698,
unsw,cic,43,False,logistic,random10,0,random,0.1,12192,306,1210,2880,285,227,2368,245,2635,10982,0.23629575669276998,0.09924540682414698,
unsw,unsw,43,False,forest,clean,0,forced,0.0,10417,1285,0,7,0,3,4,3,4,10417,0.000671978496688106,0.0,
unsw,unsw,43,False,forest,clean,0,frozen,0.01,10417,1285,118,7,7,0,0,3,4,10299,0.0,0.0113276375155995,0.0715557775557778
unsw,unsw,43,False,forest,clean,0,cap,0.01,10417,1285,101,7,6,0,1,3,4,10316,9.693679720822024e-05,0.009695689737928385,
unsw,unsw,43,False,forest,clean,0,random,0.01,10417,1285,101,7,0,3,4,3,4,10316,0.0006785575804575417,0.009695689737928385,
unsw,unsw,43,False,forest,clean,0,frozen,0.05,10417,1285,472,7,7,0,0,3,4,9945,0.0,0.045310550062398,0.0159445680385617
unsw,unsw,43,False,forest,clean,0,cap,0.05,10417,1285,518,7,7,0,0,3,4,9899,0.0,0.04972640875491984,
unsw,unsw,43,False,forest,clean,0,random,0.05,10417,1285,518,7,1,3,3,3,4,9899,0.000606121830487928,0.04972640875491984,
unsw,unsw,43,False,forest,clean,0,frozen,0.1,10417,1285,1020,7,7,0,0,3,4,9397,0.0,0.09791686666026687,0.0011112975107715473
unsw,unsw,43,False,forest,clean,0,cap,0.1,10417,1285,1040,7,7,0,0,3,4,9377,0.0,0.09983680522223289,
unsw,unsw,43,False,forest,clean,0,random,0.1,10417,1285,1040,7,1,3,3,3,4,9377,0.0006398634957875654,0.09983680522223289,
unsw,unsw,43,False,forest,temporal,0,forced,0.0,10417,1285,0,11,0,6,5,6,5,10417,0.0010559662090813093,0.0,
unsw,unsw,43,False,forest,temporal,0,frozen,0.01,10417,1285,836,11,11,0,0,6,5,9581,0.0,0.08025343189017951,0.0715557775557778
unsw,unsw,43,False,forest,temporal,0,cap,0.01,10417,1285,101,11,10,0,1,6,5,10316,9.693679720822024e-05,0.009695689737928385,
unsw,unsw,43,False,forest,temporal,0,random,0.01,10417,1285,101,11,0,6,5,6,5,10316,0.0010663047692904227,0.009695689737928385,
unsw,unsw,43,False,forest,temporal,0,frozen,0.05,10417,1285,1653,11,11,0,0,6,5,8764,0.0,0.15868292214649132,0.0159445680385617
unsw,unsw,43,False,forest,temporal,0,cap,0.05,10417,1285,518,11,10,0,1,6,5,9899,0.00010102030508132135,0.04972640875491984,
unsw,unsw,43,False,forest,temporal,0,random,0.05,10417,1285,518,11,1,6,4,6,5,9899,0.0010102030508132135,0.04972640875491984,
unsw,unsw,43,False,forest,temporal,0,frozen,0.1,10417,1285,3121,11,11,0,0,6,5,7296,0.0,0.299606412594797,0.0011112975107715473
unsw,unsw,43,False,forest,temporal,0,cap,0.1,10417,1285,1040,11,11,0,0,6,5,9377,0.0,0.09983680522223289,
unsw,unsw,43,False,forest,temporal,0,random,0.1,10417,1285,1040,11,2,5,4,6,5,9377,0.0009597952436813479,0.09983680522223289,
unsw,unsw,43,False,forest,size,0,forced,0.0,10417,1285,0,4,0,0,4,0,4,10417,0.0003839877123932034,0.0,
unsw,unsw,43,False,forest,size,0,frozen,0.01,10417,1285,1844,4,4,0,0,0,4,8573,0.0,0.17701833541326678,0.0715557775557778
unsw,unsw,43,False,forest,size,0,cap,0.01,10417,1285,101,4,2,0,2,0,4,10316,0.00019387359441644047,0.009695689737928385,
unsw,unsw,43,False,forest,size,0,random,0.01,10417,1285,101,4,0,0,4,0,4,10316,0.00038774718883288094,0.009695689737928385,
unsw,unsw,43,False,forest,size,0,frozen,0.05,10417,1285,2214,4,4,0,0,0,4,8203,0.0,0.2125371988096381,0.0159445680385617
unsw,unsw,43,False,forest,size,0,cap,0.05,10417,1285,518,4,3,0,1,0,4,9899,0.00010102030508132135,0.04972640875491984,
unsw,unsw,43,False,forest,size,0,random,0.05,10417,1285,518,4,1,0,3,0,4,9899,0.000303060915243964,0.04972640875491984,
unsw,unsw,43,False,forest,size,0,frozen,0.1,10417,1285,10417,4,4,0,0,0,4,0,,1.0,0.0011112975107715473
unsw,unsw,43,False,forest,size,0,cap,0.1,10417,1285,1040,4,3,0,1,0,4,9377,0.00010664391596459421,0.09983680522223289,
unsw,unsw,43,False,forest,size,0,random,0.1,10417,1285,1040,4,1,0,3,0,4,9377,0.0003199317478937827,0.09983680522223289,
unsw,unsw,43,False,forest,tcp,0,forced,0.0,10417,1285,0,10,0,6,4,6,4,10417,0.0009599692809830085,0.0,
unsw,unsw,43,False,forest,tcp,0,frozen,0.01,10417,1285,1333,10,10,0,0,6,4,9084,0.0,0.12796390515503503,0.0715557775557778
unsw,unsw,43,False,forest,tcp,0,cap,0.01,10417,1285,101,10,9,0,1,6,4,10316,9.693679720822024e-05,0.009695689737928385,
unsw,unsw,43,False,forest,tcp,0,random,0.01,10417,1285,101,10,0,6,4,6,4,10316,0.0009693679720822024,0.009695689737928385,
unsw,unsw,43,False,forest,tcp,0,frozen,0.05,10417,1285,2358,10,10,0,0,6,4,8059,0.0,0.22636075645579343,0.0159445680385617
unsw,unsw,43,False,forest,tcp,0,cap,0.05,10417,1285,518,10,10,0,0,6,4,9899,0.0,0.04972640875491984,
unsw,unsw,43,False,forest,tcp,0,random,0.05,10417,1285,518,10,1,6,3,6,4,9899,0.0009091827457318921,0.04972640875491984,
unsw,unsw,43,False,forest,tcp,0,frozen,0.1,10417,1285,3051,10,10,0,0,6,4,7366,0.0,0.2928866276279159,0.0011112975107715473
unsw,unsw,43,False,forest,tcp,0,cap,0.1,10417,1285,1040,10,10,0,0,6,4,9377,0.0,0.09983680522223289,
unsw,unsw,43,False,forest,tcp,0,random,0.1,10417,1285,1040,10,1,6,3,6,4,9377,0.0009597952436813479,0.09983680522223289,
unsw,unsw,43,False,forest,temporal+tcp,0,forced,0.0,10417,1285,0,14,0,9,5,9,5,10417,0.001343956993376212,0.0,
unsw,unsw,43,False,forest,temporal+tcp,0,frozen,0.01,10417,1285,1511,14,14,0,0,9,5,8906,0.0,0.1450513583565326,0.0715557775557778
unsw,unsw,43,False,forest,temporal+tcp,0,cap,0.01,10417,1285,101,14,13,0,1,9,5,10316,9.693679720822024e-05,0.009695689737928385,
unsw,unsw,43,False,forest,temporal+tcp,0,random,0.01,10417,1285,101,14,0,9,5,9,5,10316,0.0013571151609150834,0.009695689737928385,
unsw,unsw,43,False,forest,temporal+tcp,0,frozen,0.05,10417,1285,2789,14,14,0,0,9,5,7628,0.0,0.2677354324661611,0.0159445680385617
unsw,unsw,43,False,forest,temporal+tcp,0,cap,0.05,10417,1285,518,14,14,0,0,9,5,9899,0.0,0.04972640875491984,
unsw,unsw,43,False,forest,temporal+tcp,0,random,0.05,10417,1285,518,14,1,9,4,9,5,9899,0.0013132639660571775,0.04972640875491984,
unsw,unsw,43,False,forest,temporal+tcp,0,frozen,0.1,10417,1285,3775,14,14,0,0,9,5,6642,0.0,0.3623884035710857,0.0011112975107715473
unsw,unsw,43,False,forest,temporal+tcp,0,cap,0.1,10417,1285,1040,14,14,0,0,9,5,9377,0.0,0.09983680522223289,
unsw,unsw,43,False,forest,temporal+tcp,0,random,0.1,10417,1285,1040,14,2,8,4,9,5,9377,0.0012797269915751307,0.09983680522223289,
unsw,unsw,43,False,forest,random10,0,forced,0.0,10417,1285,0,33,0,28,5,28,5,10417,0.0031678986272439284,0.0,
unsw,unsw,43,False,forest,random10,0,frozen,0.01,10417,1285,912,33,32,1,0,28,5,9505,0.00010520778537611783,0.08754919842565038,0.0715557775557778
unsw,unsw,43,False,forest,random10,0,cap,0.01,10417,1285,101,33,24,6,3,28,5,10316,0.0008724311748739822,0.009695689737928385,
unsw,unsw,43,False,forest,random10,0,random,0.01,10417,1285,101,33,0,28,5,28,5,10316,0.0031989143078712677,0.009695689737928385,
unsw,unsw,43,False,forest,random10,0,frozen,0.05,10417,1285,1884,33,33,0,0,28,5,8533,0.0,0.1808582125371988,0.0159445680385617
unsw,unsw,43,False,forest,random10,0,cap,0.05,10417,1285,518,33,32,1,0,28,5,9899,0.00010102030508132135,0.04972640875491984,
unsw,unsw,43,False,forest,random10,0,random,0.05,10417,1285,518,33,2,27,4,28,5,9899,0.0031316294575209616,0.04972640875491984,
unsw,unsw,43,False,forest,random10,0,frozen,0.1,10417,1285,3343,33,33,0,0,28,5,7074,0.0,0.32091773063261975,0.0011112975107715473
unsw,unsw,43,False,forest,random10,0,cap,0.1,10417,1285,1040,33,32,1,0,28,5,9377,0.00010664391596459421,0.09983680522223289,
unsw,unsw,43,False,forest,random10,0,random,0.1,10417,1285,1040,33,4,25,4,28,5,9377,0.0030926735629732325,0.09983680522223289,
unsw,ton,43,False,forest,clean,0,forced,0.0,9367,7534,0,6875,0,5826,1049,5826,1049,9367,0.7339596455642148,0.0,
unsw,ton,43,False,forest,clean,0,frozen,0.01,9367,7534,9203,6875,6715,160,0,5826,1049,164,0.975609756097561,0.9824917262730863,0.0715557775557778
unsw,ton,43,False,forest,clean,0,cap,0.01,9367,7534,78,6875,57,5773,1045,5826,1049,9289,0.7339864355689525,0.008327105796946729,
unsw,ton,43,False,forest,clean,0,random,0.01,9367,7534,78,6875,68,5759,1048,5826,1049,9289,0.732802239207665,0.008327105796946729,
unsw,ton,43,False,forest,clean,0,frozen,0.05,9367,7534,9367,6875,6875,0,0,5826,1049,0,,1.0,0.0159445680385617
unsw,ton,43,False,forest,clean,0,cap,0.05,9367,7534,454,6875,401,5478,996,5826,1049,8913,0.7263547627061595,0.04846802604889506,
unsw,ton,43,False,forest,clean,0,random,0.05,9367,7534,454,6875,335,5531,1009,5826,1049,8913,0.7337596768764726,0.04846802604889506,
unsw,ton,43,False,forest,clean,0,frozen,0.1,9367,7534,9367,6875,6875,0,0,5826,1049,0,,1.0,0.0011112975107715473
unsw,ton,43,False,forest,clean,0,cap,0.1,9367,7534,921,6875,829,5095,951,5826,1049,8446,0.7158418186123608,0.0983239030639479,
unsw,ton,43,False,forest,clean,0,random,0.1,9367,7534,921,6875,686,5226,963,5826,1049,8446,0.7327729102533744,0.0983239030639479,
unsw,ton,43,False,forest,temporal,0,forced,0.0,9367,7534,0,6868,0,5815,1053,5815,1053,9367,0.7332123411978222,0.0,
unsw,ton,43,False,forest,temporal,0,frozen,0.01,9367,7534,9366,6868,6867,1,0,5815,1053,1,1.0,0.9998932422333725,0.0715557775557778
unsw,ton,43,False,forest,temporal,0,cap,0.01,9367,7534,78,6868,35,5808,1025,5815,1053,9289,0.7356012487888901,0.008327105796946729,
unsw,ton,43,False,forest,temporal,0,random,0.01,9367,7534,78,6868,69,5748,1051,5815,1053,9289,0.7319410054903649,0.008327105796946729,
unsw,ton,43,False,forest,temporal,0,frozen,0.05,9367,7534,9367,6868,6868,0,0,5815,1053,0,,1.0,0.0159445680385617
unsw,ton,43,False,forest,temporal,0,cap,0.05,9367,7534,454,6868,313,5569,986,5815,1053,8913,0.7354426119151801,0.04846802604889506,
unsw,ton,43,False,forest,temporal,0,random,0.05,9367,7534,454,6868,337,5520,1011,5815,1053,8913,0.7327499158532481,0.04846802604889506,
unsw,ton,43,False,forest,temporal,0,frozen,0.1,9367,7534,9367,6868,6868,0,0,5815,1053,0,,1.0,0.0011112975107715473
unsw,ton,43,False,forest,temporal,0,cap,0.1,9367,7534,921,6868,741,5193,934,5815,1053,8446,0.7254321572341937,0.0983239030639479,
unsw,ton,43,False,forest,temporal,0,random,0.1,9367,7534,921,6868,688,5216,964,5815,1053,8446,0.7317073170731707,0.0983239030639479,
unsw,ton,43,False,forest,size,0,forced,0.0,9367,7534,0,7654,0,7045,609,7045,609,9367,0.8171239457670546,0.0,
unsw,ton,43,False,forest,size,0,frozen,0.01,9367,7534,9360,7654,7651,3,0,7045,609,7,0.42857142857142855,0.9992526956336073,0.0715557775557778
unsw,ton,43,False,forest,size,0,cap,0.01,9367,7534,78,7654,44,7027,583,7045,609,9289,0.8192485735816557,0.008327105796946729,
unsw,ton,43,False,forest,size,0,random,0.01,9367,7534,78,7654,75,6972,607,7045,609,9289,0.8159112929271181,0.008327105796946729,
unsw,ton,43,False,forest,size,0,frozen,0.05,9367,7534,9366,7654,7653,1,0,7045,609,1,1.0,0.9998932422333725,0.0159445680385617
unsw,ton,43,False,forest,size,0,cap,0.05,9367,7534,454,7654,318,6819,517,7045,609,8913,0.8230674295972176,0.04846802604889506,
unsw,ton,43,False,forest,size,0,random,0.05,9367,7534,454,7654,382,6685,587,7045,609,8913,0.8158869067653989,0.04846802604889506,
unsw,ton,43,False,forest,size,0,frozen,0.1,9367,7534,9367,7654,7654,0,0,7045,609,0,,1.0,0.0011112975107715473
unsw,ton,43,False,forest,size,0,cap,0.1,9367,7534,921,7654,749,6476,429,7045,609,8446,0.8175467677006867,0.0983239030639479,
unsw,ton,43,False,forest,size,0,random,0.1,9367,7534,921,7654,767,6324,563,7045,609,8446,0.8154155813402795,0.0983239030639479,
unsw,ton,43,False,forest,tcp,0,forced,0.0,9367,7534,0,6557,0,5570,987,5570,987,9367,0.7000106757766628,0.0,
unsw,ton,43,False,forest,tcp,0,frozen,0.01,9367,7534,8295,6557,5551,1006,0,5570,987,1072,0.9384328358208955,0.8855556741752962,0.0715557775557778
unsw,ton,43,False,forest,tcp,0,cap,0.01,9367,7534,78,6557,75,5496,986,5570,987,9289,0.6978146194423511,0.008327105796946729,
unsw,ton,43,False,forest,tcp,0,random,0.01,9367,7534,78,6557,67,5504,986,5570,987,9289,0.6986758531596512,0.008327105796946729,
unsw,ton,43,False,forest,tcp,0,frozen,0.05,9367,7534,9367,6557,6557,0,0,5570,987,0,,1.0,0.0159445680385617
unsw,ton,43,False,forest,tcp,0,cap,0.05,9367,7534,454,6557,256,5362,939,5570,987,8913,0.7069449119263996,0.04846802604889506,
unsw,ton,43,False,forest,tcp,0,random,0.05,9367,7534,454,6557,325,5284,948,5570,987,8913,0.6992034107483451,0.04846802604889506,
unsw,ton,43,False,forest,tcp,0,frozen,0.1,9367,7534,9367,6557,6557,0,0,5570,987,0,,1.0,0.0011112975107715473
unsw,ton,43,False,forest,tcp,0,cap,0.1,9367,7534,921,6557,510,5172,875,5570,987,8446,0.7159602178546057,0.0983239030639479,
unsw,ton,43,False,forest,tcp,0,random,0.1,9367,7534,921,6557,659,4995,903,5570,987,8446,0.6983187307601232,0.0983239030639479,
unsw,ton,43,False,forest,temporal+tcp,0,forced,0.0,9367,7534,0,6885,0,5943,942,5943,942,9367,0.73502722323049,0.0,
unsw,ton,43,False,forest,temporal+tcp,0,frozen,0.01,9367,7534,9367,6885,6885,0,0,5943,942,0,,1.0,0.0715557775557778
unsw,ton,43,False,forest,temporal+tcp,0,cap,0.01,9367,7534,78,6885,65,5878,942,5943,942,9289,0.7342017439982775,0.008327105796946729,
unsw,ton,43,False,forest,temporal+tcp,0,random,0.01,9367,7534,78,6885,68,5876,941,5943,942,9289,0.73387878135429,0.008327105796946729,
unsw,ton,43,False,forest,temporal+tcp,0,frozen,0.05,9367,7534,9367,6885,6885,0,0,5943,942,0,,1.0,0.0159445680385617
unsw,ton,43,False,forest,temporal+tcp,0,cap,0.05,9367,7534,454,6885,404,5570,911,5943,942,8913,0.7271401323908897,0.04846802604889506,
unsw,ton,43,False,forest,temporal+tcp,0,random,0.05,9367,7534,454,6885,339,5643,903,5943,942,8913,0.7344328508919555,0.04846802604889506,
unsw,ton,43,False,forest,temporal+tcp,0,frozen,0.1,9367,7534,9367,6885,6885,0,0,5943,942,0,,1.0,0.0011112975107715473
unsw,ton,43,False,forest,temporal+tcp,0,cap,0.1,9367,7534,921,6885,805,5208,872,5943,942,8446,0.7198673928486857,0.0983239030639479,
unsw,ton,43,False,forest,temporal+tcp,0,random,0.1,9367,7534,921,6885,688,5336,861,5943,942,8446,0.7337201041913332,0.0983239030639479,
unsw,ton,43,False,forest,random10,0,forced,0.0,9367,7534,0,6746,0,5758,988,5758,988,9367,0.7201878936692644,0.0,
unsw,ton,43,False,forest,random10,0,frozen,0.01,9367,7534,9241,6746,6630,116,0,5758,988,126,0.9206349206349206,0.9865485214049322,0.0715557775557778
unsw,ton,43,False,forest,random10,0,cap,0.01,9367,7534,78,6746,35,5726,985,5758,988,9289,0.7224674346000646,0.008327105796946729,
unsw,ton,43,False,forest,random10,0,random,0.01,9367,7534,78,6746,68,5691,987,5758,988,9289,0.718914845516202,0.008327105796946729,
unsw,ton,43,False,forest,random10,0,frozen,0.05,9367,7534,9366,6746,6745,1,0,5758,988,1,1.0,0.9998932422333725,0.0159445680385617
unsw,ton,43,False,forest,random10,0,cap,0.05,9367,7534,454,6746,259,5550,937,5758,988,8913,0.7278133064063728,0.04846802604889506,
unsw,ton,43,False,forest,random10,0,random,0.05,9367,7534,454,6746,329,5464,953,5758,988,8913,0.719959609559071,0.04846802604889506,
unsw,ton,43,False,forest,random10,0,frozen,0.1,9367,7534,9367,6746,6746,0,0,5758,988,0,,1.0,0.0011112975107715473
unsw,ton,43,False,forest,random10,0,cap,0.1,9367,7534,921,6746,621,5235,890,5758,988,8446,0.725195358749704,0.0983239030639479,
unsw,ton,43,False,forest,random10,0,random,0.1,9367,7534,921,6746,671,5162,913,5758,988,8446,0.7192753966374615,0.0983239030639479,
unsw,cic,43,False,forest,clean,0,forced,0.0,12192,306,0,10406,0,59,10347,59,10347,12192,0.853510498687664,0.0,
unsw,cic,43,False,forest,clean,0,frozen,0.01,12192,306,12154,10406,10405,1,0,59,10347,38,0.02631578947368421,0.9968832020997376,0.0715557775557778
unsw,cic,43,False,forest,clean,0,cap,0.01,12192,306,110,10406,99,59,10248,59,10347,12082,0.8530872372123821,0.00902230971128609,
unsw,cic,43,False,forest,clean,0,random,0.01,12192,306,110,10406,91,59,10256,59,10347,12082,0.8537493792418474,0.00902230971128609,
unsw,cic,43,False,forest,clean,0,frozen,0.05,12192,306,12192,10406,10406,0,0,59,10347,0,,1.0,0.0159445680385617
unsw,cic,43,False,forest,clean,0,cap,0.05,12192,306,599,10406,579,59,9768,59,10347,11593,0.8476666954196498,0.04913057742782152,
unsw,cic,43,False,forest,clean,0,random,0.05,12192,306,599,10406,487,58,9861,59,10347,11593,0.8556025187613215,0.04913057742782152,
unsw,cic,43,False,forest,clean,0,frozen,0.1,12192,306,12192,10406,10406,0,0,59,10347,0,,1.0,0.0011112975107715473
unsw,cic,43,False,forest,clean,0,cap,0.1,12192,306,1210,10406,1170,58,9178,59,10347,10982,0.8410125660171189,0.09924540682414698,
unsw,cic,43,False,forest,clean,0,random,0.1,12192,306,1210,10406,1014,55,9337,59,10347,10982,0.8552176288472045,0.09924540682414698,
unsw,cic,43,False,forest,temporal,0,forced,0.0,12192,306,0,9932,0,71,9861,71,9861,12192,0.8146325459317585,0.0,
unsw,cic,43,False,forest,temporal,0,frozen,0.01,12192,306,12192,9932,9932,0,0,71,9861,0,,1.0,0.0715557775557778
unsw,cic,43,False,forest,temporal,0,cap,0.01,12192,306,110,9932,47,67,9818,71,9861,12082,0.8181592451580864,0.00902230971128609,
unsw,cic,43,False,forest,temporal,0,random,0.01,12192,306,110,9932,80,71,9781,71,9861,12082,0.815427909286542,0.00902230971128609,
unsw,cic,43,False,forest,temporal,0,frozen,0.05,12192,306,12192,9932,9932,0,0,71,9861,0,,1.0,0.0159445680385617
unsw,cic,43,False,forest,temporal,0,cap,0.05,12192,306,599,9932,248,61,9623,71,9861,11593,0.8353316656603123,0.04913057742782152,
unsw,cic,43,False,forest,temporal,0,random,0.05,12192,306,599,9932,464,68,9400,71,9861,11593,0.8166997325972569,0.04913057742782152,
unsw,cic,43,False,forest,temporal,0,frozen,0.1,12192,306,12192,9932,9932,0,0,71,9861,0,,1.0,0.0011112975107715473
unsw,cic,43,False,forest,temporal,0,cap,0.1,12192,306,1210,9932,710,56,9166,71,9861,10982,0.8397377526862138,0.09924540682414698,
unsw,cic,43,False,forest,temporal,0,random,0.1,12192,306,1210,9932,964,65,8903,71,9861,10982,0.8166089965397924,0.09924540682414698,
unsw,cic,43,False,forest,size,0,forced,0.0,12192,306,0,2300,0,252,2048,252,2048,12192,0.18864829396325458,0.0,
unsw,cic,43,False,forest,size,0,frozen,0.01,12192,306,12121,2300,2298,2,0,252,2048,71,0.028169014084507043,0.9941765091863517,0.0715557775557778
unsw,cic,43,False,forest,size,0,cap,0.01,12192,306,110,2300,19,250,2031,252,2048,12082,0.18879324615129944,0.00902230971128609,
unsw,cic,43,False,forest,size,0,random,0.01,12192,306,110,2300,27,248,2025,252,2048,12082,0.18813110412183412,0.00902230971128609,
unsw,cic,43,False,forest,size,0,frozen,0.05,12192,306,12166,2300,2299,1,0,252,2048,26,0.038461538461538464,0.9978674540682415,0.0159445680385617
unsw,cic,43,False,forest,size,0,cap,0.05,12192,306,599,2300,54,244,2002,252,2048,11593,0.19373760027602863,0.04913057742782152,
unsw,cic,43,False,forest,size,0,random,0.05,12192,306,599,2300,107,245,1948,252,2048,11593,0.1891658759596308,0.04913057742782152,
unsw,cic,43,False,forest,size,0,frozen,0.1,12192,306,12192,2300,2300,0,0,252,2048,0,,1.0,0.0011112975107715473
unsw,cic,43,False,forest,size,0,cap,0.1,12192,306,1210,2300,62,238,2000,252,2048,10982,0.2037880167546895,0.09924540682414698,
unsw,cic,43,False,forest,size,0,random,0.1,12192,306,1210,2300,214,238,1848,252,2048,10982,0.18994718630486251,0.09924540682414698,
unsw,cic,43,False,forest,tcp,0,forced,0.0,12192,306,0,9278,0,82,9196,82,9196,12192,0.760990813648294,0.0,
unsw,cic,43,False,forest,tcp,0,frozen,0.01,12192,306,12039,9278,9271,7,0,82,9196,153,0.0457516339869281,0.9874507874015748,0.0715557775557778
unsw,cic,43,False,forest,tcp,0,cap,0.01,12192,306,110,9278,46,82,9150,82,9196,12082,0.7641119020029796,0.00902230971128609,
unsw,cic,43,False,forest,tcp,0,random,0.01,12192,306,110,9278,76,81,9121,82,9196,12082,0.7616288693924846,0.00902230971128609,
unsw,cic,43,False,forest,tcp,0,frozen,0.05,12192,306,12192,9278,9278,0,0,82,9196,0,,1.0,0.0159445680385617
unsw,cic,43,False,forest,tcp,0,cap,0.05,12192,306,599,9278,233,71,8974,82,9196,11593,0.7802121970154403,0.04913057742782152,
unsw,cic,43,False,forest,tcp,0,random,0.05,12192,306,599,9278,426,79,8773,82,9196,11593,0.763564219787803,0.04913057742782152,
unsw,cic,43,False,forest,tcp,0,frozen,0.1,12192,306,12192,9278,9278,0,0,82,9196,0,,1.0,0.0011112975107715473
unsw,cic,43,False,forest,tcp,0,cap,0.1,12192,306,1210,9278,484,67,8727,82,9196,10982,0.8007648879985431,0.09924540682414698,
unsw,cic,43,False,forest,tcp,0,random,0.1,12192,306,1210,9278,892,75,8311,82,9196,10982,0.7636131852121654,0.09924540682414698,
unsw,cic,43,False,forest,temporal+tcp,0,forced,0.0,12192,306,0,8769,0,103,8666,103,8666,12192,0.719242125984252,0.0,
unsw,cic,43,False,forest,temporal+tcp,0,frozen,0.01,12192,306,12192,8769,8769,0,0,103,8666,0,,1.0,0.0715557775557778
unsw,cic,43,False,forest,temporal+tcp,0,cap,0.01,12192,306,110,8769,21,101,8647,103,8666,12082,0.7240523092203277,0.00902230971128609,
unsw,cic,43,False,forest,temporal+tcp,0,random,0.01,12192,306,110,8769,73,102,8594,103,8666,12082,0.7197483860288032,0.00902230971128609,
unsw,cic,43,False,forest,temporal+tcp,0,frozen,0.05,12192,306,12192,8769,8769,0,0,103,8666,0,,1.0,0.0159445680385617
unsw,cic,43,False,forest,temporal+tcp,0,cap,0.05,12192,306,599,8769,47,86,8636,103,8666,11593,0.7523505563702234,0.04913057742782152,
unsw,cic,43,False,forest,temporal+tcp,0,random,0.05,12192,306,599,8769,403,97,8269,103,8666,11593,0.7216423703959286,0.04913057742782152,
unsw,cic,43,False,forest,temporal+tcp,0,frozen,0.1,12192,306,12192,8769,8769,0,0,103,8666,0,,1.0,0.0011112975107715473
unsw,cic,43,False,forest,temporal+tcp,0,cap,0.1,12192,306,1210,8769,67,67,8635,103,8666,10982,0.7923875432525952,0.09924540682414698,
unsw,cic,43,False,forest,temporal+tcp,0,random,0.1,12192,306,1210,8769,850,92,7827,103,8666,10982,0.7210890548169733,0.09924540682414698,
unsw,cic,43,False,forest,random10,0,forced,0.0,12192,306,0,9484,0,95,9389,95,9389,12192,0.7778871391076115,0.0,
unsw,cic,43,False,forest,random10,0,frozen,0.01,12192,306,12155,9484,9481,3,0,95,9389,37,0.08108108108108109,0.9969652230971129,0.0715557775557778
unsw,cic,43,False,forest,random10,0,cap,0.01,12192,306,110,9484,59,95,9330,95,9389,12082,0.7800860784638305,0.00902230971128609,
unsw,cic,43,False,forest,random10,0,random,0.01,12192,306,110,9484,83,95,9306,95,9389,12082,0.7780996523754345,0.00902230971128609,
unsw,cic,43,False,forest,random10,0,frozen,0.05,12192,306,12192,9484,9484,0,0,95,9389,0,,1.0,0.0159445680385617
unsw,cic,43,False,forest,random10,0,cap,0.05,12192,306,599,9484,411,91,8982,95,9389,11593,0.7826274475976882,0.04913057742782152,
unsw,cic,43,False,forest,random10,0,random,0.05,12192,306,599,9484,446,93,8945,95,9389,11593,0.7796083843698783,0.04913057742782152,
unsw,cic,43,False,forest,random10,0,frozen,0.1,12192,306,12192,9484,9484,0,0,95,9389,0,,1.0,0.0011112975107715473
unsw,cic,43,False,forest,random10,0,cap,0.1,12192,306,1210,9484,893,86,8505,95,9389,10982,0.7822800947004188,0.09924540682414698,
unsw,cic,43,False,forest,random10,0,random,0.1,12192,306,1210,9484,929,89,8466,95,9389,10982,0.7790020032780914,0.09924540682414698,
unsw,unsw,43,True,logistic,clean,0,forced,0.0,10417,1285,0,9,0,6,3,6,3,10417,0.0008639723528847077,0.0,
unsw,unsw,43,True,logistic,clean,0,frozen,0.01,10417,1285,90,9,5,2,2,6,3,10327,0.00038733417255737385,0.008639723528847077,0.09834582199774622
unsw,unsw,43,True,logistic,clean,0,cap,0.01,10417,1285,101,9,5,2,2,6,3,10316,0.00038774718883288094,0.009695689737928385,
unsw,unsw,43,True,logistic,clean,0,random,0.01,10417,1285,101,9,0,6,3,6,3,10316,0.0008724311748739822,0.009695689737928385,
unsw,unsw,43,True,logistic,clean,0,frozen,0.05,10417,1285,575,9,5,2,2,6,3,9842,0.000406421459053038,0.05519823365652299,0.006114998505895142
unsw,unsw,43,True,logistic,clean,0,cap,0.05,10417,1285,518,9,5,2,2,6,3,9899,0.0004040812203252854,0.04972640875491984,
unsw,unsw,43,True,logistic,clean,0,random,0.05,10417,1285,518,9,1,6,2,6,3,9899,0.0008081624406505708,0.04972640875491984,
unsw,unsw,43,True,logistic,clean,0,frozen,0.1,10417,1285,1126,9,5,2,2,6,3,9291,0.00043052416316865784,0.10809254103868676,0.002410653500134252
unsw,unsw,43,True,logistic,clean,0,cap,0.1,10417,1285,1040,9,5,2,2,6,3,9377,0.00042657566385837685,0.09983680522223289,
unsw,unsw,43,True,logistic,clean,0,random,0.1,10417,1285,1040,9,1,6,2,6,3,9377,0.0008531513277167537,0.09983680522223289,
unsw,unsw,43,True,logistic,temporal,0,forced,0.0,10417,1285,0,9,0,6,3,6,3,10417,0.0008639723528847077,0.0,
unsw,unsw,43,True,logistic,temporal,0,frozen,0.01,10417,1285,231,9,5,2,2,6,3,10186,0.00039269585705870805,0.022175290390707498,0.09834582199774622
unsw,unsw,43,True,logistic,temporal,0,cap,0.01,10417,1285,101,9,5,2,2,6,3,10316,0.00038774718883288094,0.009695689737928385,
unsw,unsw,43,True,logistic,temporal,0,random,0.01,10417,1285,101,9,0,6,3,6,3,10316,0.0008724311748739822,0.009695689737928385,
unsw,unsw,43,True,logistic,temporal,0,frozen,0.05,10417,1285,928,9,6,2,1,6,3,9489,0.0003161555485298767,0.0890851492752232,0.006114998505895142
unsw,unsw,43,True,logistic,temporal,0,cap,0.05,10417,1285,518,9,6,2,1,6,3,9899,0.000303060915243964,0.04972640875491984,
unsw,unsw,43,True,logistic,temporal,0,random,0.05,10417,1285,518,9,1,6,2,6,3,9899,0.0008081624406505708,0.04972640875491984,
unsw,unsw,43,True,logistic,temporal,0,frozen,0.1,10417,1285,1711,9,6,2,1,6,3,8706,0.00034458993797381116,0.16425074397619277,0.002410653500134252
unsw,unsw,43,True,logistic,temporal,0,cap,0.1,10417,1285,1040,9,6,2,1,6,3,9377,0.0003199317478937827,0.09983680522223289,
unsw,unsw,43,True,logistic,temporal,0,random,0.1,10417,1285,1040,9,1,6,2,6,3,9377,0.0008531513277167537,0.09983680522223289,
unsw,unsw,43,True,logistic,size,0,forced,0.0,10417,1285,0,28,0,25,3,25,3,10417,0.002687913986752424,0.0,
unsw,unsw,43,True,logistic,size,0,frozen,0.01,10417,1285,340,28,24,3,1,25,3,10077,0.0003969435347821772,0.03263895555342229,0.09834582199774622
unsw,unsw,43,True,logistic,size,0,cap,0.01,10417,1285,101,28,20,6,2,25,3,10316,0.0007754943776657619,0.009695689737928385,
unsw,unsw,43,True,logistic,size,0,random,0.01,10417,1285,101,28,0,25,3,25,3,10316,0.002714230321830167,0.009695689737928385,
unsw,unsw,43,True,logistic,size,0,frozen,0.05,10417,1285,1094,28,24,3,1,25,3,9323,0.00042904644427759305,0.10502063933954113,0.006114998505895142
unsw,unsw,43,True,logistic,size,0,cap,0.05,10417,1285,518,28,24,3,1,25,3,9899,0.0004040812203252854,0.04972640875491984,
unsw,unsw,43,True,logistic,size,0,random,0.05,10417,1285,518,28,0,25,3,25,3,9899,0.0028285685422769977,0.04972640875491984,
unsw,unsw,43,True,logistic,size,0,frozen,0.1,10417,1285,2557,28,25,2,1,25,3,7860,0.0003816793893129771,0.2454641451473553,0.002410653500134252
unsw,unsw,43,True,logistic,size,0,cap,0.1,10417,1285,1040,28,25,2,1,25,3,9377,0.0003199317478937827,0.09983680522223289,
unsw,unsw,43,True,logistic,size,0,random,0.1,10417,1285,1040,28,2,23,3,25,3,9377,0.0027727418150794497,0.09983680522223289,
unsw,unsw,43,True,logistic,tcp,0,forced,0.0,10417,1285,0,15,0,12,3,12,3,10417,0.001439953921474513,0.0,
unsw,unsw,43,True,logistic,tcp,0,frozen,0.01,10417,1285,240,15,5,8,2,12,3,10177,0.000982607841210573,0.023039262743592206,0.09834582199774622
unsw,unsw,43,True,logistic,tcp,0,cap,0.01,10417,1285,101,15,5,8,2,12,3,10316,0.0009693679720822024,0.009695689737928385,
unsw,unsw,43,True,logistic,tcp,0,random,0.01,10417,1285,101,15,0,12,3,12,3,10316,0.0014540519581233036,0.009695689737928385,
unsw,unsw,43,True,logistic,tcp,0,frozen,0.05,10417,1285,1448,15,5,8,2,12,3,8969,0.001114951499609767,0.13900355188633964,0.006114998505895142
unsw,unsw,43,True,logistic,tcp,0,cap,0.05,10417,1285,518,15,5,8,2,12,3,9899,0.0010102030508132135,0.04972640875491984,
unsw,unsw,43,True,logistic,tcp,0,random,0.05,10417,1285,518,15,1,12,2,12,3,9899,0.0014142842711384988,0.04972640875491984,
unsw,unsw,43,True,logistic,tcp,0,frozen,0.1,10417,1285,1899,15,8,5,2,12,3,8518,0.0008217891523831885,0.18229816645867333,0.002410653500134252
unsw,unsw,43,True,logistic,tcp,0,cap,0.1,10417,1285,1040,15,5,8,2,12,3,9377,0.0010664391596459423,0.09983680522223289,
unsw,unsw,43,True,logistic,tcp,0,random,0.1,10417,1285,1040,15,2,11,2,12,3,9377,0.0013863709075397248,0.09983680522223289,
unsw,unsw,43,True,logistic,temporal+tcp,0,forced,0.0,10417,1285,0,18,0,15,3,15,3,10417,0.0017279447057694155,0.0,
unsw,unsw,43,True,logistic,temporal+tcp,0,frozen,0.01,10417,1285,343,18,8,8,2,15,3,10074,0.0009926543577526306,0.03292694633771719,0.09834582199774622
unsw,unsw,43,True,logistic,temporal+tcp,0,cap,0.01,10417,1285,101,18,7,8,3,15,3,10316,0.0010663047692904227,0.009695689737928385,
unsw,unsw,43,True,logistic,temporal+tcp,0,random,0.01,10417,1285,101,18,0,15,3,15,3,10316,0.0017448623497479643,0.009695689737928385,
unsw,unsw,43,True,logistic,temporal+tcp,0,frozen,0.05,10417,1285,1744,18,9,8,1,15,3,8673,0.0010377032168799724,0.1674186426034367,0.006114998505895142
unsw,unsw,43,True,logistic,temporal+tcp,0,cap,0.05,10417,1285,518,18,8,8,2,15,3,9899,0.0010102030508132135,0.04972640875491984,
unsw,unsw,43,True,logistic,temporal+tcp,0,random,0.05,10417,1285,518,18,1,15,2,15,3,9899,0.001717345186382463,0.04972640875491984,
unsw,unsw,43,True,logistic,temporal+tcp,0,frozen,0.1,10417,1285,2455,18,9,8,1,15,3,7962,0.0011303692539562924,0.2356724584813286,0.002410653500134252
unsw,unsw,43,True,logistic,temporal+tcp,0,cap,0.1,10417,1285,1040,18,8,8,2,15,3,9377,0.0010664391596459423,0.09983680522223289,
unsw,unsw,43,True,logistic,temporal+tcp,0,random,0.1,10417,1285,1040,18,4,12,2,15,3,9377,0.0014930148235043192,0.09983680522223289,
unsw,unsw,43,True,logistic,random10,0,forced,0.0,10417,1285,0,180,0,118,62,118,62,10417,0.017279447057694155,0.0,
unsw,unsw,43,True,logistic,random10,0,frozen,0.01,10417,1285,328,180,85,46,49,118,62,10089,0.009416195856873822,0.03148699241624268,0.09834582199774622
unsw,unsw,43,True,logistic,random10,0,cap,0.01,10417,1285,101,180,39,85,56,118,62,10316,0.013668088406359054,0.009695689737928385,
unsw,unsw,43,True,logistic,random10,0,random,0.01,10417,1285,101,180,3,116,61,118,62,10316,0.017157813105854982,0.009695689737928385,
unsw,unsw,43,True,logistic,random10,0,frozen,0.05,10417,1285,1175,180,114,26,40,118,62,9242,0.00714131140445791,0.1127963905155035,0.006114998505895142
unsw,unsw,43,True,logistic,random10,0,cap,0.05,10417,1285,518,180,98,38,44,118,62,9899,0.00828366501666835,0.04972640875491984,
unsw,unsw,43,True,logistic,random10,0,random,0.05,10417,1285,518,180,14,109,57,118,62,9899,0.016769370643499343,0.04972640875491984,
unsw,unsw,43,True,logistic,random10,0,frozen,0.1,10417,1285,1795,180,123,23,34,118,62,8622,0.006610995128740431,0.17231448593645005,0.002410653500134252
unsw,unsw,43,True,logistic,random10,0,cap,0.1,10417,1285,1040,180,113,26,41,118,62,9377,0.007145142369627813,0.09983680522223289,
unsw,unsw,43,True,logistic,random10,0,random,0.1,10417,1285,1040,180,24,103,53,118,62,9377,0.0166364508904767,0.09983680522223289,
unsw,ton,43,True,logistic,clean,0,forced,0.0,9367,7534,0,7529,0,7496,33,7496,33,9367,0.8037792249386143,0.0,
unsw,ton,43,True,logistic,clean,0,frozen,0.01,9367,7534,89,7529,33,7478,18,7496,33,9278,0.8079327441258892,0.009501441229849472,0.09834582199774622
unsw,ton,43,True,logistic,clean,0,cap,0.01,9367,7534,78,7529,29,7472,28,7496,33,9289,0.8074066099687803,0.008327105796946729,
unsw,ton,43,True,logistic,clean,0,random,0.01,9367,7534,78,7529,73,7423,33,7496,33,9289,0.8026698245236301,0.008327105796946729,
unsw,ton,43,True,logistic,clean,0,frozen,0.05,9367,7534,362,7529,136,7377,16,7496,33,9005,0.820988339811216,0.03864631151916302,0.006114998505895142
unsw,ton,43,True,logistic,clean,0,cap,0.05,9367,7534,454,7529,286,7219,24,7496,33,8913,0.8126332323572311,0.04846802604889506,
unsw,ton,43,True,logistic,clean,0,random,0.05,9367,7534,454,7529,380,7116,33,7496,33,8913,0.8020868394479973,0.04846802604889506,
unsw,ton,43,True,logistic,clean,0,frozen,0.1,9367,7534,527,7529,273,7240,16,7496,33,8840,0.820814479638009,0.056261343012704176,0.002410653500134252
unsw,ton,43,True,logistic,clean,0,cap,0.1,9367,7534,921,7529,661,6851,17,7496,33,8446,0.8131659957376273,0.0983239030639479,
unsw,ton,43,True,logistic,clean,0,random,0.1,9367,7534,921,7529,766,6735,28,7496,33,8446,0.8007340753019181,0.0983239030639479,
unsw,ton,43,True,logistic,temporal,0,forced,0.0,9367,7534,0,7523,0,7491,32,7491,32,9367,0.8031386783388491,0.0,
unsw,ton,43,True,logistic,temporal,0,frozen,0.01,9367,7534,104,7523,30,7476,17,7491,32,9263,0.8089171974522293,0.011102807729262304,0.09834582199774622
unsw,ton,43,True,logistic,temporal,0,cap,0.01,9367,7534,78,7523,23,7473,27,7491,32,9289,0.8074066099687803,0.008327105796946729,
unsw,ton,43,True,logistic,temporal,0,random,0.01,9367,7534,78,7523,73,7418,32,7491,32,9289,0.8020238992356551,0.008327105796946729,
unsw,ton,43,True,logistic,temporal,0,frozen,0.05,9367,7534,290,7523,37,7471,15,7491,32,9077,0.8247218243913187,0.030959752321981424,0.006114998505895142
unsw,ton,43,True,logistic,temporal,0,cap,0.05,9367,7534,454,7523,250,7253,20,7491,32,8913,0.815999102434646,0.04846802604889506,
unsw,ton,43,True,logistic,temporal,0,random,0.05,9367,7534,454,7523,380,7111,32,7491,32,8913,0.8014136654325144,0.04846802604889506,
unsw,ton,43,True,logistic,temporal,0,frozen,0.1,9367,7534,328,7523,53,7456,14,7491,32,9039,0.8264188516428809,0.03501654745382726,0.002410653500134252
unsw,ton,43,True,logistic,temporal,0,cap,0.1,9367,7534,921,7523,606,6901,16,7491,32,8446,0.8189675586076249,0.0983239030639479,
unsw,ton,43,True,logistic,temporal,0,random,0.1,9367,7534,921,7523,765,6730,28,7491,32,8446,0.8001420790906938,0.0983239030639479,
unsw,ton,43,True,logistic,size,0,forced,0.0,9367,7534,0,7533,0,7486,47,7486,47,9367,0.8042062560051244,0.0,
unsw,ton,43,True,logistic,size,0,frozen,0.01,9367,7534,177,7533,27,7480,26,7486,47,9190,0.8167573449401523,0.01889612469307142,0.09834582199774622
unsw,ton,43,True,logistic,size,0,cap,0.01,9367,7534,78,7533,9,7480,44,7486,47,9289,0.8099903111206804,0.008327105796946729,
unsw,ton,43,True,logistic,size,0,random,0.01,9367,7534,78,7533,73,7413,47,7486,47,9289,0.8031004413822801,0.008327105796946729,
unsw,ton,43,True,logistic,size,0,frozen,0.05,9367,7534,448,7533,47,7474,12,7486,47,8919,0.8393317636506334,0.04782747944912993,0.006114998505895142
unsw,ton,43,True,logistic,size,0,cap,0.05,9367,7534,454,7533,248,7246,39,7486,47,8913,0.817345450465612,0.04846802604889506,
unsw,ton,43,True,logistic,size,0,random,0.05,9367,7534,454,7533,380,7107,46,7486,47,8913,0.802535622124986,0.04846802604889506,
unsw,ton,43,True,logistic,size,0,frozen,0.1,9367,7534,512,7533,59,7462,12,7486,47,8855,0.844042913608131,0.05465997651329134,0.002410653500134252
unsw,ton,43,True,logistic,size,0,cap,0.1,9367,7534,921,7533,616,6884,33,7486,47,8446,0.8189675586076249,0.0983239030639479,
unsw,ton,43,True,logistic,size,0,random,0.1,9367,7534,921,7533,764,6726,43,7486,47,8446,0.8014444707553872,0.0983239030639479,
unsw,ton,43,True,logistic,tcp,0,forced,0.0,9367,7534,0,7293,0,7228,65,7228,65,9367,0.778584392014519,0.0,
unsw,ton,43,True,logistic,tcp,0,frozen,0.01,9367,7534,132,7293,61,7204,28,7228,65,9235,0.7831077422847862,0.014092025194832923,0.09834582199774622
unsw,ton,43,True,logistic,tcp,0,cap,0.01,9367,7534,78,7293,38,7201,54,7228,65,9289,0.7810313273764667,0.008327105796946729,
unsw,ton,43,True,logistic,tcp,0,random,0.01,9367,7534,78,7293,73,7155,65,7228,65,9289,0.7772634298632791,0.008327105796946729,
unsw,ton,43,True,logistic,tcp,0,frozen,0.05,9367,7534,251,7293,87,7187,19,7228,65,9116,0.7904782799473453,0.02679619942350806,0.006114998505895142
unsw,ton,43,True,logistic,tcp,0,cap,0.05,9367,7534,454,7293,303,6959,31,7228,65,8913,0.7842477280376977,0.04846802604889506,
unsw,ton,43,True,logistic,tcp,0,random,0.05,9367,7534,454,7293,368,6860,65,7228,65,8913,0.7769550095366319,0.04846802604889506,
unsw,ton,43,True,logistic,tcp,0,frozen,0.1,9367,7534,386,7293,104,7172,17,7228,65,8981,0.8004676539360873,0.04120849791822355,0.002410653500134252
unsw,ton,43,True,logistic,tcp,0,cap,0.1,9367,7534,921,7293,688,6585,20,7228,65,8446,0.7820269950272318,0.0983239030639479,
unsw,ton,43,True,logistic,tcp,0,random,0.1,9367,7534,921,7293,742,6494,57,7228,65,8446,0.77563343594601,0.0983239030639479,
unsw,ton,43,True,logistic,temporal+tcp,0,forced,0.0,9367,7534,0,7284,0,7214,70,7214,70,9367,0.7776235721148713,0.0,
unsw,ton,43,True,logistic,temporal+tcp,0,frozen,0.01,9367,7534,146,7284,72,7190,22,7214,70,9221,0.7821277518707298,0.015586633927618235,0.09834582199774622
unsw,ton,43,True,logistic,temporal+tcp,0,cap,0.01,9367,7534,78,7284,37,7191,56,7214,70,9289,0.7801700936591668,0.008327105796946729,
unsw,ton,43,True,logistic,temporal+tcp,0,random,0.01,9367,7534,78,7284,73,7141,70,7214,70,9289,0.7762945419313166,0.008327105796946729,
unsw,ton,43,True,logistic,temporal+tcp,0,frozen,0.05,9367,7534,224,7284,79,7188,17,7214,70,9143,0.7880345619599693,0.023913739724564963,0.006114998505895142
unsw,ton,43,True,logistic,temporal+tcp,0,cap,0.05,9367,7534,454,7284,245,7010,29,7214,70,8913,0.789745315830809,0.04846802604889506,
unsw,ton,43,True,logistic,temporal+tcp,0,random,0.05,9367,7534,454,7284,368,6846,70,7214,70,8913,0.7759452485134074,0.04846802604889506,
unsw,ton,43,True,logistic,temporal+tcp,0,frozen,0.1,9367,7534,254,7284,82,7186,16,7214,70,9113,0.7902995720399429,0.027116472723390628,0.002410653500134252
unsw,ton,43,True,logistic,temporal+tcp,0,cap,0.1,9367,7534,921,7284,624,6642,18,7214,70,8446,0.7885389533506986,0.0983239030639479,
unsw,ton,43,True,logistic,temporal+tcp,0,random,0.1,9367,7534,921,7284,740,6480,64,7214,70,8446,0.774804641250296,0.0983239030639479,
unsw,ton,43,True,logistic,random10,0,forced,0.0,9367,7534,0,7118,0,6952,166,6952,166,9367,0.7599017828547027,0.0,
unsw,ton,43,True,logistic,random10,0,frozen,0.01,9367,7534,324,7118,156,6834,128,6952,166,9043,0.7698772531239633,0.03458951638731718,0.09834582199774622
unsw,ton,43,True,logistic,random10,0,cap,0.01,9367,7534,78,7118,46,6909,163,6952,166,9289,0.7613306060932286,0.008327105796946729,
unsw,ton,43,True,logistic,random10,0,random,0.01,9367,7534,78,7118,69,6883,166,6952,166,9289,0.758854559155991,0.008327105796946729,
unsw,ton,43,True,logistic,random10,0,frozen,0.05,9367,7534,740,7118,362,6652,104,6952,166,8627,0.7831227541439666,0.07900074730436639,0.006114998505895142
unsw,ton,43,True,logistic,random10,0,cap,0.05,9367,7534,454,7118,221,6759,138,6952,166,8913,0.7738135307977112,0.04846802604889506,
unsw,ton,43,True,logistic,random10,0,random,0.05,9367,7534,454,7118,349,6606,163,6952,166,8913,0.7594524851340738,0.04846802604889506,
unsw,ton,43,True,logistic,random10,0,frozen,0.1,9367,7534,917,7118,476,6551,91,6952,166,8450,0.7860355029585799,0.09789687199743781,0.002410653500134252
unsw,ton,43,True,logistic,random10,0,cap,0.1,9367,7534,921,7118,485,6520,113,6952,166,8446,0.7853421738100876,0.0983239030639479,
unsw,ton,43,True,logistic,random10,0,random,0.1,9367,7534,921,7118,705,6260,153,6952,166,8446,0.7592943405162207,0.0983239030639479,
unsw,cic,43,True,logistic,clean,0,forced,0.0,12192,306,0,2941,0,248,2693,248,2693,12192,0.2412237532808399,0.0,
unsw,cic,43,True,logistic,clean,0,frozen,0.01,12192,306,466,2941,196,243,2502,248,2693,11726,0.23409517311956338,0.038221784776902884,0.09834582199774622
unsw,cic,43,True,logistic,clean,0,cap,0.01,12192,306,110,2941,66,246,2629,248,2693,12082,0.2379572918390995,0.00902230971128609,
unsw,cic,43,True,logistic,clean,0,random,0.01,12192,306,110,2941,32,244,2665,248,2693,12082,0.2407713954643271,0.00902230971128609,
unsw,cic,43,True,logistic,clean,0,frozen,0.05,12192,306,1755,2941,390,224,2327,248,2693,10437,0.2444188943182907,0.14394685039370078,0.006114998505895142
unsw,cic,43,True,logistic,clean,0,cap,0.05,12192,306,599,2941,214,241,2486,248,2693,11593,0.23522815492107307,0.04913057742782152,
unsw,cic,43,True,logistic,clean,0,random,0.05,12192,306,599,2941,143,241,2557,248,2693,11593,0.24135254032605882,0.04913057742782152,
unsw,cic,43,True,logistic,clean,0,frozen,0.1,12192,306,2108,2941,514,220,2207,248,2693,10084,0.24067830226100753,0.1729002624671916,0.002410653500134252
unsw,cic,43,True,logistic,clean,0,cap,0.1,12192,306,1210,2941,303,229,2409,248,2693,10982,0.24021125478055,0.09924540682414698,
unsw,cic,43,True,logistic,clean,0,random,0.1,12192,306,1210,2941,287,232,2422,248,2693,10982,0.2416681843015844,0.09924540682414698,
unsw,cic,43,True,logistic,temporal,0,forced,0.0,12192,306,0,3301,0,247,3054,247,3054,12192,0.270751312335958,0.0,
unsw,cic,43,True,logistic,temporal,0,frozen,0.01,12192,306,391,3301,210,245,2846,247,3054,11801,0.26192695534276755,0.03207020997375328,0.09834582199774622
unsw,cic,43,True,logistic,temporal,0,cap,0.01,12192,306,110,3301,59,246,2996,247,3054,12082,0.26833305744082103,0.00902230971128609,
unsw,cic,43,True,logistic,temporal,0,random,0.01,12192,306,110,3301,35,243,3023,247,3054,12082,0.27031948352921703,0.00902230971128609,
unsw,cic,43,True,logistic,temporal,0,frozen,0.05,12192,306,906,3301,381,237,2683,247,3054,11286,0.2587276271486798,0.07431102362204725,0.006114998505895142
unsw,cic,43,True,logistic,temporal,0,cap,0.05,12192,306,599,3301,272,242,2787,247,3054,11593,0.26127835762960405,0.04913057742782152,
unsw,cic,43,True,logistic,temporal,0,random,0.05,12192,306,599,3301,159,240,2902,247,3054,11593,0.2710256189079617,0.04913057742782152,
unsw,cic,43,True,logistic,temporal,0,frozen,0.1,12192,306,1718,3301,499,234,2568,247,3054,10474,0.2675195722742028,0.14091207349081364,0.002410653500134252
unsw,cic,43,True,logistic,temporal,0,cap,0.1,12192,306,1210,3301,438,234,2629,247,3054,10982,0.2606993261700965,0.09924540682414698,
unsw,cic,43,True,logistic,temporal,0,random,0.1,12192,306,1210,3301,323,231,2747,247,3054,10982,0.2711710071025314,0.09924540682414698,
unsw,cic,43,True,logistic,size,0,forced,0.0,12192,306,0,3081,0,242,2839,242,2839,12192,0.2527066929133858,0.0,
unsw,cic,43,True,logistic,size,0,frozen,0.01,12192,306,1440,3081,494,229,2358,242,2839,10752,0.2406063988095238,0.11811023622047244,0.09834582199774622
unsw,cic,43,True,logistic,size,0,cap,0.01,12192,306,110,3081,66,242,2773,242,2839,12082,0.2495447773547426,0.00902230971128609,
unsw,cic,43,True,logistic,size,0,random,0.01,12192,306,110,3081,35,238,2808,242,2839,12082,0.2521105777189207,0.00902230971128609,
unsw,cic,43,True,logistic,size,0,frozen,0.05,12192,306,2596,3081,861,130,2090,242,2839,9596,0.23134639433097123,0.2129265091863517,0.006114998505895142
unsw,cic,43,True,logistic,size,0,cap,0.05,12192,306,599,3081,312,239,2530,242,2839,11593,0.23885103079444492,0.04913057742782152,
unsw,cic,43,True,logistic,size,0,random,0.05,12192,306,599,3081,153,235,2693,242,2839,11593,0.2525662037436384,0.04913057742782152,
unsw,cic,43,True,logistic,size,0,frozen,0.1,12192,306,3014,3081,996,128,1957,242,2839,9178,0.22717367618217477,0.24721128608923884,0.002410653500134252
unsw,cic,43,True,logistic,size,0,cap,0.1,12192,306,1210,3081,466,232,2383,242,2839,10982,0.238116918594063,0.09924540682414698,
unsw,cic,43,True,logistic,size,0,random,0.1,12192,306,1210,3081,309,225,2547,242,2839,10982,0.25241303951921323,0.09924540682414698,
unsw,cic,43,True,logistic,tcp,0,forced,0.0,12192,306,0,2892,0,246,2646,246,2646,12192,0.2372047244094488,0.0,
unsw,cic,43,True,logistic,tcp,0,frozen,0.01,12192,306,523,2892,125,242,2525,246,2646,11669,0.23712400377067444,0.04289698162729659,0.09834582199774622
unsw,cic,43,True,logistic,tcp,0,cap,0.01,12192,306,110,2892,44,244,2604,246,2646,12082,0.23572256248965404,0.00902230971128609,
unsw,cic,43,True,logistic,tcp,0,random,0.01,12192,306,110,2892,32,242,2618,246,2646,12082,0.236715775533852,0.00902230971128609,
unsw,cic,43,True,logistic,tcp,0,frozen,0.05,12192,306,1974,2892,297,216,2379,246,2646,10218,0.25396359365825016,0.16190944881889763,0.006114998505895142
unsw,cic,43,True,logistic,tcp,0,cap,0.05,12192,306,599,2892,131,242,2519,246,2646,11593,0.23816095919951694,0.04913057742782152,
unsw,cic,43,True,logistic,tcp,0,random,0.05,12192,306,599,2892,142,239,2511,246,2646,11593,0.23721211075649098,0.04913057742782152,
unsw,cic,43,True,logistic,tcp,0,frozen,0.1,12192,306,2341,2892,361,208,2323,246,2646,9851,0.2569282306364836,0.19201115485564305,0.002410653500134252
unsw,cic,43,True,logistic,tcp,0,cap,0.1,12192,306,1210,2892,190,231,2471,246,2646,10982,0.24603897286468768,0.09924540682414698,
unsw,cic,43,True,logistic,tcp,0,random,0.1,12192,306,1210,2892,282,230,2380,246,2646,10982,0.23766162811873975,0.09924540682414698,
unsw,cic,43,True,logistic,temporal+tcp,0,forced,0.0,12192,306,0,3413,0,244,3169,244,3169,12192,0.27993766404199477,0.0,
unsw,cic,43,True,logistic,temporal+tcp,0,frozen,0.01,12192,306,226,3413,121,240,3052,244,3169,11966,0.2751128196556911,0.018536745406824148,0.09834582199774622
unsw,cic,43,True,logistic,temporal+tcp,0,cap,0.01,12192,306,110,3413,33,241,3139,244,3169,12082,0.2797550074490978,0.00902230971128609,
unsw,cic,43,True,logistic,temporal+tcp,0,random,0.01,12192,306,110,3413,37,240,3136,244,3169,12082,0.2794239364343652,0.00902230971128609,
unsw,cic,43,True,logistic,temporal+tcp,0,frozen,0.05,12192,306,1264,3413,288,225,2900,244,3169,10928,0.2859626647144949,0.1036745406824147,0.006114998505895142
unsw,cic,43,True,logistic,temporal+tcp,0,cap,0.05,12192,306,599,3413,172,231,3010,244,3169,11593,0.2795652548951954,0.04913057742782152,
unsw,cic,43,True,logistic,temporal+tcp,0,random,0.05,12192,306,599,3413,163,237,3013,244,3169,11593,0.28034158543948934,0.04913057742782152,
unsw,cic,43,True,logistic,temporal+tcp,0,frozen,0.1,12192,306,2306,3413,618,221,2574,244,3169,9886,0.28272304268662757,0.18914041994750655,0.002410653500134252
unsw,cic,43,True,logistic,temporal+tcp,0,cap,0.1,12192,306,1210,3413,296,225,2892,244,3169,10982,0.28382808231651796,0.09924540682414698,
unsw,cic,43,True,logistic,temporal+tcp,0,random,0.1,12192,306,1210,3413,329,229,2855,244,3169,10982,0.28082316517938444,0.09924540682414698,
unsw,cic,43,True,logistic,random10,0,forced,0.0,12192,306,0,3251,0,235,3016,235,3016,12192,0.2666502624671916,0.0,
unsw,cic,43,True,logistic,random10,0,frozen,0.01,12192,306,1029,3251,476,226,2549,235,3016,11163,0.2485890889545821,0.0843996062992126,0.09834582199774622
unsw,cic,43,True,logistic,random10,0,cap,0.01,12192,306,110,3251,52,235,2964,235,3016,12082,0.264774044032445,0.00902230971128609,
unsw,cic,43,True,logistic,random10,0,random,0.01,12192,306,110,3251,36,231,2984,235,3016,12082,0.2660983280913756,0.00902230971128609,
unsw,cic,43,True,logistic,random10,0,frozen,0.05,12192,306,2227,3251,903,211,2137,235,3016,9965,0.23562468640240844,0.18266076115485563,0.006114998505895142
unsw,cic,43,True,logistic,random10,0,cap,0.05,12192,306,599,3251,280,230,2741,235,3016,11593,0.25627533856637624,0.04913057742782152,
unsw,cic,43,True,logistic,random10,0,random,0.05,12192,306,599,3251,157,227,2867,235,3016,11593,0.26688518933839384,0.04913057742782152,
unsw,cic,43,True,logistic,random10,0,frozen,0.1,12192,306,2606,3251,1029,206,2016,235,3016,9586,0.231796369705821,0.213746719160105,0.002410653500134252
unsw,cic,43,True,logistic,random10,0,cap,0.1,12192,306,1210,3251,542,223,2486,235,3016,10982,0.24667637953014024,0.09924540682414698,
unsw,cic,43,True,logistic,random10,0,random,0.1,12192,306,1210,3251,314,217,2720,235,3016,10982,0.26743762520488074,0.09924540682414698,
unsw,unsw,43,True,forest,clean,0,forced,0.0,10417,1285,0,4,0,0,4,0,4,10417,0.0003839877123932034,0.0,
unsw,unsw,43,True,forest,clean,0,frozen,0.01,10417,1285,91,4,4,0,0,0,4,10326,0.0,0.008735720456945378,0.06312762406675465
unsw,unsw,43,True,forest,clean,0,cap,0.01,10417,1285,101,4,3,0,1,0,4,10316,9.693679720822024e-05,0.009695689737928385,
unsw,unsw,43,True,forest,clean,0,random,0.01,10417,1285,101,4,0,0,4,0,4,10316,0.00038774718883288094,0.009695689737928385,
unsw,unsw,43,True,forest,clean,0,frozen,0.05,10417,1285,512,4,4,0,0,0,4,9905,0.0,0.04915042718633004,0.00848484848484854
unsw,unsw,43,True,forest,clean,0,cap,0.05,10417,1285,518,4,4,0,0,0,4,9899,0.0,0.04972640875491984,
unsw,unsw,43,True,forest,clean,0,random,0.05,10417,1285,518,4,1,0,3,0,4,9899,0.000303060915243964,0.04972640875491984,
unsw,unsw,43,True,forest,clean,0,frozen,0.1,10417,1285,872,4,4,0,0,0,4,9545,0.0,0.08370932130171835,0.0
unsw,unsw,43,True,forest,clean,0,cap,0.1,10417,1285,1040,4,4,0,0,0,4,9377,0.0,0.09983680522223289,
unsw,unsw,43,True,forest,clean,0,random,0.1,10417,1285,1040,4,1,0,3,0,4,9377,0.0003199317478937827,0.09983680522223289,
unsw,unsw,43,True,forest,temporal,0,forced,0.0,10417,1285,0,5,0,0,5,0,5,10417,0.00047998464049150427,0.0,
unsw,unsw,43,True,forest,temporal,0,frozen,0.01,10417,1285,90,5,5,0,0,0,5,10327,0.0,0.008639723528847077,0.06312762406675465
unsw,unsw,43,True,forest,temporal,0,cap,0.01,10417,1285,101,5,5,0,0,0,5,10316,0.0,0.009695689737928385,
unsw,unsw,43,True,forest,temporal,0,random,0.01,10417,1285,101,5,0,0,5,0,5,10316,0.0004846839860411012,0.009695689737928385,
unsw,unsw,43,True,forest,temporal,0,frozen,0.05,10417,1285,473,5,5,0,0,0,5,9944,0.0,0.0454065469904963,0.00848484848484854
unsw,unsw,43,True,forest,temporal,0,cap,0.05,10417,1285,518,5,5,0,0,0,5,9899,0.0,0.04972640875491984,
unsw,unsw,43,True,forest,temporal,0,random,0.05,10417,1285,518,5,1,0,4,0,5,9899,0.0004040812203252854,0.04972640875491984,
unsw,unsw,43,True,forest,temporal,0,frozen,0.1,10417,1285,1077,5,5,0,0,0,5,9340,0.0,0.10338869156187001,0.0
unsw,unsw,43,True,forest,temporal,0,cap,0.1,10417,1285,1040,5,5,0,0,0,5,9377,0.0,0.09983680522223289,
unsw,unsw,43,True,forest,temporal,0,random,0.1,10417,1285,1040,5,1,0,4,0,5,9377,0.00042657566385837685,0.09983680522223289,
unsw,unsw,43,True,forest,size,0,forced,0.0,10417,1285,0,4,0,0,4,0,4,10417,0.0003839877123932034,0.0,
unsw,unsw,43,True,forest,size,0,frozen,0.01,10417,1285,568,4,4,0,0,0,4,9849,0.0,0.054526255159834884,0.06312762406675465
unsw,unsw,43,True,forest,size,0,cap,0.01,10417,1285,101,4,4,0,0,0,4,10316,0.0,0.009695689737928385,
unsw,unsw,43,True,forest,size,0,random,0.01,10417,1285,101,4,0,0,4,0,4,10316,0.00038774718883288094,0.009695689737928385,
unsw,unsw,43,True,forest,size,0,frozen,0.05,10417,1285,1207,4,4,0,0,0,4,9210,0.0,0.11586829221464913,0.00848484848484854
unsw,unsw,43,True,forest,size,0,cap,0.05,10417,1285,518,4,4,0,0,0,4,9899,0.0,0.04972640875491984,
unsw,unsw,43,True,forest,size,0,random,0.05,10417,1285,518,4,1,0,3,0,4,9899,0.000303060915243964,0.04972640875491984,
unsw,unsw,43,True,forest,size,0,frozen,0.1,10417,1285,10416,4,4,0,0,0,4,1,0.0,0.9999040030719017,0.0
unsw,unsw,43,True,forest,size,0,cap,0.1,10417,1285,1040,4,4,0,0,0,4,9377,0.0,0.09983680522223289,
unsw,unsw,43,True,forest,size,0,random,0.1,10417,1285,1040,4,1,0,3,0,4,9377,0.0003199317478937827,0.09983680522223289,
unsw,unsw,43,True,forest,tcp,0,forced,0.0,10417,1285,0,5,0,0,5,0,5,10417,0.00047998464049150427,0.0,
unsw,unsw,43,True,forest,tcp,0,frozen,0.01,10417,1285,239,5,5,0,0,0,5,10178,0.0,0.022943265815493906,0.06312762406675465
unsw,unsw,43,True,forest,tcp,0,cap,0.01,10417,1285,101,5,4,0,1,0,5,10316,9.693679720822024e-05,0.009695689737928385,
unsw,unsw,43,True,forest,tcp,0,random,0.01,10417,1285,101,5,0,0,5,0,5,10316,0.0004846839860411012,0.009695689737928385,
unsw,unsw,43,True,forest,tcp,0,frozen,0.05,10417,1285,913,5,5,0,0,0,5,9504,0.0,0.08764519535374868,0.00848484848484854
unsw,unsw,43,True,forest,tcp,0,cap,0.05,10417,1285,518,5,5,0,0,0,5,9899,0.0,0.04972640875491984,
unsw,unsw,43,True,forest,tcp,0,random,0.05,10417,1285,518,5,1,0,4,0,5,9899,0.0004040812203252854,0.04972640875491984,
unsw,unsw,43,True,forest,tcp,0,frozen,0.1,10417,1285,9385,5,5,0,0,0,5,1032,0.0,0.9009311702025535,0.0
unsw,unsw,43,True,forest,tcp,0,cap,0.1,10417,1285,1040,5,5,0,0,0,5,9377,0.0,0.09983680522223289,
unsw,unsw,43,True,forest,tcp,0,random,0.1,10417,1285,1040,5,1,0,4,0,5,9377,0.00042657566385837685,0.09983680522223289,
unsw,unsw,43,True,forest,temporal+tcp,0,forced,0.0,10417,1285,0,4,0,0,4,0,4,10417,0.0003839877123932034,0.0,
unsw,unsw,43,True,forest,temporal+tcp,0,frozen,0.01,10417,1285,532,4,4,0,0,0,4,9885,0.0,0.05107036574829606,0.06312762406675465
unsw,unsw,43,True,forest,temporal+tcp,0,cap,0.01,10417,1285,101,4,4,0,0,0,4,10316,0.0,0.009695689737928385,
unsw,unsw,43,True,forest,temporal+tcp,0,random,0.01,10417,1285,101,4,0,0,4,0,4,10316,0.00038774718883288094,0.009695689737928385,
unsw,unsw,43,True,forest,temporal+tcp,0,frozen,0.05,10417,1285,1349,4,4,0,0,0,4,9068,0.0,0.12949985600460787,0.00848484848484854
unsw,unsw,43,True,forest,temporal+tcp,0,cap,0.05,10417,1285,518,4,4,0,0,0,4,9899,0.0,0.04972640875491984,
unsw,unsw,43,True,forest,temporal+tcp,0,random,0.05,10417,1285,518,4,1,0,3,0,4,9899,0.000303060915243964,0.04972640875491984,
unsw,unsw,43,True,forest,temporal+tcp,0,frozen,0.1,10417,1285,9406,4,4,0,0,0,4,1011,0.0,0.9029471056926178,0.0
unsw,unsw,43,True,forest,temporal+tcp,0,cap,0.1,10417,1285,1040,4,4,0,0,0,4,9377,0.0,0.09983680522223289,
unsw,unsw,43,True,forest,temporal+tcp,0,random,0.1,10417,1285,1040,4,1,0,3,0,4,9377,0.0003199317478937827,0.09983680522223289,
unsw,unsw,43,True,forest,random10,0,forced,0.0,10417,1285,0,28,0,24,4,24,4,10417,0.002687913986752424,0.0,
unsw,unsw,43,True,forest,random10,0,frozen,0.01,10417,1285,734,28,28,0,0,24,4,9683,0.0,0.07046174522415283,0.06312762406675465
unsw,unsw,43,True,forest,random10,0,cap,0.01,10417,1285,101,28,21,4,3,24,4,10316,0.0006785575804575417,0.009695689737928385,
unsw,unsw,43,True,forest,random10,0,random,0.01,10417,1285,101,28,0,24,4,24,4,10316,0.002714230321830167,0.009695689737928385,
unsw,unsw,43,True,forest,random10,0,frozen,0.05,10417,1285,1937,28,28,0,0,24,4,8480,0.0,0.18594604972640877,0.00848484848484854
unsw,unsw,43,True,forest,random10,0,cap,0.05,10417,1285,518,28,27,1,0,24,4,9899,0.00010102030508132135,0.04972640875491984,
unsw,unsw,43,True,forest,random10,0,random,0.05,10417,1285,518,28,4,21,3,24,4,9899,0.002424487321951712,0.04972640875491984,
unsw,unsw,43,True,forest,random10,0,frozen,0.1,10417,1285,4163,28,28,0,0,24,4,6254,0.0,0.39963521167322646,0.0
unsw,unsw,43,True,forest,random10,0,cap,0.1,10417,1285,1040,28,28,0,0,24,4,9377,0.0,0.09983680522223289,
unsw,unsw,43,True,forest,random10,0,random,0.1,10417,1285,1040,28,4,21,3,24,4,9377,0.0025594539831502615,0.09983680522223289,
unsw,ton,43,True,forest,clean,0,forced,0.0,9367,7534,0,3112,0,1716,1396,1716,1396,9367,0.3322301697448489,0.0,
unsw,ton,43,True,forest,clean,0,frozen,0.01,9367,7534,8786,3112,2543,569,0,1716,1396,581,0.9793459552495697,0.9379737375894096,0.06312762406675465
unsw,ton,43,True,forest,clean,0,cap,0.01,9367,7534,78,3112,27,1698,1387,1716,1396,9289,0.33211325223382493,0.008327105796946729,
unsw,ton,43,True,forest,clean,0,random,0.01,9367,7534,78,3112,28,1691,1393,1716,1396,9289,0.33200559801916246,0.008327105796946729,
unsw,ton,43,True,forest,clean,0,frozen,0.05,9367,7534,9367,3112,3112,0,0,1716,1396,0,,1.0,0.00848484848484854
unsw,ton,43,True,forest,clean,0,cap,0.05,9367,7534,454,3112,101,1694,1317,1716,1396,8913,0.33782116010322,0.04846802604889506,
unsw,ton,43,True,forest,clean,0,random,0.05,9367,7534,454,3112,152,1617,1343,1716,1396,8913,0.3320991809716145,0.04846802604889506,
unsw,ton,43,True,forest,clean,0,frozen,0.1,9367,7534,9367,3112,3112,0,0,1716,1396,0,,1.0,0.0
unsw,ton,43,True,forest,clean,0,cap,0.1,9367,7534,921,3112,176,1694,1242,1716,1396,8446,0.3476201752308785,0.0983239030639479,
unsw,ton,43,True,forest,clean,0,random,0.1,9367,7534,921,3112,300,1531,1281,1716,1396,8446,0.3329386691925172,0.0983239030639479,
unsw,ton,43,True,forest,temporal,0,forced,0.0,9367,7534,0,3090,0,1693,1397,1693,1397,9367,0.32988149887904344,0.0,
unsw,ton,43,True,forest,temporal,0,frozen,0.01,9367,7534,9367,3090,3090,0,0,1693,1397,0,,1.0,0.06312762406675465
unsw,ton,43,True,forest,temporal,0,cap,0.01,9367,7534,78,3090,2,1693,1395,1693,1397,9289,0.33243621487781244,0.008327105796946729,
unsw,ton,43,True,forest,temporal,0,random,0.01,9367,7534,78,3090,28,1668,1394,1693,1397,9289,0.32963720529658735,0.008327105796946729,
unsw,ton,43,True,forest,temporal,0,frozen,0.05,9367,7534,9367,3090,3090,0,0,1693,1397,0,,1.0,0.00848484848484854
unsw,ton,43,True,forest,temporal,0,cap,0.05,9367,7534,454,3090,64,1692,1334,1693,1397,8913,0.33950409514192753,0.04846802604889506,
unsw,ton,43,True,forest,temporal,0,random,0.05,9367,7534,454,3090,152,1594,1344,1693,1397,8913,0.32963087624817683,0.04846802604889506,
unsw,ton,43,True,forest,temporal,0,frozen,0.1,9367,7534,9367,3090,3090,0,0,1693,1397,0,,1.0,0.0
unsw,ton,43,True,forest,temporal,0,cap,0.1,9367,7534,921,3090,144,1692,1254,1693,1397,8446,0.348804167653327,0.0983239030639479,
unsw,ton,43,True,forest,temporal,0,random,0.1,9367,7534,921,3090,297,1512,1281,1693,1397,8446,0.33068908358986504,0.0983239030639479,
unsw,ton,43,True,forest,size,0,forced,0.0,9367,7534,0,3092,0,1692,1400,1692,1400,9367,0.3300950144122985,0.0,
unsw,ton,43,True,forest,size,0,frozen,0.01,9367,7534,9365,3092,3091,1,0,1692,1400,2,0.5,0.999786484466745,0.06312762406675465
unsw,ton,43,True,forest,size,0,cap,0.01,9367,7534,78,3092,44,1692,1356,1692,1400,9289,0.3281300462913123,0.008327105796946729,
unsw,ton,43,True,forest,size,0,random,0.01,9367,7534,78,3092,28,1667,1397,1692,1400,9289,0.32985251372591234,0.008327105796946729,
unsw,ton,43,True,forest,size,0,frozen,0.05,9367,7534,9367,3092,3092,0,0,1692,1400,0,,1.0,0.00848484848484854
unsw,ton,43,True,forest,size,0,cap,0.05,9367,7534,454,3092,157,1692,1243,1692,1400,8913,0.3292942892404353,0.04846802604889506,
unsw,ton,43,True,forest,size,0,random,0.05,9367,7534,454,3092,152,1593,1347,1692,1400,8913,0.32985526758667116,0.04846802604889506,
unsw,ton,43,True,forest,size,0,frozen,0.1,9367,7534,9367,3092,3092,0,0,1692,1400,0,,1.0,0.0
unsw,ton,43,True,forest,size,0,cap,0.1,9367,7534,921,3092,243,1692,1157,1692,1400,8446,0.3373194411555766,0.0983239030639479,
unsw,ton,43,True,forest,size,0,random,0.1,9367,7534,921,3092,297,1511,1284,1692,1400,8446,0.33092588207435475,0.0983239030639479,
unsw,ton,43,True,forest,tcp,0,forced,0.0,9367,7534,0,3095,0,1695,1400,1695,1400,9367,0.33041528771218104,0.0,
unsw,ton,43,True,forest,tcp,0,frozen,0.01,9367,7534,9367,3095,3095,0,0,1695,1400,0,,1.0,0.06312762406675465
unsw,ton,43,True,forest,tcp,0,cap,0.01,9367,7534,78,3095,15,1692,1388,1695,1400,9289,0.3315749811605124,0.008327105796946729,
unsw,ton,43,True,forest,tcp,0,random,0.01,9367,7534,78,3095,28,1670,1397,1695,1400,9289,0.33017547636989986,0.008327105796946729,
unsw,ton,43,True,forest,tcp,0,frozen,0.05,9367,7534,9367,3095,3095,0,0,1695,1400,0,,1.0,0.00848484848484854
unsw,ton,43,True,forest,tcp,0,cap,0.05,9367,7534,454,3095,65,1690,1340,1695,1400,8913,0.3399528778189162,0.04846802604889506,
unsw,ton,43,True,forest,tcp,0,random,0.05,9367,7534,454,3095,152,1596,1347,1695,1400,8913,0.33019185459441264,0.04846802604889506,
unsw,ton,43,True,forest,tcp,0,frozen,0.1,9367,7534,9367,3095,3095,0,0,1695,1400,0,,1.0,0.0
unsw,ton,43,True,forest,tcp,0,cap,0.1,9367,7534,921,3095,142,1690,1263,1695,1400,8446,0.34963296234904095,0.0983239030639479,
unsw,ton,43,True,forest,tcp,0,random,0.1,9367,7534,921,3095,297,1514,1284,1695,1400,8446,0.3312810798010893,0.0983239030639479,
unsw,ton,43,True,forest,temporal+tcp,0,forced,0.0,9367,7534,0,3092,0,1692,1400,1692,1400,9367,0.3300950144122985,0.0,
unsw,ton,43,True,forest,temporal+tcp,0,frozen,0.01,9367,7534,9367,3092,3092,0,0,1692,1400,0,,1.0,0.06312762406675465
unsw,ton,43,True,forest,temporal+tcp,0,cap,0.01,9367,7534,78,3092,12,1692,1388,1692,1400,9289,0.3315749811605124,0.008327105796946729,
unsw,ton,43,True,forest,temporal+tcp,0,random,0.01,9367,7534,78,3092,28,1667,1397,1692,1400,9289,0.32985251372591234,0.008327105796946729,
unsw,ton,43,True,forest,temporal+tcp,0,frozen,0.05,9367,7534,9367,3092,3092,0,0,1692,1400,0,,1.0,0.00848484848484854
unsw,ton,43,True,forest,temporal+tcp,0,cap,0.05,9367,7534,454,3092,62,1690,1340,1692,1400,8913,0.3399528778189162,0.04846802604889506,
unsw,ton,43,True,forest,temporal+tcp,0,random,0.05,9367,7534,454,3092,152,1593,1347,1692,1400,8913,0.32985526758667116,0.04846802604889506,
unsw,ton,43,True,forest,temporal+tcp,0,frozen,0.1,9367,7534,9367,3092,3092,0,0,1692,1400,0,,1.0,0.0
unsw,ton,43,True,forest,temporal+tcp,0,cap,0.1,9367,7534,921,3092,136,1690,1266,1692,1400,8446,0.3499881600757755,0.0983239030639479,
unsw,ton,43,True,forest,temporal+tcp,0,random,0.1,9367,7534,921,3092,297,1511,1284,1692,1400,8446,0.33092588207435475,0.0983239030639479,
unsw,ton,43,True,forest,random10,0,forced,0.0,9367,7534,0,3851,0,2612,1239,2612,1239,9367,0.41112415928258783,0.0,
unsw,ton,43,True,forest,random10,0,frozen,0.01,9367,7534,9206,3851,3699,152,0,2612,1239,161,0.9440993788819876,0.9828119995729689,0.06312762406675465
unsw,ton,43,True,forest,random10,0,cap,0.01,9367,7534,78,3851,28,2589,1234,2612,1239,9289,0.4115620626547529,0.008327105796946729,
unsw,ton,43,True,forest,random10,0,random,0.01,9367,7534,78,3851,36,2577,1238,2612,1239,9289,0.4107008289374529,0.008327105796946729,
unsw,ton,43,True,forest,random10,0,frozen,0.05,9367,7534,9367,3851,3851,0,0,2612,1239,0,,1.0,0.00848484848484854
unsw,ton,43,True,forest,random10,0,cap,0.05,9367,7534,454,3851,107,2560,1184,2612,1239,8913,0.4200605856613935,0.04846802604889506,
unsw,ton,43,True,forest,random10,0,random,0.05,9367,7534,454,3851,186,2470,1195,2612,1239,8913,0.41119712779086726,0.04846802604889506,
unsw,ton,43,True,forest,random10,0,frozen,0.1,9367,7534,9367,3851,3851,0,0,2612,1239,0,,1.0,0.0
unsw,ton,43,True,forest,random10,0,cap,0.1,9367,7534,921,3851,181,2551,1119,2612,1239,8446,0.43452521903859814,0.0983239030639479,
unsw,ton,43,True,forest,random10,0,random,0.1,9367,7534,921,3851,361,2348,1142,2612,1239,8446,0.4132133554345252,0.0983239030639479,
unsw,cic,43,True,forest,clean,0,forced,0.0,12192,306,0,10228,0,61,10167,61,10167,12192,0.8389107611548556,0.0,
unsw,cic,43,True,forest,clean,0,frozen,0.01,12192,306,12187,10228,10228,0,0,61,10167,5,0.0,0.9995898950131233,0.06312762406675465
unsw,cic,43,True,forest,clean,0,cap,0.01,12192,306,110,10228,84,61,10083,61,10167,12082,0.8395960933620261,0.00902230971128609,
unsw,cic,43,True,forest,clean,0,random,0.01,12192,306,110,10228,90,61,10077,61,10167,12082,0.8390994868399272,0.00902230971128609,
unsw,cic,43,True,forest,clean,0,frozen,0.05,12192,306,12192,10228,10228,0,0,61,10167,0,,1.0,0.00848484848484854
unsw,cic,43,True,forest,clean,0,cap,0.05,12192,306,599,10228,460,61,9707,61,10167,11593,0.8425774174070559,0.04913057742782152,
unsw,cic,43,True,forest,clean,0,random,0.05,12192,306,599,10228,479,60,9689,61,10167,11593,0.8409384973691021,0.04913057742782152,
unsw,cic,43,True,forest,clean,0,frozen,0.1,12192,306,12192,10228,10228,0,0,61,10167,0,,1.0,0.0
unsw,cic,43,True,forest,clean,0,cap,0.1,12192,306,1210,10228,995,60,9173,61,10167,10982,0.840739391731925,0.09924540682414698,
unsw,cic,43,True,forest,clean,0,random,0.1,12192,306,1210,10228,995,57,9176,61,10167,10982,0.840739391731925,0.09924540682414698,
unsw,cic,43,True,forest,temporal,0,forced,0.0,12192,306,0,10327,0,61,10266,61,10266,12192,0.8470308398950132,0.0,
unsw,cic,43,True,forest,temporal,0,frozen,0.01,12192,306,12192,10327,10327,0,0,61,10266,0,,1.0,0.06312762406675465
unsw,cic,43,True,forest,temporal,0,cap,0.01,12192,306,110,10327,86,61,10180,61,10266,12082,0.8476245654692932,0.00902230971128609,
unsw,cic,43,True,forest,temporal,0,random,0.01,12192,306,110,10327,91,61,10175,61,10266,12082,0.8472107267008774,0.00902230971128609,
unsw,cic,43,True,forest,temporal,0,frozen,0.05,12192,306,12192,10327,10327,0,0,61,10266,0,,1.0,0.00848484848484854
unsw,cic,43,True,forest,temporal,0,cap,0.05,12192,306,599,10327,517,60,9750,61,10266,11593,0.8462002932804279,0.04913057742782152,
unsw,cic,43,True,forest,temporal,0,random,0.05,12192,306,599,10327,484,60,9783,61,10266,11593,0.8490468386095057,0.04913057742782152,
unsw,cic,43,True,forest,temporal,0,frozen,0.1,12192,306,12192,10327,10327,0,0,61,10266,0,,1.0,0.0
unsw,cic,43,True,forest,temporal,0,cap,0.1,12192,306,1210,10327,1091,59,9177,61,10266,10982,0.8410125660171189,0.09924540682414698,
unsw,cic,43,True,forest,temporal,0,random,0.1,12192,306,1210,10327,1009,57,9261,61,10266,10982,0.8484793298124204,0.09924540682414698,
unsw,cic,43,True,forest,size,0,forced,0.0,12192,306,0,10362,0,62,10300,62,10300,12192,0.8499015748031497,0.0,
unsw,cic,43,True,forest,size,0,frozen,0.01,12192,306,12146,10362,10362,0,0,62,10300,46,0.0,0.9962270341207349,0.06312762406675465
unsw,cic,43,True,forest,size,0,cap,0.01,12192,306,110,10362,89,60,10213,62,10300,12082,0.8502731335871544,0.00902230971128609,
unsw,cic,43,True,forest,size,0,random,0.01,12192,306,110,10362,91,62,10209,62,10300,12082,0.8501075980797881,0.00902230971128609,
unsw,cic,43,True,forest,size,0,frozen,0.05,12192,306,12192,10362,10362,0,0,62,10300,0,,1.0,0.00848484848484854
unsw,cic,43,True,forest,size,0,cap,0.05,12192,306,599,10362,568,59,9735,62,10300,11593,0.8448201500905719,0.04913057742782152,
unsw,cic,43,True,forest,size,0,random,0.05,12192,306,599,10362,485,61,9816,62,10300,11593,0.8519796428879496,0.04913057742782152,
unsw,cic,43,True,forest,size,0,frozen,0.1,12192,306,12192,10362,10362,0,0,62,10300,0,,1.0,0.0
unsw,cic,43,True,forest,size,0,cap,0.1,12192,306,1210,10362,1133,58,9171,62,10300,10982,0.8403751593516664,0.09924540682414698,
unsw,cic,43,True,forest,size,0,random,0.1,12192,306,1210,10362,1011,58,9293,62,10300,10982,0.8514842469495538,0.09924540682414698,
unsw,cic,43,True,forest,tcp,0,forced,0.0,12192,306,0,10391,0,61,10330,61,10330,12192,0.8522801837270341,0.0,
unsw,cic,43,True,forest,tcp,0,frozen,0.01,12192,306,12192,10391,10391,0,0,61,10330,0,,1.0,0.06312762406675465
unsw,cic,43,True,forest,tcp,0,cap,0.01,12192,306,110,10391,84,60,10247,61,10330,12082,0.8530872372123821,0.00902230971128609,
unsw,cic,43,True,forest,tcp,0,random,0.01,12192,306,110,10391,91,61,10239,61,10330,12082,0.8525078629365999,0.00902230971128609,
unsw,cic,43,True,forest,tcp,0,frozen,0.05,12192,306,12192,10391,10391,0,0,61,10330,0,,1.0,0.00848484848484854
unsw,cic,43,True,forest,tcp,0,cap,0.05,12192,306,599,10391,527,60,9804,61,10330,11593,0.8508582765461916,0.04913057742782152,
unsw,cic,43,True,forest,tcp,0,random,0.05,12192,306,599,10391,487,60,9844,61,10330,11593,0.8543086345208315,0.04913057742782152,
unsw,cic,43,True,forest,tcp,0,frozen,0.1,12192,306,12192,10391,10391,0,0,61,10330,0,,1.0,0.0
unsw,cic,43,True,forest,tcp,0,cap,0.1,12192,306,1210,10391,1095,56,9240,61,10330,10982,0.846476051720998,0.09924540682414698,
unsw,cic,43,True,forest,tcp,0,random,0.1,12192,306,1210,10391,1013,57,9321,61,10330,10982,0.8539428155162994,0.09924540682414698,
unsw,cic,43,True,forest,temporal+tcp,0,forced,0.0,12192,306,0,10384,0,61,10323,61,10323,12192,0.8517060367454068,0.0,
unsw,cic,43,True,forest,temporal+tcp,0,frozen,0.01,12192,306,12192,10384,10384,0,0,61,10323,0,,1.0,0.06312762406675465
unsw,cic,43,True,forest,temporal+tcp,0,cap,0.01,12192,306,110,10384,76,59,10249,61,10323,12082,0.8531700049660652,0.00902230971128609,
unsw,cic,43,True,forest,temporal+tcp,0,random,0.01,12192,306,110,10384,91,61,10232,61,10323,12082,0.8519284886608177,0.00902230971128609,
unsw,cic,43,True,forest,temporal+tcp,0,frozen,0.05,12192,306,12192,10384,10384,0,0,61,10323,0,,1.0,0.00848484848484854
unsw,cic,43,True,forest,temporal+tcp,0,cap,0.05,12192,306,599,10384,552,58,9774,61,10323,11593,0.8480979901664798,0.04913057742782152,
unsw,cic,43,True,forest,temporal+tcp,0,random,0.05,12192,306,599,10384,486,60,9838,61,10323,11593,0.8537910808246355,0.04913057742782152,
unsw,cic,43,True,forest,temporal+tcp,0,frozen,0.1,12192,306,12192,10384,10384,0,0,61,10323,0,,1.0,0.0
unsw,cic,43,True,forest,temporal+tcp,0,cap,0.1,12192,306,1210,10384,1140,58,9186,61,10323,10982,0.8417410307776362,0.09924540682414698,
unsw,cic,43,True,forest,temporal+tcp,0,random,0.1,12192,306,1210,10384,1013,57,9314,61,10323,10982,0.8533054088508468,0.09924540682414698,
unsw,cic,43,True,forest,random10,0,forced,0.0,12192,306,0,9386,0,96,9290,96,9290,12192,0.7698490813648294,0.0,
unsw,cic,43,True,forest,random10,0,frozen,0.01,12192,306,12187,9386,9386,0,0,96,9290,5,0.0,0.9995898950131233,0.06312762406675465
unsw,cic,43,True,forest,random10,0,cap,0.01,12192,306,110,9386,59,96,9231,96,9290,12082,0.7719748386028803,0.00902230971128609,
unsw,cic,43,True,forest,random10,0,random,0.01,12192,306,110,9386,84,96,9206,96,9290,12082,0.7699056447608011,0.00902230971128609,
unsw,cic,43,True,forest,random10,0,frozen,0.05,12192,306,12192,9386,9386,0,0,96,9290,0,,1.0,0.00848484848484854
unsw,cic,43,True,forest,random10,0,cap,0.05,12192,306,599,9386,354,94,8938,96,9290,11593,0.7790908306736823,0.04913057742782152,
unsw,cic,43,True,forest,random10,0,random,0.05,12192,306,599,9386,442,95,8849,96,9290,11593,0.7715000431294747,0.04913057742782152,
unsw,cic,43,True,forest,random10,0,frozen,0.1,12192,306,12192,9386,9386,0,0,96,9290,0,,1.0,0.0
unsw,cic,43,True,forest,random10,0,cap,0.1,12192,306,1210,9386,835,92,8459,96,9290,10982,0.7786377708978328,0.09924540682414698,
unsw,cic,43,True,forest,random10,0,random,0.1,12192,306,1210,9386,918,91,8377,96,9290,10982,0.7710799490074668,0.09924540682414698,
