source,target,seed,model,population,condition,policy,residual,forced_error
unsw,ton,17,logistic,unique,clean,forced,-0.0006405465997650905,-0.0006405465997650905
unsw,ton,17,logistic,unique,clean,frozen,-0.026048895057115384,-0.0006405465997650905
unsw,ton,17,logistic,unique,clean,cap,0.0011743354329026845,-0.0006405465997650905
unsw,ton,17,logistic,unique,clean,random,-0.0006405465997650905,-0.0006405465997650905
unsw,ton,17,logistic,unique,temporal,forced,-0.002135155332550487,-0.002135155332550487
unsw,ton,17,logistic,unique,temporal,frozen,-0.002562186399060584,-0.002135155332550487
unsw,ton,17,logistic,unique,temporal,cap,-0.0002135155332551042,-0.002135155332550487
unsw,ton,17,logistic,unique,temporal,random,-0.002135155332550487,-0.002135155332550487
unsw,ton,17,logistic,unique,size,forced,-0.0014946087327852853,-0.0014946087327852853
unsw,ton,17,logistic,unique,size,frozen,-0.0011743354329027955,-0.0014946087327852853
unsw,ton,17,logistic,unique,size,cap,0.003629764065335772,-0.0014946087327852853
unsw,ton,17,logistic,unique,size,random,-0.001281093199530181,-0.0014946087327852853
unsw,ton,17,logistic,unique,tcp,forced,0.00010675776662760761,0.00010675776662760761
unsw,ton,17,logistic,unique,tcp,frozen,-0.004910857264866064,0.00010675776662760761
unsw,ton,17,logistic,unique,tcp,cap,0.0003202732998826008,0.00010675776662760761
unsw,ton,17,logistic,unique,tcp,random,0.00021351553325499317,0.00010675776662760761
unsw,ton,17,logistic,unique,temporal+tcp,forced,-0.0011743354329027955,-0.0011743354329027955
unsw,ton,17,logistic,unique,temporal+tcp,frozen,-0.0006405465997650905,-0.0011743354329027955
unsw,ton,17,logistic,unique,temporal+tcp,cap,0.00021351553325499317,-0.0011743354329027955
unsw,ton,17,logistic,unique,temporal+tcp,random,-0.001067577666275188,-0.0011743354329027955
unsw,ton,17,logistic,weighted,clean,forced,-0.0006200177147919206,-0.0006200177147919206
unsw,ton,17,logistic,weighted,clean,frozen,-0.05252435783879539,-0.0006200177147919206
unsw,ton,17,logistic,weighted,clean,cap,0.0005314437555359319,-0.0006200177147919206
unsw,ton,17,logistic,weighted,clean,random,-0.0005314437555359319,-0.0006200177147919206
unsw,ton,17,logistic,weighted,temporal,forced,-0.001771479185119551,-0.001771479185119551
unsw,ton,17,logistic,weighted,temporal,frozen,-0.005845881310894585,-0.001771479185119551
unsw,ton,17,logistic,weighted,temporal,cap,0.0001771479185118663,-0.001771479185119551
unsw,ton,17,logistic,weighted,temporal,random,-0.001505757307351585,-0.001771479185119551
unsw,ton,17,logistic,weighted,size,forced,-0.0012400354295837301,-0.0012400354295837301
unsw,ton,17,logistic,weighted,size,frozen,-0.0009743135518157642,-0.0012400354295837301
unsw,ton,17,logistic,weighted,size,cap,0.0021257750221435057,-0.0012400354295837301
unsw,ton,17,logistic,weighted,size,random,-0.0011514614703277415,-0.0012400354295837301
unsw,ton,17,logistic,weighted,tcp,forced,-0.0036315323294950907,-0.0036315323294950907
unsw,ton,17,logistic,weighted,tcp,frozen,-0.00797165633303809,-0.0036315323294950907
unsw,ton,17,logistic,weighted,tcp,cap,-0.003011514614703281,-0.0036315323294950907
unsw,ton,17,logistic,weighted,tcp,random,-0.003365810451727125,-0.0036315323294950907
unsw,ton,17,logistic,weighted,temporal+tcp,forced,-0.0008857395925597755,-0.0008857395925597755
unsw,ton,17,logistic,weighted,temporal+tcp,frozen,-0.00044286979627983225,-0.0008857395925597755
unsw,ton,17,logistic,weighted,temporal+tcp,cap,0.00026572187776796596,-0.0008857395925597755
unsw,ton,17,logistic,weighted,temporal+tcp,random,-0.0008857395925597755,-0.0008857395925597755
unsw,cic,17,logistic,unique,clean,forced,0.020915354330708652,0.020915354330708652
unsw,cic,17,logistic,unique,clean,frozen,0.03748359580052493,0.020915354330708652
unsw,cic,17,logistic,unique,clean,cap,0.03723753280839895,0.020915354330708652
unsw,cic,17,logistic,unique,clean,random,0.019931102362204717,0.020915354330708652
unsw,cic,17,logistic,unique,temporal,forced,0.030183727034120728,0.030183727034120728
unsw,cic,17,logistic,unique,temporal,frozen,0.08111876640419946,0.030183727034120728
unsw,cic,17,logistic,unique,temporal,cap,0.03690944881889763,0.030183727034120728
unsw,cic,17,logistic,unique,temporal,random,0.029117454068241483,0.030183727034120728
unsw,cic,17,logistic,unique,size,forced,0.06553477690288714,0.06553477690288714
unsw,cic,17,logistic,unique,size,frozen,0.06701115485564305,0.06553477690288714
unsw,cic,17,logistic,unique,size,cap,0.07037401574803148,0.06553477690288714
unsw,cic,17,logistic,unique,size,random,0.06192585301837272,0.06553477690288714
unsw,cic,17,logistic,unique,tcp,forced,0.036581364829396334,0.036581364829396334
unsw,cic,17,logistic,unique,tcp,frozen,0.04634186351706038,0.036581364829396334
unsw,cic,17,logistic,unique,tcp,cap,0.048146325459317574,0.036581364829396334
unsw,cic,17,logistic,unique,tcp,random,0.035433070866141725,0.036581364829396334
unsw,cic,17,logistic,unique,temporal+tcp,forced,0.022309711286089273,0.022309711286089273
unsw,cic,17,logistic,unique,temporal+tcp,frozen,0.17035761154855641,0.022309711286089273
unsw,cic,17,logistic,unique,temporal+tcp,cap,0.0423228346456693,0.022309711286089273
unsw,cic,17,logistic,unique,temporal+tcp,random,0.021407480314960647,0.022309711286089273
unsw,cic,17,logistic,weighted,clean,forced,0.019284369114877575,0.019284369114877575
unsw,cic,17,logistic,weighted,clean,frozen,0.03435028248587571,0.019284369114877575
unsw,cic,17,logistic,weighted,clean,cap,0.03608286252354051,0.019284369114877575
unsw,cic,17,logistic,weighted,clean,random,0.018455743879472686,0.019284369114877575
unsw,cic,17,logistic,weighted,temporal,forced,0.02779661016949153,0.02779661016949153
unsw,cic,17,logistic,weighted,temporal,frozen,0.07450094161958568,0.02779661016949153
unsw,cic,17,logistic,weighted,temporal,cap,0.03495291902071562,0.02779661016949153
unsw,cic,17,logistic,weighted,temporal,random,0.026365348399246702,0.02779661016949153
unsw,cic,17,logistic,weighted,size,forced,0.060263653483992485,0.060263653483992485
unsw,cic,17,logistic,weighted,size,frozen,0.013483992467043321,0.060263653483992485
unsw,cic,17,logistic,weighted,size,cap,0.06523540489642182,0.060263653483992485
unsw,cic,17,logistic,weighted,size,random,0.057551789077212784,0.060263653483992485
unsw,cic,17,logistic,weighted,tcp,forced,0.03367231638418078,0.03367231638418078
unsw,cic,17,logistic,weighted,tcp,frozen,0.04263653483992469,0.03367231638418078
unsw,cic,17,logistic,weighted,tcp,cap,0.046478342749529195,0.03367231638418078
unsw,cic,17,logistic,weighted,tcp,random,0.03193973634651601,0.03367231638418078
unsw,cic,17,logistic,weighted,temporal+tcp,forced,0.02056497175141242,0.02056497175141242
unsw,cic,17,logistic,weighted,temporal+tcp,frozen,0.1569868173258004,0.02056497175141242
unsw,cic,17,logistic,weighted,temporal+tcp,cap,0.041054613935969875,0.02056497175141242
unsw,cic,17,logistic,weighted,temporal+tcp,random,0.019661016949152565,0.02056497175141242
unsw,ton,17,forest,unique,clean,forced,-0.19184370662965722,-0.19184370662965722
unsw,ton,17,forest,unique,clean,frozen,0.0,-0.19184370662965722
unsw,ton,17,forest,unique,clean,cap,-0.19173694886302983,-0.19184370662965722
unsw,ton,17,forest,unique,clean,random,-0.18159496103341521,-0.19184370662965722
unsw,ton,17,forest,unique,temporal,forced,-0.3286004056795132,-0.3286004056795132
unsw,ton,17,forest,unique,temporal,frozen,0.0,-0.3286004056795132
unsw,ton,17,forest,unique,temporal,cap,-0.332657200811359,-0.3286004056795132
unsw,ton,17,forest,unique,temporal,random,-0.31162592078573714,-0.3286004056795132
unsw,ton,17,forest,unique,size,forced,-0.47048147752749014,-0.47048147752749014
unsw,ton,17,forest,unique,size,frozen,0.0,-0.47048147752749014
unsw,ton,17,forest,unique,size,cap,-0.47133553966051034,-0.47048147752749014
unsw,ton,17,forest,unique,size,random,-0.44688801110280774,-0.47048147752749014
unsw,ton,17,forest,unique,tcp,forced,-0.19824917262730857,-0.19824917262730857
unsw,ton,17,forest,unique,tcp,frozen,0.0,-0.19824917262730857
unsw,ton,17,forest,unique,tcp,cap,-0.21127362015586637,-0.19824917262730857
unsw,ton,17,forest,unique,tcp,random,-0.18800042703106645,-0.19824917262730857
unsw,ton,17,forest,unique,temporal+tcp,forced,-0.34130457990818835,-0.34130457990818835
unsw,ton,17,forest,unique,temporal+tcp,frozen,0.0,-0.34130457990818835
unsw,ton,17,forest,unique,temporal+tcp,cap,-0.342265399807836,-0.34130457990818835
unsw,ton,17,forest,unique,temporal+tcp,random,-0.3236895484146472,-0.34130457990818835
unsw,ton,17,forest,weighted,clean,forced,-0.15863596102745792,-0.15863596102745792
unsw,ton,17,forest,weighted,clean,frozen,0.0,-0.15863596102745792
unsw,ton,17,forest,weighted,clean,cap,-0.1601417183348095,-0.15863596102745792
unsw,ton,17,forest,weighted,clean,random,-0.1508414526129317,-0.15863596102745792
unsw,ton,17,forest,weighted,temporal,forced,-0.27245349867139057,-0.27245349867139057
unsw,ton,17,forest,weighted,temporal,frozen,0.0,-0.27245349867139057
unsw,ton,17,forest,weighted,temporal,cap,-0.27838795394154114,-0.27245349867139057
unsw,ton,17,forest,weighted,temporal,random,-0.2597874224977856,-0.27245349867139057
unsw,ton,17,forest,weighted,size,forced,-0.38662533215234723,-0.38662533215234723
unsw,ton,17,forest,weighted,size,frozen,0.0,-0.38662533215234723
unsw,ton,17,forest,weighted,size,cap,-0.38573959255978746,-0.38662533215234723
unsw,ton,17,forest,weighted,size,random,-0.36651904340124003,-0.38662533215234723
unsw,ton,17,forest,weighted,tcp,forced,-0.16341895482728075,-0.16341895482728075
unsw,ton,17,forest,weighted,tcp,frozen,0.0,-0.16341895482728075
unsw,ton,17,forest,weighted,tcp,cap,-0.17776793622674936,-0.16341895482728075
unsw,ton,17,forest,weighted,tcp,random,-0.15535872453498667,-0.16341895482728075
unsw,ton,17,forest,weighted,temporal+tcp,forced,-0.283170947741364,-0.283170947741364
unsw,ton,17,forest,weighted,temporal+tcp,frozen,0.0,-0.283170947741364
unsw,ton,17,forest,weighted,temporal+tcp,cap,-0.2868910540301151,-0.283170947741364
unsw,ton,17,forest,weighted,temporal+tcp,random,-0.2689105403011514,-0.283170947741364
unsw,cic,17,forest,unique,clean,forced,0.022309711286089162,0.022309711286089162
unsw,cic,17,forest,unique,clean,frozen,0.0,0.022309711286089162
unsw,cic,17,forest,unique,clean,cap,0.010826771653543288,0.022309711286089162
unsw,cic,17,forest,unique,clean,random,0.021407480314960536,0.022309711286089162
unsw,cic,17,forest,unique,temporal,forced,0.03567913385826771,0.03567913385826771
unsw,cic,17,forest,unique,temporal,frozen,0.0,0.03567913385826771
unsw,cic,17,forest,unique,temporal,cap,0.01648622047244097,0.03567913385826771
unsw,cic,17,forest,unique,temporal,random,0.034202755905511806,0.03567913385826771
unsw,cic,17,forest,unique,size,forced,0.6711778215223096,0.6711778215223096
unsw,cic,17,forest,unique,size,frozen,-0.00016404199475065617,0.6711778215223096
unsw,cic,17,forest,unique,size,cap,0.660761154855643,0.6711778215223096
unsw,cic,17,forest,unique,size,random,0.6378772965879265,0.6711778215223096
unsw,cic,17,forest,unique,tcp,forced,0.04978674540682415,0.04978674540682415
unsw,cic,17,forest,unique,tcp,frozen,0.0,0.04978674540682415
unsw,cic,17,forest,unique,tcp,cap,0.05150918635170609,0.04978674540682415
unsw,cic,17,forest,unique,tcp,random,0.04806430446194232,0.04978674540682415
unsw,cic,17,forest,unique,temporal+tcp,forced,0.13935367454068237,0.13935367454068237
unsw,cic,17,forest,unique,temporal+tcp,frozen,0.0,0.13935367454068237
unsw,cic,17,forest,unique,temporal+tcp,cap,0.11712598425196852,0.13935367454068237
unsw,cic,17,forest,unique,temporal+tcp,random,0.13262795275590555,0.13935367454068237
unsw,cic,17,forest,weighted,clean,forced,0.0204896421845574,0.0204896421845574
unsw,cic,17,forest,weighted,clean,frozen,0.0,0.0204896421845574
unsw,cic,17,forest,weighted,clean,cap,0.00956685499058385,0.0204896421845574
unsw,cic,17,forest,weighted,clean,random,0.01958568738229749,0.0204896421845574
unsw,cic,17,forest,weighted,temporal,forced,0.032994350282485874,0.032994350282485874
unsw,cic,17,forest,weighted,temporal,frozen,0.0,0.032994350282485874
unsw,cic,17,forest,weighted,temporal,cap,0.014990583804143198,0.032994350282485874
unsw,cic,17,forest,weighted,temporal,random,0.03156308851224099,0.032994350282485874
unsw,cic,17,forest,weighted,size,forced,0.5464406779661017,0.5464406779661017
unsw,cic,17,forest,weighted,size,frozen,-0.00015065913370998117,0.5464406779661017
unsw,cic,17,forest,weighted,size,cap,0.535819209039548,0.5464406779661017
unsw,cic,17,forest,weighted,size,random,0.5181920903954802,0.5464406779661017
unsw,cic,17,forest,weighted,tcp,forced,0.04587570621468928,0.04587570621468928
unsw,cic,17,forest,weighted,tcp,frozen,0.0,0.04587570621468928
unsw,cic,17,forest,weighted,tcp,cap,0.04647834274952922,0.04587570621468928
unsw,cic,17,forest,weighted,tcp,random,0.0435404896421846,0.04587570621468928
unsw,cic,17,forest,weighted,temporal+tcp,forced,0.1287382297551789,0.1287382297551789
unsw,cic,17,forest,weighted,temporal+tcp,frozen,0.0,0.1287382297551789
unsw,cic,17,forest,weighted,temporal+tcp,cap,0.10546139359698681,0.1287382297551789
unsw,cic,17,forest,weighted,temporal+tcp,random,0.1234651600753296,0.1287382297551789
unsw,ton,29,logistic,unique,clean,forced,-0.00010675776662749659,-0.00010675776662749659
unsw,ton,29,logistic,unique,clean,frozen,-0.0013878509661577887,-0.00010675776662749659
unsw,ton,29,logistic,unique,clean,cap,-0.0002135155332551042,-0.00010675776662749659
unsw,ton,29,logistic,unique,clean,random,-0.0002135155332551042,-0.00010675776662749659
unsw,ton,29,logistic,unique,temporal,forced,-0.0007473043663926981,-0.0007473043663926981
unsw,ton,29,logistic,unique,temporal,frozen,-0.0009608198996476913,-0.0007473043663926981
unsw,ton,29,logistic,unique,temporal,cap,0.0,-0.0007473043663926981
unsw,ton,29,logistic,unique,temporal,random,-0.0006405465997650905,-0.0007473043663926981
unsw,ton,29,logistic,unique,size,forced,-0.004163552898473366,-0.004163552898473366
unsw,ton,29,logistic,unique,size,frozen,-0.0017081242660403895,-0.004163552898473366
unsw,ton,29,logistic,unique,size,cap,0.0019216397992953826,-0.004163552898473366
unsw,ton,29,logistic,unique,size,random,-0.004163552898473366,-0.004163552898473366
unsw,ton,29,logistic,unique,tcp,forced,0.0013878509661577887,0.0013878509661577887
unsw,ton,29,logistic,unique,tcp,frozen,-0.00234867086580548,0.0013878509661577887
unsw,ton,29,logistic,unique,tcp,cap,-0.0007473043663926981,0.0013878509661577887
unsw,ton,29,logistic,unique,tcp,random,0.0017081242660403895,0.0013878509661577887
unsw,ton,29,logistic,unique,temporal+tcp,forced,0.0014946087327852853,0.0014946087327852853
unsw,ton,29,logistic,unique,temporal+tcp,frozen,-0.000533788833137594,0.0014946087327852853
unsw,ton,29,logistic,unique,temporal+tcp,cap,0.001067577666275188,0.0014946087327852853
unsw,ton,29,logistic,unique,temporal+tcp,random,0.0013878509661577887,0.0014946087327852853
unsw,ton,29,logistic,weighted,clean,forced,-8.857395925598865e-05,-8.857395925598865e-05
unsw,ton,29,logistic,weighted,clean,frozen,-0.0011514614703277415,-8.857395925598865e-05
unsw,ton,29,logistic,weighted,clean,cap,-0.0005314437555358209,-8.857395925598865e-05
unsw,ton,29,logistic,weighted,clean,random,-8.857395925598865e-05,-8.857395925598865e-05
unsw,ton,29,logistic,weighted,temporal,forced,-0.0006200177147918096,-0.0006200177147918096
unsw,ton,29,logistic,weighted,temporal,frozen,-0.0007971656333037869,-0.0006200177147918096
unsw,ton,29,logistic,weighted,temporal,cap,0.0,-0.0006200177147918096
unsw,ton,29,logistic,weighted,temporal,random,-0.0006200177147918096,-0.0006200177147918096
unsw,ton,29,logistic,weighted,size,forced,-0.003542958370239213,-0.003542958370239213
unsw,ton,29,logistic,weighted,size,frozen,-0.0014171833480955964,-0.003542958370239213
unsw,ton,29,logistic,weighted,size,cap,0.0016829052258635624,-0.003542958370239213
unsw,ton,29,logistic,weighted,size,random,-0.0034543844109832245,-0.003542958370239213
unsw,ton,29,logistic,weighted,tcp,forced,-0.0024800708591674603,-0.0024800708591674603
unsw,ton,29,logistic,weighted,tcp,frozen,-0.00558015943312673,-0.0024800708591674603
unsw,ton,29,logistic,weighted,tcp,cap,-0.0034543844109832245,-0.0024800708591674603
unsw,ton,29,logistic,weighted,tcp,random,-0.002302922940655483,-0.0024800708591674603
unsw,ton,29,logistic,weighted,temporal+tcp,forced,0.0013286093888397188,0.0013286093888397188
unsw,ton,29,logistic,weighted,temporal+tcp,frozen,-0.0003542958370239546,0.0013286093888397188
unsw,ton,29,logistic,weighted,temporal+tcp,cap,0.0008857395925598865,0.0013286093888397188
unsw,ton,29,logistic,weighted,temporal+tcp,random,0.0012400354295837301,0.0013286093888397188
unsw,cic,29,logistic,unique,clean,forced,0.02846128608923884,0.02846128608923884
unsw,cic,29,logistic,unique,clean,frozen,0.034120734908136496,0.02846128608923884
unsw,cic,29,logistic,unique,clean,cap,0.046423884514435715,0.02846128608923884
unsw,cic,29,logistic,unique,clean,random,0.027066929133858247,0.02846128608923884
unsw,cic,29,logistic,unique,temporal,forced,0.033874671916010485,0.033874671916010485
unsw,cic,29,logistic,unique,temporal,frozen,0.08694225721784776,0.033874671916010485
unsw,cic,29,logistic,unique,temporal,cap,0.04347112860892388,0.033874671916010485
unsw,cic,29,logistic,unique,temporal,random,0.03190616797900264,0.033874671916010485
unsw,cic,29,logistic,unique,size,forced,0.09981955380577426,0.09981955380577426
unsw,cic,29,logistic,unique,size,frozen,0.05971128608923884,0.09981955380577426
unsw,cic,29,logistic,unique,size,cap,0.10301837270341208,0.09981955380577426
unsw,cic,29,logistic,unique,size,random,0.09498031496062995,0.09981955380577426
unsw,cic,29,logistic,unique,tcp,forced,0.039288057742782156,0.039288057742782156
unsw,cic,29,logistic,unique,tcp,frozen,0.04781824146981628,0.039288057742782156
unsw,cic,29,logistic,unique,tcp,cap,0.048884514435695525,0.039288057742782156
unsw,cic,29,logistic,unique,tcp,random,0.037319553805774286,0.039288057742782156
unsw,cic,29,logistic,unique,temporal+tcp,forced,0.025508530183727063,0.025508530183727063
unsw,cic,29,logistic,unique,temporal+tcp,frozen,0.17166994750656167,0.025508530183727063
unsw,cic,29,logistic,unique,temporal+tcp,cap,0.042979002624671886,0.025508530183727063
unsw,cic,29,logistic,unique,temporal+tcp,random,0.024196194225721807,0.025508530183727063
unsw,cic,29,logistic,weighted,clean,forced,0.026214689265536717,0.026214689265536717
unsw,cic,29,logistic,weighted,clean,frozen,0.031186440677966082,0.026214689265536717
unsw,cic,29,logistic,weighted,clean,cap,0.04406779661016949,0.026214689265536717
unsw,cic,29,logistic,weighted,clean,random,0.024557438794726938,0.026214689265536717
unsw,cic,29,logistic,weighted,temporal,forced,0.03118644067796611,0.03118644067796611
unsw,cic,29,logistic,weighted,temporal,frozen,0.07984934086629,0.03118644067796611
unsw,cic,29,logistic,weighted,temporal,cap,0.042711864406779654,0.03118644067796611
unsw,cic,29,logistic,weighted,temporal,random,0.02945386064030131,0.03118644067796611
unsw,cic,29,logistic,weighted,size,forced,0.09175141242937851,0.09175141242937851
unsw,cic,29,logistic,weighted,size,frozen,-0.01717514124293787,0.09175141242937851
unsw,cic,29,logistic,weighted,size,cap,0.09483992467043317,0.09175141242937851
unsw,cic,29,logistic,weighted,size,random,0.08647834274952917,0.09175141242937851
unsw,cic,29,logistic,weighted,tcp,forced,0.03608286252354048,0.03608286252354048
unsw,cic,29,logistic,weighted,tcp,frozen,0.043917137476459533,0.03608286252354048
unsw,cic,29,logistic,weighted,tcp,cap,0.046704331450094144,0.03608286252354048
unsw,cic,29,logistic,weighted,tcp,random,0.03412429378531073,0.03608286252354048
unsw,cic,29,logistic,weighted,temporal+tcp,forced,0.023502824858757043,0.023502824858757043
unsw,cic,29,logistic,weighted,temporal+tcp,frozen,0.1581920903954802,0.023502824858757043
unsw,cic,29,logistic,weighted,temporal+tcp,cap,0.04097928436911491,0.023502824858757043
unsw,cic,29,logistic,weighted,temporal+tcp,random,0.02282485875706214,0.023502824858757043
unsw,ton,29,forest,unique,clean,forced,-0.2535496957403651,-0.2535496957403651
unsw,ton,29,forest,unique,clean,frozen,0.0,-0.2535496957403651
unsw,ton,29,forest,unique,clean,cap,-0.2308102914487029,-0.2535496957403651
unsw,ton,29,forest,unique,clean,random,-0.24052524821180743,-0.2535496957403651
unsw,ton,29,forest,unique,temporal,forced,-0.16152450090744097,-0.16152450090744097
unsw,ton,29,forest,unique,temporal,frozen,0.0,-0.16152450090744097
unsw,ton,29,forest,unique,temporal,cap,-0.12949717091918433,-0.16152450090744097
unsw,ton,29,forest,unique,temporal,random,-0.15362442617700434,-0.16152450090744097
unsw,ton,29,forest,unique,size,forced,-0.4869221735881285,-0.4869221735881285
unsw,ton,29,forest,unique,size,frozen,0.0,-0.4869221735881285
unsw,ton,29,forest,unique,size,cap,-0.4672787445286644,-0.4869221735881285
unsw,ton,29,forest,unique,size,random,-0.46247464503042596,-0.4869221735881285
unsw,ton,29,forest,unique,tcp,forced,-0.3474965303725846,-0.3474965303725846
unsw,ton,29,forest,unique,tcp,frozen,0.0,-0.3474965303725846
unsw,ton,29,forest,unique,tcp,cap,-0.32849364791288566,-0.3474965303725846
unsw,ton,29,forest,unique,tcp,random,-0.3298814988790435,-0.3474965303725846
unsw,ton,29,forest,unique,temporal+tcp,forced,-0.18639906053165367,-0.18639906053165367
unsw,ton,29,forest,unique,temporal+tcp,frozen,0.0,-0.18639906053165367
unsw,ton,29,forest,unique,temporal+tcp,cap,-0.182982811999573,-0.18639906053165367
unsw,ton,29,forest,unique,temporal+tcp,random,-0.17753816590156934,-0.18639906053165367
unsw,ton,29,forest,weighted,clean,forced,-0.21027457927369347,-0.21027457927369347
unsw,ton,29,forest,weighted,clean,frozen,0.0,-0.21027457927369347
unsw,ton,29,forest,weighted,clean,cap,-0.18724534986713903,-0.21027457927369347
unsw,ton,29,forest,weighted,clean,random,-0.2003542958370239,-0.21027457927369347
unsw,ton,29,forest,weighted,temporal,forced,-0.13401240035429585,-0.13401240035429585
unsw,ton,29,forest,weighted,temporal,frozen,0.0,-0.13401240035429585
unsw,ton,29,forest,weighted,temporal,cap,-0.10283436669619128,-0.13401240035429585
unsw,ton,29,forest,weighted,temporal,random,-0.12798937112488928,-0.13401240035429585
unsw,ton,29,forest,weighted,size,forced,-0.399645704162976,-0.399645704162976
unsw,ton,29,forest,weighted,size,frozen,0.0,-0.399645704162976
unsw,ton,29,forest,weighted,size,cap,-0.38361381753764395,-0.399645704162976
unsw,ton,29,forest,weighted,size,random,-0.37874224977856513,-0.399645704162976
unsw,ton,29,forest,weighted,tcp,forced,-0.2883968113374668,-0.2883968113374668
unsw,ton,29,forest,weighted,tcp,frozen,0.0,-0.2883968113374668
unsw,ton,29,forest,weighted,tcp,cap,-0.2721877767936226,-0.2883968113374668
unsw,ton,29,forest,weighted,tcp,random,-0.2738706820194863,-0.2883968113374668
unsw,ton,29,forest,weighted,temporal+tcp,forced,-0.1544729849424269,-0.1544729849424269
unsw,ton,29,forest,weighted,temporal+tcp,frozen,0.0,-0.1544729849424269
unsw,ton,29,forest,weighted,temporal+tcp,cap,-0.1536758193091231,-0.1544729849424269
unsw,ton,29,forest,weighted,temporal+tcp,random,-0.14650132860938891,-0.1544729849424269
unsw,cic,29,forest,unique,clean,forced,0.013205380577427817,0.013205380577427817
unsw,cic,29,forest,unique,clean,frozen,0.0,0.013205380577427817
unsw,cic,29,forest,unique,clean,cap,0.004839238845144367,0.013205380577427817
unsw,cic,29,forest,unique,clean,random,0.01254921259842523,0.013205380577427817
unsw,cic,29,forest,unique,temporal,forced,0.0006561679790025865,0.0006561679790025865
unsw,cic,29,forest,unique,temporal,frozen,0.0,0.0006561679790025865
unsw,cic,29,forest,unique,temporal,cap,0.0027066929133858775,0.0006561679790025865
unsw,cic,29,forest,unique,temporal,random,0.0005741469816272771,0.0006561679790025865
unsw,cic,29,forest,unique,size,forced,0.667732939632546,0.667732939632546
unsw,cic,29,forest,unique,size,frozen,-0.00016404199475065617,0.667732939632546
unsw,cic,29,forest,unique,size,cap,0.6643700787401575,0.667732939632546
unsw,cic,29,forest,unique,size,random,0.6346784776902887,0.667732939632546
unsw,cic,29,forest,unique,tcp,forced,0.11737204724409456,0.11737204724409456
unsw,cic,29,forest,unique,tcp,frozen,0.0,0.11737204724409456
unsw,cic,29,forest,unique,tcp,cap,0.08398950131233596,0.11737204724409456
unsw,cic,29,forest,unique,tcp,random,0.11310695538057736,0.11737204724409456
unsw,cic,29,forest,unique,temporal+tcp,forced,0.13106955380577423,0.13106955380577423
unsw,cic,29,forest,unique,temporal+tcp,frozen,0.0,0.13106955380577423
unsw,cic,29,forest,unique,temporal+tcp,cap,0.0944881889763779,0.13106955380577423
unsw,cic,29,forest,unique,temporal+tcp,random,0.12614829396325455,0.13106955380577423
unsw,cic,29,forest,weighted,clean,forced,0.01212806026365354,0.01212806026365354
unsw,cic,29,forest,weighted,clean,frozen,0.0,0.01212806026365354
unsw,cic,29,forest,weighted,clean,cap,0.004293785310734433,0.01212806026365354
unsw,cic,29,forest,weighted,clean,random,0.011751412429378494,0.01212806026365354
unsw,cic,29,forest,weighted,temporal,forced,0.0006026365348398288,0.0006026365348398288
unsw,cic,29,forest,weighted,temporal,frozen,0.0,0.0006026365348398288
unsw,cic,29,forest,weighted,temporal,cap,0.0023352165725046836,0.0006026365348398288
unsw,cic,29,forest,weighted,temporal,random,0.0005273069679849751,0.0006026365348398288
unsw,cic,29,forest,weighted,size,forced,0.5432768361581921,0.5432768361581921
unsw,cic,29,forest,weighted,size,frozen,-0.00015065913370998117,0.5432768361581921
unsw,cic,29,forest,weighted,size,cap,0.5509604519774011,0.5432768361581921
unsw,cic,29,forest,weighted,size,random,0.5157062146892656,0.5432768361581921
unsw,cic,29,forest,weighted,tcp,forced,0.10817325800376654,0.10817325800376654
unsw,cic,29,forest,weighted,tcp,frozen,0.0,0.10817325800376654
unsw,cic,29,forest,weighted,tcp,cap,0.07397363465160078,0.10817325800376654
unsw,cic,29,forest,weighted,tcp,random,0.10312617702448212,0.10817325800376654
unsw,cic,29,forest,weighted,temporal+tcp,forced,0.1209039548022599,0.1209039548022599
unsw,cic,29,forest,weighted,temporal+tcp,frozen,0.0,0.1209039548022599
unsw,cic,29,forest,weighted,temporal+tcp,cap,0.0833898305084746,0.1209039548022599
unsw,cic,29,forest,weighted,temporal+tcp,random,0.11495291902071558,0.1209039548022599
unsw,ton,43,logistic,unique,clean,forced,-0.0006405465997650905,-0.0006405465997650905
unsw,ton,43,logistic,unique,clean,frozen,-0.011316323262517414,-0.0006405465997650905
unsw,ton,43,logistic,unique,clean,cap,0.0,-0.0006405465997650905
unsw,ton,43,logistic,unique,clean,random,-0.0006405465997652016,-0.0006405465997650905
unsw,ton,43,logistic,unique,temporal,forced,-0.0017081242660403895,-0.0017081242660403895
unsw,ton,43,logistic,unique,temporal,frozen,-0.0009608198996476913,-0.0017081242660403895
unsw,ton,43,logistic,unique,temporal,cap,0.00010675776662749659,-0.0017081242660403895
unsw,ton,43,logistic,unique,temporal,random,-0.0016013664994127819,-0.0017081242660403895
unsw,ton,43,logistic,unique,size,forced,-0.0040567951318457585,-0.0040567951318457585
unsw,ton,43,logistic,unique,size,frozen,-0.0009608198996476913,-0.0040567951318457585
unsw,ton,43,logistic,unique,size,cap,0.0024554286324330876,-0.0040567951318457585
unsw,ton,43,logistic,unique,size,random,-0.0038432795985907653,-0.0040567951318457585
unsw,ton,43,logistic,unique,tcp,forced,0.00042703106651009737,0.00042703106651009737
unsw,ton,43,logistic,unique,tcp,frozen,-0.0035230062987082755,0.00042703106651009737
unsw,ton,43,logistic,unique,tcp,cap,0.0007473043663926981,0.00042703106651009737
unsw,ton,43,logistic,unique,tcp,random,0.0006405465997652016,0.00042703106651009737
unsw,ton,43,logistic,unique,temporal+tcp,forced,0.002135155332550376,0.002135155332550376
unsw,ton,43,logistic,unique,temporal+tcp,frozen,-0.000533788833137594,0.002135155332550376
unsw,ton,43,logistic,unique,temporal+tcp,cap,0.0009608198996476913,0.002135155332550376
unsw,ton,43,logistic,unique,temporal+tcp,random,0.0024554286324330876,0.002135155332550376
unsw,ton,43,logistic,weighted,clean,forced,-0.0005314437555359319,-0.0005314437555359319
unsw,ton,43,logistic,weighted,clean,frozen,-0.01169176262178917,-0.0005314437555359319
unsw,ton,43,logistic,weighted,clean,cap,-0.00044286979627983225,-0.0005314437555359319
unsw,ton,43,logistic,weighted,clean,random,-0.0005314437555359319,-0.0005314437555359319
unsw,ton,43,logistic,weighted,temporal,forced,-0.0014171833480955964,-0.0014171833480955964
unsw,ton,43,logistic,weighted,temporal,frozen,-0.0007971656333037869,-0.0014171833480955964
unsw,ton,43,logistic,weighted,temporal,cap,0.0003542958370238436,-0.0014171833480955964
unsw,ton,43,logistic,weighted,temporal,random,-0.0011514614703277415,-0.0014171833480955964
unsw,ton,43,logistic,weighted,size,forced,-0.0034543844109832245,-0.0034543844109832245
unsw,ton,43,logistic,weighted,size,frozen,-0.0007971656333037869,-0.0034543844109832245
unsw,ton,43,logistic,weighted,size,cap,0.002302922940655372,-0.0034543844109832245
unsw,ton,43,logistic,weighted,size,random,-0.00310008857395927,-0.0034543844109832245
unsw,ton,43,logistic,weighted,tcp,forced,-0.003277236492471247,-0.003277236492471247
unsw,ton,43,logistic,weighted,tcp,frozen,-0.006554472984942494,-0.003277236492471247
unsw,ton,43,logistic,weighted,tcp,cap,-0.0024800708591674603,-0.003277236492471247
unsw,ton,43,logistic,weighted,tcp,random,-0.003011514614703281,-0.003277236492471247
unsw,ton,43,logistic,weighted,temporal+tcp,forced,0.0018600531443755397,0.0018600531443755397
unsw,ton,43,logistic,weighted,temporal+tcp,frozen,-0.0003542958370239546,0.0018600531443755397
unsw,ton,43,logistic,weighted,temporal+tcp,cap,0.0005314437555359319,0.0018600531443755397
unsw,ton,43,logistic,weighted,temporal+tcp,random,0.0018600531443756507,0.0018600531443755397
unsw,cic,43,logistic,unique,clean,forced,0.02370406824146981,0.02370406824146981
unsw,cic,43,logistic,unique,clean,frozen,0.03280839895013124,0.02370406824146981
unsw,cic,43,logistic,unique,clean,cap,0.036499343832021,0.02370406824146981
unsw,cic,43,logistic,unique,clean,random,0.022391732283464555,0.02370406824146981
unsw,cic,43,logistic,unique,temporal,forced,0.0336286089238845,0.0336286089238845
unsw,cic,43,logistic,unique,temporal,frozen,0.09498031496062992,0.0336286089238845
unsw,cic,43,logistic,unique,temporal,cap,0.044127296587926496,0.0336286089238845
unsw,cic,43,logistic,unique,temporal,random,0.03248031496062995,0.0336286089238845
unsw,cic,43,logistic,unique,size,forced,0.04872047244094488,0.04872047244094488
unsw,cic,43,logistic,unique,size,frozen,0.052411417322834664,0.04872047244094488
unsw,cic,43,logistic,unique,size,cap,0.05651246719160105,0.04872047244094488
unsw,cic,43,logistic,unique,size,random,0.046095800524934366,0.04872047244094488
unsw,cic,43,logistic,unique,tcp,forced,0.03551509186351706,0.03551509186351706
unsw,cic,43,logistic,unique,tcp,frozen,0.048392388451443585,0.03551509186351706
unsw,cic,43,logistic,unique,tcp,cap,0.049704724409448814,0.03551509186351706
unsw,cic,43,logistic,unique,tcp,random,0.03321850393700787,0.03551509186351706
unsw,cic,43,logistic,unique,temporal+tcp,forced,0.027395013123359624,0.027395013123359624
unsw,cic,43,logistic,unique,temporal+tcp,frozen,0.1962762467191601,0.027395013123359624
unsw,cic,43,logistic,unique,temporal+tcp,cap,0.056020341207349084,0.027395013123359624
unsw,cic,43,logistic,unique,temporal+tcp,random,0.026164698162729677,0.027395013123359624
unsw,cic,43,logistic,weighted,clean,forced,0.021845574387947264,0.021845574387947264
unsw,cic,43,logistic,weighted,clean,frozen,0.030131826741996243,0.021845574387947264
unsw,cic,43,logistic,weighted,clean,cap,0.035028248587570615,0.021845574387947264
unsw,cic,43,logistic,weighted,clean,random,0.02056497175141242,0.021845574387947264
unsw,cic,43,logistic,weighted,temporal,forced,0.03096045197740116,0.03096045197740116
unsw,cic,43,logistic,weighted,temporal,frozen,0.08730696798493406,0.03096045197740116
unsw,cic,43,logistic,weighted,temporal,cap,0.04256120527306967,0.03096045197740116
unsw,cic,43,logistic,weighted,temporal,random,0.02975517890772128,0.03096045197740116
unsw,cic,43,logistic,weighted,size,forced,0.04474576271186442,0.04474576271186442
unsw,cic,43,logistic,weighted,size,frozen,-0.02380414312617704,0.04474576271186442
unsw,cic,43,logistic,weighted,size,cap,0.053032015065913374,0.04474576271186442
unsw,cic,43,logistic,weighted,size,random,0.04203389830508478,0.04474576271186442
unsw,cic,43,logistic,weighted,tcp,forced,0.032693032015065904,0.032693032015065904
unsw,cic,43,logistic,weighted,tcp,frozen,0.04451977401129942,0.032693032015065904
unsw,cic,43,logistic,weighted,tcp,cap,0.047909604519774024,0.032693032015065904
unsw,cic,43,logistic,weighted,tcp,random,0.030734463276836183,0.032693032015065904
unsw,cic,43,logistic,weighted,temporal+tcp,forced,0.025310734463276807,0.025310734463276807
unsw,cic,43,logistic,weighted,temporal+tcp,frozen,0.18086629001883242,0.025310734463276807
unsw,cic,43,logistic,weighted,temporal+tcp,cap,0.05499058380414312,0.025310734463276807
unsw,cic,43,logistic,weighted,temporal+tcp,random,0.023578154425612063,0.025310734463276807
unsw,ton,43,forest,unique,clean,forced,-0.4065335753176044,-0.4065335753176044
unsw,ton,43,forest,unique,clean,frozen,0.0,-0.4065335753176044
unsw,ton,43,forest,unique,clean,cap,-0.40087541368634566,-0.4065335753176044
unsw,ton,43,forest,unique,clean,random,-0.3867833884915128,-0.4065335753176044
unsw,ton,43,forest,unique,temporal,forced,-0.4111241592825878,-0.4111241592825878
unsw,ton,43,forest,unique,temporal,frozen,0.0,-0.4111241592825878
unsw,ton,43,forest,unique,temporal,cap,-0.4024767801857585,-0.4111241592825878
unsw,ton,43,forest,unique,temporal,random,-0.39137397245649624,-0.4111241592825878
unsw,ton,43,forest,unique,size,forced,-0.48403971388918543,-0.48403971388918543
unsw,ton,43,forest,unique,size,frozen,0.0,-0.48403971388918543
unsw,ton,43,forest,unique,size,cap,-0.4740044838261983,-0.48403971388918543
unsw,ton,43,forest,unique,size,random,-0.45969894309811044,-0.48403971388918543
unsw,ton,43,forest,unique,tcp,forced,-0.40140920251948337,-0.40140920251948337
unsw,ton,43,forest,unique,tcp,frozen,0.0,-0.40140920251948337
unsw,ton,43,forest,unique,tcp,cap,-0.3973524073876375,-0.40140920251948337
unsw,ton,43,forest,unique,tcp,random,-0.3815522579267642,-0.40140920251948337
unsw,ton,43,forest,unique,temporal+tcp,forced,-0.4016227180527383,-0.4016227180527383
unsw,ton,43,forest,unique,temporal+tcp,frozen,0.0,-0.4016227180527383
unsw,ton,43,forest,unique,temporal+tcp,cap,-0.3976726806875201,-0.4016227180527383
unsw,ton,43,forest,unique,temporal+tcp,random,-0.38165901569339167,-0.4016227180527383
unsw,ton,43,forest,weighted,clean,forced,-0.337378210806023,-0.337378210806023
unsw,ton,43,forest,weighted,clean,frozen,0.0,-0.337378210806023
unsw,ton,43,forest,weighted,clean,cap,-0.33197519929140834,-0.337378210806023
unsw,ton,43,forest,weighted,clean,random,-0.32063773250664307,-0.337378210806023
unsw,ton,43,forest,weighted,temporal,forced,-0.34118689105403016,-0.34118689105403016
unsw,ton,43,forest,weighted,temporal,frozen,0.0,-0.34118689105403016
unsw,ton,43,forest,weighted,temporal,cap,-0.333215234720992,-0.34118689105403016
unsw,ton,43,forest,weighted,temporal,random,-0.3242692648361382,-0.34118689105403016
unsw,ton,43,forest,weighted,size,forced,-0.39716563330380866,-0.39716563330380866
unsw,ton,43,forest,weighted,size,frozen,0.0,-0.39716563330380866
unsw,ton,43,forest,weighted,size,cap,-0.3861824623560673,-0.39716563330380866
unsw,ton,43,forest,weighted,size,random,-0.37652790079716564,-0.39716563330380866
unsw,ton,43,forest,weighted,tcp,forced,-0.33303808680248004,-0.33303808680248004
unsw,ton,43,forest,weighted,tcp,frozen,0.0,-0.33303808680248004
unsw,ton,43,forest,weighted,tcp,cap,-0.33038086802480066,-0.33303808680248004
unsw,ton,43,forest,weighted,tcp,random,-0.31682905225863595,-0.33303808680248004
unsw,ton,43,forest,weighted,temporal+tcp,forced,-0.3331266607617361,-0.3331266607617361
unsw,ton,43,forest,weighted,temporal+tcp,frozen,0.0,-0.3331266607617361
unsw,ton,43,forest,weighted,temporal+tcp,cap,-0.33091231178033653,-0.3331266607617361
unsw,ton,43,forest,weighted,temporal+tcp,random,-0.31674047829937996,-0.3331266607617361
unsw,cic,43,forest,unique,clean,forced,-0.011975065616797953,-0.011975065616797953
unsw,cic,43,forest,unique,clean,frozen,0.0,-0.011975065616797953
unsw,cic,43,forest,unique,clean,cap,-0.007053805774278166,-0.011975065616797953
unsw,cic,43,forest,unique,clean,random,-0.011400918635170565,-0.011975065616797953
unsw,cic,43,forest,unique,temporal,forced,-0.0004101049868766582,-0.0004101049868766582
unsw,cic,43,forest,unique,temporal,frozen,0.0,-0.0004101049868766582
unsw,cic,43,forest,unique,temporal,cap,-0.0005741469816272771,-0.0004101049868766582
unsw,cic,43,forest,unique,temporal,random,-0.0002460629921260393,-0.0004101049868766582
unsw,cic,43,forest,unique,size,forced,0.6687171916010499,0.6687171916010499
unsw,cic,43,forest,unique,size,frozen,-8.202099737532808e-05,0.6687171916010499
unsw,cic,43,forest,unique,size,cap,0.6535433070866141,0.6687171916010499
unsw,cic,43,forest,unique,size,random,0.6371391076115486,0.6687171916010499
unsw,cic,43,forest,unique,tcp,forced,0.13927165354330706,0.13927165354330706
unsw,cic,43,forest,unique,tcp,frozen,0.0,0.13927165354330706
unsw,cic,43,forest,unique,tcp,cap,0.12221128608923881,0.13927165354330706
unsw,cic,43,forest,unique,tcp,random,0.13205380577427828,0.13927165354330706
unsw,cic,43,forest,unique,temporal+tcp,forced,0.14296259842519676,0.14296259842519676
unsw,cic,43,forest,unique,temporal+tcp,frozen,0.0,0.14296259842519676
unsw,cic,43,forest,unique,temporal+tcp,cap,0.13705708661417326,0.14296259842519676
unsw,cic,43,forest,unique,temporal+tcp,random,0.13574475065616798,0.14296259842519676
unsw,cic,43,forest,weighted,clean,forced,-0.010998116760828625,-0.010998116760828625
unsw,cic,43,forest,weighted,clean,frozen,0.0,-0.010998116760828625
unsw,cic,43,forest,weighted,clean,cap,-0.01883239171374773,-0.010998116760828625
unsw,cic,43,forest,weighted,clean,random,-0.01016949152542368,-0.010998116760828625
unsw,cic,43,forest,weighted,temporal,forced,-0.00037664783427493465,-0.00037664783427493465
unsw,cic,43,forest,weighted,temporal,frozen,0.0,-0.00037664783427493465
unsw,cic,43,forest,weighted,temporal,cap,-0.0054237288135593476,-0.00037664783427493465
unsw,cic,43,forest,weighted,temporal,random,0.0,-0.00037664783427493465
unsw,cic,43,forest,weighted,size,forced,0.544030131826742,0.544030131826742
unsw,cic,43,forest,weighted,size,frozen,-7.532956685499058e-05,0.544030131826742
unsw,cic,43,forest,weighted,size,cap,0.5299435028248587,0.544030131826742
unsw,cic,43,forest,weighted,size,random,0.5181920903954802,0.544030131826742
unsw,cic,43,forest,weighted,tcp,forced,0.12843691148775904,0.12843691148775904
unsw,cic,43,forest,weighted,tcp,frozen,0.0,0.12843691148775904
unsw,cic,43,forest,weighted,tcp,cap,0.10320150659133709,0.12843691148775904
unsw,cic,43,forest,weighted,tcp,random,0.1213559322033898,0.12843691148775904
unsw,cic,43,forest,weighted,temporal+tcp,forced,0.13190207156308853,0.13190207156308853
unsw,cic,43,forest,weighted,temporal+tcp,frozen,0.0,0.13190207156308853
unsw,cic,43,forest,weighted,temporal+tcp,cap,0.1250470809792844,0.13190207156308853
unsw,cic,43,forest,weighted,temporal+tcp,random,0.12489642184557437,0.13190207156308853
ton,unsw,17,logistic,unique,clean,forced,-0.013055582221368933,-0.013055582221368933
ton,unsw,17,logistic,unique,clean,frozen,-0.01641547470480953,-0.013055582221368933
ton,unsw,17,logistic,unique,clean,cap,-0.010079677450321567,-0.013055582221368933
ton,unsw,17,logistic,unique,clean,random,-0.012383603724680725,-0.013055582221368933
ton,unsw,17,logistic,unique,temporal,forced,-0.018911394835365303,-0.018911394835365303
ton,unsw,17,logistic,unique,temporal,frozen,-0.04838245176154354,-0.018911394835365303
ton,unsw,17,logistic,unique,temporal,cap,-0.03244696169722561,-0.018911394835365303
ton,unsw,17,logistic,unique,temporal,random,-0.01795142555438234,-0.018911394835365303
ton,unsw,17,logistic,unique,size,forced,0.29240664298742436,0.29240664298742436
ton,unsw,17,logistic,unique,size,frozen,0.28847076893539403,0.29240664298742436
ton,unsw,17,logistic,unique,size,cap,0.28597484880483826,0.29240664298742436
ton,unsw,17,logistic,unique,size,random,0.27867908226936744,0.29240664298742436
ton,unsw,17,logistic,unique,tcp,forced,-0.012767591437074066,-0.012767591437074066
ton,unsw,17,logistic,unique,tcp,frozen,-0.011999616012287606,-0.012767591437074066
ton,unsw,17,logistic,unique,tcp,cap,-0.008831717385043736,-0.012767591437074066
ton,unsw,17,logistic,unique,tcp,random,-0.012095612940385858,-0.012767591437074066
ton,unsw,17,logistic,unique,temporal+tcp,forced,-0.031199001631947776,-0.031199001631947776
ton,unsw,17,logistic,unique,temporal+tcp,frozen,-0.04358260535662861,-0.031199001631947776
ton,unsw,17,logistic,unique,temporal+tcp,cap,-0.02947105692617835,-0.031199001631947776
ton,unsw,17,logistic,unique,temporal+tcp,random,-0.02947105692617835,-0.031199001631947776
ton,unsw,17,logistic,weighted,clean,forced,-0.01293952180028135,-0.01293952180028135
ton,unsw,17,logistic,weighted,clean,frozen,-0.016596343178621575,-0.01293952180028135
ton,unsw,17,logistic,weighted,clean,cap,-0.01003281762775432,-0.01293952180028135
ton,unsw,17,logistic,weighted,clean,random,-0.012189404594467934,-0.01293952180028135
ton,unsw,17,logistic,weighted,temporal,forced,-0.018471636193155172,-0.018471636193155172
ton,unsw,17,logistic,weighted,temporal,frozen,-0.04866385372714488,-0.018471636193155172
ton,unsw,17,logistic,weighted,temporal,cap,-0.03187998124706981,-0.018471636193155172
ton,unsw,17,logistic,weighted,temporal,random,-0.01678387248007507,-0.018471636193155172
ton,unsw,17,logistic,weighted,size,forced,0.30426629160806373,0.30426629160806373
ton,unsw,17,logistic,weighted,size,frozen,0.29639006094702297,0.30426629160806373
ton,unsw,17,logistic,weighted,size,cap,0.29657759024847635,0.30426629160806373
ton,unsw,17,logistic,weighted,size,random,0.28945147679324895,0.30426629160806373
ton,unsw,17,logistic,weighted,tcp,forced,-0.012658227848101222,-0.012658227848101222
ton,unsw,17,logistic,weighted,tcp,frozen,-0.012376933895921205,-0.012658227848101222
ton,unsw,17,logistic,weighted,tcp,cap,-0.008813877168307505,-0.012658227848101222
ton,unsw,17,logistic,weighted,tcp,random,-0.011908110642287806,-0.012658227848101222
ton,unsw,17,logistic,weighted,temporal+tcp,forced,-0.03141115799343641,-0.03141115799343641
ton,unsw,17,logistic,weighted,temporal+tcp,frozen,-0.04416315049226449,-0.03141115799343641
ton,unsw,17,logistic,weighted,temporal+tcp,cap,-0.029160806375996273,-0.03141115799343641
ton,unsw,17,logistic,weighted,temporal+tcp,random,-0.029348335677449544,-0.03141115799343641
ton,cic,17,logistic,unique,clean,forced,-0.13496882179192649,-0.13496882179192649
ton,cic,17,logistic,unique,clean,frozen,-0.24770265835247784,-0.13496882179192649
ton,cic,17,logistic,unique,clean,cap,-0.13127666557269446,-0.13496882179192649
ton,cic,17,logistic,unique,clean,random,-0.12955365933705287,-0.13496882179192649
ton,cic,17,logistic,unique,temporal,forced,0.18649491302920906,0.18649491302920906
ton,cic,17,logistic,unique,temporal,frozen,0.007958647850344586,0.18649491302920906
ton,cic,17,logistic,unique,temporal,cap,0.18148999015425007,0.18649491302920906
ton,cic,17,logistic,unique,temporal,random,0.17697735477518872,0.18649491302920906
ton,cic,17,logistic,unique,size,forced,-0.07975057433541188,-0.07975057433541188
ton,cic,17,logistic,unique,size,frozen,-0.410403675746636,-0.07975057433541188
ton,cic,17,logistic,unique,size,cap,-0.08483754512635377,-0.07975057433541188
ton,cic,17,logistic,unique,size,random,-0.07564817853626515,-0.07975057433541188
ton,cic,17,logistic,unique,tcp,forced,-0.021250410239579964,-0.021250410239579964
ton,cic,17,logistic,unique,tcp,frozen,-0.16885461109287825,-0.021250410239579964
ton,cic,17,logistic,unique,tcp,cap,-0.02248112897932386,-0.021250410239579964
ton,cic,17,logistic,unique,tcp,random,-0.020101739415818942,-0.021250410239579964
ton,cic,17,logistic,unique,temporal+tcp,forced,0.29053167049556944,0.29053167049556944
ton,cic,17,logistic,unique,temporal+tcp,frozen,0.060469314079422354,0.29053167049556944
ton,cic,17,logistic,unique,temporal+tcp,cap,0.2929931079750574,0.29053167049556944
ton,cic,17,logistic,unique,temporal+tcp,random,0.2754348539547095,0.29053167049556944
ton,cic,17,logistic,weighted,clean,forced,-0.1235870384325547,-0.1235870384325547
ton,cic,17,logistic,weighted,clean,frozen,-0.22878673700075353,-0.1235870384325547
ton,cic,17,logistic,weighted,clean,cap,-0.11439336850037674,-0.1235870384325547
ton,cic,17,logistic,weighted,clean,random,-0.11755840241145443,-0.1235870384325547
ton,cic,17,logistic,weighted,temporal,forced,0.23948756593820647,0.23948756593820647
ton,cic,17,logistic,weighted,temporal,frozen,0.07309721175584022,0.23948756593820647
ton,cic,17,logistic,weighted,temporal,cap,0.2340617935192163,0.23948756593820647
ton,cic,17,logistic,weighted,temporal,random,0.22803315749811606,0.23948756593820647
ton,cic,17,logistic,weighted,size,forced,-0.1005275056518462,-0.1005275056518462
ton,cic,17,logistic,weighted,size,frozen,-0.44935945742275807,-0.1005275056518462
ton,cic,17,logistic,weighted,size,cap,-0.11070082893745292,-0.1005275056518462
ton,cic,17,logistic,weighted,size,random,-0.09570459683496602,-0.1005275056518462
ton,cic,17,logistic,weighted,tcp,forced,-0.01861341371514691,-0.01861341371514691
ton,cic,17,logistic,weighted,tcp,frozen,-0.1556895252449133,-0.01861341371514691
ton,cic,17,logistic,weighted,tcp,cap,-0.020195930670685702,-0.01861341371514691
ton,cic,17,logistic,weighted,tcp,random,-0.017709118311981964,-0.01861341371514691
ton,cic,17,logistic,weighted,temporal+tcp,forced,0.2642803315749811,0.2642803315749811
ton,cic,17,logistic,weighted,temporal+tcp,frozen,0.049585531273549366,0.2642803315749811
ton,cic,17,logistic,weighted,temporal+tcp,cap,0.2707611152976639,0.2642803315749811
ton,cic,17,logistic,weighted,temporal+tcp,random,0.2525244913338357,0.2642803315749811
ton,unsw,17,forest,unique,clean,forced,-0.1305558222136891,-0.1305558222136891
ton,unsw,17,forest,unique,clean,frozen,-0.08246136123644038,-0.1305558222136891
ton,unsw,17,forest,unique,clean,cap,-0.12690793894595376,-0.1305558222136891
ton,unsw,17,forest,unique,clean,random,-0.12364404339061141,-0.1305558222136891
ton,unsw,17,forest,unique,temporal,forced,-0.12565997888067582,-0.12565997888067582
ton,unsw,17,forest,unique,temporal,frozen,0.04924642411442831,-0.12565997888067582
ton,unsw,17,forest,unique,temporal,cap,-0.12738792358644524,-0.12565997888067582
ton,unsw,17,forest,unique,temporal,random,-0.11894019391379473,-0.12565997888067582
ton,unsw,17,forest,unique,size,forced,-0.19122588077181535,-0.19122588077181535
ton,unsw,17,forest,unique,size,frozen,-0.11922818469808966,-0.19122588077181535
ton,unsw,17,forest,unique,size,cap,-0.1828741480272631,-0.19122588077181535
ton,unsw,17,forest,unique,size,random,-0.18076221560910055,-0.19122588077181535
ton,unsw,17,forest,unique,tcp,forced,-0.03811078045502547,-0.03811078045502547
ton,unsw,17,forest,unique,tcp,frozen,-0.01670346548910437,-0.03811078045502547
ton,unsw,17,forest,unique,tcp,cap,-0.03945473744840167,-0.03811078045502547
ton,unsw,17,forest,unique,tcp,random,-0.03580685418066626,-0.03811078045502547
ton,unsw,17,forest,unique,temporal+tcp,forced,0.08841317077853506,0.08841317077853506
ton,unsw,17,forest,unique,temporal+tcp,frozen,0.05078237496400115,0.08841317077853506
ton,unsw,17,forest,unique,temporal+tcp,cap,0.08246136123644043,0.08841317077853506
ton,unsw,17,forest,unique,temporal+tcp,random,0.08342133051742345,0.08841317077853506
ton,unsw,17,forest,weighted,clean,forced,-0.12958274730426633,-0.12958274730426633
ton,unsw,17,forest,weighted,clean,frozen,-0.07951242381622131,-0.12958274730426633
ton,unsw,17,forest,weighted,clean,cap,-0.12592592592592589,-0.12958274730426633
ton,unsw,17,forest,weighted,clean,random,-0.12320675105485235,-0.12958274730426633
ton,unsw,17,forest,weighted,temporal,forced,-0.1280825128926395,-0.1280825128926395
ton,unsw,17,forest,weighted,temporal,frozen,0.04472573839662447,-0.1280825128926395
ton,unsw,17,forest,weighted,temporal,cap,-0.12920768870135968,-0.1280825128926395
ton,unsw,17,forest,weighted,temporal,random,-0.12161275199249888,-0.1280825128926395
ton,unsw,17,forest,weighted,size,forced,-0.1894045944678856,-0.1894045944678856
ton,unsw,17,forest,weighted,size,frozen,-0.12508204406938583,-0.1894045944678856
ton,unsw,17,forest,weighted,size,cap,-0.18152836380684478,-0.1894045944678856
ton,unsw,17,forest,weighted,size,random,-0.18105954055321138,-0.1894045944678856
ton,unsw,17,forest,weighted,tcp,forced,-0.04285044538209093,-0.04285044538209093
ton,unsw,17,forest,weighted,tcp,frozen,-0.015939990623534933,-0.04285044538209093
ton,unsw,17,forest,weighted,tcp,cap,-0.044163150492264436,-0.04285044538209093
ton,unsw,17,forest,weighted,tcp,random,-0.042287857477730895,-0.04285044538209093
ton,unsw,17,forest,weighted,temporal+tcp,forced,0.08776371308016878,0.08776371308016878
ton,unsw,17,forest,weighted,temporal+tcp,frozen,0.05053914674167838,0.08776371308016878
ton,unsw,17,forest,weighted,temporal+tcp,cap,0.08195030473511489,0.08776371308016878
ton,unsw,17,forest,weighted,temporal+tcp,random,0.08157524613220812,0.08776371308016878
ton,cic,17,forest,unique,clean,forced,-0.0003281916639317345,-0.0003281916639317345
ton,cic,17,forest,unique,clean,frozen,0.0010666229077781475,-0.0003281916639317345
ton,cic,17,forest,unique,clean,cap,-0.0018871020676074837,-0.0003281916639317345
ton,cic,17,forest,unique,clean,random,-0.0004102395799146716,-0.0003281916639317345
ton,cic,17,forest,unique,temporal,forced,0.0065638332786347245,0.0065638332786347245
ton,cic,17,forest,unique,temporal,frozen,0.005004922874958979,0.0065638332786347245
ton,cic,17,forest,unique,temporal,cap,0.006892024942566459,0.0065638332786347245
ton,cic,17,forest,unique,temporal,random,0.006235641614702983,0.0065638332786347245
ton,cic,17,forest,unique,size,forced,0.434115523465704,0.434115523465704
ton,cic,17,forest,unique,size,frozen,0.16048572366261896,0.434115523465704
ton,cic,17,forest,unique,size,cap,0.42730554643912044,0.434115523465704
ton,cic,17,forest,unique,size,random,0.41458811946176566,0.434115523465704
ton,cic,17,forest,unique,tcp,forced,0.00270758122743682,0.00270758122743682
ton,cic,17,forest,unique,tcp,frozen,0.0036921562192320304,0.00270758122743682
ton,cic,17,forest,unique,tcp,cap,0.0029537249753856243,0.00270758122743682
ton,cic,17,forest,unique,tcp,random,0.00262553331145389,0.00270758122743682
ton,cic,17,forest,unique,temporal+tcp,forced,-0.0008204791598293362,-0.0008204791598293362
ton,cic,17,forest,unique,temporal+tcp,frozen,0.0038562520511978976,-0.0008204791598293362
ton,cic,17,forest,unique,temporal+tcp,cap,0.002461437479488019,-0.0008204791598293362
ton,cic,17,forest,unique,temporal+tcp,random,-0.0008204791598293432,-0.0008204791598293362
ton,cic,17,forest,weighted,clean,forced,-0.00015071590052750938,-0.00015071590052750938
ton,cic,17,forest,weighted,clean,frozen,0.0011303692539562926,-0.00015071590052750938
ton,cic,17,forest,weighted,clean,cap,-0.0015825169555388069,-0.00015071590052750938
ton,cic,17,forest,weighted,clean,random,-0.0003014318010550049,-0.00015071590052750938
ton,cic,17,forest,weighted,temporal,forced,0.006254709871891473,0.006254709871891473
ton,cic,17,forest,weighted,temporal,frozen,0.0047475508666164346,0.006254709871891473
ton,cic,17,forest,weighted,temporal,cap,0.006556141672946492,0.006254709871891473
ton,cic,17,forest,weighted,temporal,random,0.005651846269781449,0.006254709871891473
ton,cic,17,forest,weighted,size,forced,0.4023360964581763,0.4023360964581763
ton,cic,17,forest,weighted,size,frozen,0.14951017332328562,0.4023360964581763
ton,cic,17,forest,weighted,size,cap,0.39389600602863606,0.4023360964581763
ton,cic,17,forest,weighted,size,random,0.3812358703843256,0.4023360964581763
ton,cic,17,forest,weighted,tcp,forced,0.003089675960813873,0.003089675960813873
ton,cic,17,forest,weighted,tcp,frozen,0.0036925395629238827,0.003089675960813873
ton,cic,17,forest,weighted,tcp,cap,0.00256217030896759,0.003089675960813873
ton,cic,17,forest,weighted,tcp,random,0.0029389600602863636,0.003089675960813873
ton,cic,17,forest,weighted,temporal+tcp,forced,-0.0008289374529012877,-0.0008289374529012877
ton,cic,17,forest,weighted,temporal+tcp,frozen,0.0037678975131876374,-0.0008289374529012877
ton,cic,17,forest,weighted,temporal+tcp,cap,0.002788244159758868,-0.0008289374529012877
ton,cic,17,forest,weighted,temporal+tcp,random,-0.0008289374529012739,-0.0008289374529012877
ton,unsw,29,logistic,unique,clean,forced,-0.011807622156090991,-0.011807622156090991
ton,unsw,29,logistic,unique,clean,frozen,-0.013439569933762163,-0.011807622156090991
ton,unsw,29,logistic,unique,clean,cap,-0.0038398771239320784,-0.011807622156090991
ton,unsw,29,logistic,unique,clean,random,-0.011135643659402894,-0.011807622156090991
ton,unsw,29,logistic,unique,temporal,forced,-0.016223480848612915,-0.016223480848612915
ton,unsw,29,logistic,unique,temporal,frozen,-0.06124604012671586,-0.016223480848612915
ton,unsw,29,logistic,unique,temporal,cap,-0.02908706921378512,-0.016223480848612915
ton,unsw,29,logistic,unique,temporal,random,-0.01603148699241619,-0.016223480848612915
ton,unsw,29,logistic,unique,size,forced,0.2927906306998176,0.2927906306998176
ton,unsw,29,logistic,unique,size,frozen,0.2960545262551598,0.2927906306998176
ton,unsw,29,logistic,unique,size,cap,0.28683882115772297,0.2927906306998176
ton,unsw,29,logistic,unique,size,random,0.278871076125564,0.2927906306998176
ton,unsw,29,logistic,unique,tcp,forced,-0.011039646731304642,-0.011039646731304642
ton,unsw,29,logistic,unique,tcp,frozen,-0.010463665162714797,-0.011039646731304642
ton,unsw,29,logistic,unique,tcp,cap,-0.0026879139867523882,-0.011039646731304642
ton,unsw,29,logistic,unique,tcp,random,-0.010271671306518182,-0.011039646731304642
ton,unsw,29,logistic,unique,temporal+tcp,forced,-0.013823557646155393,-0.013823557646155393
ton,unsw,29,logistic,unique,temporal+tcp,frozen,-0.042910626859940515,-0.013823557646155393
ton,unsw,29,logistic,unique,temporal+tcp,cap,-0.028415090717097025,-0.013823557646155393
ton,unsw,29,logistic,unique,temporal+tcp,random,-0.013919554574253645,-0.013823557646155393
ton,unsw,29,logistic,weighted,clean,forced,-0.011720581340834535,-0.011720581340834535
ton,unsw,29,logistic,weighted,clean,frozen,-0.013502109704641274,-0.011720581340834535
ton,unsw,29,logistic,weighted,clean,cap,-0.0040318799812470996,-0.011720581340834535
ton,unsw,29,logistic,weighted,clean,random,-0.01050164088138772,-0.011720581340834535
ton,unsw,29,logistic,weighted,temporal,forced,-0.01584622597280816,-0.01584622597280816
ton,unsw,29,logistic,weighted,temporal,frozen,-0.06188466947960625,-0.01584622597280816
ton,unsw,29,logistic,weighted,temporal,cap,-0.028691983122362874,-0.01584622597280816
ton,unsw,29,logistic,weighted,temporal,random,-0.014533520862634819,-0.01584622597280816
ton,unsw,29,logistic,weighted,size,forced,0.30473511486169713,0.30473511486169713
ton,unsw,29,logistic,weighted,size,frozen,0.30557899671823724,0.30473511486169713
ton,unsw,29,logistic,weighted,size,cap,0.2977027660571964,0.30473511486169713
ton,unsw,29,logistic,weighted,size,random,0.2922644163150493,0.30473511486169713
ton,unsw,29,logistic,weighted,tcp,forced,-0.010970464135021007,-0.010970464135021007
ton,unsw,29,logistic,weighted,tcp,frozen,-0.01115799343647439,-0.010970464135021007
ton,unsw,29,logistic,weighted,tcp,cap,-0.0027191748710736485,-0.010970464135021007
ton,unsw,29,logistic,weighted,tcp,random,-0.009751523675574303,-0.010970464135021007
ton,unsw,29,logistic,weighted,temporal+tcp,forced,-0.013502109704641385,-0.013502109704641385
ton,unsw,29,logistic,weighted,temporal+tcp,frozen,-0.04350679793717771,-0.013502109704641385
ton,unsw,29,logistic,weighted,temporal+tcp,cap,-0.027941865916549458,-0.013502109704641385
ton,unsw,29,logistic,weighted,temporal+tcp,random,-0.012376933895921205,-0.013502109704641385
ton,cic,29,logistic,unique,clean,forced,-0.175418444371513,-0.175418444371513
ton,cic,29,logistic,unique,clean,frozen,-0.28027568099770267,-0.175418444371513
ton,cic,29,logistic,unique,clean,cap,-0.17402362979980301,-0.175418444371513
ton,cic,29,logistic,unique,clean,random,-0.16811617984903182,-0.175418444371513
ton,cic,29,logistic,unique,temporal,forced,0.1814899901542501,0.1814899901542501
ton,cic,29,logistic,unique,temporal,frozen,-0.011978995733508357,0.1814899901542501
ton,cic,29,logistic,unique,temporal,cap,0.17517230062356418,0.1814899901542501
ton,cic,29,logistic,unique,temporal,random,0.17394158188382014,0.1814899901542501
ton,cic,29,logistic,unique,size,forced,-0.13964555300295367,-0.13964555300295367
ton,cic,29,logistic,unique,size,frozen,-0.4789957335083689,-0.13964555300295367
ton,cic,29,logistic,unique,size,cap,-0.13890712175910724,-0.13964555300295367
ton,cic,29,logistic,unique,size,random,-0.1328355759763702,-0.13964555300295367
ton,cic,29,logistic,unique,tcp,forced,-0.017148014440433235,-0.017148014440433235
ton,cic,29,logistic,unique,tcp,frozen,-0.1846898588775845,-0.017148014440433235
ton,cic,29,logistic,unique,tcp,cap,-0.020594026911716412,-0.017148014440433235
ton,cic,29,logistic,unique,tcp,random,-0.016245487364620947,-0.017148014440433235
ton,cic,29,logistic,unique,temporal+tcp,forced,0.29168034131933046,0.29168034131933046
ton,cic,29,logistic,unique,temporal+tcp,frozen,0.05226452248112895,0.29168034131933046
ton,cic,29,logistic,unique,temporal+tcp,cap,0.29397768296685267,0.29168034131933046
ton,cic,29,logistic,unique,temporal+tcp,random,0.27773219560223167,0.29168034131933046
ton,cic,29,logistic,weighted,clean,forced,-0.1605124340617935,-0.1605124340617935
ton,cic,29,logistic,weighted,clean,frozen,-0.2587038432554634,-0.1605124340617935
ton,cic,29,logistic,weighted,clean,cap,-0.1538809344385832,-0.1605124340617935
ton,cic,29,logistic,weighted,clean,random,-0.15184626978146187,-0.1605124340617935
ton,cic,29,logistic,weighted,temporal,forced,0.2349660889223813,0.2349660889223813
ton,cic,29,logistic,weighted,temporal,frozen,0.054709871891484574,0.2349660889223813
ton,cic,29,logistic,weighted,temporal,cap,0.2282592313489073,0.2349660889223813
ton,cic,29,logistic,weighted,temporal,random,0.22207987942727958,0.2349660889223813
ton,cic,29,logistic,weighted,size,forced,-0.12848530519969859,-0.12848530519969859
ton,cic,29,logistic,weighted,size,frozen,-0.5127354935945742,-0.12848530519969859
ton,cic,29,logistic,weighted,size,cap,-0.12856066314996228,-0.12848530519969859
ton,cic,29,logistic,weighted,size,random,-0.12132629992464206,-0.12848530519969859
ton,cic,29,logistic,weighted,tcp,forced,-0.014619442351168077,-0.014619442351168077
ton,cic,29,logistic,weighted,tcp,frozen,-0.17038432554634508,-0.014619442351168077
ton,cic,29,logistic,weighted,tcp,cap,-0.0185380557648831,-0.014619442351168077
ton,cic,29,logistic,weighted,tcp,random,-0.013413715146948002,-0.014619442351168077
ton,cic,29,logistic,weighted,temporal+tcp,forced,0.2654107008289375,0.2654107008289375
ton,cic,29,logistic,weighted,temporal+tcp,frozen,0.04197437829691031,0.2654107008289375
ton,cic,29,logistic,weighted,temporal+tcp,cap,0.27189148455162016,0.2654107008289375
ton,cic,29,logistic,weighted,temporal+tcp,random,0.2507159005275056,0.2654107008289375
ton,unsw,29,forest,unique,clean,forced,0.051934338101180755,0.051934338101180755
ton,unsw,29,forest,unique,clean,frozen,0.1007967745032159,0.051934338101180755
ton,unsw,29,forest,unique,clean,cap,0.051550350388787525,0.051934338101180755
ton,unsw,29,forest,unique,clean,random,0.04934242104252662,0.051934338101180755
ton,unsw,29,forest,unique,temporal,forced,0.3404051070365748,0.3404051070365748
ton,unsw,29,forest,unique,temporal,frozen,0.03811078045502543,0.3404051070365748
ton,unsw,29,forest,unique,temporal,cap,0.34645291350676777,0.3404051070365748
ton,unsw,29,forest,unique,temporal,random,0.324181626187962,0.3404051070365748
ton,unsw,29,forest,unique,size,forced,-0.5400787174810406,-0.5400787174810406
ton,unsw,29,forest,unique,size,frozen,-0.03129499856004608,-0.5400787174810406
ton,unsw,29,forest,unique,size,cap,-0.5282710953249496,-0.5400787174810406
ton,unsw,29,forest,unique,size,random,-0.5135835653259095,-0.5400787174810406
ton,unsw,29,forest,unique,tcp,forced,-0.06854180666218684,-0.06854180666218684
ton,unsw,29,forest,unique,tcp,frozen,0.0070077757511759625,-0.06854180666218684
ton,unsw,29,forest,unique,tcp,cap,-0.05414226744744169,-0.06854180666218684
ton,unsw,29,forest,unique,tcp,random,-0.06498992032254969,-0.06854180666218684
ton,unsw,29,forest,unique,temporal+tcp,forced,-0.06671786502831908,-0.06671786502831908
ton,unsw,29,forest,unique,temporal+tcp,frozen,-0.004991840261111644,-0.06671786502831908
ton,unsw,29,forest,unique,temporal+tcp,cap,-0.055870212153211085,-0.06671786502831908
ton,unsw,29,forest,unique,temporal+tcp,random,-0.06412594796966498,-0.06671786502831908
ton,unsw,29,forest,weighted,clean,forced,0.06113455227379283,0.06113455227379283
ton,unsw,29,forest,weighted,clean,frozen,0.10829817158931082,0.06113455227379283
ton,unsw,29,forest,weighted,clean,cap,0.0608532583216127,0.06113455227379283
ton,unsw,29,forest,weighted,clean,random,0.05860290670417251,0.06113455227379283
ton,unsw,29,forest,weighted,temporal,forced,0.34814814814814815,0.34814814814814815
ton,unsw,29,forest,weighted,temporal,frozen,0.03984997655883733,0.34814814814814815
ton,unsw,29,forest,weighted,temporal,cap,0.35414908579465537,0.34814814814814815
ton,unsw,29,forest,weighted,temporal,random,0.33305203938115335,0.34814814814814815
ton,unsw,29,forest,weighted,size,forced,-0.5436474449132677,-0.5436474449132677
ton,unsw,29,forest,weighted,size,frozen,-0.03244256915142993,-0.5436474449132677
ton,unsw,29,forest,weighted,size,cap,-0.5318330989217066,-0.5436474449132677
ton,unsw,29,forest,weighted,size,random,-0.5162681669010782,-0.5436474449132677
ton,unsw,29,forest,weighted,tcp,forced,-0.06591654946085324,-0.06591654946085324
ton,unsw,29,forest,weighted,tcp,frozen,0.007032348804500696,-0.06591654946085324
ton,unsw,29,forest,weighted,tcp,cap,-0.05147679324894516,-0.06591654946085324
ton,unsw,29,forest,weighted,tcp,random,-0.06216596343178621,-0.06591654946085324
ton,unsw,29,forest,weighted,temporal+tcp,forced,-0.0648851383028598,-0.0648851383028598
ton,unsw,29,forest,weighted,temporal+tcp,frozen,-0.004781997187060474,-0.0648851383028598
ton,unsw,29,forest,weighted,temporal+tcp,cap,-0.054195968120018756,-0.0648851383028598
ton,unsw,29,forest,weighted,temporal+tcp,random,-0.06188466947960619,-0.0648851383028598
ton,cic,29,forest,unique,clean,forced,-0.0007384312438464061,-0.0007384312438464061
ton,cic,29,forest,unique,clean,frozen,0.0023793895635050855,-0.0007384312438464061
ton,cic,29,forest,unique,clean,cap,0.002215293731539218,-0.0007384312438464061
ton,cic,29,forest,unique,clean,random,-0.0009845749917952104,-0.0007384312438464061
ton,cic,29,forest,unique,temporal,forced,0.0005743354118805388,0.0005743354118805388
ton,cic,29,forest,unique,temporal,frozen,0.0027075812274368234,0.0005743354118805388
ton,cic,29,forest,unique,temporal,cap,0.0031998687233344286,0.0005743354118805388
ton,cic,29,forest,unique,temporal,random,0.0004922874958976052,0.0005743354118805388
ton,cic,29,forest,unique,size,forced,0.10379061371841156,0.10379061371841156
ton,cic,29,forest,unique,size,frozen,0.016491631112569738,0.10379061371841156
ton,cic,29,forest,unique,size,cap,0.08705283885789301,0.10379061371841156
ton,cic,29,forest,unique,size,random,0.09894978667541846,0.10379061371841156
ton,cic,29,forest,unique,tcp,forced,-0.0009025270758122803,-0.0009025270758122803
ton,cic,29,forest,unique,tcp,frozen,0.005907449950771249,-0.0009025270758122803
ton,cic,29,forest,unique,tcp,cap,0.0036101083032491,-0.0009025270758122803
ton,cic,29,forest,unique,tcp,random,-0.0010666229077781406,-0.0009025270758122803
ton,cic,29,forest,unique,temporal+tcp,forced,-0.00639973744666885,-0.00639973744666885
ton,cic,29,forest,unique,temporal+tcp,frozen,0.0025434853954709527,-0.00639973744666885
ton,cic,29,forest,unique,temporal+tcp,cap,0.0004922874958976052,-0.00639973744666885
ton,cic,29,forest,unique,temporal+tcp,random,-0.006153593698720053,-0.00639973744666885
ton,cic,29,forest,weighted,clean,forced,-0.00037678975131877346,-0.00037678975131877346
ton,cic,29,forest,weighted,clean,frozen,0.00233609645817634,-0.00037678975131877346
ton,cic,29,forest,weighted,clean,cap,0.0024114544084400946,-0.00037678975131877346
ton,cic,29,forest,weighted,clean,random,-0.00045214770158251427,-0.00037678975131877346
ton,cic,29,forest,weighted,temporal,forced,0.0006028636021100237,0.0006028636021100237
ton,cic,29,forest,weighted,temporal,frozen,0.0027128862094950995,0.0006028636021100237
ton,cic,29,forest,weighted,temporal,cap,0.003391107761868878,0.0006028636021100237
ton,cic,29,forest,weighted,temporal,random,0.000527505651846269,0.0006028636021100237
ton,cic,29,forest,weighted,size,forced,0.09691032403918613,0.09691032403918613
ton,cic,29,forest,weighted,size,frozen,0.015674453654860587,0.09691032403918613
ton,cic,29,forest,weighted,size,cap,0.08010550113036924,0.09691032403918613
ton,cic,29,forest,weighted,size,random,0.09238884702336095,0.09691032403918613
ton,cic,29,forest,weighted,tcp,forced,-0.0009042954031650424,-0.0009042954031650424
ton,cic,29,forest,weighted,tcp,frozen,0.005727204220045218,-0.0009042954031650424
ton,cic,29,forest,weighted,tcp,cap,0.0031650339110776277,-0.0009042954031650424
ton,cic,29,forest,weighted,tcp,random,-0.0009042954031650285,-0.0009042954031650424
ton,cic,29,forest,weighted,temporal+tcp,forced,-0.005953278070836468,-0.005953278070836468
ton,cic,29,forest,weighted,temporal+tcp,frozen,0.0027128862094951134,-0.005953278070836468
ton,cic,29,forest,weighted,temporal+tcp,cap,0.0003767897513187596,-0.005953278070836468
ton,cic,29,forest,weighted,temporal+tcp,random,-0.0058025621703089725,-0.005953278070836468
ton,unsw,43,logistic,unique,clean,forced,-0.014591533070941742,-0.014591533070941742
ton,unsw,43,logistic,unique,clean,frozen,-0.017759431698185724,-0.014591533070941742
ton,unsw,43,logistic,unique,clean,cap,-0.011999616012287606,-0.014591533070941742
ton,unsw,43,logistic,unique,clean,random,-0.013823557646155282,-0.014591533070941742
ton,unsw,43,logistic,unique,temporal,forced,-0.022559278103100766,-0.022559278103100766
ton,unsw,43,logistic,unique,temporal,frozen,-0.048862436402035136,-0.022559278103100766
ton,unsw,43,logistic,unique,temporal,cap,-0.034366900259191646,-0.022559278103100766
ton,unsw,43,logistic,unique,temporal,random,-0.02073533646923298,-0.022559278103100766
ton,unsw,43,logistic,unique,size,forced,0.2931746184122108,0.2931746184122108
ton,unsw,43,logistic,unique,size,frozen,0.29999040030719015,0.2931746184122108
ton,unsw,43,logistic,unique,size,cap,0.28683882115772297,0.2931746184122108
ton,unsw,43,logistic,unique,size,random,0.2796390515503504,0.2931746184122108
ton,unsw,43,logistic,unique,tcp,forced,-0.013535566861860526,-0.013535566861860526
ton,unsw,43,logistic,unique,tcp,frozen,-0.015071517711433224,-0.013535566861860526
ton,unsw,43,logistic,unique,tcp,cap,-0.009311702025535218,-0.013535566861860526
ton,unsw,43,logistic,unique,tcp,random,-0.012671594508975703,-0.013535566861860526
ton,unsw,43,logistic,unique,temporal+tcp,forced,-0.032350964769127466,-0.032350964769127466
ton,unsw,43,logistic,unique,temporal+tcp,frozen,-0.04473456849380819,-0.032350964769127466
ton,unsw,43,logistic,unique,temporal+tcp,cap,-0.03062302006335793,-0.032350964769127466
ton,unsw,43,logistic,unique,temporal+tcp,random,-0.030047038494768197,-0.032350964769127466
ton,unsw,43,logistic,weighted,clean,forced,-0.014533520862634819,-0.014533520862634819
ton,unsw,43,logistic,weighted,clean,frozen,-0.018002812939521773,-0.014533520862634819
ton,unsw,43,logistic,weighted,clean,cap,-0.011908110642287917,-0.014533520862634819
ton,unsw,43,logistic,weighted,clean,random,-0.013877168307548149,-0.014533520862634819
ton,unsw,43,logistic,weighted,temporal,forced,-0.022409751523675525,-0.022409751523675525
ton,unsw,43,logistic,weighted,temporal,frozen,-0.04913267698077828,-0.022409751523675525
ton,unsw,43,logistic,weighted,temporal,cap,-0.03366150961087666,-0.022409751523675525
ton,unsw,43,logistic,weighted,temporal,random,-0.021565869667135473,-0.022409751523675525
ton,unsw,43,logistic,weighted,size,forced,0.30501640881387715,0.30501640881387715
ton,unsw,43,logistic,weighted,size,frozen,0.30961087669948434,0.30501640881387715
ton,unsw,43,logistic,weighted,size,cap,0.29779653070792306,0.30501640881387715
ton,unsw,43,logistic,weighted,size,random,0.28926394749179557,0.30501640881387715
ton,unsw,43,logistic,weighted,tcp,forced,-0.013408345053914639,-0.013408345053914639
ton,unsw,43,logistic,weighted,tcp,frozen,-0.01537740271917487,-0.013408345053914639
ton,unsw,43,logistic,weighted,tcp,cap,-0.009282700421940904,-0.013408345053914639
ton,unsw,43,logistic,weighted,tcp,random,-0.012751992498827969,-0.013408345053914639
ton,unsw,43,logistic,weighted,temporal+tcp,forced,-0.03253633380215659,-0.03253633380215659
ton,unsw,43,logistic,weighted,temporal+tcp,frozen,-0.04510079699953118,-0.03253633380215659
ton,unsw,43,logistic,weighted,temporal+tcp,cap,-0.030285982184716342,-0.03253633380215659
ton,unsw,43,logistic,weighted,temporal+tcp,random,-0.031317393342709776,-0.03253633380215659
ton,cic,43,logistic,unique,clean,forced,-0.17008532983262226,-0.17008532983262226
ton,cic,43,logistic,unique,clean,frozen,-0.29414177879881853,-0.17008532983262226
ton,cic,43,logistic,unique,clean,cap,-0.1699212340006564,-0.17008532983262226
ton,cic,43,logistic,unique,clean,random,-0.16286511322612407,-0.17008532983262226
ton,cic,43,logistic,unique,temporal,forced,0.18009517558254023,0.18009517558254023
ton,cic,43,logistic,unique,temporal,frozen,0.002789629143419764,0.18009517558254023
ton,cic,43,logistic,unique,temporal,cap,0.1764850672792911,0.18009517558254023
ton,cic,43,logistic,unique,temporal,random,0.1709058089924516,0.18009517558254023
ton,cic,43,logistic,unique,size,forced,-0.15277321956022316,-0.15277321956022316
ton,cic,43,logistic,unique,size,frozen,-0.4926156875615359,-0.15277321956022316
ton,cic,43,logistic,unique,size,cap,-0.1555628487036429,-0.15277321956022316
ton,cic,43,logistic,unique,size,random,-0.14555300295372497,-0.15277321956022316
ton,cic,43,logistic,unique,tcp,forced,-0.03347554972103717,-0.03347554972103717
ton,cic,43,logistic,unique,tcp,frozen,-0.2093042336724647,-0.03347554972103717
ton,cic,43,logistic,unique,tcp,cap,-0.032490974729241895,-0.03347554972103717
ton,cic,43,logistic,unique,tcp,random,-0.03208073514932719,-0.03347554972103717
ton,cic,43,logistic,unique,temporal+tcp,forced,0.2869215621923203,0.2869215621923203
ton,cic,43,logistic,unique,temporal+tcp,frozen,0.05653101411224154,0.2869215621923203
ton,cic,43,logistic,unique,temporal+tcp,cap,0.2838037413849688,0.2869215621923203
ton,cic,43,logistic,unique,temporal+tcp,random,0.2733836560551362,0.2869215621923203
ton,cic,43,logistic,weighted,clean,forced,-0.15584024114544082,-0.15584024114544082
ton,cic,43,logistic,weighted,clean,frozen,-0.2714393368500376,-0.15584024114544082
ton,cic,43,logistic,weighted,clean,cap,-0.15116804822908814,-0.15584024114544082
ton,cic,43,logistic,weighted,clean,random,-0.14740015071590062,-0.15584024114544082
ton,cic,43,logistic,weighted,temporal,forced,0.23376036171816128,0.23376036171816128
ton,cic,43,logistic,weighted,temporal,frozen,0.06834966088922378,0.23376036171816128
ton,cic,43,logistic,weighted,temporal,cap,0.22961567445365488,0.23376036171816128
ton,cic,43,logistic,weighted,temporal,random,0.2214016578749058,0.23376036171816128
ton,cic,43,logistic,weighted,size,forced,-0.16639035418236625,-0.16639035418236625
ton,cic,43,logistic,weighted,size,frozen,-0.5252449133383572,-0.16639035418236625
ton,cic,43,logistic,weighted,size,cap,-0.17332328560663146,-0.16639035418236625
ton,cic,43,logistic,weighted,size,random,-0.15795026375282595,-0.16639035418236625
ton,cic,43,logistic,weighted,tcp,forced,-0.029615674453654872,-0.029615674453654872
ton,cic,43,logistic,weighted,tcp,frozen,-0.19291635267520718,-0.029615674453654872
ton,cic,43,logistic,weighted,tcp,cap,-0.029088168801808534,-0.029615674453654872
ton,cic,43,logistic,weighted,tcp,random,-0.027279577995478532,-0.029615674453654872
ton,cic,43,logistic,weighted,temporal+tcp,forced,0.3330821401657875,0.3330821401657875
ton,cic,43,logistic,weighted,temporal+tcp,frozen,0.046194423511680516,0.3330821401657875
ton,cic,43,logistic,weighted,temporal+tcp,cap,0.3243406179351922,0.3330821401657875
ton,cic,43,logistic,weighted,temporal+tcp,random,0.3168048229088169,0.3330821401657875
ton,unsw,43,forest,unique,clean,forced,0.035614860324469644,0.035614860324469644
ton,unsw,43,forest,unique,clean,frozen,-0.011903619084189326,0.035614860324469644
ton,unsw,43,forest,unique,clean,cap,0.04185466065085919,0.035614860324469644
ton,unsw,43,forest,unique,clean,random,0.035902851108764566,0.035614860324469644
ton,unsw,43,forest,unique,temporal,forced,0.08879715849092829,0.08879715849092829
ton,unsw,43,forest,unique,temporal,frozen,0.011711625227992711,0.08879715849092829
ton,unsw,43,forest,unique,temporal,cap,0.09244504175866369,0.08879715849092829
ton,unsw,43,forest,unique,temporal,random,0.08630123836037246,0.08879715849092829
ton,unsw,43,forest,unique,size,forced,-0.32139771527311123,-0.32139771527311123
ton,unsw,43,forest,unique,size,frozen,-0.19948161658826916,-0.32139771527311123
ton,unsw,43,forest,unique,size,cap,-0.3150619180186234,-0.32139771527311123
ton,unsw,43,forest,unique,size,random,-0.306614188345973,-0.32139771527311123
ton,unsw,43,forest,unique,tcp,forced,0.24008831717385043,0.24008831717385043
ton,unsw,43,forest,unique,tcp,frozen,0.07449361620428144,0.24008831717385043
ton,unsw,43,forest,unique,tcp,cap,0.22319285782854947,0.24008831717385043
ton,unsw,43,forest,unique,tcp,random,0.22943265815493907,0.24008831717385043
ton,unsw,43,forest,unique,temporal+tcp,forced,0.16386675626379954,0.16386675626379954
ton,unsw,43,forest,unique,temporal+tcp,frozen,0.0327349524815206,0.16386675626379954
ton,unsw,43,forest,unique,temporal+tcp,cap,0.1475472784870884,0.16386675626379954
ton,unsw,43,forest,unique,temporal+tcp,random,0.1574349620812134,0.16386675626379954
ton,unsw,43,forest,weighted,clean,forced,0.02925457102672291,0.02925457102672291
ton,unsw,43,forest,weighted,clean,frozen,-0.012564463197374587,0.02925457102672291
ton,unsw,43,forest,weighted,clean,cap,0.03666197843413033,0.02925457102672291
ton,unsw,43,forest,weighted,clean,random,0.028410689170182857,0.02925457102672291
ton,unsw,43,forest,weighted,temporal,forced,0.08476324425691512,0.08476324425691512
ton,unsw,43,forest,weighted,temporal,frozen,0.012095639943741215,0.08476324425691512
ton,unsw,43,forest,weighted,temporal,cap,0.08776371308016881,0.08476324425691512
ton,unsw,43,forest,weighted,temporal,random,0.08101265822784809,0.08476324425691512
ton,unsw,43,forest,weighted,size,forced,-0.3224566338490389,-0.3224566338490389
ton,unsw,43,forest,weighted,size,frozen,-0.2003750586029067,-0.3224566338490389
ton,unsw,43,forest,weighted,size,cap,-0.31561181434599156,-0.3224566338490389
ton,unsw,43,forest,weighted,size,random,-0.3051101734646039,-0.3224566338490389
ton,unsw,43,forest,weighted,tcp,forced,0.23703703703703707,0.23703703703703707
ton,unsw,43,forest,weighted,tcp,frozen,0.0736052508204407,0.23703703703703707
ton,unsw,43,forest,weighted,tcp,cap,0.22025316455696203,0.23703703703703707
ton,unsw,43,forest,weighted,tcp,random,0.22541022034692923,0.23703703703703707
ton,unsw,43,forest,weighted,temporal+tcp,forced,0.16108766994842943,0.16108766994842943
ton,unsw,43,forest,weighted,temporal+tcp,frozen,0.03272386310360993,0.16108766994842943
ton,unsw,43,forest,weighted,temporal+tcp,cap,0.14514767932489453,0.16108766994842943
ton,unsw,43,forest,weighted,temporal+tcp,random,0.15311767463666198,0.16108766994842943
ton,cic,43,forest,unique,clean,forced,-0.008450935346242208,-0.008450935346242208
ton,cic,43,forest,unique,clean,frozen,0.0015589104036757458,-0.008450935346242208
ton,cic,43,forest,unique,clean,cap,-0.009845749917952087,-0.008450935346242208
ton,cic,43,forest,unique,clean,random,-0.00787659993436167,-0.008450935346242208
ton,cic,43,forest,unique,temporal,forced,0.005825402034788318,0.005825402034788318
ton,cic,43,forest,unique,temporal,frozen,0.00270758122743682,0.005825402034788318
ton,cic,43,forest,unique,temporal,cap,0.0054972103708565805,0.005825402034788318
ton,cic,43,forest,unique,temporal,random,0.005743354118805381,0.005825402034788318
ton,cic,43,forest,unique,size,forced,0.04578273711847719,0.04578273711847719
ton,cic,43,forest,unique,size,frozen,0.008532983262225138,0.04578273711847719
ton,cic,43,forest,unique,size,cap,0.03167049556941254,0.04578273711847719
ton,cic,43,forest,unique,size,random,0.043813587134886776,0.04578273711847719
ton,cic,43,forest,unique,tcp,forced,0.004102395799146702,0.004102395799146702
ton,cic,43,forest,unique,tcp,frozen,0.004676731211027241,0.004102395799146702
ton,cic,43,forest,unique,tcp,cap,0.004676731211027241,0.004102395799146702
ton,cic,43,forest,unique,tcp,random,0.004102395799146702,0.004102395799146702
ton,cic,43,forest,unique,temporal+tcp,forced,0.008040695766327537,0.008040695766327537
ton,cic,43,forest,unique,temporal+tcp,frozen,0.0061535936987200494,0.008040695766327537
ton,cic,43,forest,unique,temporal+tcp,cap,0.006153593698720053,0.008040695766327537
ton,cic,43,forest,unique,temporal+tcp,random,0.007794552018378732,0.008040695766327537
ton,cic,43,forest,weighted,clean,forced,-0.007761868877166539,-0.007761868877166539
ton,cic,43,forest,weighted,clean,frozen,0.0015071590052750522,-0.007761868877166539
ton,cic,43,forest,weighted,clean,cap,-0.0094197437829691,-0.007761868877166539
ton,cic,43,forest,weighted,clean,random,-0.00700828937452902,-0.007761868877166539
ton,cic,43,forest,weighted,temporal,forced,0.005501130369253954,0.005501130369253954
ton,cic,43,forest,weighted,temporal,frozen,0.002637528259231345,0.005501130369253954
ton,cic,43,forest,weighted,temporal,cap,0.005124340617935194,0.005501130369253954
ton,cic,43,forest,weighted,temporal,random,0.005350414468726458,0.005501130369253954
ton,cic,43,forest,weighted,size,forced,0.0440844009042954,0.0440844009042954
ton,cic,43,forest,weighted,size,frozen,0.008289374529012808,0.0440844009042954
ton,cic,43,forest,weighted,size,cap,0.029464958553127363,0.0440844009042954
ton,cic,43,forest,weighted,size,random,0.042125094197437846,0.0440844009042954
ton,cic,43,forest,weighted,tcp,forced,0.004220045214770152,0.004220045214770152
ton,cic,43,forest,weighted,tcp,frozen,0.0045214770158251705,0.004220045214770152
ton,cic,43,forest,weighted,tcp,cap,0.004220045214770152,0.004220045214770152
ton,cic,43,forest,weighted,tcp,random,0.0039939713639789015,0.004220045214770152
ton,cic,43,forest,weighted,temporal+tcp,forced,0.008063300678221558,0.008063300678221558
ton,cic,43,forest,weighted,temporal+tcp,frozen,0.005953278070836468,0.008063300678221558
ton,cic,43,forest,weighted,temporal+tcp,cap,0.0058025621703089725,0.008063300678221558
ton,cic,43,forest,weighted,temporal+tcp,random,0.007837226827430294,0.008063300678221558
cic,unsw,17,logistic,unique,clean,forced,0.04137467601036768,0.04137467601036768
cic,unsw,17,logistic,unique,clean,frozen,0.02534318901795142,0.04137467601036768
cic,unsw,17,logistic,unique,clean,cap,0.027071133723720858,0.04137467601036768
cic,unsw,17,logistic,unique,clean,random,0.03945473744840164,0.04137467601036768
cic,unsw,17,logistic,unique,temporal,forced,-0.00393587405203033,-0.00393587405203033
cic,unsw,17,logistic,unique,temporal,frozen,0.012959585293270612,-0.00393587405203033
cic,unsw,17,logistic,unique,temporal,cap,-0.003551886339637128,-0.00393587405203033
cic,unsw,17,logistic,unique,temporal,random,-0.0027839109148507235,-0.00393587405203033
cic,unsw,17,logistic,unique,size,forced,0.5811654027071134,0.5811654027071134
cic,unsw,17,logistic,unique,size,frozen,0.05894211385235673,0.5811654027071134
cic,unsw,17,logistic,unique,size,cap,0.5651339157146972,0.5811654027071134
cic,unsw,17,logistic,unique,size,random,0.553614284342901,0.5811654027071134
cic,unsw,17,logistic,unique,tcp,forced,0.041470672938465986,0.041470672938465986
cic,unsw,17,logistic,unique,tcp,frozen,0.014687529999040022,0.041470672938465986
cic,unsw,17,logistic,unique,tcp,cap,0.03388691561870019,0.041470672938465986
cic,unsw,17,logistic,unique,tcp,random,0.03878275895171354,0.041470672938465986
cic,unsw,17,logistic,unique,temporal+tcp,forced,-0.002687913986752416,-0.002687913986752416
cic,unsw,17,logistic,unique,temporal+tcp,frozen,0.0074877603916674584,-0.002687913986752416
cic,unsw,17,logistic,unique,temporal+tcp,cap,0.0017279447057693964,-0.002687913986752416
cic,unsw,17,logistic,unique,temporal+tcp,random,-0.0029759047710473108,-0.002687913986752416
cic,unsw,17,logistic,weighted,clean,forced,0.0406938584153774,0.0406938584153774
cic,unsw,17,logistic,weighted,clean,frozen,0.024847632442569142,0.0406938584153774
cic,unsw,17,logistic,weighted,clean,cap,0.02672292545710267,0.0406938584153774
cic,unsw,17,logistic,weighted,clean,random,0.03806844819503047,0.0406938584153774
cic,unsw,17,logistic,weighted,temporal,forced,-0.0038443506797937177,-0.0038443506797937177
cic,unsw,17,logistic,weighted,temporal,frozen,0.012564463197374587,-0.0038443506797937177
cic,unsw,17,logistic,weighted,temporal,cap,-0.0035630567276137004,-0.0038443506797937177
cic,unsw,17,logistic,weighted,temporal,random,-0.0030942334739803012,-0.0038443506797937177
cic,unsw,17,logistic,weighted,size,forced,0.5851851851851851,0.5851851851851851
cic,unsw,17,logistic,weighted,size,frozen,0.05766526019690575,0.5851851851851851
cic,unsw,17,logistic,weighted,size,cap,0.5691514299109236,0.5851851851851851
cic,unsw,17,logistic,weighted,size,random,0.5574308485700891,0.5851851851851851
cic,unsw,17,logistic,weighted,tcp,forced,0.040975152367557444,0.040975152367557444
cic,unsw,17,logistic,weighted,tcp,frozen,0.014345991561181437,0.040975152367557444
cic,unsw,17,logistic,weighted,tcp,cap,0.033567744960150026,0.040975152367557444
cic,unsw,17,logistic,weighted,tcp,random,0.038349742147210486,0.040975152367557444
cic,unsw,17,logistic,weighted,temporal+tcp,forced,-0.002812939521800284,-0.002812939521800284
cic,unsw,17,logistic,weighted,temporal+tcp,frozen,0.007219878105954064,-0.002812939521800284
cic,unsw,17,logistic,weighted,temporal+tcp,cap,0.0017815283638068224,-0.002812939521800284
cic,unsw,17,logistic,weighted,temporal+tcp,random,-0.0024378809188935757,-0.002812939521800284
cic,ton,17,logistic,unique,clean,forced,0.010472323145971352,0.010472323145971352
cic,ton,17,logistic,unique,clean,frozen,0.033661038683479416,0.010472323145971352
cic,ton,17,logistic,unique,clean,cap,0.006091045095105829,0.010472323145971352
cic,ton,17,logistic,unique,clean,random,0.009938020944646242,0.010472323145971352
cic,ton,17,logistic,unique,temporal,forced,0.020517204530882682,0.020517204530882682
cic,ton,17,logistic,unique,temporal,frozen,0.05204103440906177,0.020517204530882682
cic,ton,17,logistic,unique,temporal,cap,0.01763197264372729,0.020517204530882682
cic,ton,17,logistic,unique,temporal,random,0.01966232100876264,0.020517204530882682
cic,ton,17,logistic,unique,size,forced,-0.169480658260312,-0.169480658260312
cic,ton,17,logistic,unique,size,frozen,0.03259243428082925,-0.169480658260312
cic,ton,17,logistic,unique,size,cap,-0.1643513571275913,-0.169480658260312
cic,ton,17,logistic,unique,size,random,-0.16264159008335122,-0.169480658260312
cic,ton,17,logistic,unique,tcp,forced,-0.03066894635605899,-0.03066894635605899
cic,ton,17,logistic,unique,tcp,frozen,-0.056529172900192326,-0.03066894635605899
cic,ton,17,logistic,unique,tcp,cap,-0.03408848044453938,-0.03066894635605899
cic,ton,17,logistic,unique,tcp,random,-0.029493481513143904,-0.03066894635605899
cic,ton,17,logistic,unique,temporal+tcp,forced,-0.03173755075870921,-0.03173755075870921
cic,ton,17,logistic,unique,temporal+tcp,frozen,-0.024791622141483227,-0.03173755075870921
cic,ton,17,logistic,unique,temporal+tcp,cap,-0.0272494122675786,-0.03173755075870921
cic,ton,17,logistic,unique,temporal+tcp,random,-0.03013464415473388,-0.03173755075870921
cic,ton,17,logistic,weighted,clean,forced,0.008718861209964457,0.008718861209964457
cic,ton,17,logistic,weighted,clean,frozen,0.02846975088967968,0.008718861209964457
cic,ton,17,logistic,weighted,clean,cap,0.0038256227758006744,0.008718861209964457
cic,ton,17,logistic,weighted,clean,random,0.008362989323843495,0.008718861209964457
cic,ton,17,logistic,weighted,temporal,forced,0.0169928825622776,0.0169928825622776
cic,ton,17,logistic,weighted,temporal,frozen,0.043327402135231285,0.0169928825622776
cic,ton,17,logistic,weighted,temporal,cap,0.01405693950177933,0.0169928825622776
cic,ton,17,logistic,weighted,temporal,random,0.016548042704626398,0.0169928825622776
cic,ton,17,logistic,weighted,size,forced,-0.13861209964412813,-0.13861209964412813
cic,ton,17,logistic,weighted,size,frozen,0.06227758007117437,-0.13861209964412813
cic,ton,17,logistic,weighted,size,cap,-0.13612099644128117,-0.13861209964412813
cic,ton,17,logistic,weighted,size,random,-0.13087188612099643,-0.13861209964412813
cic,ton,17,logistic,weighted,tcp,forced,-0.02455516014234871,-0.02455516014234871
cic,ton,17,logistic,weighted,tcp,frozen,-0.047064056939501775,-0.02455516014234871
cic,ton,17,logistic,weighted,tcp,cap,-0.02784697508896794,-0.02455516014234871
cic,ton,17,logistic,weighted,tcp,random,-0.02313167259786486,-0.02455516014234871
cic,ton,17,logistic,weighted,temporal+tcp,forced,-0.025444839857651225,-0.025444839857651225
cic,ton,17,logistic,weighted,temporal+tcp,frozen,-0.019128113879003594,-0.025444839857651225
cic,ton,17,logistic,weighted,temporal+tcp,cap,-0.022508896797152955,-0.025444839857651225
cic,ton,17,logistic,weighted,temporal+tcp,random,-0.02437722419928834,-0.025444839857651225
cic,unsw,17,forest,unique,clean,forced,0.012959585293270626,0.012959585293270626
cic,unsw,17,forest,unique,clean,frozen,-0.0016319477776711145,0.012959585293270626
cic,unsw,17,forest,unique,clean,cap,0.0006719784966880971,0.012959585293270626
cic,unsw,17,forest,unique,clean,random,0.012191609868484221,0.012959585293270626
cic,unsw,17,forest,unique,temporal,forced,0.015551502351924734,0.015551502351924734
cic,unsw,17,forest,unique,temporal,frozen,-0.002879907842949026,0.015551502351924734
cic,unsw,17,forest,unique,temporal,cap,0.015839493136219657,0.015551502351924734
cic,unsw,17,forest,unique,temporal,random,0.014879523855236637,0.015551502351924734
cic,unsw,17,forest,unique,size,forced,0.006719784966881054,0.006719784966881054
cic,unsw,17,forest,unique,size,frozen,-9.599692809830086e-05,0.006719784966881054
cic,unsw,17,forest,unique,size,cap,0.00441585869252184,0.006719784966881054
cic,unsw,17,forest,unique,size,random,0.006527791110684467,0.006719784966881054
cic,unsw,17,forest,unique,tcp,forced,0.0556782182970145,0.0556782182970145
cic,unsw,17,forest,unique,tcp,frozen,0.004607852548718441,0.0556782182970145
cic,unsw,17,forest,unique,tcp,cap,0.04886243640203511,0.0556782182970145
cic,unsw,17,forest,unique,tcp,random,0.05327829509455696,0.0556782182970145
cic,unsw,17,forest,unique,temporal+tcp,forced,0.06354996640107516,0.06354996640107516
cic,unsw,17,forest,unique,temporal+tcp,frozen,0.003455889411538831,0.06354996640107516
cic,unsw,17,forest,unique,temporal+tcp,cap,0.05030239032350964,0.06354996640107516
cic,unsw,17,forest,unique,temporal+tcp,random,0.060574061630027834,0.06354996640107516
cic,unsw,17,forest,weighted,clean,forced,0.013033286451007958,0.013033286451007958
cic,unsw,17,forest,weighted,clean,frozen,-0.0015939990623534928,0.013033286451007958
cic,unsw,17,forest,weighted,clean,cap,0.0007501172058133887,0.013033286451007958
cic,unsw,17,forest,weighted,clean,random,0.012376933895921233,0.013033286451007958
cic,unsw,17,forest,weighted,temporal,forced,0.015658696671354916,0.015658696671354916
cic,unsw,17,forest,weighted,temporal,frozen,-0.0028129395218002813,0.015658696671354916
cic,unsw,17,forest,weighted,temporal,cap,0.015752461322081565,0.015658696671354916
cic,unsw,17,forest,weighted,temporal,random,0.014814814814814808,0.015658696671354916
cic,unsw,17,forest,weighted,size,forced,0.006563525550867325,0.006563525550867325
cic,unsw,17,forest,weighted,size,frozen,-9.376465072667604e-05,0.006563525550867325
cic,unsw,17,forest,weighted,size,cap,0.004313173933427103,0.006563525550867325
cic,unsw,17,forest,weighted,size,random,0.0063759962494139705,0.006563525550867325
cic,unsw,17,forest,weighted,tcp,forced,0.05578996718237225,0.05578996718237225
cic,unsw,17,forest,weighted,tcp,frozen,0.00450070323488045,0.05578996718237225
cic,unsw,17,forest,weighted,tcp,cap,0.04857008907641819,0.05578996718237225
cic,unsw,17,forest,weighted,tcp,random,0.0527894983591186,0.05578996718237225
cic,unsw,17,forest,weighted,temporal+tcp,forced,0.06357243319268636,0.06357243319268636
cic,unsw,17,forest,weighted,temporal+tcp,frozen,0.0033755274261603376,0.06357243319268636
cic,unsw,17,forest,weighted,temporal+tcp,cap,0.050351617440225024,0.06357243319268636
cic,unsw,17,forest,weighted,temporal+tcp,random,0.06038443506797936,0.06357243319268636
cic,ton,17,forest,unique,clean,forced,0.022333832015387856,0.022333832015387856
cic,ton,17,forest,unique,clean,frozen,-0.0019234879247702341,0.022333832015387856
cic,ton,17,forest,unique,clean,cap,0.015387903398161984,0.022333832015387856
cic,ton,17,forest,unique,clean,random,0.021372088053002725,0.022333832015387856
cic,ton,17,forest,unique,temporal,forced,0.031416969437914055,0.031416969437914055
cic,ton,17,forest,unique,temporal,frozen,0.13934601410557812,0.031416969437914055
cic,ton,17,forest,unique,temporal,cap,0.027356272707843576,0.031416969437914055
cic,ton,17,forest,unique,temporal,random,0.029493481513143793,0.031416969437914055
cic,ton,17,forest,unique,size,forced,-0.27623423808506087,-0.27623423808506087
cic,ton,17,forest,unique,size,frozen,0.17610600555674288,-0.27623423808506087
cic,ton,17,forest,unique,size,cap,-0.25240435990596277,-0.27623423808506087
cic,ton,17,forest,unique,size,random,-0.2636247061337893,-0.27623423808506087
cic,ton,17,forest,unique,tcp,forced,-0.10322718529600339,-0.10322718529600339
cic,ton,17,forest,unique,tcp,frozen,0.17706774951912801,-0.10322718529600339
cic,ton,17,forest,unique,tcp,cap,-0.09222055994870704,-0.10322718529600339
cic,ton,17,forest,unique,tcp,random,-0.09713614020089756,-0.10322718529600339
cic,ton,17,forest,unique,temporal+tcp,forced,-0.10536439410130372,-0.10536439410130372
cic,ton,17,forest,unique,temporal+tcp,frozen,0.0,-0.10536439410130372
cic,ton,17,forest,unique,temporal+tcp,cap,-0.09499893139559734,-0.10536439410130372
cic,ton,17,forest,unique,temporal+tcp,random,-0.0991664885659328,-0.10536439410130372
cic,ton,17,forest,weighted,clean,forced,0.01877224199288252,0.01877224199288252
cic,ton,17,forest,weighted,clean,frozen,-0.0016014234875444677,0.01877224199288252
cic,ton,17,forest,weighted,clean,cap,0.0107651245551601,0.01877224199288252
cic,ton,17,forest,weighted,clean,random,0.017526690391459154,0.01877224199288252
cic,ton,17,forest,weighted,temporal,forced,0.02615658362989326,0.02615658362989326
cic,ton,17,forest,weighted,temporal,frozen,0.17001779359430605,0.02615658362989326
cic,ton,17,forest,weighted,temporal,cap,0.020818505338078275,0.02615658362989326
cic,ton,17,forest,weighted,temporal,random,0.02455516014234882,0.02615658362989326
cic,ton,17,forest,weighted,size,forced,-0.23024911032028472,-0.23024911032028472
cic,ton,17,forest,weighted,size,frozen,0.22295373665480428,-0.23024911032028472
cic,ton,17,forest,weighted,size,cap,-0.20836298932384345,-0.23024911032028472
cic,ton,17,forest,weighted,size,random,-0.21957295373665486,-0.23024911032028472
cic,ton,17,forest,weighted,tcp,forced,-0.08576512455516017,-0.08576512455516017
cic,ton,17,forest,weighted,tcp,frozen,0.2237544483985765,-0.08576512455516017
cic,ton,17,forest,weighted,tcp,cap,-0.07606761565836295,-0.08576512455516017
cic,ton,17,forest,weighted,tcp,random,-0.08096085409252674,-0.08576512455516017
cic,ton,17,forest,weighted,temporal+tcp,forced,-0.0875444839857652,-0.0875444839857652
cic,ton,17,forest,weighted,temporal+tcp,frozen,0.0,-0.0875444839857652
cic,ton,17,forest,weighted,temporal+tcp,cap,-0.0781138790035587,-0.0875444839857652
cic,ton,17,forest,weighted,temporal+tcp,random,-0.08265124555160142,-0.0875444839857652
cic,unsw,29,logistic,unique,clean,forced,0.049534414898723234,0.049534414898723234
cic,unsw,29,logistic,unique,clean,frozen,0.03071901699145628,0.049534414898723234
cic,unsw,29,logistic,unique,clean,cap,0.035134875683978134,0.049534414898723234
cic,unsw,29,logistic,unique,clean,random,0.047518479408658915,0.049534414898723234
cic,unsw,29,logistic,unique,temporal,forced,9.599692809830751e-05,9.599692809830751e-05
cic,unsw,29,logistic,unique,temporal,frozen,0.011135643659402908,9.599692809830751e-05
cic,unsw,29,logistic,unique,temporal,cap,0.00499184026111163,9.599692809830751e-05
cic,unsw,29,logistic,unique,temporal,random,9.599692809830751e-05,9.599692809830751e-05
cic,unsw,29,logistic,unique,size,forced,0.6243640203513487,0.6243640203513487
cic,unsw,29,logistic,unique,size,frozen,0.0918690601900739,0.6243640203513487
cic,unsw,29,logistic,unique,size,cap,0.6121724104828645,0.6243640203513487
cic,unsw,29,logistic,unique,size,random,0.5946049726408754,0.6243640203513487
cic,unsw,29,logistic,unique,tcp,forced,0.058270135355668634,0.058270135355668634
cic,unsw,29,logistic,unique,tcp,frozen,0.01487952385523661,0.058270135355668634
cic,unsw,29,logistic,unique,tcp,cap,0.04348660842853028,0.058270135355668634
cic,unsw,29,logistic,unique,tcp,random,0.05510223672842468,0.058270135355668634
cic,unsw,29,logistic,unique,temporal+tcp,forced,-0.0021119324181625987,-0.0021119324181625987
cic,unsw,29,logistic,unique,temporal+tcp,frozen,0.006719784966881054,-0.0021119324181625987
cic,unsw,29,logistic,unique,temporal+tcp,cap,0.004127867908226918,-0.0021119324181625987
cic,unsw,29,logistic,unique,temporal+tcp,random,-0.001823941633867704,-0.0021119324181625987
cic,unsw,29,logistic,weighted,clean,forced,0.04875761837787154,0.04875761837787154
cic,unsw,29,logistic,weighted,clean,frozen,0.030098452883263002,0.04875761837787154
cic,unsw,29,logistic,weighted,clean,cap,0.03516174402250352,0.04875761837787154
cic,unsw,29,logistic,weighted,clean,random,0.046319737458977966,0.04875761837787154
cic,unsw,29,logistic,weighted,temporal,forced,0.00018752930145335411,0.00018752930145335411
cic,unsw,29,logistic,weighted,temporal,frozen,0.010782934833567737,0.00018752930145335411
cic,unsw,29,logistic,weighted,temporal,cap,0.0048757618377871514,0.00018752930145335411
cic,unsw,29,logistic,weighted,temporal,random,0.0006563525550867533,0.00018752930145335411
cic,unsw,29,logistic,weighted,size,forced,0.6279418659165494,0.6279418659165494
cic,unsw,29,logistic,weighted,size,frozen,0.09057665260196905,0.6279418659165494
cic,unsw,29,logistic,weighted,size,cap,0.6158462259728082,0.6279418659165494
cic,unsw,29,logistic,weighted,size,random,0.5981247069854665,0.6279418659165494
cic,unsw,29,logistic,weighted,tcp,forced,0.058040318799812474,0.058040318799812474
cic,unsw,29,logistic,weighted,tcp,frozen,0.014533520862634791,0.058040318799812474
cic,unsw,29,logistic,weighted,tcp,cap,0.04294421003281762,0.058040318799812474
cic,unsw,29,logistic,weighted,tcp,random,0.0556024378809189,0.058040318799812474
cic,unsw,29,logistic,weighted,temporal+tcp,forced,-0.0023441162681669125,-0.0023441162681669125
cic,unsw,29,logistic,weighted,temporal+tcp,frozen,0.0064697609001406475,-0.0023441162681669125
cic,unsw,29,logistic,weighted,temporal+tcp,cap,0.004125644631973735,-0.0023441162681669125
cic,unsw,29,logistic,weighted,temporal+tcp,random,-0.0020628223159868675,-0.0023441162681669125
cic,ton,29,logistic,unique,clean,forced,0.011220346227826528,0.011220346227826528
cic,ton,29,logistic,unique,clean,frozen,0.036546270570634753,0.011220346227826528
cic,ton,29,logistic,unique,clean,cap,0.008762556101731156,0.011220346227826528
cic,ton,29,logistic,unique,clean,random,0.01004488138491133,0.011220346227826528
cic,ton,29,logistic,unique,temporal,forced,0.02372301773883312,0.02372301773883312
cic,ton,29,logistic,unique,temporal,frozen,0.0569566146612524,0.02372301773883312
cic,ton,29,logistic,unique,temporal,cap,0.0226544133361829,0.02372301773883312
cic,ton,29,logistic,unique,temporal,random,0.022333832015387856,0.02372301773883312
cic,ton,29,logistic,unique,size,forced,-0.18048728360760846,-0.18048728360760846
cic,ton,29,logistic,unique,size,frozen,0.03408848044453944,-0.18048728360760846
cic,ton,29,logistic,unique,size,cap,-0.1774951912801881,-0.18048728360760846
cic,ton,29,logistic,unique,size,random,-0.1711904253045522,-0.18048728360760846
cic,ton,29,logistic,unique,tcp,forced,-0.026821970506518467,-0.026821970506518467
cic,ton,29,logistic,unique,tcp,frozen,-0.052575336610386825,-0.026821970506518467
cic,ton,29,logistic,unique,tcp,cap,-0.02714255182731351,-0.026821970506518467
cic,ton,29,logistic,unique,tcp,random,-0.02521906390254325,-0.026821970506518467
cic,ton,29,logistic,unique,temporal+tcp,forced,-0.021478948493267813,-0.021478948493267813
cic,ton,29,logistic,unique,temporal+tcp,frozen,-0.019876041889292595,-0.021478948493267813
cic,ton,29,logistic,unique,temporal+tcp,cap,-0.02115836717247277,-0.021478948493267813
cic,ton,29,logistic,unique,temporal+tcp,random,-0.01966232100876253,-0.021478948493267813
cic,ton,29,logistic,weighted,clean,forced,0.00934163701067614,0.00934163701067614
cic,ton,29,logistic,weighted,clean,frozen,0.031049822064056876,0.00934163701067614
cic,ton,29,logistic,weighted,clean,cap,0.006761565836298944,0.00934163701067614
cic,ton,29,logistic,weighted,clean,random,0.009519572953736621,0.00934163701067614
cic,ton,29,logistic,weighted,temporal,forced,0.01966192170818515,0.01966192170818515
cic,ton,29,logistic,weighted,temporal,frozen,0.047775800711743754,0.01966192170818515
cic,ton,29,logistic,weighted,temporal,cap,0.01868327402135228,0.01966192170818515
cic,ton,29,logistic,weighted,temporal,random,0.018950177935943002,0.01966192170818515
cic,ton,29,logistic,weighted,size,forced,-0.14786476868327403,-0.14786476868327403
cic,ton,29,logistic,weighted,size,frozen,0.06352313167259785,-0.14786476868327403
cic,ton,29,logistic,weighted,size,cap,-0.14661921708185055,-0.14786476868327403
cic,ton,29,logistic,weighted,size,random,-0.1413701067615658,-0.14786476868327403
cic,ton,29,logistic,weighted,tcp,forced,-0.020907473309608515,-0.020907473309608515
cic,ton,29,logistic,weighted,tcp,frozen,-0.04492882562277578,-0.020907473309608515
cic,ton,29,logistic,weighted,tcp,cap,-0.02170818505338079,-0.020907473309608515
cic,ton,29,logistic,weighted,tcp,random,-0.020373665480427072,-0.020907473309608515
cic,ton,29,logistic,weighted,temporal+tcp,forced,-0.016370106761565806,-0.016370106761565806
cic,ton,29,logistic,weighted,temporal+tcp,frozen,-0.016281138790035565,-0.016370106761565806
cic,ton,29,logistic,weighted,temporal+tcp,cap,-0.01717081850533808,-0.016370106761565806
cic,ton,29,logistic,weighted,temporal+tcp,random,-0.015836298932384363,-0.016370106761565806
cic,unsw,29,forest,unique,clean,forced,0.01977536718824996,0.01977536718824996
cic,unsw,29,forest,unique,clean,frozen,0.00047998464049150427,0.01977536718824996
cic,unsw,29,forest,unique,clean,cap,0.01478352692713833,0.01977536718824996
cic,unsw,29,forest,unique,clean,random,0.018623404051070352,0.01977536718824996
cic,unsw,29,forest,unique,temporal,forced,0.027359124508015753,0.027359124508015753
cic,unsw,29,forest,unique,temporal,frozen,0.0025919170586541232,0.027359124508015753
cic,unsw,29,forest,unique,temporal,cap,0.04166266679466257,0.027359124508015753
cic,unsw,29,forest,unique,temporal,random,0.02601516751463953,0.027359124508015753
cic,unsw,29,forest,unique,size,forced,0.03340693097820868,0.03340693097820868
cic,unsw,29,forest,unique,size,frozen,0.001343956993376212,0.03340693097820868
cic,unsw,29,forest,unique,size,cap,0.04214265143515407,0.03340693097820868
cic,unsw,29,forest,unique,size,random,0.031966977056734194,0.03340693097820868
cic,unsw,29,forest,unique,tcp,forced,0.06815781894979361,0.06815781894979361
cic,unsw,29,forest,unique,tcp,frozen,0.00047998464049150427,0.06815781894979361
cic,unsw,29,forest,unique,tcp,cap,0.0875491984256504,0.06815781894979361
cic,unsw,29,forest,unique,tcp,random,0.06546990496304117,0.06815781894979361
cic,unsw,29,forest,unique,temporal+tcp,forced,0.09657290966689064,0.09657290966689064
cic,unsw,29,forest,unique,temporal+tcp,frozen,0.004031870980128636,0.09657290966689064
cic,unsw,29,forest,unique,temporal+tcp,cap,0.11241240280311032,0.09657290966689064
cic,unsw,29,forest,unique,temporal+tcp,random,0.09263703561486031,0.09657290966689064
cic,unsw,29,forest,weighted,clean,forced,0.019878105954055314,0.019878105954055314
cic,unsw,29,forest,weighted,clean,frozen,0.0004688232536333803,0.019878105954055314
cic,unsw,29,forest,weighted,clean,cap,0.0149085794655415,0.019878105954055314
cic,unsw,29,forest,weighted,clean,random,0.01875293014533519,0.019878105954055314
cic,unsw,29,forest,weighted,temporal,forced,0.027285513361462732,0.027285513361462732
cic,unsw,29,forest,weighted,temporal,frozen,0.002719174871073605,0.027285513361462732
cic,unsw,29,forest,weighted,temporal,cap,0.041537740271917506,0.027285513361462732
cic,unsw,29,forest,weighted,temporal,random,0.02597280825128928,0.027285513361462732
cic,unsw,29,forest,weighted,size,forced,0.03272386310360993,0.03272386310360993
cic,unsw,29,forest,weighted,size,frozen,0.0013127051101734647,0.03272386310360993
cic,unsw,29,forest,weighted,size,cap,0.04097515236755743,0.03272386310360993
cic,unsw,29,forest,weighted,size,random,0.03178621659634319,0.03272386310360993
cic,unsw,29,forest,weighted,tcp,forced,0.06816690107829348,0.06816690107829348
cic,unsw,29,forest,weighted,tcp,frozen,0.00046882325363338024,0.06816690107829348
cic,unsw,29,forest,weighted,tcp,cap,0.08748241912798874,0.06816690107829348
cic,unsw,29,forest,weighted,tcp,random,0.06526019690576654,0.06816690107829348
cic,unsw,29,forest,weighted,temporal+tcp,forced,0.09667135489920298,0.09667135489920298
cic,unsw,29,forest,weighted,temporal+tcp,frozen,0.003938115330520394,0.09667135489920298
cic,unsw,29,forest,weighted,temporal+tcp,cap,0.11242381622128456,0.09667135489920298
cic,unsw,29,forest,weighted,temporal+tcp,random,0.09198312236286921,0.09667135489920298
cic,ton,29,forest,unique,clean,forced,-0.02062406497114766,-0.02062406497114766
cic,ton,29,forest,unique,clean,frozen,-0.0001068604402650053,-0.02062406497114766
cic,ton,29,forest,unique,clean,cap,-0.020303483650352727,-0.02062406497114766
cic,ton,29,forest,unique,clean,random,-0.01955546056849755,-0.02062406497114766
cic,ton,29,forest,unique,temporal,forced,-0.04637743107501602,-0.04637743107501602
cic,ton,29,forest,unique,temporal,frozen,0.14212438555246848,-0.04637743107501602
cic,ton,29,forest,unique,temporal,cap,-0.06026928830946776,-0.04637743107501602
cic,ton,29,forest,unique,temporal,random,-0.043599059628125714,-0.04637743107501602
cic,ton,29,forest,unique,size,forced,-0.3242145757640521,-0.3242145757640521
cic,ton,29,forest,unique,size,frozen,0.17973926052575337,-0.3242145757640521
cic,ton,29,forest,unique,size,cap,-0.315024577901261,-0.3242145757640521
cic,ton,29,forest,unique,size,random,-0.3069031844411199,-0.3242145757640521
cic,ton,29,forest,unique,tcp,forced,-0.18689891002350933,-0.18689891002350933
cic,ton,29,forest,unique,tcp,frozen,0.176960889078863,-0.18689891002350933
cic,ton,29,forest,unique,tcp,cap,-0.16980123958110704,-0.18689891002350933
cic,ton,29,forest,unique,tcp,random,-0.1774951912801881,-0.18689891002350933
cic,ton,29,forest,unique,temporal+tcp,forced,-0.19288309467835008,-0.19288309467835008
cic,ton,29,forest,unique,temporal+tcp,frozen,0.0007480230818550972,-0.19288309467835008
cic,ton,29,forest,unique,temporal+tcp,cap,-0.17386193631117763,-0.19288309467835008
cic,ton,29,forest,unique,temporal+tcp,random,-0.18401367813635394,-0.19288309467835008
cic,ton,29,forest,weighted,clean,forced,-0.01681494661921701,-0.01681494661921701
cic,ton,29,forest,weighted,clean,frozen,-8.89679715302405e-05,-0.01681494661921701
cic,ton,29,forest,weighted,clean,cap,-0.016548042704626398,-0.01681494661921701
cic,ton,29,forest,weighted,clean,random,-0.016281138790035676,-0.01681494661921701
cic,ton,29,forest,weighted,temporal,forced,-0.03843416370106767,-0.03843416370106767
cic,ton,29,forest,weighted,temporal,frozen,0.18416370106761565,-0.03843416370106767
cic,ton,29,forest,weighted,temporal,cap,-0.05115658362989317,-0.03843416370106767
cic,ton,29,forest,weighted,temporal,random,-0.03692170818505336,-0.03843416370106767
cic,ton,29,forest,weighted,size,forced,-0.2701957295373666,-0.2701957295373666
cic,ton,29,forest,weighted,size,frozen,0.2297153024911032,-0.2701957295373666
cic,ton,29,forest,weighted,size,cap,-0.2622775800711744,-0.2701957295373666
cic,ton,29,forest,weighted,size,random,-0.25774021352313164,-0.2701957295373666
cic,ton,29,forest,weighted,tcp,forced,-0.15560498220640573,-0.15560498220640573
cic,ton,29,forest,weighted,tcp,frozen,0.22366548042704626,-0.15560498220640573
cic,ton,29,forest,weighted,tcp,cap,-0.13932384341637016,-0.15560498220640573
cic,ton,29,forest,weighted,tcp,random,-0.14795373665480427,-0.15560498220640573
cic,ton,29,forest,weighted,temporal+tcp,forced,-0.16067615658362988,-0.16067615658362988
cic,ton,29,forest,weighted,temporal+tcp,frozen,0.0006227758007117438,-0.16067615658362988
cic,ton,29,forest,weighted,temporal+tcp,cap,-0.14359430604982215,-0.16067615658362988
cic,ton,29,forest,weighted,temporal+tcp,random,-0.15293594306049818,-0.16067615658362988
cic,unsw,43,logistic,unique,clean,forced,0.045406546990496316,0.045406546990496316
cic,unsw,43,logistic,unique,clean,frozen,0.031103004703849482,0.045406546990496316
cic,unsw,43,logistic,unique,clean,cap,0.03177498320053759,0.045406546990496316
cic,unsw,43,logistic,unique,clean,random,0.04387059614092351,0.045406546990496316
cic,unsw,43,logistic,unique,temporal,forced,-0.0013439569933762219,-0.0013439569933762219
cic,unsw,43,logistic,unique,temporal,frozen,0.010271671306518196,-0.0013439569933762219
cic,unsw,43,logistic,unique,temporal,cap,0.0027839109148507235,-0.0013439569933762219
cic,unsw,43,logistic,unique,temporal,random,-0.0010559662090812993,-0.0013439569933762219
cic,unsw,43,logistic,unique,size,forced,0.6234040510703658,0.6234040510703658
cic,unsw,43,logistic,unique,size,frozen,0.11932418162618796,0.6234040510703658
cic,unsw,43,logistic,unique,size,cap,0.6089085149275223,0.6234040510703658
cic,unsw,43,logistic,unique,size,random,0.5938369972160891,0.6234040510703658
cic,unsw,43,logistic,unique,tcp,forced,0.05452625515983489,0.05452625515983489
cic,unsw,43,logistic,unique,tcp,frozen,0.017951425554382255,0.05452625515983489
cic,unsw,43,logistic,unique,tcp,cap,0.03878275895171354,0.05452625515983489
cic,unsw,43,logistic,unique,tcp,random,0.052414322741672265,0.05452625515983489
cic,unsw,43,logistic,unique,temporal+tcp,forced,-0.003167898627243926,-0.003167898627243926
cic,unsw,43,logistic,unique,temporal+tcp,frozen,0.006431794182586159,-0.003167898627243926
cic,unsw,43,logistic,unique,temporal+tcp,cap,0.0023999232024575212,-0.003167898627243926
cic,unsw,43,logistic,unique,temporal+tcp,random,-0.0024959201305558287,-0.003167898627243926
cic,unsw,43,logistic,weighted,clean,forced,0.04472573839662447,0.04472573839662447
cic,unsw,43,logistic,weighted,clean,frozen,0.03047351148616971,0.04472573839662447
cic,unsw,43,logistic,weighted,clean,cap,0.03169245194561651,0.04472573839662447
cic,unsw,43,logistic,weighted,clean,random,0.04172526957337083,0.04472573839662447
cic,unsw,43,logistic,weighted,temporal,forced,-0.0013127051101734788,-0.0013127051101734788
cic,unsw,43,logistic,weighted,temporal,frozen,0.009939052977027657,-0.0013127051101734788
cic,unsw,43,logistic,weighted,temporal,cap,0.002719174871073593,-0.0013127051101734788
cic,unsw,43,logistic,weighted,temporal,random,-0.0020628223159868675,-0.0013127051101734788
cic,unsw,43,logistic,weighted,size,forced,0.627191748710736,0.627191748710736
cic,unsw,43,logistic,weighted,size,frozen,0.11767463666197843,0.627191748710736
cic,unsw,43,logistic,weighted,size,cap,0.6124706985466479,0.627191748710736
cic,unsw,43,logistic,weighted,size,random,0.594186591654946,0.627191748710736
cic,unsw,43,logistic,weighted,tcp,forced,0.053727144866385385,0.053727144866385385
cic,unsw,43,logistic,weighted,tcp,frozen,0.01753398968588843,0.053727144866385385
cic,unsw,43,logistic,weighted,tcp,cap,0.03853727144866384,0.053727144866385385
cic,unsw,43,logistic,weighted,tcp,random,0.049789029535864976,0.053727144866385385
cic,unsw,43,logistic,weighted,temporal+tcp,forced,-0.0033755274261603463,-0.0033755274261603463
cic,unsw,43,logistic,weighted,temporal+tcp,frozen,0.00618846694796063,-0.0033755274261603463
cic,unsw,43,logistic,weighted,temporal+tcp,cap,0.002531645569620239,-0.0033755274261603463
cic,unsw,43,logistic,weighted,temporal+tcp,random,-0.003187998124706992,-0.0033755274261603463
cic,ton,43,logistic,unique,clean,forced,0.014426159435776853,0.014426159435776853
cic,ton,43,logistic,unique,clean,frozen,0.05396452233383203,0.014426159435776853
cic,ton,43,logistic,unique,clean,cap,0.015387903398161984,0.014426159435776853
cic,ton,43,logistic,unique,clean,random,0.0135712759136567,0.014426159435776853
cic,ton,43,logistic,unique,temporal,forced,0.030562085915794013,0.030562085915794013
cic,ton,43,logistic,unique,temporal,frozen,0.07031416969437915,0.030562085915794013
cic,ton,43,logistic,unique,temporal,cap,0.028959179311818684,0.030562085915794013
cic,ton,43,logistic,unique,temporal,random,0.02917290019234875,0.030562085915794013
cic,ton,43,logistic,unique,size,forced,-0.19715751228895062,-0.19715751228895062
cic,ton,43,logistic,unique,size,frozen,0.034302201325069476,-0.19715751228895062
cic,ton,43,logistic,unique,size,cap,-0.19202821115622992,-0.19715751228895062
cic,ton,43,logistic,unique,size,random,-0.1871126309040393,-0.19715751228895062
cic,ton,43,logistic,unique,tcp,forced,-0.025539645223338292,-0.025539645223338292
cic,ton,43,logistic,unique,tcp,frozen,-0.017418251763197334,-0.025539645223338292
cic,ton,43,logistic,unique,tcp,cap,-0.02318871553750801,-0.025539645223338292
cic,ton,43,logistic,unique,tcp,random,-0.023829878179098096,-0.025539645223338292
cic,ton,43,logistic,unique,temporal+tcp,forced,-0.01656336824107718,-0.01656336824107718
cic,ton,43,logistic,unique,temporal+tcp,frozen,-0.002350929685830283,-0.01656336824107718
cic,ton,43,logistic,unique,temporal+tcp,cap,-0.019341739687967596,-0.01656336824107718
cic,ton,43,logistic,unique,temporal+tcp,random,-0.016349647360547115,-0.01656336824107718
cic,ton,43,logistic,weighted,clean,forced,0.012010676156583688,0.012010676156583688
cic,ton,43,logistic,weighted,clean,frozen,0.04501779359430608,0.012010676156583688
cic,ton,43,logistic,weighted,clean,cap,0.013523131672597888,0.012010676156583688
cic,ton,43,logistic,weighted,clean,random,0.011298932384341653,0.012010676156583688
cic,ton,43,logistic,weighted,temporal,forced,0.025355871886121095,0.025355871886121095
cic,ton,43,logistic,weighted,temporal,frozen,0.058540925266903854,0.025355871886121095
cic,ton,43,logistic,weighted,temporal,cap,0.02313167259786475,0.025355871886121095
cic,ton,43,logistic,weighted,temporal,random,0.024377224199288228,0.025355871886121095
cic,ton,43,logistic,weighted,size,forced,-0.16441281138790043,-0.16441281138790043
cic,ton,43,logistic,weighted,size,frozen,0.06370106761565839,-0.16441281138790043
cic,ton,43,logistic,weighted,size,cap,-0.15978647686832737,-0.16441281138790043
cic,ton,43,logistic,weighted,size,random,-0.15631672597864776,-0.16441281138790043
cic,ton,43,logistic,weighted,tcp,forced,-0.020373665480427072,-0.020373665480427072
cic,ton,43,logistic,weighted,tcp,frozen,-0.015213523131672568,-0.020373665480427072
cic,ton,43,logistic,weighted,tcp,cap,-0.018861209964412762,-0.020373665480427072
cic,ton,43,logistic,weighted,tcp,random,-0.020017793594306,-0.020373665480427072
cic,ton,43,logistic,weighted,temporal+tcp,forced,-0.013167259786476926,-0.013167259786476926
cic,ton,43,logistic,weighted,temporal+tcp,frozen,-0.00160142348754444,-0.013167259786476926
cic,ton,43,logistic,weighted,temporal+tcp,cap,-0.016548042704626287,-0.013167259786476926
cic,ton,43,logistic,weighted,temporal+tcp,random,-0.012811387900355853,-0.013167259786476926
cic,unsw,43,forest,unique,clean,forced,0.03446289718729001,0.03446289718729001
cic,unsw,43,forest,unique,clean,frozen,0.0,0.03446289718729001
cic,unsw,43,forest,unique,clean,cap,0.033694921762503605,0.03446289718729001
cic,unsw,43,forest,unique,clean,random,0.03263895555342228,0.03446289718729001
cic,unsw,43,forest,unique,temporal,forced,0.02851108764519536,0.02851108764519536
cic,unsw,43,forest,unique,temporal,frozen,9.599692809830087e-05,0.02851108764519536
cic,unsw,43,forest,unique,temporal,cap,0.04031870980128638,0.02851108764519536
cic,unsw,43,forest,unique,temporal,random,0.02707113372372083,0.02851108764519536
cic,unsw,43,forest,unique,size,forced,0.004127867908226945,0.004127867908226945
cic,unsw,43,forest,unique,size,frozen,0.0002879907842949026,0.004127867908226945
cic,unsw,43,forest,unique,size,cap,0.0,0.004127867908226945
cic,unsw,43,forest,unique,size,random,0.00393587405203033,0.004127867908226945
cic,unsw,43,forest,unique,tcp,forced,0.06902179130267833,0.06902179130267833
cic,unsw,43,forest,unique,tcp,frozen,0.0002879907842949026,0.06902179130267833
cic,unsw,43,forest,unique,tcp,cap,0.05702217529039069,0.06902179130267833
cic,unsw,43,forest,unique,tcp,random,0.06575789574733608,0.06902179130267833
cic,unsw,43,forest,unique,temporal+tcp,forced,0.06498992032254967,0.06498992032254967
cic,unsw,43,forest,unique,temporal+tcp,frozen,0.0002879907842949026,0.06498992032254967
cic,unsw,43,forest,unique,temporal+tcp,cap,0.0560622060094077,0.06498992032254967
cic,unsw,43,forest,unique,temporal+tcp,random,0.06191801862340407,0.06498992032254967
cic,unsw,43,forest,weighted,clean,forced,0.03478668541959681,0.03478668541959681
cic,unsw,43,forest,weighted,clean,frozen,0.0,0.03478668541959681
cic,unsw,43,forest,weighted,clean,cap,0.033942803563056734,0.03478668541959681
cic,unsw,43,forest,weighted,clean,random,0.03366150961087669,0.03478668541959681
cic,unsw,43,forest,weighted,temporal,forced,0.028691983122362874,0.028691983122362874
cic,unsw,43,forest,weighted,temporal,frozen,9.376465072667605e-05,0.028691983122362874
cic,unsw,43,forest,weighted,temporal,cap,0.04041256446319738,0.028691983122362874
cic,unsw,43,forest,weighted,temporal,random,0.02747304266291606,0.028691983122362874
cic,unsw,43,forest,weighted,size,forced,0.004031879981247072,0.004031879981247072
cic,unsw,43,forest,weighted,size,frozen,0.00028129395218002813,0.004031879981247072
cic,unsw,43,forest,weighted,size,cap,0.0,0.004031879981247072
cic,unsw,43,forest,weighted,size,random,0.0035630567276136865,0.004031879981247072
cic,unsw,43,forest,weighted,tcp,forced,0.06938584153774027,0.06938584153774027
cic,unsw,43,forest,weighted,tcp,frozen,0.00028129395218002813,0.06938584153774027
cic,unsw,43,forest,weighted,tcp,cap,0.05710267229254572,0.06938584153774027
cic,unsw,43,forest,weighted,tcp,random,0.0657290201593999,0.06938584153774027
cic,unsw,43,forest,weighted,temporal+tcp,forced,0.06516643225503986,0.06516643225503986
cic,unsw,43,forest,weighted,temporal+tcp,frozen,0.00028129395218002813,0.06516643225503986
cic,unsw,43,forest,weighted,temporal+tcp,cap,0.056352555086732314,0.06516643225503986
cic,unsw,43,forest,weighted,temporal+tcp,random,0.061978434130332855,0.06516643225503986
cic,ton,43,forest,unique,clean,forced,-0.017952553964522444,-0.017952553964522444
cic,ton,43,forest,unique,clean,frozen,-0.0010686044026501362,-0.017952553964522444
cic,ton,43,forest,unique,clean,cap,-0.022440692455652944,-0.017952553964522444
cic,ton,43,forest,unique,clean,random,-0.015922205599487094,-0.017952553964522444
cic,ton,43,forest,unique,temporal,forced,-0.09136567642658688,-0.09136567642658688
cic,ton,43,forest,unique,temporal,frozen,0.1516349647360547,-0.09136567642658688
cic,ton,43,forest,unique,temporal,cap,-0.08420602692883095,-0.09136567642658688
cic,ton,43,forest,unique,temporal,random,-0.08634323573413127,-0.09136567642658688
cic,ton,43,forest,unique,size,forced,-0.15067322077366951,-0.15067322077366951
cic,ton,43,forest,unique,size,frozen,0.17599914511647788,-0.15067322077366951
cic,ton,43,forest,unique,size,cap,-0.13079717888437703,-0.15067322077366951
cic,ton,43,forest,unique,size,random,-0.14308612951485356,-0.15067322077366951
cic,ton,43,forest,unique,tcp,forced,-0.17022868134216707,-0.17022868134216707
cic,ton,43,forest,unique,tcp,frozen,0.17621286599700792,-0.17022868134216707
cic,ton,43,forest,unique,tcp,cap,-0.1434067108356487,-0.17022868134216707
cic,ton,43,forest,unique,tcp,random,-0.1616798461209661,-0.17022868134216707
cic,ton,43,forest,unique,temporal+tcp,forced,-0.1739687967514426,-0.1739687967514426
cic,ton,43,forest,unique,temporal+tcp,frozen,0.008762556101731139,-0.1739687967514426
cic,ton,43,forest,unique,temporal+tcp,cap,-0.15387903398162006,-0.1739687967514426
cic,ton,43,forest,unique,temporal+tcp,random,-0.16531310108997654,-0.1739687967514426
cic,ton,43,forest,weighted,clean,forced,-0.014768683274021366,-0.014768683274021366
cic,ton,43,forest,weighted,clean,frozen,-0.016014234875444844,-0.014768683274021366
cic,ton,43,forest,weighted,clean,cap,-0.019572953736654797,-0.014768683274021366
cic,ton,43,forest,weighted,clean,random,-0.01396797153024909,-0.014768683274021366
cic,ton,43,forest,weighted,temporal,forced,-0.07633451957295379,-0.07633451957295379
cic,ton,43,forest,weighted,temporal,frozen,0.19323843416370107,-0.07633451957295379
cic,ton,43,forest,weighted,temporal,cap,-0.06797153024911029,-0.07633451957295379
cic,ton,43,forest,weighted,temporal,random,-0.07179715302491096,-0.07633451957295379
cic,ton,43,forest,weighted,size,forced,-0.1254448398576513,-0.1254448398576513
cic,ton,43,forest,weighted,size,frozen,0.222864768683274,-0.1254448398576513
cic,ton,43,forest,weighted,size,cap,-0.10676156583629892,-0.1254448398576513
cic,ton,43,forest,weighted,size,random,-0.11886120996441274,-0.1254448398576513
cic,ton,43,forest,weighted,tcp,forced,-0.14181494661921712,-0.14181494661921712
cic,ton,43,forest,weighted,tcp,frozen,0.20791814946619216,-0.14181494661921712
cic,ton,43,forest,weighted,tcp,cap,-0.11645907473309602,-0.14181494661921712
cic,ton,43,forest,weighted,tcp,random,-0.1336298932384341,-0.14181494661921712
cic,ton,43,forest,weighted,temporal+tcp,forced,-0.14492882562277587,-0.14492882562277587
cic,ton,43,forest,weighted,temporal+tcp,frozen,0.0076512455516014235,-0.14492882562277587
cic,ton,43,forest,weighted,temporal+tcp,cap,-0.12535587188612107,-0.14492882562277587
cic,ton,43,forest,weighted,temporal+tcp,random,-0.13656583629893237,-0.14492882562277587
