source,target,seed,variant,model,population,condition,policy,budget,threshold,n,attacks,reviewed,errors,reviewed_errors,unreviewed_fn,unreviewed_fp,fn,fp,accepted,accepted_risk,review_fraction
unsw,ton,17,clean,logistic,unique,clean,forced,0.0,,9367,7534,0,7553,0,7505,48,7505,48,9367,0.8063414113376748,0.0
unsw,ton,17,clean,logistic,unique,clean,frozen,0.05,0.009840849172354948,9367,7534,270,7553,67,7472,14,7505,48,9097,0.8229086512036935,0.028824596989430983
unsw,ton,17,clean,logistic,unique,clean,cap,0.05,,9367,7534,454,7553,284,7241,28,7505,48,8913,0.8155503197576573,0.04846802604889506
unsw,ton,17,clean,logistic,unique,clean,random,0.05,,9367,7534,454,7553,374,7133,46,7505,48,8913,0.8054527095254124,0.04846802604889506
unsw,ton,17,clean,logistic,unique,temporal,forced,0.0,,9367,7534,0,7544,0,7527,17,7527,17,9367,0.8053805914380271,0.0
unsw,ton,17,clean,logistic,unique,temporal,frozen,0.05,0.009840849172354948,9367,7534,80,7544,50,7482,12,7527,17,9287,0.806934424464305,0.008540621330201772
unsw,ton,17,clean,logistic,unique,temporal,cap,0.05,,9367,7534,454,7544,276,7255,13,7527,17,8913,0.8154381240884102,0.04846802604889506
unsw,ton,17,clean,logistic,unique,temporal,random,0.05,,9367,7534,454,7544,374,7154,16,7527,17,8913,0.8044429485021878,0.04846802604889506
unsw,ton,17,clean,logistic,unique,size,forced,0.0,,9367,7534,0,7575,0,7523,52,7523,52,9367,0.8086900822034803,0.0
unsw,ton,17,clean,logistic,unique,size,frozen,0.05,0.009840849172354948,9367,7534,492,7575,98,7463,14,7523,52,8875,0.8424788732394366,0.0525248211807409
unsw,ton,17,clean,logistic,unique,size,cap,0.05,,9367,7534,454,7575,288,7241,46,7523,52,8913,0.8175698418041064,0.04846802604889506
unsw,ton,17,clean,logistic,unique,size,random,0.05,,9367,7534,454,7575,378,7150,47,7523,52,8913,0.8074722315718613,0.04846802604889506
unsw,ton,17,clean,logistic,unique,tcp,forced,0.0,,9367,7534,0,7303,0,7259,44,7259,44,9367,0.7796519696807943,0.0
unsw,ton,17,clean,logistic,unique,tcp,frozen,0.05,0.009840849172354948,9367,7534,309,7303,91,7199,13,7259,44,9058,0.7962022521527932,0.03298814988790434
unsw,ton,17,clean,logistic,unique,tcp,cap,0.05,,9367,7534,454,7303,289,6988,26,7259,44,8913,0.7869404240996297,0.04846802604889506
unsw,ton,17,clean,logistic,unique,tcp,random,0.05,,9367,7534,454,7303,361,6900,42,7259,44,8913,0.7788623359138337,0.04846802604889506
unsw,ton,17,clean,logistic,unique,temporal+tcp,forced,0.0,,9367,7534,0,7265,0,7250,15,7250,15,9367,0.7755951745489484,0.0
unsw,ton,17,clean,logistic,unique,temporal+tcp,frozen,0.05,0.009840849172354948,9367,7534,360,7265,53,7201,11,7250,15,9007,0.8007105584545353,0.03843279598590797
unsw,ton,17,clean,logistic,unique,temporal+tcp,cap,0.05,,9367,7534,454,7265,231,7023,11,7250,15,8913,0.7891843374845731,0.04846802604889506
unsw,ton,17,clean,logistic,unique,temporal+tcp,random,0.05,,9367,7534,454,7265,360,6891,14,7250,15,8913,0.7747110961516885,0.04846802604889506
unsw,ton,17,clean,logistic,weighted,clean,forced,0.0,,11290,8836,0,8858,0,8807,51,8807,51,11290,0.7845881310894597,0.0
unsw,ton,17,clean,logistic,weighted,clean,frozen,0.05,0.009840849172354948,11290,8836,310,8858,68,8774,16,8807,51,10980,0.8005464480874317,0.02745792736935341
unsw,ton,17,clean,logistic,weighted,clean,cap,0.05,,11290,8836,542,8858,333,8498,27,8807,51,10748,0.7931708224786007,0.04800708591674048
unsw,ton,17,clean,logistic,weighted,clean,random,0.05,,11290,8836,542,8858,436,8373,49,8807,51,10748,0.7835876442128769,0.04800708591674048
unsw,ton,17,clean,logistic,weighted,temporal,forced,0.0,,11290,8836,0,8849,0,8829,20,8829,20,11290,0.7837909654561559,0.0
unsw,ton,17,clean,logistic,weighted,temporal,frozen,0.05,0.009840849172354948,11290,8836,82,8849,51,8784,14,8829,20,11208,0.7849750178443968,0.007263064658990257
unsw,ton,17,clean,logistic,weighted,temporal,cap,0.05,,11290,8836,542,8849,328,8507,14,8829,20,10748,0.7927986602158541,0.04800708591674048
unsw,ton,17,clean,logistic,weighted,temporal,random,0.05,,11290,8836,542,8849,438,8393,18,8829,20,10748,0.7825641979903237,0.04800708591674048
unsw,ton,17,clean,logistic,weighted,size,forced,0.0,,11290,8836,0,8880,0,8825,55,8825,55,11290,0.7865367581930912,0.0
unsw,ton,17,clean,logistic,weighted,size,frozen,0.05,0.009840849172354948,11290,8836,536,8880,99,8765,16,8825,55,10754,0.8165333829272828,0.047475642161204604
unsw,ton,17,clean,logistic,weighted,size,cap,0.05,,11290,8836,542,8880,336,8496,48,8825,55,10748,0.7949385932266468,0.04800708591674048
unsw,ton,17,clean,logistic,weighted,size,random,0.05,,11290,8836,542,8880,440,8389,51,8825,55,10748,0.7852623743952363,0.04800708591674048
unsw,ton,17,clean,logistic,weighted,tcp,forced,0.0,,11290,8836,0,8258,0,8211,47,8211,47,11290,0.7314437555358725,0.0
unsw,ton,17,clean,logistic,weighted,tcp,frozen,0.05,0.009840849172354948,11290,8836,385,8258,134,8109,15,8211,47,10905,0.7449793672627235,0.034100974313551816
unsw,ton,17,clean,logistic,weighted,tcp,cap,0.05,,11290,8836,542,8258,364,7871,23,8211,47,10748,0.7344622255303312,0.04800708591674048
unsw,ton,17,clean,logistic,weighted,tcp,random,0.05,,11290,8836,542,8258,409,7804,45,8211,47,10748,0.7302754000744325,0.04800708591674048
unsw,ton,17,clean,logistic,weighted,temporal+tcp,forced,0.0,,11290,8836,0,8175,0,8157,18,8157,18,11290,0.7240921169176262,0.0
unsw,ton,17,clean,logistic,weighted,temporal+tcp,frozen,0.05,0.009840849172354948,11290,8836,757,8175,54,8108,13,8157,18,10533,0.7710054115636571,0.0670504871567759
unsw,ton,17,clean,logistic,weighted,temporal+tcp,cap,0.05,,11290,8836,542,8175,279,7883,13,8157,18,10748,0.7346483066617046,0.04800708591674048
unsw,ton,17,clean,logistic,weighted,temporal+tcp,random,0.05,,11290,8836,542,8175,407,7752,16,8157,18,10748,0.7227391142538147,0.04800708591674048
unsw,cic,17,clean,logistic,unique,clean,forced,0.0,,12192,306,0,2811,0,247,2564,247,2564,12192,0.23056102362204725,0.0
unsw,cic,17,clean,logistic,unique,clean,frozen,0.05,0.009840849172354948,12192,306,848,2811,349,239,2223,247,2564,11344,0.21703102961918194,0.06955380577427822
unsw,cic,17,clean,logistic,unique,clean,cap,0.05,,12192,306,599,2811,241,239,2331,247,2564,11593,0.22168549987061156,0.04913057742782152
unsw,cic,17,clean,logistic,unique,clean,random,0.05,,12192,306,599,2811,139,232,2440,247,2564,11593,0.23048391270594323,0.04913057742782152
unsw,cic,17,clean,logistic,unique,temporal,forced,0.0,,12192,306,0,2977,0,251,2726,251,2726,12192,0.2441765091863517,0.0
unsw,cic,17,clean,logistic,unique,temporal,frozen,0.05,0.009840849172354948,12192,306,1627,2977,1241,246,1490,251,2726,10565,0.16431613819214388,0.1334481627296588
unsw,cic,17,clean,logistic,unique,temporal,cap,0.05,,12192,306,599,2977,500,250,2227,251,2726,11593,0.21366341757957388,0.04913057742782152
unsw,cic,17,clean,logistic,unique,temporal,random,0.05,,12192,306,599,2977,145,236,2596,251,2726,11593,0.2442853446045027,0.04913057742782152
unsw,cic,17,clean,logistic,unique,size,forced,0.0,,12192,306,0,2740,0,246,2494,246,2494,12192,0.22473753280839895,0.0
unsw,cic,17,clean,logistic,unique,size,frozen,0.05,0.009840849172354948,12192,306,2274,2740,743,215,1782,246,2494,9918,0.20135107884654163,0.18651574803149606
unsw,cic,17,clean,logistic,unique,size,cap,0.05,,12192,306,599,2740,194,237,2309,246,2494,11593,0.21961528508582764,0.04913057742782152
unsw,cic,17,clean,logistic,unique,size,random,0.05,,12192,306,599,2740,134,231,2375,246,2494,11593,0.22479082204778747,0.04913057742782152
unsw,cic,17,clean,logistic,unique,tcp,forced,0.0,,12192,306,0,2796,0,247,2549,247,2549,12192,0.22933070866141733,0.0
unsw,cic,17,clean,logistic,unique,tcp,frozen,0.05,0.009840849172354948,12192,306,1042,2796,484,236,2076,247,2549,11150,0.2073542600896861,0.08546587926509186
unsw,cic,17,clean,logistic,unique,tcp,cap,0.05,,12192,306,599,2796,293,239,2264,247,2549,11593,0.2159061502630898,0.04913057742782152
unsw,cic,17,clean,logistic,unique,tcp,random,0.05,,12192,306,599,2796,137,232,2427,247,2549,11593,0.2293625463641853,0.04913057742782152
unsw,cic,17,clean,logistic,unique,temporal+tcp,forced,0.0,,12192,306,0,3051,0,252,2799,252,2799,12192,0.250246062992126,0.0
unsw,cic,17,clean,logistic,unique,temporal+tcp,frozen,0.05,0.009840849172354948,12192,306,2021,3051,1671,246,1134,252,2799,10171,0.13567987415200078,0.16576443569553806
unsw,cic,17,clean,logistic,unique,temporal+tcp,cap,0.05,,12192,306,599,3051,470,250,2331,252,2799,11593,0.22263434831363754,0.04913057742782152
unsw,cic,17,clean,logistic,unique,temporal+tcp,random,0.05,,12192,306,599,3051,148,237,2666,252,2799,11593,0.25040973000948846,0.04913057742782152
unsw,cic,17,clean,logistic,weighted,clean,forced,0.0,,13275,1267,0,3781,0,1207,2574,1207,2574,13275,0.2848210922787194,0.0
unsw,cic,17,clean,logistic,weighted,clean,frozen,0.05,0.009840849172354948,13275,1267,853,3781,351,1198,2232,1207,2574,12422,0.27612300756721947,0.06425612052730696
unsw,cic,17,clean,logistic,weighted,clean,cap,0.05,,13275,1267,652,3781,262,1198,2321,1207,2574,12623,0.27877683593440544,0.04911487758945386
unsw,cic,17,clean,logistic,weighted,clean,random,0.05,,13275,1267,652,3781,169,1150,2462,1207,2574,12623,0.2861443396973778,0.04911487758945386
unsw,cic,17,clean,logistic,weighted,temporal,forced,0.0,,13275,1267,0,3946,0,1211,2735,1211,2735,13275,0.29725047080979283,0.0
unsw,cic,17,clean,logistic,weighted,temporal,frozen,0.05,0.009840849172354948,13275,1267,1630,3946,1243,1206,1497,1211,2735,11645,0.2321167883211679,0.12278719397363465
unsw,cic,17,clean,logistic,weighted,temporal,cap,0.05,,13275,1267,652,3946,548,1210,2188,1211,2735,12623,0.26919115899548446,0.04911487758945386
unsw,cic,17,clean,logistic,weighted,temporal,random,0.05,,13275,1267,652,3946,177,1154,2615,1211,2735,12623,0.2985819535768042,0.04911487758945386
unsw,cic,17,clean,logistic,weighted,size,forced,0.0,,13275,1267,0,3710,0,1206,2504,1206,2504,13275,0.27947269303201505,0.0
unsw,cic,17,clean,logistic,weighted,size,frozen,0.05,0.009840849172354948,13275,1267,2282,3710,745,1174,1791,1206,2504,10993,0.2697170926953516,0.1719020715630885
unsw,cic,17,clean,logistic,weighted,size,cap,0.05,,13275,1267,652,3710,201,1197,2312,1206,2504,12623,0.2779846312287095,0.04911487758945386
unsw,cic,17,clean,logistic,weighted,size,random,0.05,,13275,1267,652,3710,170,1149,2391,1206,2504,12623,0.28044046581636695,0.04911487758945386
unsw,cic,17,clean,logistic,weighted,tcp,forced,0.0,,13275,1267,0,3766,0,1207,2559,1207,2559,13275,0.2836911487758945,0.0
unsw,cic,17,clean,logistic,weighted,tcp,frozen,0.05,0.009840849172354948,13275,1267,1046,3766,486,1195,2085,1207,2559,12229,0.2682148990105487,0.07879472693032015
unsw,cic,17,clean,logistic,weighted,tcp,cap,0.05,,13275,1267,652,3766,318,1199,2249,1207,2559,12623,0.27315218252396417,0.04911487758945386
unsw,cic,17,clean,logistic,weighted,tcp,random,0.05,,13275,1267,652,3766,171,1150,2445,1207,2559,12623,0.2847975916976947,0.04911487758945386
unsw,cic,17,clean,logistic,weighted,temporal+tcp,forced,0.0,,13275,1267,0,4020,0,1212,2808,1212,2808,13275,0.30282485875706217,0.0
unsw,cic,17,clean,logistic,weighted,temporal+tcp,frozen,0.05,0.009840849172354948,13275,1267,2028,4020,1676,1206,1138,1212,2808,11247,0.2084111318573842,0.1527683615819209
unsw,cic,17,clean,logistic,weighted,temporal+tcp,cap,0.05,,13275,1267,652,4020,516,1210,2294,1212,2808,12623,0.2775885288758615,0.04911487758945386
unsw,cic,17,clean,logistic,weighted,temporal+tcp,random,0.05,,13275,1267,652,4020,181,1155,2684,1212,2808,12623,0.3041273865166759,0.04911487758945386
unsw,ton,17,clean,forest,unique,clean,forced,0.0,,9367,7534,0,6825,0,5869,956,5869,956,9367,0.7286217572328387,0.0
unsw,ton,17,clean,forest,unique,clean,frozen,0.05,0.016000000000000014,9367,7534,9367,6825,6825,0,0,5869,956,0,,1.0
unsw,ton,17,clean,forest,unique,clean,cap,0.05,,9367,7534,454,6825,308,5633,884,5869,956,8913,0.7311791764837877,0.04846802604889506
unsw,ton,17,clean,forest,unique,clean,random,0.05,,9367,7534,454,6825,333,5576,916,5869,956,8913,0.7283742847526086,0.04846802604889506
unsw,ton,17,clean,forest,unique,temporal,forced,0.0,,9367,7534,0,6838,0,5901,937,5901,937,9367,0.7300096081989965,0.0
unsw,ton,17,clean,forest,unique,temporal,frozen,0.05,0.016000000000000014,9367,7534,9367,6838,6838,0,0,5901,937,0,,1.0
unsw,ton,17,clean,forest,unique,temporal,cap,0.05,,9367,7534,454,6838,333,5606,899,5901,937,8913,0.7298328284528217,0.04846802604889506
unsw,ton,17,clean,forest,unique,temporal,random,0.05,,9367,7534,454,6838,334,5604,900,5901,937,8913,0.7297206327835746,0.04846802604889506
unsw,ton,17,clean,forest,unique,size,forced,0.0,,9367,7534,0,7217,0,7183,34,7183,34,9367,0.7704708017508274,0.0
unsw,ton,17,clean,forest,unique,size,frozen,0.05,0.016000000000000014,9367,7534,9367,7217,7217,0,0,7183,34,0,,1.0
unsw,ton,17,clean,forest,unique,size,cap,0.05,,9367,7534,454,7217,180,7026,11,7183,34,8913,0.7895209244923146,0.04846802604889506
unsw,ton,17,clean,forest,unique,size,random,0.05,,9367,7534,454,7217,358,6829,30,7183,34,8913,0.7695500953663189,0.04846802604889506
unsw,ton,17,clean,forest,unique,tcp,forced,0.0,,9367,7534,0,6878,0,5943,935,5943,935,9367,0.7342799188640974,0.0
unsw,ton,17,clean,forest,unique,tcp,frozen,0.05,0.016000000000000014,9367,7534,9367,6878,6878,0,0,5943,935,0,,1.0
unsw,ton,17,clean,forest,unique,tcp,cap,0.05,,9367,7534,454,6878,368,5669,841,5943,935,8913,0.7303938067990575,0.04846802604889506
unsw,ton,17,clean,forest,unique,tcp,random,0.05,,9367,7534,454,6878,335,5645,898,5943,935,8913,0.7340962638842141,0.04846802604889506
unsw,ton,17,clean,forest,unique,temporal+tcp,forced,0.0,,9367,7534,0,6879,0,5944,935,5944,935,9367,0.7343866766307249,0.0
unsw,ton,17,clean,forest,unique,temporal+tcp,frozen,0.05,0.016000000000000014,9367,7534,9367,6879,6879,0,0,5944,935,0,,1.0
unsw,ton,17,clean,forest,unique,temporal+tcp,cap,0.05,,9367,7534,454,6879,398,5600,881,5944,935,8913,0.7271401323908897,0.04846802604889506
unsw,ton,17,clean,forest,unique,temporal+tcp,random,0.05,,9367,7534,454,6879,335,5646,898,5944,935,8913,0.7342084595534613,0.04846802604889506
unsw,ton,17,clean,forest,weighted,clean,forced,0.0,,11290,8836,0,7785,0,6775,1010,6775,1010,11290,0.6895482728077945,0.0
unsw,ton,17,clean,forest,weighted,clean,frozen,0.05,0.016000000000000014,11290,8836,11290,7785,7785,0,0,6775,1010,0,,1.0
unsw,ton,17,clean,forest,weighted,clean,cap,0.05,,11290,8836,542,7785,381,6490,914,6775,1010,10748,0.6888723483438779,0.04800708591674048
unsw,ton,17,clean,forest,weighted,clean,random,0.05,,11290,8836,542,7785,375,6435,975,6775,1010,10748,0.6894305917379978,0.04800708591674048
unsw,ton,17,clean,forest,weighted,temporal,forced,0.0,,11290,8836,0,7798,0,6807,991,6807,991,11290,0.6906997342781223,0.0
unsw,ton,17,clean,forest,weighted,temporal,frozen,0.05,0.016000000000000014,11290,8836,11290,7798,7798,0,0,6807,991,0,,1.0
unsw,ton,17,clean,forest,weighted,temporal,cap,0.05,,11290,8836,542,7798,399,6462,937,6807,991,10748,0.6884071455154447,0.04800708591674048
unsw,ton,17,clean,forest,weighted,temporal,random,0.05,,11290,8836,542,7798,377,6465,956,6807,991,10748,0.6904540379605508,0.04800708591674048
unsw,ton,17,clean,forest,weighted,size,forced,0.0,,11290,8836,0,8127,0,8090,37,8090,37,11290,0.7198405668733392,0.0
unsw,ton,17,clean,forest,weighted,size,frozen,0.05,0.016000000000000014,11290,8836,11290,8127,8127,0,0,8090,37,0,,1.0
unsw,ton,17,clean,forest,weighted,size,cap,0.05,,11290,8836,542,8127,220,7893,14,8090,37,10748,0.7356717528842576,0.04800708591674048
unsw,ton,17,clean,forest,weighted,size,random,0.05,,11290,8836,542,8127,406,7685,36,8090,37,10748,0.7183662076665426,0.04800708591674048
unsw,ton,17,clean,forest,weighted,tcp,forced,0.0,,11290,8836,0,7838,0,6849,989,6849,989,11290,0.6942426926483614,0.0
unsw,ton,17,clean,forest,weighted,tcp,frozen,0.05,0.016000000000000014,11290,8836,11290,7838,7838,0,0,6849,989,0,,1.0
unsw,ton,17,clean,forest,weighted,tcp,cap,0.05,,11290,8836,542,7838,433,6534,871,6849,989,10748,0.6889653889095646,0.04800708591674048
unsw,ton,17,clean,forest,weighted,tcp,random,0.05,,11290,8836,542,7838,377,6507,954,6849,989,10748,0.6941756605880164,0.04800708591674048
unsw,ton,17,clean,forest,weighted,temporal+tcp,forced,0.0,,11290,8836,0,7839,0,6850,989,6850,989,11290,0.6943312666076173,0.0
unsw,ton,17,clean,forest,weighted,temporal+tcp,frozen,0.05,0.016000000000000014,11290,8836,11290,7839,7839,0,0,6850,989,0,,1.0
unsw,ton,17,clean,forest,weighted,temporal+tcp,cap,0.05,,11290,8836,542,7839,467,6457,915,6850,989,10748,0.6858950502419054,0.04800708591674048
unsw,ton,17,clean,forest,weighted,temporal+tcp,random,0.05,,11290,8836,542,7839,377,6508,954,6850,989,10748,0.694268701153703,0.04800708591674048
unsw,cic,17,clean,forest,unique,clean,forced,0.0,,12192,306,0,9467,0,87,9380,87,9380,12192,0.7764927821522309,0.0
unsw,cic,17,clean,forest,unique,clean,frozen,0.05,0.016000000000000014,12192,306,12192,9467,9467,0,0,87,9380,0,,1.0
unsw,cic,17,clean,forest,unique,clean,cap,0.05,,12192,306,599,9467,335,72,9060,87,9380,11593,0.787716725610282,0.04913057742782152
unsw,cic,17,clean,forest,unique,clean,random,0.05,,12192,306,599,9467,463,84,8920,87,9380,11593,0.7766755800914344,0.04913057742782152
unsw,cic,17,clean,forest,unique,temporal,forced,0.0,,12192,306,0,9298,0,92,9206,92,9206,12192,0.7626312335958005,0.0
unsw,cic,17,clean,forest,unique,temporal,frozen,0.05,0.016000000000000014,12192,306,12192,9298,9298,0,0,92,9206,0,,1.0
unsw,cic,17,clean,forest,unique,temporal,cap,0.05,,12192,306,599,9298,347,81,8870,92,9206,11593,0.7721038557750367,0.04913057742782152
unsw,cic,17,clean,forest,unique,temporal,random,0.05,,12192,306,599,9298,452,89,8757,92,9206,11593,0.763046666091607,0.04913057742782152
unsw,cic,17,clean,forest,unique,size,forced,0.0,,12192,306,0,1889,0,258,1631,258,1631,12192,0.15493766404199474,0.0
unsw,cic,17,clean,forest,unique,size,frozen,0.05,0.016000000000000014,12192,306,12161,1889,1887,2,0,258,1631,31,0.06451612903225806,0.9974573490813649
unsw,cic,17,clean,forest,unique,size,cap,0.05,,12192,306,599,1889,260,253,1376,258,1631,11593,0.14051582851720867,0.04913057742782152
unsw,cic,17,clean,forest,unique,size,random,0.05,,12192,306,599,1889,80,243,1566,258,1631,11593,0.15604243940308807,0.04913057742782152
unsw,cic,17,clean,forest,unique,tcp,forced,0.0,,12192,306,0,8783,0,105,8678,105,8678,12192,0.7203904199475065,0.0
unsw,cic,17,clean,forest,unique,tcp,frozen,0.05,0.016000000000000014,12192,306,12192,8783,8783,0,0,105,8678,0,,1.0
unsw,cic,17,clean,forest,unique,tcp,cap,0.05,,12192,306,599,8783,76,83,8624,105,8678,11593,0.7510566721297335,0.04913057742782152
unsw,cic,17,clean,forest,unique,tcp,random,0.05,,12192,306,599,8783,432,101,8250,105,8678,11593,0.7203484861554387,0.04913057742782152
unsw,cic,17,clean,forest,unique,temporal+tcp,forced,0.0,,12192,306,0,8739,0,106,8633,106,8633,12192,0.7167814960629921,0.0
unsw,cic,17,clean,forest,unique,temporal+tcp,frozen,0.05,0.016000000000000014,12192,306,12192,8739,8739,0,0,106,8633,0,,1.0
unsw,cic,17,clean,forest,unique,temporal+tcp,cap,0.05,,12192,306,599,8739,45,83,8611,106,8633,11593,0.7499353057879755,0.04913057742782152
unsw,cic,17,clean,forest,unique,temporal+tcp,random,0.05,,12192,306,599,8739,431,102,8206,106,8633,11593,0.7166393513327007,0.04913057742782152
unsw,cic,17,clean,forest,weighted,clean,forced,0.0,,13275,1267,0,9509,0,93,9416,93,9416,13275,0.7163088512241055,0.0
unsw,cic,17,clean,forest,weighted,clean,frozen,0.05,0.016000000000000014,13275,1267,13275,9509,9509,0,0,93,9416,0,,1.0
unsw,cic,17,clean,forest,weighted,clean,cap,0.05,,13275,1267,652,9509,369,78,9062,93,9416,12623,0.7240751010061,0.04911487758945386
unsw,cic,17,clean,forest,weighted,clean,random,0.05,,13275,1267,652,9509,477,87,8945,93,9416,12623,0.7155192901845837,0.04911487758945386
unsw,cic,17,clean,forest,weighted,temporal,forced,0.0,,13275,1267,0,9337,0,98,9239,98,9239,13275,0.7033521657250471,0.0
unsw,cic,17,clean,forest,weighted,temporal,frozen,0.05,0.016000000000000014,13275,1267,13275,9337,9337,0,0,98,9239,0,,1.0
unsw,cic,17,clean,forest,weighted,temporal,cap,0.05,,13275,1267,652,9337,383,87,8867,98,9239,12623,0.7093400934801553,0.04911487758945386
unsw,cic,17,clean,forest,weighted,temporal,random,0.05,,13275,1267,652,9337,472,92,8773,98,9239,12623,0.7022894715994613,0.04911487758945386
unsw,cic,17,clean,forest,weighted,size,forced,0.0,,13275,1267,0,2861,0,1218,1643,1218,1643,13275,0.21551789077212807,0.0
unsw,cic,17,clean,forest,weighted,size,frozen,0.05,0.016000000000000014,13275,1267,13244,2861,2859,2,0,1218,1643,31,0.06451612903225806,0.9976647834274953
unsw,cic,17,clean,forest,weighted,size,cap,0.05,,13275,1267,652,2861,299,1213,1349,1218,1643,12623,0.20296284559930286,0.04911487758945386
unsw,cic,17,clean,forest,weighted,size,random,0.05,,13275,1267,652,2861,124,1161,1576,1218,1643,12623,0.21682642794898202,0.04911487758945386
unsw,cic,17,clean,forest,weighted,tcp,forced,0.0,,13275,1267,0,8820,0,111,8709,111,8709,13275,0.6644067796610169,0.0
unsw,cic,17,clean,forest,weighted,tcp,frozen,0.05,0.016000000000000014,13275,1267,13275,8820,8820,0,0,111,8709,0,,1.0
unsw,cic,17,clean,forest,weighted,tcp,cap,0.05,,13275,1267,652,8820,76,89,8655,111,8709,12623,0.6927037946605403,0.04911487758945386
unsw,cic,17,clean,forest,weighted,tcp,random,0.05,,13275,1267,652,8820,446,105,8269,111,8709,12623,0.6633922205497901,0.04911487758945386
unsw,cic,17,clean,forest,weighted,temporal+tcp,forced,0.0,,13275,1267,0,8776,0,112,8664,112,8664,13275,0.6610922787193974,0.0
unsw,cic,17,clean,forest,weighted,temporal+tcp,frozen,0.05,0.016000000000000014,13275,1267,13275,8776,8776,0,0,112,8664,0,,1.0
unsw,cic,17,clean,forest,weighted,temporal+tcp,cap,0.05,,13275,1267,652,8776,49,89,8638,112,8664,12623,0.6913570466608572,0.04911487758945386
unsw,cic,17,clean,forest,weighted,temporal+tcp,random,0.05,,13275,1267,652,8776,444,106,8226,112,8664,12623,0.6600649607858671,0.04911487758945386
unsw,ton,17,repeat,logistic,unique,clean,forced,0.0,,9367,7534,0,7535,0,7501,34,7501,34,9367,0.8044197715383794,0.0
unsw,ton,17,repeat,logistic,unique,clean,frozen,0.05,0.009025573805970022,9367,7534,247,7535,36,7484,15,7501,34,9120,0.8222587719298246,0.02636916835699797
unsw,ton,17,repeat,logistic,unique,clean,cap,0.05,,9367,7534,454,7535,292,7219,24,7501,34,8913,0.8126332323572311,0.04846802604889506
unsw,ton,17,repeat,logistic,unique,clean,random,0.05,,9367,7534,454,7535,374,7129,32,7501,34,8913,0.8034331874789633,0.04846802604889506
unsw,ton,17,repeat,logistic,unique,temporal,forced,0.0,,9367,7534,0,7539,0,7521,18,7521,18,9367,0.8048468026048895,0.0
unsw,ton,17,repeat,logistic,unique,temporal,frozen,0.05,0.009025573805970022,9367,7534,106,7539,44,7483,12,7521,18,9261,0.8093078501241766,0.011316323262517348
unsw,ton,17,repeat,logistic,unique,temporal,cap,0.05,,9367,7534,454,7539,267,7259,13,7521,18,8913,0.8158869067653989,0.04846802604889506
unsw,ton,17,repeat,logistic,unique,temporal,random,0.05,,9367,7534,454,7539,374,7148,17,7521,18,8913,0.803881970155952,0.04846802604889506
unsw,ton,17,repeat,logistic,unique,size,forced,0.0,,9367,7534,0,7571,0,7525,46,7525,46,9367,0.8082630511369702,0.0
unsw,ton,17,repeat,logistic,unique,size,frozen,0.05,0.009025573805970022,9367,7534,244,7571,76,7481,14,7525,46,9123,0.8215499287515072,0.026048895057115405
unsw,ton,17,repeat,logistic,unique,size,cap,0.05,,9367,7534,454,7571,309,7232,30,7525,46,8913,0.8147649500729272,0.04846802604889506
unsw,ton,17,repeat,logistic,unique,size,random,0.05,,9367,7534,454,7571,378,7152,41,7525,46,8913,0.8070234488948727,0.04846802604889506
unsw,ton,17,repeat,logistic,unique,tcp,forced,0.0,,9367,7534,0,7289,0,7268,21,7268,21,9367,0.7781573609480089,0.0
unsw,ton,17,repeat,logistic,unique,tcp,frozen,0.05,0.009025573805970022,9367,7534,141,7289,50,7228,11,7268,21,9226,0.7846303923693908,0.015052845094480623
unsw,ton,17,repeat,logistic,unique,tcp,cap,0.05,,9367,7534,454,7289,306,6968,15,7268,21,8913,0.7834623583529676,0.04846802604889506
unsw,ton,17,repeat,logistic,unique,tcp,random,0.05,,9367,7534,454,7289,360,6909,20,7268,21,8913,0.7774037922136205,0.04846802604889506
unsw,ton,17,repeat,logistic,unique,temporal+tcp,forced,0.0,,9367,7534,0,7264,0,7250,14,7250,14,9367,0.7754884167823209,0.0
unsw,ton,17,repeat,logistic,unique,temporal+tcp,frozen,0.05,0.009025573805970022,9367,7534,360,7264,54,7202,8,7250,14,9007,0.800488508937493,0.03843279598590797
unsw,ton,17,repeat,logistic,unique,temporal+tcp,cap,0.05,,9367,7534,454,7264,234,7022,8,7250,14,8913,0.7887355548075844,0.04846802604889506
unsw,ton,17,repeat,logistic,unique,temporal+tcp,random,0.05,,9367,7534,454,7264,360,6891,13,7250,14,8913,0.7745989004824414,0.04846802604889506
unsw,ton,17,repeat,logistic,weighted,clean,forced,0.0,,11290,8836,0,8841,0,8803,38,8803,38,11290,0.7830823737821081,0.0
unsw,ton,17,repeat,logistic,weighted,clean,frozen,0.05,0.009025573805970022,11290,8836,284,8841,37,8786,18,8803,38,11006,0.7999273123750681,0.025155004428697964
unsw,ton,17,repeat,logistic,weighted,clean,cap,0.05,,11290,8836,542,8841,342,8474,25,8803,38,10748,0.7907517677707481,0.04800708591674048
unsw,ton,17,repeat,logistic,weighted,clean,random,0.05,,11290,8836,542,8841,437,8369,35,8803,38,10748,0.7819129140305173,0.04800708591674048
unsw,ton,17,repeat,logistic,weighted,temporal,forced,0.0,,11290,8836,0,8845,0,8823,22,8823,22,11290,0.7834366696191319,0.0
unsw,ton,17,repeat,logistic,weighted,temporal,frozen,0.05,0.009025573805970022,11290,8836,112,8845,45,8785,15,8823,22,11178,0.7872606906423332,0.009920283436669619
unsw,ton,17,repeat,logistic,weighted,temporal,cap,0.05,,11290,8836,542,8845,317,8513,15,8823,22,10748,0.7934499441756606,0.04800708591674048
unsw,ton,17,repeat,logistic,weighted,temporal,random,0.05,,11290,8836,542,8845,439,8387,19,8823,22,10748,0.7820989951618906,0.04800708591674048
unsw,ton,17,repeat,logistic,weighted,size,forced,0.0,,11290,8836,0,8876,0,8827,49,8827,49,11290,0.7861824623560674,0.0
unsw,ton,17,repeat,logistic,weighted,size,frozen,0.05,0.009025573805970022,11290,8836,251,8876,77,8783,16,8827,49,11039,0.7970830691185796,0.022232063773250665
unsw,ton,17,repeat,logistic,weighted,size,cap,0.05,,11290,8836,542,8876,360,8484,32,8827,49,10748,0.7923334573874209,0.04800708591674048
unsw,ton,17,repeat,logistic,weighted,size,random,0.05,,11290,8836,542,8876,440,8391,45,8827,49,10748,0.7848902121324898,0.04800708591674048
unsw,ton,17,repeat,logistic,weighted,tcp,forced,0.0,,11290,8836,0,8244,0,8220,24,8220,24,11290,0.7302037201062888,0.0
unsw,ton,17,repeat,logistic,weighted,tcp,frozen,0.05,0.009025573805970022,11290,8836,143,8244,51,8180,13,8220,24,11147,0.7349959630393827,0.01266607617360496
unsw,ton,17,repeat,logistic,weighted,tcp,cap,0.05,,11290,8836,542,8244,365,7863,16,8220,24,10748,0.7330666170450316,0.04800708591674048
unsw,ton,17,repeat,logistic,weighted,tcp,random,0.05,,11290,8836,542,8244,409,7813,22,8220,24,10748,0.7289728321548195,0.04800708591674048
unsw,ton,17,repeat,logistic,weighted,temporal+tcp,forced,0.0,,11290,8836,0,8174,0,8157,17,8157,17,11290,0.7240035429583702,0.0
unsw,ton,17,repeat,logistic,weighted,temporal+tcp,frozen,0.05,0.009025573805970022,11290,8836,757,8174,55,8109,10,8157,17,10533,0.770815532137093,0.0670504871567759
unsw,ton,17,repeat,logistic,weighted,temporal+tcp,cap,0.05,,11290,8836,542,8174,283,7880,11,8157,17,10748,0.7341831038332713,0.04800708591674048
unsw,ton,17,repeat,logistic,weighted,temporal+tcp,random,0.05,,11290,8836,542,8174,406,7752,16,8157,17,10748,0.7227391142538147,0.04800708591674048
unsw,cic,17,repeat,logistic,unique,clean,forced,0.0,,12192,306,0,2652,0,252,2400,252,2400,12192,0.21751968503937008,0.0
unsw,cic,17,repeat,logistic,unique,clean,frozen,0.05,0.009025573805970022,12192,306,833,2652,501,244,1907,252,2400,11359,0.1893652610264988,0.06832349081364829
unsw,cic,17,repeat,logistic,unique,clean,cap,0.05,,12192,306,599,2652,370,246,2036,252,2400,11593,0.19684292245320453,0.04913057742782152
unsw,cic,17,repeat,logistic,unique,clean,random,0.05,,12192,306,599,2652,134,237,2281,252,2400,11593,0.21720003450357975,0.04913057742782152
unsw,cic,17,repeat,logistic,unique,temporal,forced,0.0,,12192,306,0,2891,0,251,2640,251,2640,12192,0.2371227034120735,0.0
unsw,cic,17,repeat,logistic,unique,temporal,frozen,0.05,0.009025573805970022,12192,306,1551,2891,1129,247,1515,251,2640,10641,0.16558594117094258,0.12721456692913385
unsw,cic,17,repeat,logistic,unique,temporal,cap,0.05,,12192,306,599,2891,400,250,2241,251,2640,11593,0.21487104287069783,0.04913057742782152
unsw,cic,17,repeat,logistic,unique,temporal,random,0.05,,12192,306,599,2891,142,236,2513,251,2640,11593,0.23712585180712498,0.04913057742782152
unsw,cic,17,repeat,logistic,unique,size,forced,0.0,,12192,306,0,2487,0,256,2231,256,2231,12192,0.20398622047244094,0.0
unsw,cic,17,repeat,logistic,unique,size,frozen,0.05,0.009025573805970022,12192,306,1383,2487,906,248,1333,256,2231,10809,0.14626699972245352,0.11343503937007875
unsw,cic,17,repeat,logistic,unique,size,cap,0.05,,12192,306,599,2487,407,253,1827,256,2231,11593,0.17941861468127318,0.04913057742782152
unsw,cic,17,repeat,logistic,unique,size,random,0.05,,12192,306,599,2487,124,241,2122,256,2231,11593,0.20382989735185025,0.04913057742782152
unsw,cic,17,repeat,logistic,unique,tcp,forced,0.0,,12192,306,0,2459,0,258,2201,258,2201,12192,0.20168963254593175,0.0
unsw,cic,17,repeat,logistic,unique,tcp,frozen,0.05,0.009025573805970022,12192,306,889,2459,454,246,1759,258,2201,11303,0.17738653454835,0.07291666666666667
unsw,cic,17,repeat,logistic,unique,tcp,cap,0.05,,12192,306,599,2459,304,248,1907,258,2201,11593,0.18588803588372294,0.04913057742782152
unsw,cic,17,repeat,logistic,unique,tcp,random,0.05,,12192,306,599,2459,129,243,2087,258,2201,11593,0.20098335202277237,0.04913057742782152
unsw,cic,17,repeat,logistic,unique,temporal+tcp,forced,0.0,,12192,306,0,3079,0,252,2827,252,2827,12192,0.25254265091863515,0.0
unsw,cic,17,repeat,logistic,unique,temporal+tcp,frozen,0.05,0.009025573805970022,12192,306,2678,3079,2347,245,487,252,2827,9514,0.07693924742484759,0.2196522309711286
unsw,cic,17,repeat,logistic,unique,temporal+tcp,cap,0.05,,12192,306,599,3079,521,251,2307,252,2827,11593,0.2206503924782196,0.04913057742782152
unsw,cic,17,repeat,logistic,unique,temporal+tcp,random,0.05,,12192,306,599,3079,147,237,2695,252,2827,11593,0.2529112395411024,0.04913057742782152
unsw,cic,17,repeat,logistic,weighted,clean,forced,0.0,,13275,1267,0,3621,0,1212,2409,1212,2409,13275,0.2727683615819209,0.0
unsw,cic,17,repeat,logistic,weighted,clean,frozen,0.05,0.009025573805970022,13275,1267,833,3621,501,1204,1916,1212,2409,12442,0.2507635428387719,0.06274952919020715
unsw,cic,17,repeat,logistic,weighted,clean,cap,0.05,,13275,1267,652,3621,400,1206,2015,1212,2409,12623,0.2551691357046661,0.04911487758945386
unsw,cic,17,repeat,logistic,weighted,clean,random,0.05,,13275,1267,652,3621,165,1155,2301,1212,2409,12623,0.27378594628852093,0.04911487758945386
unsw,cic,17,repeat,logistic,weighted,temporal,forced,0.0,,13275,1267,0,3860,0,1211,2649,1211,2649,13275,0.29077212806026365,0.0
unsw,cic,17,repeat,logistic,weighted,temporal,frozen,0.05,0.009025573805970022,13275,1267,1553,3860,1131,1207,1522,1211,2649,11722,0.23281010066541546,0.11698681732580038
unsw,cic,17,repeat,logistic,weighted,temporal,cap,0.05,,13275,1267,652,3860,445,1210,2205,1211,2649,12623,0.27053790699516755,0.04911487758945386
unsw,cic,17,repeat,logistic,weighted,temporal,random,0.05,,13275,1267,652,3860,170,1154,2536,1211,2649,12623,0.29232353640180625,0.04911487758945386
unsw,cic,17,repeat,logistic,weighted,size,forced,0.0,,13275,1267,0,3456,0,1216,2240,1216,2240,13275,0.26033898305084746,0.0
unsw,cic,17,repeat,logistic,weighted,size,frozen,0.05,0.009025573805970022,13275,1267,1384,3456,907,1208,1341,1216,2240,11891,0.21436380455806914,0.10425612052730697
unsw,cic,17,repeat,logistic,weighted,size,cap,0.05,,13275,1267,652,3456,442,1213,1801,1216,2240,12623,0.2387704982967599,0.04911487758945386
unsw,cic,17,repeat,logistic,weighted,size,random,0.05,,13275,1267,652,3456,156,1159,2141,1216,2240,12623,0.2614275528796641,0.04911487758945386
unsw,cic,17,repeat,logistic,weighted,tcp,forced,0.0,,13275,1267,0,3428,0,1218,2210,1218,2210,13275,0.2582297551789077,0.0
unsw,cic,17,repeat,logistic,weighted,tcp,frozen,0.05,0.009025573805970022,13275,1267,891,3428,455,1206,1767,1218,2210,12384,0.24006782945736435,0.0671186440677966
unsw,cic,17,repeat,logistic,weighted,tcp,cap,0.05,,13275,1267,652,3428,338,1208,1882,1218,2210,12623,0.24479125406004912,0.04911487758945386
unsw,cic,17,repeat,logistic,weighted,tcp,random,0.05,,13275,1267,652,3428,153,1161,2114,1218,2210,12623,0.2594470411154242,0.04911487758945386
unsw,cic,17,repeat,logistic,weighted,temporal+tcp,forced,0.0,,13275,1267,0,4048,0,1212,2836,1212,2836,13275,0.3049340866290019,0.0
unsw,cic,17,repeat,logistic,weighted,temporal+tcp,frozen,0.05,0.009025573805970022,13275,1267,2687,4048,2354,1205,489,1212,2836,10588,0.15999244427653947,0.2024105461393597
unsw,cic,17,repeat,logistic,weighted,temporal+tcp,cap,0.05,,13275,1267,652,4048,570,1211,2267,1212,2836,12623,0.27552879664105207,0.04911487758945386
unsw,cic,17,repeat,logistic,weighted,temporal+tcp,random,0.05,,13275,1267,652,4048,182,1155,2711,1212,2836,12623,0.306266339222055,0.04911487758945386
unsw,ton,17,repeat,forest,unique,clean,forced,0.0,,9367,7534,0,6807,0,5867,940,5867,940,9367,0.7267001174335432,0.0
unsw,ton,17,repeat,forest,unique,clean,frozen,0.05,0.01897935441586096,9367,7534,9367,6807,6807,0,0,5867,940,0,,1.0
unsw,ton,17,repeat,forest,unique,clean,cap,0.05,,9367,7534,454,6807,202,5764,841,5867,940,8913,0.7410523953775384,0.04846802604889506
unsw,ton,17,repeat,forest,unique,clean,random,0.05,,9367,7534,454,6807,332,5575,900,5867,940,8913,0.7264669583754068,0.04846802604889506
unsw,ton,17,repeat,forest,unique,temporal,forced,0.0,,9367,7534,0,6812,0,5880,932,5880,932,9367,0.7272339062666809,0.0
unsw,ton,17,repeat,forest,unique,temporal,frozen,0.05,0.01897935441586096,9367,7534,9367,6812,6812,0,0,5880,932,0,,1.0
unsw,ton,17,repeat,forest,unique,temporal,cap,0.05,,9367,7534,454,6812,172,5809,831,5880,932,8913,0.7449792438011893,0.04846802604889506
unsw,ton,17,repeat,forest,unique,temporal,random,0.05,,9367,7534,454,6812,331,5588,893,5880,932,8913,0.7271401323908897,0.04846802604889506
unsw,ton,17,repeat,forest,unique,size,forced,0.0,,9367,7534,0,7507,0,7070,437,7070,437,9367,0.8014305540728088,0.0
unsw,ton,17,repeat,forest,unique,size,frozen,0.05,0.01897935441586096,9367,7534,9367,7507,7507,0,0,7070,437,0,,1.0
unsw,ton,17,repeat,forest,unique,size,cap,0.05,,9367,7534,454,7507,161,6999,347,7070,437,8913,0.8241893862896892,0.04846802604889506
unsw,ton,17,repeat,forest,unique,size,random,0.05,,9367,7534,454,7507,368,6725,414,7070,437,8913,0.8009648827555257,0.04846802604889506
unsw,ton,17,repeat,forest,unique,tcp,forced,0.0,,9367,7534,0,6767,0,5955,812,5955,812,9367,0.7224298067684424,0.0
unsw,ton,17,repeat,forest,unique,tcp,frozen,0.05,0.01897935441586096,9367,7534,9367,6767,6767,0,0,5955,812,0,,1.0
unsw,ton,17,repeat,forest,unique,tcp,cap,0.05,,9367,7534,454,6767,90,5920,757,5955,812,8913,0.7491304835633344,0.04846802604889506
unsw,ton,17,repeat,forest,unique,tcp,random,0.05,,9367,7534,454,6767,330,5657,780,5955,812,8913,0.7222035229440144,0.04846802604889506
unsw,ton,17,repeat,forest,unique,temporal+tcp,forced,0.0,,9367,7534,0,6765,0,5951,814,5951,814,9367,0.7222162912351874,0.0
unsw,ton,17,repeat,forest,unique,temporal+tcp,frozen,0.05,0.01897935441586096,9367,7534,9367,6765,6765,0,0,5951,814,0,,1.0
unsw,ton,17,repeat,forest,unique,temporal+tcp,cap,0.05,,9367,7534,454,6765,86,5942,737,5951,814,8913,0.7493548749018288,0.04846802604889506
unsw,ton,17,repeat,forest,unique,temporal+tcp,random,0.05,,9367,7534,454,6765,330,5653,782,5951,814,8913,0.7219791316055201,0.04846802604889506
unsw,ton,17,repeat,forest,weighted,clean,forced,0.0,,11290,8836,0,7762,0,6773,989,6773,989,11290,0.687511071744907,0.0
unsw,ton,17,repeat,forest,weighted,clean,frozen,0.05,0.01897935441586096,11290,8836,11290,7762,7762,0,0,6773,989,0,,1.0
unsw,ton,17,repeat,forest,weighted,clean,cap,0.05,,11290,8836,542,7762,251,6642,869,6773,989,10748,0.6988276888723484,0.04800708591674048
unsw,ton,17,repeat,forest,weighted,clean,random,0.05,,11290,8836,542,7762,375,6432,955,6773,989,10748,0.6872906587272051,0.04800708591674048
unsw,ton,17,repeat,forest,weighted,temporal,forced,0.0,,11290,8836,0,7771,0,6786,985,6786,985,11290,0.6883082373782108,0.0
unsw,ton,17,repeat,forest,weighted,temporal,frozen,0.05,0.01897935441586096,11290,8836,11290,7771,7771,0,0,6786,985,0,,1.0
unsw,ton,17,repeat,forest,weighted,temporal,cap,0.05,,11290,8836,542,7771,193,6713,865,6786,985,10748,0.7050614067733532,0.04800708591674048
unsw,ton,17,repeat,forest,weighted,temporal,random,0.05,,11290,8836,542,7771,373,6447,951,6786,985,10748,0.6883141049497581,0.04800708591674048
unsw,ton,17,repeat,forest,weighted,size,forced,0.0,,11290,8836,0,8424,0,7977,447,7977,447,11290,0.7461470327723649,0.0
unsw,ton,17,repeat,forest,weighted,size,frozen,0.05,0.01897935441586096,11290,8836,11290,8424,8424,0,0,7977,447,0,,1.0
unsw,ton,17,repeat,forest,weighted,size,cap,0.05,,11290,8836,542,8424,212,7880,332,7977,447,10748,0.7640491254186825,0.04800708591674048
unsw,ton,17,repeat,forest,weighted,size,random,0.05,,11290,8836,542,8424,415,7577,432,7977,447,10748,0.7451618905842947,0.04800708591674048
unsw,ton,17,repeat,forest,weighted,tcp,forced,0.0,,11290,8836,0,7715,0,6861,854,6861,854,11290,0.683348095659876,0.0
unsw,ton,17,repeat,forest,weighted,tcp,frozen,0.05,0.01897935441586096,11290,8836,11290,7715,7715,0,0,6861,854,0,,1.0
unsw,ton,17,repeat,forest,weighted,tcp,cap,0.05,,11290,8836,542,7715,107,6818,790,6861,854,10748,0.7078526237439524,0.04800708591674048
unsw,ton,17,repeat,forest,weighted,tcp,random,0.05,,11290,8836,542,7715,370,6518,827,6861,854,10748,0.6833829549683662,0.04800708591674048
unsw,ton,17,repeat,forest,weighted,temporal+tcp,forced,0.0,,11290,8836,0,7724,0,6857,867,6857,867,11290,0.6841452612931798,0.0
unsw,ton,17,repeat,forest,weighted,temporal+tcp,frozen,0.05,0.01897935441586096,11290,8836,11290,7724,7724,0,0,6857,867,0,,1.0
unsw,ton,17,repeat,forest,weighted,temporal+tcp,cap,0.05,,11290,8836,542,7724,98,6848,778,6857,867,10748,0.7095273539263118,0.04800708591674048
unsw,ton,17,repeat,forest,weighted,temporal+tcp,random,0.05,,11290,8836,542,7724,370,6514,840,6857,867,10748,0.6842203200595459,0.04800708591674048
unsw,cic,17,repeat,forest,unique,clean,forced,0.0,,12192,306,0,10130,0,64,10066,64,10066,12192,0.8308727034120735,0.0
unsw,cic,17,repeat,forest,unique,clean,frozen,0.05,0.01897935441586096,12192,306,12192,10130,10130,0,0,64,10066,0,,1.0
unsw,cic,17,repeat,forest,unique,clean,cap,0.05,,12192,306,599,10130,415,61,9654,64,10066,11593,0.8380056930906582,0.04913057742782152
unsw,cic,17,repeat,forest,unique,clean,random,0.05,,12192,306,599,10130,494,62,9574,64,10066,11593,0.8311912360907444,0.04913057742782152
unsw,cic,17,repeat,forest,unique,temporal,forced,0.0,,12192,306,0,9971,0,69,9902,69,9902,12192,0.8178313648293963,0.0
unsw,cic,17,repeat,forest,unique,temporal,frozen,0.05,0.01897935441586096,12192,306,12192,9971,9971,0,0,69,9902,0,,1.0
unsw,cic,17,repeat,forest,unique,temporal,cap,0.05,,12192,306,599,9971,297,65,9609,69,9902,11593,0.8344690761666523,0.04913057742782152
unsw,cic,17,repeat,forest,unique,temporal,random,0.05,,12192,306,599,9971,487,67,9417,69,9902,11593,0.8180798757871129,0.04913057742782152
unsw,cic,17,repeat,forest,unique,size,forced,0.0,,12192,306,0,2223,0,253,1970,253,1970,12192,0.18233267716535434,0.0
unsw,cic,17,repeat,forest,unique,size,frozen,0.05,0.01897935441586096,12192,306,12155,2223,2221,2,0,253,1970,37,0.05405405405405406,0.9969652230971129
unsw,cic,17,repeat,forest,unique,size,cap,0.05,,12192,306,599,2223,443,252,1528,253,1970,11593,0.15354092987147416,0.04913057742782152
unsw,cic,17,repeat,forest,unique,size,random,0.05,,12192,306,599,2223,100,238,1885,253,1970,11593,0.18312774950401103,0.04913057742782152
unsw,cic,17,repeat,forest,unique,tcp,forced,0.0,,12192,306,0,9264,0,93,9171,93,9171,12192,0.7598425196850394,0.0
unsw,cic,17,repeat,forest,unique,tcp,frozen,0.05,0.01897935441586096,12192,306,12192,9264,9264,0,0,93,9171,0,,1.0
unsw,cic,17,repeat,forest,unique,tcp,cap,0.05,,12192,306,599,9264,326,88,8850,93,9171,11593,0.7709824894332787,0.04913057742782152
unsw,cic,17,repeat,forest,unique,tcp,random,0.05,,12192,306,599,9264,457,90,8717,93,9171,11593,0.7596825670663331,0.04913057742782152
unsw,cic,17,repeat,forest,unique,temporal+tcp,forced,0.0,,12192,306,0,8698,0,103,8595,103,8595,12192,0.7134186351706037,0.0
unsw,cic,17,repeat,forest,unique,temporal+tcp,frozen,0.05,0.01897935441586096,12192,306,12192,8698,8698,0,0,103,8595,0,,1.0
unsw,cic,17,repeat,forest,unique,temporal+tcp,cap,0.05,,12192,306,599,8698,286,95,8317,103,8595,11593,0.7256102820667645,0.04913057742782152
unsw,cic,17,repeat,forest,unique,temporal+tcp,random,0.05,,12192,306,599,8698,423,100,8175,103,8595,11593,0.7137928060036228,0.04913057742782152
unsw,cic,17,repeat,forest,weighted,clean,forced,0.0,,13275,1267,0,10174,0,69,10105,69,10105,13275,0.7664030131826742,0.0
unsw,cic,17,repeat,forest,weighted,clean,frozen,0.05,0.01897935441586096,13275,1267,13275,10174,10174,0,0,69,10105,0,,1.0
unsw,cic,17,repeat,forest,weighted,clean,cap,0.05,,13275,1267,652,10174,461,66,9647,69,10105,12623,0.769468430642478,0.04911487758945386
unsw,cic,17,repeat,forest,weighted,clean,random,0.05,,13275,1267,652,10174,502,64,9608,69,10105,12623,0.7662203913491246,0.04911487758945386
unsw,cic,17,repeat,forest,weighted,temporal,forced,0.0,,13275,1267,0,10012,0,75,9937,75,9937,13275,0.7541996233521657,0.0
unsw,cic,17,repeat,forest,weighted,temporal,frozen,0.05,0.01897935441586096,13275,1267,13275,10012,10012,0,0,75,9937,0,,1.0
unsw,cic,17,repeat,forest,weighted,temporal,cap,0.05,,13275,1267,652,10012,337,70,9605,75,9937,12623,0.7664580527608335,0.04911487758945386
unsw,cic,17,repeat,forest,weighted,temporal,random,0.05,,13275,1267,652,10012,495,70,9447,75,9937,12623,0.7539412184108374,0.04911487758945386
unsw,cic,17,repeat,forest,weighted,size,forced,0.0,,13275,1267,0,3195,0,1213,1982,1213,1982,13275,0.24067796610169492,0.0
unsw,cic,17,repeat,forest,weighted,size,frozen,0.05,0.01897935441586096,13275,1267,13238,3195,3193,2,0,1213,1982,37,0.05405405405405406,0.9972128060263653
unsw,cic,17,repeat,forest,weighted,size,cap,0.05,,13275,1267,652,3195,482,1212,1501,1213,1982,12623,0.21492513665531174,0.04911487758945386
unsw,cic,17,repeat,forest,weighted,size,random,0.05,,13275,1267,652,3195,138,1156,1901,1213,1982,12623,0.24217697853125247,0.04911487758945386
unsw,cic,17,repeat,forest,weighted,tcp,forced,0.0,,13275,1267,0,9304,0,99,9205,99,9205,13275,0.7008662900188324,0.0
unsw,cic,17,repeat,forest,weighted,tcp,frozen,0.05,0.01897935441586096,13275,1267,13275,9304,9304,0,0,99,9205,0,,1.0
unsw,cic,17,repeat,forest,weighted,tcp,cap,0.05,,13275,1267,652,9304,338,94,8872,99,9205,12623,0.7102907391269904,0.04911487758945386
unsw,cic,17,repeat,forest,weighted,tcp,random,0.05,,13275,1267,652,9304,463,93,8748,99,9205,12623,0.700388180305791,0.04911487758945386
unsw,cic,17,repeat,forest,weighted,temporal+tcp,forced,0.0,,13275,1267,0,8732,0,109,8623,109,8623,13275,0.6577777777777778,0.0
unsw,cic,17,repeat,forest,weighted,temporal+tcp,frozen,0.05,0.01897935441586096,13275,1267,13275,8732,8732,0,0,109,8623,0,,1.0
unsw,cic,17,repeat,forest,weighted,temporal+tcp,cap,0.05,,13275,1267,652,8732,300,101,8331,109,8623,12623,0.6679870078428266,0.04911487758945386
unsw,cic,17,repeat,forest,weighted,temporal+tcp,random,0.05,,13275,1267,652,8732,444,103,8185,109,8623,12623,0.6565792600808049,0.04911487758945386
unsw,ton,17,mask,logistic,unique,clean,forced,0.0,,9367,7534,0,7529,0,7497,32,7497,32,9367,0.8037792249386143,0.0
unsw,ton,17,mask,logistic,unique,clean,frozen,0.05,0.0056054316569625895,9367,7534,507,7529,274,7240,15,7497,32,8860,0.8188487584650113,0.05412618768015373
unsw,ton,17,mask,logistic,unique,clean,cap,0.05,,9367,7534,454,7529,275,7231,23,7497,32,8913,0.8138673847189498,0.04846802604889506
unsw,ton,17,mask,logistic,unique,clean,random,0.05,,9367,7534,454,7529,374,7125,30,7497,32,8913,0.8027600134634804,0.04846802604889506
unsw,ton,17,mask,logistic,unique,temporal,forced,0.0,,9367,7534,0,7519,0,7489,30,7489,30,9367,0.802711647272339,0.0
unsw,ton,17,mask,logistic,unique,temporal,frozen,0.05,0.0056054316569625895,9367,7534,306,7519,48,7456,15,7489,30,9061,0.8245226796159364,0.032667876588021776
unsw,ton,17,mask,logistic,unique,temporal,cap,0.05,,9367,7534,454,7519,249,7250,20,7489,30,8913,0.8156625154269045,0.04846802604889506
unsw,ton,17,mask,logistic,unique,temporal,random,0.05,,9367,7534,454,7519,374,7117,28,7489,30,8913,0.8016380567710086,0.04846802604889506
unsw,ton,17,mask,logistic,unique,size,forced,0.0,,9367,7534,0,7557,0,7484,73,7484,73,9367,0.8067684424041849,0.0
unsw,ton,17,mask,logistic,unique,size,frozen,0.05,0.0056054316569625895,9367,7534,440,7557,73,7470,14,7484,73,8927,0.8383555505769016,0.046973417316109746
unsw,ton,17,mask,logistic,unique,size,cap,0.05,,9367,7534,454,7557,261,7240,56,7484,73,8913,0.8185796028273309,0.04846802604889506
unsw,ton,17,mask,logistic,unique,size,random,0.05,,9367,7534,454,7557,376,7113,68,7484,73,8913,0.8056771008639066,0.04846802604889506
unsw,ton,17,mask,logistic,unique,tcp,forced,0.0,,9367,7534,0,7290,0,7229,61,7229,61,9367,0.7782641187146365,0.0
unsw,ton,17,mask,logistic,unique,tcp,frozen,0.05,0.0056054316569625895,9367,7534,343,7290,97,7177,16,7229,61,9024,0.7970966312056738,0.0366179139532401
unsw,ton,17,mask,logistic,unique,tcp,cap,0.05,,9367,7534,454,7290,304,6958,28,7229,61,8913,0.783798945360709,0.04846802604889506
unsw,ton,17,mask,logistic,unique,tcp,random,0.05,,9367,7534,454,7290,359,6872,59,7229,61,8913,0.7776281835521149,0.04846802604889506
unsw,ton,17,mask,logistic,unique,temporal+tcp,forced,0.0,,9367,7534,0,7253,0,7208,45,7208,45,9367,0.7743140813494181,0.0
unsw,ton,17,mask,logistic,unique,temporal+tcp,frozen,0.05,0.0056054316569625895,9367,7534,224,7253,49,7188,16,7208,45,9143,0.787925188668927,0.023913739724564963
unsw,ton,17,mask,logistic,unique,temporal+tcp,cap,0.05,,9367,7534,454,7253,221,7011,21,7208,45,8913,0.7889599461460788,0.04846802604889506
unsw,ton,17,mask,logistic,unique,temporal+tcp,random,0.05,,9367,7534,454,7253,359,6851,43,7208,45,8913,0.7734769437899697,0.04846802604889506
unsw,ton,17,mask,logistic,weighted,clean,forced,0.0,,11290,8836,0,8834,0,8799,35,8799,35,11290,0.7824623560673162,0.0
unsw,ton,17,mask,logistic,weighted,clean,frozen,0.05,0.0056054316569625895,11290,8836,894,8834,623,8193,18,8799,35,10396,0.7898230088495575,0.07918511957484499
unsw,ton,17,mask,logistic,weighted,clean,cap,0.05,,11290,8836,542,8834,329,8483,22,8799,35,10748,0.7913100111648679,0.04800708591674048
unsw,ton,17,mask,logistic,weighted,clean,random,0.05,,11290,8836,542,8834,436,8365,33,8799,35,10748,0.7813546706363975,0.04800708591674048
unsw,ton,17,mask,logistic,weighted,temporal,forced,0.0,,11290,8836,0,8825,0,8791,34,8791,34,11290,0.7816651904340124,0.0
unsw,ton,17,mask,logistic,weighted,temporal,frozen,0.05,0.0056054316569625895,11290,8836,386,8825,91,8716,18,8791,34,10904,0.8009904622157007,0.0341895482728078
unsw,ton,17,mask,logistic,weighted,temporal,cap,0.05,,11290,8836,542,8825,295,8508,22,8791,34,10748,0.7936360253070339,0.04800708591674048
unsw,ton,17,mask,logistic,weighted,temporal,random,0.05,,11290,8836,542,8825,436,8358,31,8791,34,10748,0.7805173055452177,0.04800708591674048
unsw,ton,17,mask,logistic,weighted,size,forced,0.0,,11290,8836,0,8862,0,8786,76,8786,76,11290,0.7849424269264836,0.0
unsw,ton,17,mask,logistic,weighted,size,frozen,0.05,0.0056054316569625895,11290,8836,453,8862,74,8772,16,8786,76,10837,0.8109255328965581,0.04012400354295837
unsw,ton,17,mask,logistic,weighted,size,cap,0.05,,11290,8836,542,8862,322,8496,44,8786,76,10748,0.7945664309639002,0.04800708591674048
unsw,ton,17,mask,logistic,weighted,size,random,0.05,,11290,8836,542,8862,439,8352,71,8786,76,10748,0.7836806847785635,0.04800708591674048
unsw,ton,17,mask,logistic,weighted,tcp,forced,0.0,,11290,8836,0,8203,0,8139,64,8139,64,11290,0.7265721877767937,0.0
unsw,ton,17,mask,logistic,weighted,tcp,frozen,0.05,0.0056054316569625895,11290,8836,426,8203,100,8084,19,8139,64,10864,0.7458578792341679,0.03773250664304694
unsw,ton,17,mask,logistic,weighted,tcp,cap,0.05,,11290,8836,542,8203,358,7820,25,8139,64,10748,0.7299032378116859,0.04800708591674048
unsw,ton,17,mask,logistic,weighted,tcp,random,0.05,,11290,8836,542,8203,406,7735,62,8139,64,10748,0.7254372906587272,0.04800708591674048
unsw,ton,17,mask,logistic,weighted,temporal+tcp,forced,0.0,,11290,8836,0,8164,0,8115,49,8115,49,11290,0.7231178033658104,0.0
unsw,ton,17,mask,logistic,weighted,temporal+tcp,frozen,0.05,0.0056054316569625895,11290,8836,231,8164,50,8095,19,8115,49,11059,0.733701057961841,0.02046058458813109
unsw,ton,17,mask,logistic,weighted,temporal+tcp,cap,0.05,,11290,8836,542,8164,270,7871,23,8115,49,10748,0.7344622255303312,0.04800708591674048
unsw,ton,17,mask,logistic,weighted,temporal+tcp,random,0.05,,11290,8836,542,8164,406,7712,46,8115,49,10748,0.7218087085969482,0.04800708591674048
unsw,cic,17,mask,logistic,unique,clean,forced,0.0,,12192,306,0,2907,0,247,2660,247,2660,12192,0.23843503937007873,0.0
unsw,cic,17,mask,logistic,unique,clean,frozen,0.05,0.0056054316569625895,12192,306,1540,2907,299,220,2388,247,2660,10652,0.24483665039429214,0.12631233595800526
unsw,cic,17,mask,logistic,unique,clean,cap,0.05,,12192,306,599,2907,171,238,2498,247,2660,11593,0.23600448546536704,0.04913057742782152
unsw,cic,17,mask,logistic,unique,clean,random,0.05,,12192,306,599,2907,146,232,2529,247,2660,11593,0.23816095919951694,0.04913057742782152
unsw,cic,17,mask,logistic,unique,temporal,forced,0.0,,12192,306,0,3259,0,249,3010,249,3010,12192,0.26730643044619423,0.0
unsw,cic,17,mask,logistic,unique,temporal,frozen,0.05,0.0056054316569625895,12192,306,938,3259,508,239,2512,249,3010,11254,0.2444464190510041,0.07693569553805775
unsw,cic,17,mask,logistic,unique,temporal,cap,0.05,,12192,306,599,3259,318,242,2699,249,3010,11593,0.2536875700853964,0.04913057742782152
unsw,cic,17,mask,logistic,unique,temporal,random,0.05,,12192,306,599,3259,155,234,2870,249,3010,11593,0.2677477788320538,0.04913057742782152
unsw,cic,17,mask,logistic,unique,size,forced,0.0,,12192,306,0,3286,0,236,3050,236,3050,12192,0.2695209973753281,0.0
unsw,cic,17,mask,logistic,unique,size,frozen,0.05,0.0056054316569625895,12192,306,2422,3286,888,135,2263,236,3050,9770,0.24544524053224157,0.1986548556430446
unsw,cic,17,mask,logistic,unique,size,cap,0.05,,12192,306,599,3286,348,234,2704,236,3050,11593,0.2534287932372984,0.04913057742782152
unsw,cic,17,mask,logistic,unique,size,random,0.05,,12192,306,599,3286,168,222,2896,236,3050,11593,0.26895540412317775,0.04913057742782152
unsw,cic,17,mask,logistic,unique,tcp,forced,0.0,,12192,306,0,2905,0,246,2659,246,2659,12192,0.2382709973753281,0.0
unsw,cic,17,mask,logistic,unique,tcp,frozen,0.05,0.0056054316569625895,12192,306,2078,2905,335,213,2357,246,2659,10114,0.2541032232548942,0.17043963254593175
unsw,cic,17,mask,logistic,unique,tcp,cap,0.05,,12192,306,599,2905,163,239,2503,246,2659,11593,0.236522039161563,0.04913057742782152
unsw,cic,17,mask,logistic,unique,tcp,random,0.05,,12192,306,599,2905,143,231,2531,246,2659,11593,0.23824721814888294,0.04913057742782152
unsw,cic,17,mask,logistic,unique,temporal+tcp,forced,0.0,,12192,306,0,3351,0,247,3104,247,3104,12192,0.2748523622047244,0.0
unsw,cic,17,mask,logistic,unique,temporal+tcp,frozen,0.05,0.0056054316569625895,12192,306,1183,3351,542,227,2582,247,3104,11009,0.2551548732854937,0.09703083989501313
unsw,cic,17,mask,logistic,unique,temporal+tcp,cap,0.05,,12192,306,599,3351,277,234,2840,247,3104,11593,0.26516001035107395,0.04913057742782152
unsw,cic,17,mask,logistic,unique,temporal+tcp,random,0.05,,12192,306,599,3351,158,232,2961,247,3104,11593,0.2754248253256275,0.04913057742782152
unsw,cic,17,mask,logistic,weighted,clean,forced,0.0,,13275,1267,0,3877,0,1207,2670,1207,2670,13275,0.2920527306967985,0.0
unsw,cic,17,mask,logistic,weighted,clean,frozen,0.05,0.0056054316569625895,13275,1267,1547,3877,301,1179,2397,1207,2670,11728,0.3049113233287858,0.11653483992467044
unsw,cic,17,mask,logistic,weighted,clean,cap,0.05,,13275,1267,652,3877,177,1197,2503,1207,2670,12623,0.29311574110750216,0.04911487758945386
unsw,cic,17,mask,logistic,weighted,clean,random,0.05,,13275,1267,652,3877,176,1150,2551,1207,2670,12623,0.2931949615780718,0.04911487758945386
unsw,cic,17,mask,logistic,weighted,temporal,forced,0.0,,13275,1267,0,4229,0,1209,3020,1209,3020,13275,0.3185687382297552,0.0
unsw,cic,17,mask,logistic,weighted,temporal,frozen,0.05,0.0056054316569625895,13275,1267,945,4229,511,1198,2520,1209,3020,12330,0.30154095701540956,0.0711864406779661
unsw,cic,17,mask,logistic,weighted,temporal,cap,0.05,,13275,1267,652,4229,350,1203,2676,1209,3020,12623,0.3072962053394597,0.04911487758945386
unsw,cic,17,mask,logistic,weighted,temporal,random,0.05,,13275,1267,652,4229,189,1152,2888,1209,3020,12623,0.3200507011011645,0.04911487758945386
unsw,cic,17,mask,logistic,weighted,size,forced,0.0,,13275,1267,0,4256,0,1196,3060,1196,3060,13275,0.32060263653483995,0.0
unsw,cic,17,mask,logistic,weighted,size,frozen,0.05,0.0056054316569625895,13275,1267,3071,4256,1528,457,2271,1196,3060,10204,0.2673461387691102,0.23133709981167608
unsw,cic,17,mask,logistic,weighted,size,cap,0.05,,13275,1267,652,4256,376,1194,2686,1196,3060,12623,0.3073754258100293,0.04911487758945386
unsw,cic,17,mask,logistic,weighted,size,random,0.05,,13275,1267,652,4256,192,1140,2924,1196,3060,12623,0.32195199239483485,0.04911487758945386
unsw,cic,17,mask,logistic,weighted,tcp,forced,0.0,,13275,1267,0,3875,0,1206,2669,1206,2669,13275,0.2919020715630885,0.0
unsw,cic,17,mask,logistic,weighted,tcp,frozen,0.05,0.0056054316569625895,13275,1267,2088,3875,336,1173,2366,1206,2669,11187,0.3163493340484491,0.15728813559322033
unsw,cic,17,mask,logistic,weighted,tcp,cap,0.05,,13275,1267,652,3875,168,1199,2508,1206,2669,12623,0.29367028440148935,0.04911487758945386
unsw,cic,17,mask,logistic,weighted,tcp,random,0.05,,13275,1267,652,3875,176,1149,2550,1206,2669,12623,0.2930365206369326,0.04911487758945386
unsw,cic,17,mask,logistic,weighted,temporal+tcp,forced,0.0,,13275,1267,0,4321,0,1207,3114,1207,3114,13275,0.3254990583804143,0.0
unsw,cic,17,mask,logistic,weighted,temporal+tcp,frozen,0.05,0.0056054316569625895,13275,1267,1192,4321,543,1187,2591,1207,3114,12083,0.3126706943639825,0.08979284369114877
unsw,cic,17,mask,logistic,weighted,temporal+tcp,cap,0.05,,13275,1267,652,4321,298,1194,2829,1207,3114,12623,0.3187039531014814,0.04911487758945386
unsw,cic,17,mask,logistic,weighted,temporal+tcp,random,0.05,,13275,1267,652,4321,194,1150,2977,1207,3114,12623,0.3269428820407193,0.04911487758945386
unsw,ton,17,mask,forest,unique,clean,forced,0.0,,9367,7534,0,5010,0,3716,1294,3716,1294,9367,0.534856410803886,0.0
unsw,ton,17,mask,forest,unique,clean,frozen,0.05,0.009047619047618971,9367,7534,9367,5010,5010,0,0,3716,1294,0,,1.0
unsw,ton,17,mask,forest,unique,clean,cap,0.05,,9367,7534,454,5010,201,3565,1244,3716,1294,8913,0.5395489734096264,0.04846802604889506
unsw,ton,17,mask,forest,unique,clean,random,0.05,,9367,7534,454,5010,236,3536,1238,3716,1294,8913,0.5356221249859755,0.04846802604889506
unsw,ton,17,mask,forest,unique,temporal,forced,0.0,,9367,7534,0,3734,0,2371,1363,2371,1363,9367,0.39863350058716773,0.0
unsw,ton,17,mask,forest,unique,temporal,frozen,0.05,0.009047619047618971,9367,7534,9367,3734,3734,0,0,2371,1363,0,,1.0
unsw,ton,17,mask,forest,unique,temporal,cap,0.05,,9367,7534,454,3734,210,2200,1324,2371,1363,8913,0.39537753842701673,0.04846802604889506
unsw,ton,17,mask,forest,unique,temporal,random,0.05,,9367,7534,454,3734,172,2259,1303,2371,1363,8913,0.3996409738584091,0.04846802604889506
unsw,ton,17,mask,forest,unique,size,forced,0.0,,9367,7534,0,3100,0,1692,1408,1692,1408,9367,0.3309490765453187,0.0
unsw,ton,17,mask,forest,unique,size,frozen,0.05,0.009047619047618971,9367,7534,9367,3100,3100,0,0,1692,1408,0,,1.0
unsw,ton,17,mask,forest,unique,size,cap,0.05,,9367,7534,454,3100,169,1692,1239,1692,1408,8913,0.32884550656344663,0.04846802604889506
unsw,ton,17,mask,forest,unique,size,random,0.05,,9367,7534,454,3100,147,1608,1345,1692,1408,8913,0.3313138112868843,0.04846802604889506
unsw,ton,17,mask,forest,unique,tcp,forced,0.0,,9367,7534,0,4910,0,3648,1262,3648,1262,9367,0.5241806341411338,0.0
unsw,ton,17,mask,forest,unique,tcp,frozen,0.05,0.009047619047618971,9367,7534,9367,4910,4910,0,0,3648,1262,0,,1.0
unsw,ton,17,mask,forest,unique,tcp,cap,0.05,,9367,7534,454,4910,212,3474,1224,3648,1262,8913,0.5270952541231908,0.04846802604889506
unsw,ton,17,mask,forest,unique,tcp,random,0.05,,9367,7534,454,4910,234,3470,1206,3648,1262,8913,0.5246269493997532,0.04846802604889506
unsw,ton,17,mask,forest,unique,temporal+tcp,forced,0.0,,9367,7534,0,3568,0,2215,1353,2215,1353,9367,0.380911711326999,0.0
unsw,ton,17,mask,forest,unique,temporal+tcp,frozen,0.05,0.009047619047618971,9367,7534,9367,3568,3568,0,0,2215,1353,0,,1.0
unsw,ton,17,mask,forest,unique,temporal+tcp,cap,0.05,,9367,7534,454,3568,95,2158,1315,2215,1353,8913,0.3896555592954112,0.04846802604889506
unsw,ton,17,mask,forest,unique,temporal+tcp,random,0.05,,9367,7534,454,3568,165,2111,1292,2215,1353,8913,0.3818018624481095,0.04846802604889506
unsw,ton,17,mask,forest,weighted,clean,forced,0.0,,11290,8836,0,5971,0,4622,1349,4622,1349,11290,0.5288751107174491,0.0
unsw,ton,17,mask,forest,weighted,clean,frozen,0.05,0.009047619047618971,11290,8836,11290,5971,5971,0,0,4622,1349,0,,1.0
unsw,ton,17,mask,forest,weighted,clean,cap,0.05,,11290,8836,542,5971,268,4422,1281,4622,1349,10748,0.5306103461109044,0.04800708591674048
unsw,ton,17,mask,forest,weighted,clean,random,0.05,,11290,8836,542,5971,287,4388,1296,4622,1349,10748,0.5288425753628582,0.04800708591674048
unsw,ton,17,mask,forest,weighted,temporal,forced,0.0,,11290,8836,0,4695,0,3276,1419,3276,1419,11290,0.4158547387068202,0.0
unsw,ton,17,mask,forest,weighted,temporal,frozen,0.05,0.009047619047618971,11290,8836,11290,4695,4695,0,0,3276,1419,0,,1.0
unsw,ton,17,mask,forest,weighted,temporal,cap,0.05,,11290,8836,542,4695,260,3073,1362,3276,1419,10748,0.4126349088202456,0.04800708591674048
unsw,ton,17,mask,forest,weighted,temporal,random,0.05,,11290,8836,542,4695,230,3101,1364,3276,1419,10748,0.4154261257908448,0.04800708591674048
unsw,ton,17,mask,forest,weighted,size,forced,0.0,,11290,8836,0,4059,0,2595,1464,2595,1464,11290,0.3595217006200177,0.0
unsw,ton,17,mask,forest,weighted,size,frozen,0.05,0.009047619047618971,11290,8836,11290,4059,4059,0,0,2595,1464,0,,1.0
unsw,ton,17,mask,forest,weighted,size,cap,0.05,,11290,8836,542,4059,202,2595,1262,2595,1464,10748,0.3588574618533681,0.04800708591674048
unsw,ton,17,mask,forest,weighted,size,random,0.05,,11290,8836,542,4059,188,2464,1407,2595,1464,10748,0.360160029772981,0.04800708591674048
unsw,ton,17,mask,forest,weighted,tcp,forced,0.0,,11290,8836,0,5870,0,4554,1316,4554,1316,11290,0.5199291408325952,0.0
unsw,ton,17,mask,forest,weighted,tcp,frozen,0.05,0.009047619047618971,11290,8836,11290,5870,5870,0,0,4554,1316,0,,1.0
unsw,ton,17,mask,forest,weighted,tcp,cap,0.05,,11290,8836,542,5870,269,4337,1264,4554,1316,10748,0.5211202084108671,0.04800708591674048
unsw,ton,17,mask,forest,weighted,tcp,random,0.05,,11290,8836,542,5870,279,4326,1265,4554,1316,10748,0.5201898027540007,0.04800708591674048
unsw,ton,17,mask,forest,weighted,temporal+tcp,forced,0.0,,11290,8836,0,4527,0,3118,1409,3118,1409,11290,0.4009743135518158,0.0
unsw,ton,17,mask,forest,weighted,temporal+tcp,frozen,0.05,0.009047619047618971,11290,8836,11290,4527,4527,0,0,3118,1409,0,,1.0
unsw,ton,17,mask,forest,weighted,temporal+tcp,cap,0.05,,11290,8836,542,4527,140,3029,1358,3118,1409,10748,0.40816896166728694,0.04800708591674048
unsw,ton,17,mask,forest,weighted,temporal+tcp,random,0.05,,11290,8836,542,4527,209,2966,1352,3118,1409,10748,0.40174916263490884,0.04800708591674048
unsw,cic,17,mask,forest,unique,clean,forced,0.0,,12192,306,0,10402,0,61,10341,61,10341,12192,0.8531824146981627,0.0
unsw,cic,17,mask,forest,unique,clean,frozen,0.05,0.009047619047618971,12192,306,12192,10402,10402,0,0,61,10341,0,,1.0
unsw,cic,17,mask,forest,unique,clean,cap,0.05,,12192,306,599,10402,555,61,9786,61,10341,11593,0.8493918744069697,0.04913057742782152
unsw,cic,17,mask,forest,unique,clean,random,0.05,,12192,306,599,10402,505,59,9838,61,10341,11593,0.8537048218752695,0.04913057742782152
unsw,cic,17,mask,forest,unique,temporal,forced,0.0,,12192,306,0,10406,0,60,10346,60,10346,12192,0.853510498687664,0.0
unsw,cic,17,mask,forest,unique,temporal,frozen,0.05,0.009047619047618971,12192,306,12192,10406,10406,0,0,60,10346,0,,1.0
unsw,cic,17,mask,forest,unique,temporal,cap,0.05,,12192,306,599,10406,531,57,9818,60,10346,11593,0.8518071249892176,0.04913057742782152
unsw,cic,17,mask,forest,unique,temporal,random,0.05,,12192,306,599,10406,505,58,9843,60,10346,11593,0.8540498576727336,0.04913057742782152
unsw,cic,17,mask,forest,unique,size,forced,0.0,,12192,306,0,10406,0,57,10349,57,10349,12192,0.853510498687664,0.0
unsw,cic,17,mask,forest,unique,size,frozen,0.05,0.009047619047618971,12192,306,12192,10406,10406,0,0,57,10349,0,,1.0
unsw,cic,17,mask,forest,unique,size,cap,0.05,,12192,306,599,10406,570,55,9781,57,10349,11593,0.8484430259639437,0.04913057742782152
unsw,cic,17,mask,forest,unique,size,random,0.05,,12192,306,599,10406,506,55,9845,57,10349,11593,0.8539635987233676,0.04913057742782152
unsw,cic,17,mask,forest,unique,tcp,forced,0.0,,12192,306,0,9871,0,70,9801,70,9801,12192,0.8096292650918635,0.0
unsw,cic,17,mask,forest,unique,tcp,frozen,0.05,0.009047619047618971,12192,306,12192,9871,9871,0,0,70,9801,0,,1.0
unsw,cic,17,mask,forest,unique,tcp,cap,0.05,,12192,306,599,9871,305,65,9501,70,9801,11593,0.8251531096351247,0.04913057742782152
unsw,cic,17,mask,forest,unique,tcp,random,0.05,,12192,306,599,9871,478,67,9326,70,9801,11593,0.8102303113948072,0.04913057742782152
unsw,cic,17,mask,forest,unique,temporal+tcp,forced,0.0,,12192,306,0,10397,0,59,10338,59,10338,12192,0.852772309711286,0.0
unsw,cic,17,mask,forest,unique,temporal+tcp,frozen,0.05,0.009047619047618971,12192,306,12192,10397,10397,0,0,59,10338,0,,1.0
unsw,cic,17,mask,forest,unique,temporal+tcp,cap,0.05,,12192,306,599,10397,557,58,9782,59,10338,11593,0.8487880617614078,0.04913057742782152
unsw,cic,17,mask,forest,unique,temporal+tcp,random,0.05,,12192,306,599,10397,505,57,9835,59,10338,11593,0.8532735271284396,0.04913057742782152
unsw,cic,17,mask,forest,weighted,clean,forced,0.0,,13275,1267,0,10446,0,66,10380,66,10380,13275,0.7868926553672316,0.0
unsw,cic,17,mask,forest,weighted,clean,frozen,0.05,0.009047619047618971,13275,1267,13275,10446,10446,0,0,66,10380,0,,1.0
unsw,cic,17,mask,forest,weighted,clean,cap,0.05,,13275,1267,652,10446,606,66,9774,66,10380,12623,0.7795294304048166,0.04911487758945386
unsw,cic,17,mask,forest,weighted,clean,random,0.05,,13275,1267,652,10446,514,61,9871,66,10380,12623,0.7868177136972193,0.04911487758945386
unsw,cic,17,mask,forest,weighted,temporal,forced,0.0,,13275,1267,0,10450,0,65,10385,65,10385,13275,0.7871939736346516,0.0
unsw,cic,17,mask,forest,weighted,temporal,frozen,0.05,0.009047619047618971,13275,1267,13275,10450,10450,0,0,65,10385,0,,1.0
unsw,cic,17,mask,forest,weighted,temporal,cap,0.05,,13275,1267,652,10450,576,62,9812,65,10385,12623,0.7822229264041829,0.04911487758945386
unsw,cic,17,mask,forest,weighted,temporal,random,0.05,,13275,1267,652,10450,514,60,9876,65,10385,12623,0.7871345955794977,0.04911487758945386
unsw,cic,17,mask,forest,weighted,size,forced,0.0,,13275,1267,0,10449,0,61,10388,61,10388,13275,0.7871186440677966,0.0
unsw,cic,17,mask,forest,weighted,size,frozen,0.05,0.009047619047618971,13275,1267,13275,10449,10449,0,0,61,10388,0,,1.0
unsw,cic,17,mask,forest,weighted,size,cap,0.05,,13275,1267,652,10449,623,59,9767,61,10388,12623,0.7784203438168422,0.04911487758945386
unsw,cic,17,mask,forest,weighted,size,random,0.05,,13275,1267,652,10449,513,57,9879,61,10388,12623,0.7871345955794977,0.04911487758945386
unsw,cic,17,mask,forest,weighted,tcp,forced,0.0,,13275,1267,0,9913,0,76,9837,76,9837,13275,0.7467419962335217,0.0
unsw,cic,17,mask,forest,weighted,tcp,frozen,0.05,0.009047619047618971,13275,1267,13275,9913,9913,0,0,76,9837,0,,1.0
unsw,cic,17,mask,forest,weighted,tcp,cap,0.05,,13275,1267,652,9913,330,70,9513,76,9837,12623,0.7591697694684306,0.04911487758945386
unsw,cic,17,mask,forest,weighted,tcp,random,0.05,,13275,1267,652,9913,494,70,9349,76,9837,12623,0.746177612295017,0.04911487758945386
unsw,cic,17,mask,forest,weighted,temporal+tcp,forced,0.0,,13275,1267,0,10441,0,64,10377,64,10377,13275,0.7865160075329567,0.0
unsw,cic,17,mask,forest,weighted,temporal+tcp,frozen,0.05,0.009047619047618971,13275,1267,13275,10441,10441,0,0,64,10377,0,,1.0
unsw,cic,17,mask,forest,weighted,temporal+tcp,cap,0.05,,13275,1267,652,10441,609,63,9769,64,10377,12623,0.7788956666402599,0.04911487758945386
unsw,cic,17,mask,forest,weighted,temporal+tcp,random,0.05,,13275,1267,652,10441,514,59,9868,64,10377,12623,0.7864216113443714,0.04911487758945386
unsw,ton,29,clean,logistic,unique,clean,forced,0.0,,9367,7534,0,7553,0,7505,48,7505,48,9367,0.8063414113376748,0.0
unsw,ton,29,clean,logistic,unique,clean,frozen,0.05,0.009840849172354948,9367,7534,270,7553,67,7472,14,7505,48,9097,0.8229086512036935,0.028824596989430983
unsw,ton,29,clean,logistic,unique,clean,cap,0.05,,9367,7534,454,7553,284,7241,28,7505,48,8913,0.8155503197576573,0.04846802604889506
unsw,ton,29,clean,logistic,unique,clean,random,0.05,,9367,7534,454,7553,377,7129,47,7505,48,8913,0.8051161225176708,0.04846802604889506
unsw,ton,29,clean,logistic,unique,temporal,forced,0.0,,9367,7534,0,7544,0,7527,17,7527,17,9367,0.8053805914380271,0.0
unsw,ton,29,clean,logistic,unique,temporal,frozen,0.05,0.009840849172354948,9367,7534,80,7544,50,7482,12,7527,17,9287,0.806934424464305,0.008540621330201772
unsw,ton,29,clean,logistic,unique,temporal,cap,0.05,,9367,7534,454,7544,276,7255,13,7527,17,8913,0.8154381240884102,0.04846802604889506
unsw,ton,29,clean,logistic,unique,temporal,random,0.05,,9367,7534,454,7544,377,7150,17,7527,17,8913,0.8041063614944464,0.04846802604889506
unsw,ton,29,clean,logistic,unique,size,forced,0.0,,9367,7534,0,7575,0,7523,52,7523,52,9367,0.8086900822034803,0.0
unsw,ton,29,clean,logistic,unique,size,frozen,0.05,0.009840849172354948,9367,7534,492,7575,98,7463,14,7523,52,8875,0.8424788732394366,0.0525248211807409
unsw,ton,29,clean,logistic,unique,size,cap,0.05,,9367,7534,454,7575,288,7241,46,7523,52,8913,0.8175698418041064,0.04846802604889506
unsw,ton,29,clean,logistic,unique,size,random,0.05,,9367,7534,454,7575,379,7146,50,7523,52,8913,0.8073600359026142,0.04846802604889506
unsw,ton,29,clean,logistic,unique,tcp,forced,0.0,,9367,7534,0,7303,0,7259,44,7259,44,9367,0.7796519696807943,0.0
unsw,ton,29,clean,logistic,unique,tcp,frozen,0.05,0.009840849172354948,9367,7534,309,7303,91,7199,13,7259,44,9058,0.7962022521527932,0.03298814988790434
unsw,ton,29,clean,logistic,unique,tcp,cap,0.05,,9367,7534,454,7303,289,6988,26,7259,44,8913,0.7869404240996297,0.04846802604889506
unsw,ton,29,clean,logistic,unique,tcp,random,0.05,,9367,7534,454,7303,371,6889,43,7259,44,8913,0.7777403792213621,0.04846802604889506
unsw,ton,29,clean,logistic,unique,temporal+tcp,forced,0.0,,9367,7534,0,7265,0,7250,15,7250,15,9367,0.7755951745489484,0.0
unsw,ton,29,clean,logistic,unique,temporal+tcp,frozen,0.05,0.009840849172354948,9367,7534,360,7265,53,7201,11,7250,15,9007,0.8007105584545353,0.03843279598590797
unsw,ton,29,clean,logistic,unique,temporal+tcp,cap,0.05,,9367,7534,454,7265,231,7023,11,7250,15,8913,0.7891843374845731,0.04846802604889506
unsw,ton,29,clean,logistic,unique,temporal+tcp,random,0.05,,9367,7534,454,7265,368,6882,15,7250,15,8913,0.7738135307977112,0.04846802604889506
unsw,ton,29,clean,logistic,weighted,clean,forced,0.0,,11290,8836,0,8858,0,8807,51,8807,51,11290,0.7845881310894597,0.0
unsw,ton,29,clean,logistic,weighted,clean,frozen,0.05,0.009840849172354948,11290,8836,310,8858,68,8774,16,8807,51,10980,0.8005464480874317,0.02745792736935341
unsw,ton,29,clean,logistic,weighted,clean,cap,0.05,,11290,8836,542,8858,333,8498,27,8807,51,10748,0.7931708224786007,0.04800708591674048
unsw,ton,29,clean,logistic,weighted,clean,random,0.05,,11290,8836,542,8858,428,8382,48,8807,51,10748,0.78433196873837,0.04800708591674048
unsw,ton,29,clean,logistic,weighted,temporal,forced,0.0,,11290,8836,0,8849,0,8829,20,8829,20,11290,0.7837909654561559,0.0
unsw,ton,29,clean,logistic,weighted,temporal,frozen,0.05,0.009840849172354948,11290,8836,82,8849,51,8784,14,8829,20,11208,0.7849750178443968,0.007263064658990257
unsw,ton,29,clean,logistic,weighted,temporal,cap,0.05,,11290,8836,542,8849,328,8507,14,8829,20,10748,0.7927986602158541,0.04800708591674048
unsw,ton,29,clean,logistic,weighted,temporal,random,0.05,,11290,8836,542,8849,427,8403,19,8829,20,10748,0.7835876442128769,0.04800708591674048
unsw,ton,29,clean,logistic,weighted,size,forced,0.0,,11290,8836,0,8880,0,8825,55,8825,55,11290,0.7865367581930912,0.0
unsw,ton,29,clean,logistic,weighted,size,frozen,0.05,0.009840849172354948,11290,8836,536,8880,99,8765,16,8825,55,10754,0.8165333829272828,0.047475642161204604
unsw,ton,29,clean,logistic,weighted,size,cap,0.05,,11290,8836,542,8880,336,8496,48,8825,55,10748,0.7949385932266468,0.04800708591674048
unsw,ton,29,clean,logistic,weighted,size,random,0.05,,11290,8836,542,8880,427,8399,54,8825,55,10748,0.7864719017491626,0.04800708591674048
unsw,ton,29,clean,logistic,weighted,tcp,forced,0.0,,11290,8836,0,8258,0,8211,47,8211,47,11290,0.7314437555358725,0.0
unsw,ton,29,clean,logistic,weighted,tcp,frozen,0.05,0.009840849172354948,11290,8836,385,8258,134,8109,15,8211,47,10905,0.7449793672627235,0.034100974313551816
unsw,ton,29,clean,logistic,weighted,tcp,cap,0.05,,11290,8836,542,8258,364,7871,23,8211,47,10748,0.7344622255303312,0.04800708591674048
unsw,ton,29,clean,logistic,weighted,tcp,random,0.05,,11290,8836,542,8258,403,7810,45,8211,47,10748,0.7308336434685523,0.04800708591674048
unsw,ton,29,clean,logistic,weighted,temporal+tcp,forced,0.0,,11290,8836,0,8175,0,8157,18,8157,18,11290,0.7240921169176262,0.0
unsw,ton,29,clean,logistic,weighted,temporal+tcp,frozen,0.05,0.009840849172354948,11290,8836,757,8175,54,8108,13,8157,18,10533,0.7710054115636571,0.0670504871567759
unsw,ton,29,clean,logistic,weighted,temporal+tcp,cap,0.05,,11290,8836,542,8175,279,7883,13,8157,18,10748,0.7346483066617046,0.04800708591674048
unsw,ton,29,clean,logistic,weighted,temporal+tcp,random,0.05,,11290,8836,542,8175,400,7758,17,8157,18,10748,0.7233903982136212,0.04800708591674048
unsw,cic,29,clean,logistic,unique,clean,forced,0.0,,12192,306,0,2811,0,247,2564,247,2564,12192,0.23056102362204725,0.0
unsw,cic,29,clean,logistic,unique,clean,frozen,0.05,0.009840849172354948,12192,306,848,2811,349,239,2223,247,2564,11344,0.21703102961918194,0.06955380577427822
unsw,cic,29,clean,logistic,unique,clean,cap,0.05,,12192,306,599,2811,241,239,2331,247,2564,11593,0.22168549987061156,0.04913057742782152
unsw,cic,29,clean,logistic,unique,clean,random,0.05,,12192,306,599,2811,130,228,2453,247,2564,11593,0.23126024325023722,0.04913057742782152
unsw,cic,29,clean,logistic,unique,temporal,forced,0.0,,12192,306,0,2977,0,251,2726,251,2726,12192,0.2441765091863517,0.0
unsw,cic,29,clean,logistic,unique,temporal,frozen,0.05,0.009840849172354948,12192,306,1627,2977,1241,246,1490,251,2726,10565,0.16431613819214388,0.1334481627296588
unsw,cic,29,clean,logistic,unique,temporal,cap,0.05,,12192,306,599,2977,500,250,2227,251,2726,11593,0.21366341757957388,0.04913057742782152
unsw,cic,29,clean,logistic,unique,temporal,random,0.05,,12192,306,599,2977,138,232,2607,251,2726,11593,0.2448891572500647,0.04913057742782152
unsw,cic,29,clean,logistic,unique,size,forced,0.0,,12192,306,0,2740,0,246,2494,246,2494,12192,0.22473753280839895,0.0
unsw,cic,29,clean,logistic,unique,size,frozen,0.05,0.009840849172354948,12192,306,2274,2740,743,215,1782,246,2494,9918,0.20135107884654163,0.18651574803149606
unsw,cic,29,clean,logistic,unique,size,cap,0.05,,12192,306,599,2740,194,237,2309,246,2494,11593,0.21961528508582764,0.04913057742782152
unsw,cic,29,clean,logistic,unique,size,random,0.05,,12192,306,599,2740,127,227,2386,246,2494,11593,0.22539463469334944,0.04913057742782152
unsw,cic,29,clean,logistic,unique,tcp,forced,0.0,,12192,306,0,2796,0,247,2549,247,2549,12192,0.22933070866141733,0.0
unsw,cic,29,clean,logistic,unique,tcp,frozen,0.05,0.009840849172354948,12192,306,1042,2796,484,236,2076,247,2549,11150,0.2073542600896861,0.08546587926509186
unsw,cic,29,clean,logistic,unique,tcp,cap,0.05,,12192,306,599,2796,293,239,2264,247,2549,11593,0.2159061502630898,0.04913057742782152
unsw,cic,29,clean,logistic,unique,tcp,random,0.05,,12192,306,599,2796,128,227,2441,247,2549,11593,0.23013887690847926,0.04913057742782152
unsw,cic,29,clean,logistic,unique,temporal+tcp,forced,0.0,,12192,306,0,3051,0,252,2799,252,2799,12192,0.250246062992126,0.0
unsw,cic,29,clean,logistic,unique,temporal+tcp,frozen,0.05,0.009840849172354948,12192,306,2021,3051,1671,246,1134,252,2799,10171,0.13567987415200078,0.16576443569553806
unsw,cic,29,clean,logistic,unique,temporal+tcp,cap,0.05,,12192,306,599,3051,470,250,2331,252,2799,11593,0.22263434831363754,0.04913057742782152
unsw,cic,29,clean,logistic,unique,temporal+tcp,random,0.05,,12192,306,599,3051,140,232,2679,252,2799,11593,0.2510998016044165,0.04913057742782152
unsw,cic,29,clean,logistic,weighted,clean,forced,0.0,,13275,1267,0,3781,0,1207,2574,1207,2574,13275,0.2848210922787194,0.0
unsw,cic,29,clean,logistic,weighted,clean,frozen,0.05,0.009840849172354948,13275,1267,853,3781,351,1198,2232,1207,2574,12422,0.27612300756721947,0.06425612052730696
unsw,cic,29,clean,logistic,weighted,clean,cap,0.05,,13275,1267,652,3781,262,1198,2321,1207,2574,12623,0.27877683593440544,0.04911487758945386
unsw,cic,29,clean,logistic,weighted,clean,random,0.05,,13275,1267,652,3781,189,1154,2438,1207,2574,12623,0.2845599302859859,0.04911487758945386
unsw,cic,29,clean,logistic,weighted,temporal,forced,0.0,,13275,1267,0,3946,0,1211,2735,1211,2735,13275,0.29725047080979283,0.0
unsw,cic,29,clean,logistic,weighted,temporal,frozen,0.05,0.009840849172354948,13275,1267,1630,3946,1243,1206,1497,1211,2735,11645,0.2321167883211679,0.12278719397363465
unsw,cic,29,clean,logistic,weighted,temporal,cap,0.05,,13275,1267,652,3946,548,1210,2188,1211,2735,12623,0.26919115899548446,0.04911487758945386
unsw,cic,29,clean,logistic,weighted,temporal,random,0.05,,13275,1267,652,3946,191,1158,2597,1211,2735,12623,0.2974728669888299,0.04911487758945386
unsw,cic,29,clean,logistic,weighted,size,forced,0.0,,13275,1267,0,3710,0,1206,2504,1206,2504,13275,0.27947269303201505,0.0
unsw,cic,29,clean,logistic,weighted,size,frozen,0.05,0.009840849172354948,13275,1267,2282,3710,745,1174,1791,1206,2504,10993,0.2697170926953516,0.1719020715630885
unsw,cic,29,clean,logistic,weighted,size,cap,0.05,,13275,1267,652,3710,201,1197,2312,1206,2504,12623,0.2779846312287095,0.04911487758945386
unsw,cic,29,clean,logistic,weighted,size,random,0.05,,13275,1267,652,3710,184,1153,2373,1206,2504,12623,0.27933137922839263,0.04911487758945386
unsw,cic,29,clean,logistic,weighted,tcp,forced,0.0,,13275,1267,0,3766,0,1207,2559,1207,2559,13275,0.2836911487758945,0.0
unsw,cic,29,clean,logistic,weighted,tcp,frozen,0.05,0.009840849172354948,13275,1267,1046,3766,486,1195,2085,1207,2559,12229,0.2682148990105487,0.07879472693032015
unsw,cic,29,clean,logistic,weighted,tcp,cap,0.05,,13275,1267,652,3766,318,1199,2249,1207,2559,12623,0.27315218252396417,0.04911487758945386
unsw,cic,29,clean,logistic,weighted,tcp,random,0.05,,13275,1267,652,3766,186,1154,2426,1207,2559,12623,0.28360928463915075,0.04911487758945386
unsw,cic,29,clean,logistic,weighted,temporal+tcp,forced,0.0,,13275,1267,0,4020,0,1212,2808,1212,2808,13275,0.30282485875706217,0.0
unsw,cic,29,clean,logistic,weighted,temporal+tcp,frozen,0.05,0.009840849172354948,13275,1267,2028,4020,1676,1206,1138,1212,2808,11247,0.2084111318573842,0.1527683615819209
unsw,cic,29,clean,logistic,weighted,temporal+tcp,cap,0.05,,13275,1267,652,4020,516,1210,2294,1212,2808,12623,0.2775885288758615,0.04911487758945386
unsw,cic,29,clean,logistic,weighted,temporal+tcp,random,0.05,,13275,1267,652,4020,206,1159,2655,1212,2808,12623,0.302146874752436,0.04911487758945386
unsw,ton,29,clean,forest,unique,clean,forced,0.0,,9367,7534,0,6821,0,5871,950,5871,950,9367,0.7281947261663286,0.0
unsw,ton,29,clean,forest,unique,clean,frozen,0.05,0.028909645795073935,9367,7534,9367,6821,6821,0,0,5871,950,0,,1.0
unsw,ton,29,clean,forest,unique,clean,cap,0.05,,9367,7534,454,6821,382,5534,905,5871,950,8913,0.7224279142825087,0.04846802604889506
unsw,ton,29,clean,forest,unique,clean,random,0.05,,9367,7534,454,6821,342,5568,911,5871,950,8913,0.7269157410523954,0.04846802604889506
unsw,ton,29,clean,forest,unique,temporal,forced,0.0,,9367,7534,0,6842,0,5903,939,5903,939,9367,0.7304366392655066,0.0
unsw,ton,29,clean,forest,unique,temporal,frozen,0.05,0.028909645795073935,9367,7534,9366,6842,6841,1,0,5903,939,1,1.0,0.9998932422333725
unsw,ton,29,clean,forest,unique,temporal,cap,0.05,,9367,7534,454,6842,357,5582,903,5903,939,8913,0.7275889150678784,0.04846802604889506
unsw,ton,29,clean,forest,unique,temporal,random,0.05,,9367,7534,454,6842,345,5596,901,5903,939,8913,0.7289352630988444,0.04846802604889506
unsw,ton,29,clean,forest,unique,size,forced,0.0,,9367,7534,0,7394,0,7191,203,7191,203,9367,0.7893669264438988,0.0
unsw,ton,29,clean,forest,unique,size,frozen,0.05,0.028909645795073935,9367,7534,9365,7394,7393,1,0,7191,203,2,0.5,0.999786484466745
unsw,ton,29,clean,forest,unique,size,cap,0.05,,9367,7534,454,7394,240,6998,156,7191,203,8913,0.8026478177942331,0.04846802604889506
unsw,ton,29,clean,forest,unique,size,random,0.05,,9367,7534,454,7394,370,6827,197,7191,203,8913,0.7880623807921014,0.04846802604889506
unsw,ton,29,clean,forest,unique,tcp,forced,0.0,,9367,7534,0,6850,0,5894,956,5894,956,9367,0.7312907013985267,0.0
unsw,ton,29,clean,forest,unique,tcp,frozen,0.05,0.028909645795073935,9367,7534,9367,6850,6850,0,0,5894,956,0,,1.0
unsw,ton,29,clean,forest,unique,tcp,cap,0.05,,9367,7534,454,6850,405,5534,911,5894,956,8913,0.7231010882979917,0.04846802604889506
unsw,ton,29,clean,forest,unique,tcp,random,0.05,,9367,7534,454,6850,344,5589,917,5894,956,8913,0.7299450241220689,0.04846802604889506
unsw,ton,29,clean,forest,unique,temporal+tcp,forced,0.0,,9367,7534,0,6853,0,5916,937,5916,937,9367,0.7316109746984093,0.0
unsw,ton,29,clean,forest,unique,temporal+tcp,frozen,0.05,0.028909645795073935,9367,7534,9367,6853,6853,0,0,5916,937,0,,1.0
unsw,ton,29,clean,forest,unique,temporal+tcp,cap,0.05,,9367,7534,454,6853,371,5580,902,5916,937,8913,0.7272523280601368,0.04846802604889506
unsw,ton,29,clean,forest,unique,temporal+tcp,random,0.05,,9367,7534,454,6853,344,5610,899,5916,937,8913,0.7302816111298104,0.04846802604889506
unsw,ton,29,clean,forest,weighted,clean,forced,0.0,,11290,8836,0,7781,0,6777,1004,6777,1004,11290,0.6891939769707706,0.0
unsw,ton,29,clean,forest,weighted,clean,frozen,0.05,0.028909645795073935,11290,8836,11290,7781,7781,0,0,6777,1004,0,,1.0
unsw,ton,29,clean,forest,weighted,clean,cap,0.05,,11290,8836,542,7781,448,6387,946,6777,1004,10748,0.6822664681801265,0.04800708591674048
unsw,ton,29,clean,forest,weighted,clean,random,0.05,,11290,8836,542,7781,371,6452,958,6777,1004,10748,0.6894305917379978,0.04800708591674048
unsw,ton,29,clean,forest,weighted,temporal,forced,0.0,,11290,8836,0,7802,0,6809,993,6809,993,11290,0.6910540301151461,0.0
unsw,ton,29,clean,forest,weighted,temporal,frozen,0.05,0.028909645795073935,11290,8836,11289,7802,7801,1,0,6809,993,1,1.0,0.999911426040744
unsw,ton,29,clean,forest,weighted,temporal,cap,0.05,,11290,8836,542,7802,423,6437,942,6809,993,10748,0.686546334201712,0.04800708591674048
unsw,ton,29,clean,forest,weighted,temporal,random,0.05,,11290,8836,542,7802,372,6482,948,6809,993,10748,0.6912914030517305,0.04800708591674048
unsw,ton,29,clean,forest,weighted,size,forced,0.0,,11290,8836,0,8303,0,8098,205,8098,205,11290,0.7354295837023915,0.0
unsw,ton,29,clean,forest,weighted,size,frozen,0.05,0.028909645795073935,11290,8836,11288,8303,8302,1,0,8098,205,2,0.5,0.999822852081488
unsw,ton,29,clean,forest,weighted,size,cap,0.05,,11290,8836,542,8303,299,7850,154,8098,205,10748,0.7446966877558615,0.04800708591674048
unsw,ton,29,clean,forest,weighted,size,random,0.05,,11290,8836,542,8303,407,7701,195,8098,205,10748,0.7346483066617046,0.04800708591674048
unsw,ton,29,clean,forest,weighted,tcp,forced,0.0,,11290,8836,0,7810,0,6800,1010,6800,1010,11290,0.691762621789194,0.0
unsw,ton,29,clean,forest,weighted,tcp,frozen,0.05,0.028909645795073935,11290,8836,11290,7810,7810,0,0,6800,1010,0,,1.0
unsw,ton,29,clean,forest,weighted,tcp,cap,0.05,,11290,8836,542,7810,474,6383,953,6800,1010,10748,0.6825455898771865,0.04800708591674048
unsw,ton,29,clean,forest,weighted,tcp,random,0.05,,11290,8836,542,7810,373,6473,964,6800,1010,10748,0.691942687011537,0.04800708591674048
unsw,ton,29,clean,forest,weighted,temporal+tcp,forced,0.0,,11290,8836,0,7813,0,6822,991,6822,991,11290,0.6920283436669619,0.0
unsw,ton,29,clean,forest,weighted,temporal+tcp,frozen,0.05,0.028909645795073935,11290,8836,11290,7813,7813,0,0,6822,991,0,,1.0
unsw,ton,29,clean,forest,weighted,temporal+tcp,cap,0.05,,11290,8836,542,7813,439,6433,941,6822,991,10748,0.6860811313732788,0.04800708591674048
unsw,ton,29,clean,forest,weighted,temporal+tcp,random,0.05,,11290,8836,542,7813,374,6493,946,6822,991,10748,0.6921287681429104,0.04800708591674048
unsw,cic,29,clean,forest,unique,clean,forced,0.0,,12192,306,0,9510,0,81,9429,81,9429,12192,0.78001968503937,0.0
unsw,cic,29,clean,forest,unique,clean,frozen,0.05,0.028909645795073935,12192,306,12192,9510,9510,0,0,81,9429,0,,1.0
unsw,cic,29,clean,forest,unique,clean,cap,0.05,,12192,306,599,9510,389,76,9045,81,9429,11593,0.7867678771672562,0.04913057742782152
unsw,cic,29,clean,forest,unique,clean,random,0.05,,12192,306,599,9510,470,74,8966,81,9429,11593,0.7797809022686104,0.04913057742782152
unsw,cic,29,clean,forest,unique,temporal,forced,0.0,,12192,306,0,9531,0,83,9448,83,9448,12192,0.781742125984252,0.0
unsw,cic,29,clean,forest,unique,temporal,frozen,0.05,0.028909645795073935,12192,306,12192,9531,9531,0,0,83,9448,0,,1.0
unsw,cic,29,clean,forest,unique,temporal,cap,0.05,,12192,306,599,9531,366,75,9090,83,9448,11593,0.79056327093936,0.04913057742782152
unsw,cic,29,clean,forest,unique,temporal,random,0.05,,12192,306,599,9531,472,76,8983,83,9448,11593,0.7814198223065643,0.04913057742782152
unsw,cic,29,clean,forest,unique,size,forced,0.0,,12192,306,0,406,0,304,102,304,102,12192,0.0333005249343832,0.0
unsw,cic,29,clean,forest,unique,size,frozen,0.05,0.028909645795073935,12192,306,12131,406,404,2,0,304,102,61,0.03278688524590164,0.994996719160105
unsw,cic,29,clean,forest,unique,size,cap,0.05,,12192,306,599,406,24,298,84,304,102,11593,0.032950918657810746,0.04913057742782152
unsw,cic,29,clean,forest,unique,size,random,0.05,,12192,306,599,406,29,280,97,304,102,11593,0.03251962391098077,0.04913057742782152
unsw,cic,29,clean,forest,unique,tcp,forced,0.0,,12192,306,0,8878,0,102,8776,102,8776,12192,0.7281824146981627,0.0
unsw,cic,29,clean,forest,unique,tcp,frozen,0.05,0.028909645795073935,12192,306,12192,8878,8878,0,0,102,8776,0,,1.0
unsw,cic,29,clean,forest,unique,tcp,cap,0.05,,12192,306,599,8878,147,87,8644,102,8776,11593,0.7531268869145173,0.04913057742782152
unsw,cic,29,clean,forest,unique,tcp,random,0.05,,12192,306,599,8878,444,94,8340,102,8776,11593,0.7275079789528164,0.04913057742782152
unsw,cic,29,clean,forest,unique,temporal+tcp,forced,0.0,,12192,306,0,8831,0,103,8728,103,8728,12192,0.7243274278215223,0.0
unsw,cic,29,clean,forest,unique,temporal+tcp,frozen,0.05,0.028909645795073935,12192,306,12192,8831,8831,0,0,103,8728,0,,1.0
unsw,cic,29,clean,forest,unique,temporal+tcp,cap,0.05,,12192,306,599,8831,121,85,8625,103,8728,11593,0.7513154489778314,0.04913057742782152
unsw,cic,29,clean,forest,unique,temporal+tcp,random,0.05,,12192,306,599,8831,443,94,8294,103,8728,11593,0.7235400672819805,0.04913057742782152
unsw,cic,29,clean,forest,weighted,clean,forced,0.0,,13275,1267,0,9550,0,87,9463,87,9463,13275,0.71939736346516,0.0
unsw,cic,29,clean,forest,weighted,clean,frozen,0.05,0.028909645795073935,13275,1267,13275,9550,9550,0,0,87,9463,0,,1.0
unsw,cic,29,clean,forest,weighted,clean,cap,0.05,,13275,1267,652,9550,415,82,9053,87,9463,12623,0.723678998653252,0.04911487758945386
unsw,cic,29,clean,forest,weighted,clean,random,0.05,,13275,1267,652,9550,488,81,8981,87,9463,12623,0.7178959043016716,0.04911487758945386
unsw,cic,29,clean,forest,weighted,temporal,forced,0.0,,13275,1267,0,9573,0,89,9484,89,9484,13275,0.7211299435028249,0.0
unsw,cic,29,clean,forest,weighted,temporal,frozen,0.05,0.028909645795073935,13275,1267,13275,9573,9573,0,0,89,9484,0,,1.0
unsw,cic,29,clean,forest,weighted,temporal,cap,0.05,,13275,1267,652,9573,397,81,9095,89,9484,12623,0.7269270379466054,0.04911487758945386
unsw,cic,29,clean,forest,weighted,temporal,random,0.05,,13275,1267,652,9573,487,83,9003,89,9484,12623,0.7197971955953418,0.04911487758945386
unsw,cic,29,clean,forest,weighted,size,forced,0.0,,13275,1267,0,1368,0,1265,103,1265,103,13275,0.10305084745762712,0.0
unsw,cic,29,clean,forest,weighted,size,frozen,0.05,0.028909645795073935,13275,1267,13214,1368,1366,2,0,1265,103,61,0.03278688524590164,0.9954048964218456
unsw,cic,29,clean,forest,weighted,size,cap,0.05,,13275,1267,652,1368,25,1259,84,1265,103,12623,0.10639309197496633,0.04911487758945386
unsw,cic,29,clean,forest,weighted,size,random,0.05,,13275,1267,652,1368,63,1208,97,1265,103,12623,0.10338271409332171,0.04911487758945386
unsw,cic,29,clean,forest,weighted,tcp,forced,0.0,,13275,1267,0,8916,0,108,8808,108,8808,13275,0.6716384180790961,0.0
unsw,cic,29,clean,forest,weighted,tcp,frozen,0.05,0.028909645795073935,13275,1267,13275,8916,8916,0,0,108,8808,0,,1.0
unsw,cic,29,clean,forest,weighted,tcp,cap,0.05,,13275,1267,652,8916,152,93,8671,108,8808,12623,0.6942882040719321,0.04911487758945386
unsw,cic,29,clean,forest,weighted,tcp,random,0.05,,13275,1267,652,8916,451,102,8363,108,8808,12623,0.6706012833716233,0.04911487758945386
unsw,cic,29,clean,forest,weighted,temporal+tcp,forced,0.0,,13275,1267,0,8869,0,109,8760,109,8760,13275,0.6680979284369115,0.0
unsw,cic,29,clean,forest,weighted,temporal+tcp,frozen,0.05,0.028909645795073935,13275,1267,13275,8869,8869,0,0,109,8760,0,,1.0
unsw,cic,29,clean,forest,weighted,temporal+tcp,cap,0.05,,13275,1267,652,8869,125,92,8652,109,8760,12623,0.6927037946605403,0.04911487758945386
unsw,cic,29,clean,forest,weighted,temporal+tcp,random,0.05,,13275,1267,652,8869,449,103,8317,109,8760,12623,0.6670363621959915,0.04911487758945386
unsw,ton,29,repeat,logistic,unique,clean,forced,0.0,,9367,7534,0,7535,0,7501,34,7501,34,9367,0.8044197715383794,0.0
unsw,ton,29,repeat,logistic,unique,clean,frozen,0.05,0.009025573805970022,9367,7534,247,7535,36,7484,15,7501,34,9120,0.8222587719298246,0.02636916835699797
unsw,ton,29,repeat,logistic,unique,clean,cap,0.05,,9367,7534,454,7535,292,7219,24,7501,34,8913,0.8126332323572311,0.04846802604889506
unsw,ton,29,repeat,logistic,unique,clean,random,0.05,,9367,7534,454,7535,376,7125,34,7501,34,8913,0.803208796140469,0.04846802604889506
unsw,ton,29,repeat,logistic,unique,temporal,forced,0.0,,9367,7534,0,7539,0,7521,18,7521,18,9367,0.8048468026048895,0.0
unsw,ton,29,repeat,logistic,unique,temporal,frozen,0.05,0.009025573805970022,9367,7534,106,7539,44,7483,12,7521,18,9261,0.8093078501241766,0.011316323262517348
unsw,ton,29,repeat,logistic,unique,temporal,cap,0.05,,9367,7534,454,7539,267,7259,13,7521,18,8913,0.8158869067653989,0.04846802604889506
unsw,ton,29,repeat,logistic,unique,temporal,random,0.05,,9367,7534,454,7539,377,7144,18,7521,18,8913,0.8035453831482104,0.04846802604889506
unsw,ton,29,repeat,logistic,unique,size,forced,0.0,,9367,7534,0,7571,0,7525,46,7525,46,9367,0.8082630511369702,0.0
unsw,ton,29,repeat,logistic,unique,size,frozen,0.05,0.009025573805970022,9367,7534,244,7571,76,7481,14,7525,46,9123,0.8215499287515072,0.026048895057115405
unsw,ton,29,repeat,logistic,unique,size,cap,0.05,,9367,7534,454,7571,309,7232,30,7525,46,8913,0.8147649500729272,0.04846802604889506
unsw,ton,29,repeat,logistic,unique,size,random,0.05,,9367,7534,454,7571,379,7148,44,7525,46,8913,0.8069112532256255,0.04846802604889506
unsw,ton,29,repeat,logistic,unique,tcp,forced,0.0,,9367,7534,0,7289,0,7268,21,7268,21,9367,0.7781573609480089,0.0
unsw,ton,29,repeat,logistic,unique,tcp,frozen,0.05,0.009025573805970022,9367,7534,141,7289,50,7228,11,7268,21,9226,0.7846303923693908,0.015052845094480623
unsw,ton,29,repeat,logistic,unique,tcp,cap,0.05,,9367,7534,454,7289,306,6968,15,7268,21,8913,0.7834623583529676,0.04846802604889506
unsw,ton,29,repeat,logistic,unique,tcp,random,0.05,,9367,7534,454,7289,371,6897,21,7268,21,8913,0.7761696398519017,0.04846802604889506
unsw,ton,29,repeat,logistic,unique,temporal+tcp,forced,0.0,,9367,7534,0,7264,0,7250,14,7250,14,9367,0.7754884167823209,0.0
unsw,ton,29,repeat,logistic,unique,temporal+tcp,frozen,0.05,0.009025573805970022,9367,7534,360,7264,54,7202,8,7250,14,9007,0.800488508937493,0.03843279598590797
unsw,ton,29,repeat,logistic,unique,temporal+tcp,cap,0.05,,9367,7534,454,7264,234,7022,8,7250,14,8913,0.7887355548075844,0.04846802604889506
unsw,ton,29,repeat,logistic,unique,temporal+tcp,random,0.05,,9367,7534,454,7264,368,6882,14,7250,14,8913,0.7737013351284641,0.04846802604889506
unsw,ton,29,repeat,logistic,weighted,clean,forced,0.0,,11290,8836,0,8841,0,8803,38,8803,38,11290,0.7830823737821081,0.0
unsw,ton,29,repeat,logistic,weighted,clean,frozen,0.05,0.009025573805970022,11290,8836,284,8841,37,8786,18,8803,38,11006,0.7999273123750681,0.025155004428697964
unsw,ton,29,repeat,logistic,weighted,clean,cap,0.05,,11290,8836,542,8841,342,8474,25,8803,38,10748,0.7907517677707481,0.04800708591674048
unsw,ton,29,repeat,logistic,weighted,clean,random,0.05,,11290,8836,542,8841,426,8378,37,8803,38,10748,0.7829363602530703,0.04800708591674048
unsw,ton,29,repeat,logistic,weighted,temporal,forced,0.0,,11290,8836,0,8845,0,8823,22,8823,22,11290,0.7834366696191319,0.0
unsw,ton,29,repeat,logistic,weighted,temporal,frozen,0.05,0.009025573805970022,11290,8836,112,8845,45,8785,15,8823,22,11178,0.7872606906423332,0.009920283436669619
unsw,ton,29,repeat,logistic,weighted,temporal,cap,0.05,,11290,8836,542,8845,317,8513,15,8823,22,10748,0.7934499441756606,0.04800708591674048
unsw,ton,29,repeat,logistic,weighted,temporal,random,0.05,,11290,8836,542,8845,426,8398,21,8823,22,10748,0.7833085225158168,0.04800708591674048
unsw,ton,29,repeat,logistic,weighted,size,forced,0.0,,11290,8836,0,8876,0,8827,49,8827,49,11290,0.7861824623560674,0.0
unsw,ton,29,repeat,logistic,weighted,size,frozen,0.05,0.009025573805970022,11290,8836,251,8876,77,8783,16,8827,49,11039,0.7970830691185796,0.022232063773250665
unsw,ton,29,repeat,logistic,weighted,size,cap,0.05,,11290,8836,542,8876,360,8484,32,8827,49,10748,0.7923334573874209,0.04800708591674048
unsw,ton,29,repeat,logistic,weighted,size,random,0.05,,11290,8836,542,8876,427,8401,48,8827,49,10748,0.7860997394864161,0.04800708591674048
unsw,ton,29,repeat,logistic,weighted,tcp,forced,0.0,,11290,8836,0,8244,0,8220,24,8220,24,11290,0.7302037201062888,0.0
unsw,ton,29,repeat,logistic,weighted,tcp,frozen,0.05,0.009025573805970022,11290,8836,143,8244,51,8180,13,8220,24,11147,0.7349959630393827,0.01266607617360496
unsw,ton,29,repeat,logistic,weighted,tcp,cap,0.05,,11290,8836,542,8244,365,7863,16,8220,24,10748,0.7330666170450316,0.04800708591674048
unsw,ton,29,repeat,logistic,weighted,tcp,random,0.05,,11290,8836,542,8244,402,7819,23,8220,24,10748,0.729624116114626,0.04800708591674048
unsw,ton,29,repeat,logistic,weighted,temporal+tcp,forced,0.0,,11290,8836,0,8174,0,8157,17,8157,17,11290,0.7240035429583702,0.0
unsw,ton,29,repeat,logistic,weighted,temporal+tcp,frozen,0.05,0.009025573805970022,11290,8836,757,8174,55,8109,10,8157,17,10533,0.770815532137093,0.0670504871567759
unsw,ton,29,repeat,logistic,weighted,temporal+tcp,cap,0.05,,11290,8836,542,8174,283,7880,11,8157,17,10748,0.7341831038332713,0.04800708591674048
unsw,ton,29,repeat,logistic,weighted,temporal+tcp,random,0.05,,11290,8836,542,8174,400,7758,16,8157,17,10748,0.7232973576479345,0.04800708591674048
unsw,cic,29,repeat,logistic,unique,clean,forced,0.0,,12192,306,0,2652,0,252,2400,252,2400,12192,0.21751968503937008,0.0
unsw,cic,29,repeat,logistic,unique,clean,frozen,0.05,0.009025573805970022,12192,306,833,2652,501,244,1907,252,2400,11359,0.1893652610264988,0.06832349081364829
unsw,cic,29,repeat,logistic,unique,clean,cap,0.05,,12192,306,599,2652,370,246,2036,252,2400,11593,0.19684292245320453,0.04913057742782152
unsw,cic,29,repeat,logistic,unique,clean,random,0.05,,12192,306,599,2652,124,232,2296,252,2400,11593,0.21806262399723972,0.04913057742782152
unsw,cic,29,repeat,logistic,unique,temporal,forced,0.0,,12192,306,0,2891,0,251,2640,251,2640,12192,0.2371227034120735,0.0
unsw,cic,29,repeat,logistic,unique,temporal,frozen,0.05,0.009025573805970022,12192,306,1551,2891,1129,247,1515,251,2640,10641,0.16558594117094258,0.12721456692913385
unsw,cic,29,repeat,logistic,unique,temporal,cap,0.05,,12192,306,599,2891,400,250,2241,251,2640,11593,0.21487104287069783,0.04913057742782152
unsw,cic,29,repeat,logistic,unique,temporal,random,0.05,,12192,306,599,2891,134,232,2525,251,2640,11593,0.23781592340205296,0.04913057742782152
unsw,cic,29,repeat,logistic,unique,size,forced,0.0,,12192,306,0,2487,0,256,2231,256,2231,12192,0.20398622047244094,0.0
unsw,cic,29,repeat,logistic,unique,size,frozen,0.05,0.009025573805970022,12192,306,1383,2487,906,248,1333,256,2231,10809,0.14626699972245352,0.11343503937007875
unsw,cic,29,repeat,logistic,unique,size,cap,0.05,,12192,306,599,2487,407,253,1827,256,2231,11593,0.17941861468127318,0.04913057742782152
unsw,cic,29,repeat,logistic,unique,size,random,0.05,,12192,306,599,2487,122,236,2129,256,2231,11593,0.20400241525058224,0.04913057742782152
unsw,cic,29,repeat,logistic,unique,tcp,forced,0.0,,12192,306,0,2459,0,258,2201,258,2201,12192,0.20168963254593175,0.0
unsw,cic,29,repeat,logistic,unique,tcp,frozen,0.05,0.009025573805970022,12192,306,889,2459,454,246,1759,258,2201,11303,0.17738653454835,0.07291666666666667
unsw,cic,29,repeat,logistic,unique,tcp,cap,0.05,,12192,306,599,2459,304,248,1907,258,2201,11593,0.18588803588372294,0.04913057742782152
unsw,cic,29,repeat,logistic,unique,tcp,random,0.05,,12192,306,599,2459,113,238,2108,258,2201,11593,0.2023634952126283,0.04913057742782152
unsw,cic,29,repeat,logistic,unique,temporal+tcp,forced,0.0,,12192,306,0,3079,0,252,2827,252,2827,12192,0.25254265091863515,0.0
unsw,cic,29,repeat,logistic,unique,temporal+tcp,frozen,0.05,0.009025573805970022,12192,306,2678,3079,2347,245,487,252,2827,9514,0.07693924742484759,0.2196522309711286
unsw,cic,29,repeat,logistic,unique,temporal+tcp,cap,0.05,,12192,306,599,3079,521,251,2307,252,2827,11593,0.2206503924782196,0.04913057742782152
unsw,cic,29,repeat,logistic,unique,temporal+tcp,random,0.05,,12192,306,599,3079,142,232,2705,252,2827,11593,0.25334253428793235,0.04913057742782152
unsw,cic,29,repeat,logistic,weighted,clean,forced,0.0,,13275,1267,0,3621,0,1212,2409,1212,2409,13275,0.2727683615819209,0.0
unsw,cic,29,repeat,logistic,weighted,clean,frozen,0.05,0.009025573805970022,13275,1267,833,3621,501,1204,1916,1212,2409,12442,0.2507635428387719,0.06274952919020715
unsw,cic,29,repeat,logistic,weighted,clean,cap,0.05,,13275,1267,652,3621,400,1206,2015,1212,2409,12623,0.2551691357046661,0.04911487758945386
unsw,cic,29,repeat,logistic,weighted,clean,random,0.05,,13275,1267,652,3621,176,1159,2286,1212,2409,12623,0.2729145211122554,0.04911487758945386
unsw,cic,29,repeat,logistic,weighted,temporal,forced,0.0,,13275,1267,0,3860,0,1211,2649,1211,2649,13275,0.29077212806026365,0.0
unsw,cic,29,repeat,logistic,weighted,temporal,frozen,0.05,0.009025573805970022,13275,1267,1553,3860,1131,1207,1522,1211,2649,11722,0.23281010066541546,0.11698681732580038
unsw,cic,29,repeat,logistic,weighted,temporal,cap,0.05,,13275,1267,652,3860,445,1210,2205,1211,2649,12623,0.27053790699516755,0.04911487758945386
unsw,cic,29,repeat,logistic,weighted,temporal,random,0.05,,13275,1267,652,3860,187,1158,2515,1211,2649,12623,0.2909767884021231,0.04911487758945386
unsw,cic,29,repeat,logistic,weighted,size,forced,0.0,,13275,1267,0,3456,0,1216,2240,1216,2240,13275,0.26033898305084746,0.0
unsw,cic,29,repeat,logistic,weighted,size,frozen,0.05,0.009025573805970022,13275,1267,1384,3456,907,1208,1341,1216,2240,11891,0.21436380455806914,0.10425612052730697
unsw,cic,29,repeat,logistic,weighted,size,cap,0.05,,13275,1267,652,3456,442,1213,1801,1216,2240,12623,0.2387704982967599,0.04911487758945386
unsw,cic,29,repeat,logistic,weighted,size,random,0.05,,13275,1267,652,3456,164,1163,2129,1216,2240,12623,0.26079378911510737,0.04911487758945386
unsw,cic,29,repeat,logistic,weighted,tcp,forced,0.0,,13275,1267,0,3428,0,1218,2210,1218,2210,13275,0.2582297551789077,0.0
unsw,cic,29,repeat,logistic,weighted,tcp,frozen,0.05,0.009025573805970022,13275,1267,891,3428,455,1206,1767,1218,2210,12384,0.24006782945736435,0.0671186440677966
unsw,cic,29,repeat,logistic,weighted,tcp,cap,0.05,,13275,1267,652,3428,338,1208,1882,1218,2210,12623,0.24479125406004912,0.04911487758945386
unsw,cic,29,repeat,logistic,weighted,tcp,random,0.05,,13275,1267,652,3428,165,1165,2098,1218,2210,12623,0.2584963954685891,0.04911487758945386
unsw,cic,29,repeat,logistic,weighted,temporal+tcp,forced,0.0,,13275,1267,0,4048,0,1212,2836,1212,2836,13275,0.3049340866290019,0.0
unsw,cic,29,repeat,logistic,weighted,temporal+tcp,frozen,0.05,0.009025573805970022,13275,1267,2687,4048,2354,1205,489,1212,2836,10588,0.15999244427653947,0.2024105461393597
unsw,cic,29,repeat,logistic,weighted,temporal+tcp,cap,0.05,,13275,1267,652,4048,570,1211,2267,1212,2836,12623,0.27552879664105207,0.04911487758945386
unsw,cic,29,repeat,logistic,weighted,temporal+tcp,random,0.05,,13275,1267,652,4048,205,1159,2684,1212,2836,12623,0.3044442683989543,0.04911487758945386
unsw,ton,29,repeat,forest,unique,clean,forced,0.0,,9367,7534,0,6943,0,5848,1095,5848,1095,9367,0.7412191736948863,0.0
unsw,ton,29,repeat,forest,unique,clean,frozen,0.05,0.008523255915382055,9367,7534,9367,6943,6943,0,0,5848,1095,0,,1.0
unsw,ton,29,repeat,forest,unique,clean,cap,0.05,,9367,7534,454,6943,361,5563,1019,5848,1095,8913,0.7384718949848535,0.04846802604889506
unsw,ton,29,repeat,forest,unique,clean,random,0.05,,9367,7534,454,6943,352,5545,1046,5848,1095,8913,0.7394816560080781,0.04846802604889506
unsw,ton,29,repeat,forest,unique,temporal,forced,0.0,,9367,7534,0,6961,0,5832,1129,5832,1129,9367,0.7431408134941817,0.0
unsw,ton,29,repeat,forest,unique,temporal,frozen,0.05,0.008523255915382055,9367,7534,9367,6961,6961,0,0,5832,1129,0,,1.0
unsw,ton,29,repeat,forest,unique,temporal,cap,0.05,,9367,7534,454,6961,389,5497,1075,5832,1129,8913,0.7373499382923819,0.04846802604889506
unsw,ton,29,repeat,forest,unique,temporal,random,0.05,,9367,7534,454,6961,351,5530,1080,5832,1129,8913,0.7416133737237742,0.04846802604889506
unsw,ton,29,repeat,forest,unique,size,forced,0.0,,9367,7534,0,7653,0,7132,521,7132,521,9367,0.817017188000427,0.0
unsw,ton,29,repeat,forest,unique,size,frozen,0.05,0.008523255915382055,9367,7534,9367,7653,7653,0,0,7132,521,0,,1.0
unsw,ton,29,repeat,forest,unique,size,cap,0.05,,9367,7534,454,7653,286,7023,344,7132,521,8913,0.8265454953438798,0.04846802604889506
unsw,ton,29,repeat,forest,unique,size,random,0.05,,9367,7534,454,7653,378,6770,505,7132,521,8913,0.8162234937731404,0.04846802604889506
unsw,ton,29,repeat,forest,unique,tcp,forced,0.0,,9367,7534,0,6849,0,5905,944,5905,944,9367,0.7311839436318992,0.0
unsw,ton,29,repeat,forest,unique,tcp,frozen,0.05,0.008523255915382055,9367,7534,9367,6849,6849,0,0,5905,944,0,,1.0
unsw,ton,29,repeat,forest,unique,tcp,cap,0.05,,9367,7534,454,6849,365,5577,907,5905,944,8913,0.7274767193986312,0.04846802604889506
unsw,ton,29,repeat,forest,unique,tcp,random,0.05,,9367,7534,454,6849,345,5599,905,5905,944,8913,0.7297206327835746,0.04846802604889506
unsw,ton,29,repeat,forest,unique,temporal+tcp,forced,0.0,,9367,7534,0,6854,0,5898,956,5898,956,9367,0.7317177324650368,0.0
unsw,ton,29,repeat,forest,unique,temporal+tcp,frozen,0.05,0.008523255915382055,9367,7534,9367,6854,6854,0,0,5898,956,0,,1.0
unsw,ton,29,repeat,forest,unique,temporal+tcp,cap,0.05,,9367,7534,454,6854,367,5582,905,5898,956,8913,0.7278133064063728,0.04846802604889506
unsw,ton,29,repeat,forest,unique,temporal+tcp,random,0.05,,9367,7534,454,6854,344,5593,917,5898,956,8913,0.7303938067990575,0.04846802604889506
unsw,ton,29,repeat,forest,weighted,clean,forced,0.0,,11290,8836,0,7903,0,6754,1149,6754,1149,11290,0.7,0.0
unsw,ton,29,repeat,forest,weighted,clean,frozen,0.05,0.008523255915382055,11290,8836,11290,7903,7903,0,0,6754,1149,0,,1.0
unsw,ton,29,repeat,forest,weighted,clean,cap,0.05,,11290,8836,542,7903,435,6423,1045,6754,1149,10748,0.6948269445478229,0.04800708591674048
unsw,ton,29,repeat,forest,weighted,clean,random,0.05,,11290,8836,542,7903,376,6429,1098,6754,1149,10748,0.7003163379233346,0.04800708591674048
unsw,ton,29,repeat,forest,weighted,temporal,forced,0.0,,11290,8836,0,7921,0,6738,1183,6738,1183,11290,0.7015943312666076,0.0
unsw,ton,29,repeat,forest,weighted,temporal,frozen,0.05,0.008523255915382055,11290,8836,11290,7921,7921,0,0,6738,1183,0,,1.0
unsw,ton,29,repeat,forest,weighted,temporal,cap,0.05,,11290,8836,542,7921,471,6354,1096,6738,1183,10748,0.6931522143654634,0.04800708591674048
unsw,ton,29,repeat,forest,weighted,temporal,random,0.05,,11290,8836,542,7921,375,6414,1132,6738,1183,10748,0.7020841086713807,0.04800708591674048
unsw,ton,29,repeat,forest,weighted,size,forced,0.0,,11290,8836,0,8563,0,8039,524,8039,524,11290,0.7584588131089459,0.0
unsw,ton,29,repeat,forest,weighted,size,frozen,0.05,0.008523255915382055,11290,8836,11290,8563,8563,0,0,8039,524,0,,1.0
unsw,ton,29,repeat,forest,weighted,size,cap,0.05,,11290,8836,542,8563,316,7921,326,8039,524,10748,0.7673055452177149,0.04800708591674048
unsw,ton,29,repeat,forest,weighted,size,random,0.05,,11290,8836,542,8563,418,7642,503,8039,524,10748,0.7578154075176777,0.04800708591674048
unsw,ton,29,repeat,forest,weighted,tcp,forced,0.0,,11290,8836,0,7809,0,6811,998,6811,998,11290,0.691674047829938,0.0
unsw,ton,29,repeat,forest,weighted,tcp,frozen,0.05,0.008523255915382055,11290,8836,11290,7809,7809,0,0,6811,998,0,,1.0
unsw,ton,29,repeat,forest,weighted,tcp,cap,0.05,,11290,8836,542,7809,433,6432,944,6811,998,10748,0.6862672125046521,0.04800708591674048
unsw,ton,29,repeat,forest,weighted,tcp,random,0.05,,11290,8836,542,7809,372,6484,953,6811,998,10748,0.691942687011537,0.04800708591674048
unsw,ton,29,repeat,forest,weighted,temporal+tcp,forced,0.0,,11290,8836,0,7814,0,6804,1010,6804,1010,11290,0.6921169176262179,0.0
unsw,ton,29,repeat,forest,weighted,temporal+tcp,frozen,0.05,0.008523255915382055,11290,8836,11290,7814,7814,0,0,6804,1010,0,,1.0
unsw,ton,29,repeat,forest,weighted,temporal+tcp,cap,0.05,,11290,8836,542,7814,434,6438,942,6804,1010,10748,0.6866393747673986,0.04800708591674048
unsw,ton,29,repeat,forest,weighted,temporal+tcp,random,0.05,,11290,8836,542,7814,373,6477,964,6804,1010,10748,0.6923148492742836,0.04800708591674048
unsw,cic,29,repeat,forest,unique,clean,forced,0.0,,12192,306,0,10236,0,62,10174,62,10174,12192,0.8395669291338582,0.0
unsw,cic,29,repeat,forest,unique,clean,frozen,0.05,0.008523255915382055,12192,306,12192,10236,10236,0,0,62,10174,0,,1.0
unsw,cic,29,repeat,forest,unique,clean,cap,0.05,,12192,306,599,10236,459,62,9715,62,10174,11593,0.84335374795135,0.04913057742782152
unsw,cic,29,repeat,forest,unique,clean,random,0.05,,12192,306,599,10236,494,56,9686,62,10174,11593,0.8403346847235401,0.04913057742782152
unsw,cic,29,repeat,forest,unique,temporal,forced,0.0,,12192,306,0,10374,0,61,10313,61,10313,12192,0.8508858267716536,0.0
unsw,cic,29,repeat,forest,unique,temporal,frozen,0.05,0.008523255915382055,12192,306,12192,10374,10374,0,0,61,10313,0,,1.0
unsw,cic,29,repeat,forest,unique,temporal,cap,0.05,,12192,306,599,10374,575,61,9738,61,10313,11593,0.8452514448374019,0.04913057742782152
unsw,cic,29,repeat,forest,unique,temporal,random,0.05,,12192,306,599,10374,500,55,9819,61,10313,11593,0.8517208660398516,0.04913057742782152
unsw,cic,29,repeat,forest,unique,size,forced,0.0,,12192,306,0,2223,0,255,1968,255,1968,12192,0.18233267716535434,0.0
unsw,cic,29,repeat,forest,unique,size,frozen,0.05,0.008523255915382055,12192,306,12164,2223,2221,2,0,255,1968,28,0.07142857142857142,0.9977034120734908
unsw,cic,29,repeat,forest,unique,size,cap,0.05,,12192,306,599,2223,414,252,1557,255,1968,11593,0.15604243940308807,0.04913057742782152
unsw,cic,29,repeat,forest,unique,size,random,0.05,,12192,306,599,2223,97,236,1890,255,1968,11593,0.18338652635210903,0.04913057742782152
unsw,cic,29,repeat,forest,unique,tcp,forced,0.0,,12192,306,0,8979,0,98,8881,98,8881,12192,0.7364665354330708,0.0
unsw,cic,29,repeat,forest,unique,tcp,frozen,0.05,0.008523255915382055,12192,306,12192,8979,8979,0,0,98,8881,0,,1.0
unsw,cic,29,repeat,forest,unique,tcp,cap,0.05,,12192,306,599,8979,169,83,8727,98,8881,11593,0.7599413439144311,0.04913057742782152
unsw,cic,29,repeat,forest,unique,tcp,random,0.05,,12192,306,599,8979,450,90,8439,98,8881,11593,0.7357025791425861,0.04913057742782152
unsw,cic,29,repeat,forest,unique,temporal+tcp,forced,0.0,,12192,306,0,8787,0,106,8681,106,8681,12192,0.7207185039370079,0.0
unsw,cic,29,repeat,forest,unique,temporal+tcp,frozen,0.05,0.008523255915382055,12192,306,12192,8787,8787,0,0,106,8681,0,,1.0
unsw,cic,29,repeat,forest,unique,temporal+tcp,cap,0.05,,12192,306,599,8787,116,89,8582,106,8681,11593,0.7479513499525576,0.04913057742782152
unsw,cic,29,repeat,forest,unique,temporal+tcp,random,0.05,,12192,306,599,8787,441,96,8250,106,8681,11593,0.7199171914086087,0.04913057742782152
unsw,cic,29,repeat,forest,weighted,clean,forced,0.0,,13275,1267,0,10280,0,67,10213,67,10213,13275,0.7743879472693032,0.0
unsw,cic,29,repeat,forest,weighted,clean,frozen,0.05,0.008523255915382055,13275,1267,13275,10280,10280,0,0,67,10213,0,,1.0
unsw,cic,29,repeat,forest,weighted,clean,cap,0.05,,13275,1267,652,10280,510,67,9703,67,10213,12623,0.773983997464945,0.04911487758945386
unsw,cic,29,repeat,forest,weighted,clean,random,0.05,,13275,1267,652,10280,518,64,9698,67,10213,12623,0.7733502337003881,0.04911487758945386
unsw,cic,29,repeat,forest,weighted,temporal,forced,0.0,,13275,1267,0,10418,0,66,10352,66,10352,13275,0.784783427495292,0.0
unsw,cic,29,repeat,forest,weighted,temporal,frozen,0.05,0.008523255915382055,13275,1267,13275,10418,10418,0,0,66,10352,0,,1.0
unsw,cic,29,repeat,forest,weighted,temporal,cap,0.05,,13275,1267,652,10418,626,66,9726,66,10352,12623,0.775726847817476,0.04911487758945386
unsw,cic,29,repeat,forest,weighted,temporal,random,0.05,,13275,1267,652,10418,522,63,9833,66,10352,12623,0.783965776756714,0.04911487758945386
unsw,cic,29,repeat,forest,weighted,size,forced,0.0,,13275,1267,0,3196,0,1215,1981,1215,1981,13275,0.24075329566854992,0.0
unsw,cic,29,repeat,forest,weighted,size,frozen,0.05,0.008523255915382055,13275,1267,13247,3196,3194,2,0,1215,1981,28,0.07142857142857142,0.9978907721280602
unsw,cic,29,repeat,forest,weighted,size,cap,0.05,,13275,1267,652,3196,458,1212,1526,1215,1981,12623,0.21690564841955162,0.04911487758945386
unsw,cic,29,repeat,forest,weighted,size,random,0.05,,13275,1267,652,3196,156,1161,1879,1215,1981,12623,0.24083023053156935,0.04911487758945386
unsw,cic,29,repeat,forest,weighted,tcp,forced,0.0,,13275,1267,0,9018,0,104,8914,104,8914,13275,0.679322033898305,0.0
unsw,cic,29,repeat,forest,weighted,tcp,frozen,0.05,0.008523255915382055,13275,1267,13275,9018,9018,0,0,104,8914,0,,1.0
unsw,cic,29,repeat,forest,weighted,tcp,cap,0.05,,13275,1267,652,9018,174,89,8755,104,8914,12623,0.7006258417174998,0.04911487758945386
unsw,cic,29,repeat,forest,weighted,tcp,random,0.05,,13275,1267,652,9018,456,98,8464,104,8914,12623,0.6782856690168739,0.04911487758945386
unsw,cic,29,repeat,forest,weighted,temporal+tcp,forced,0.0,,13275,1267,0,8824,0,112,8712,112,8712,13275,0.6647080979284369,0.0
unsw,cic,29,repeat,forest,weighted,temporal+tcp,frozen,0.05,0.008523255915382055,13275,1267,13275,8824,8824,0,0,112,8712,0,,1.0
unsw,cic,29,repeat,forest,weighted,temporal+tcp,cap,0.05,,13275,1267,652,8824,116,95,8613,112,8712,12623,0.6898518577200349,0.04911487758945386
unsw,cic,29,repeat,forest,weighted,temporal+tcp,random,0.05,,13275,1267,652,8824,444,106,8274,112,8712,12623,0.6638675433732076,0.04911487758945386
unsw,ton,29,mask,logistic,unique,clean,forced,0.0,,9367,7534,0,7534,0,7502,32,7502,32,9367,0.8043130137717519,0.0
unsw,ton,29,mask,logistic,unique,clean,frozen,0.05,0.005132755569159375,9367,7534,267,7534,48,7470,16,7502,32,9100,0.8226373626373626,0.028504323689548413
unsw,ton,29,mask,logistic,unique,clean,cap,0.05,,9367,7534,454,7534,293,7218,23,7502,32,8913,0.8124088410187367,0.04846802604889506
unsw,ton,29,mask,logistic,unique,clean,random,0.05,,9367,7534,454,7534,377,7125,32,7502,32,8913,0.8029844048019746,0.04846802604889506
unsw,ton,29,mask,logistic,unique,temporal,forced,0.0,,9367,7534,0,7532,0,7500,32,7500,32,9367,0.8040994982384968,0.0
unsw,ton,29,mask,logistic,unique,temporal,frozen,0.05,0.005132755569159375,9367,7534,287,7532,46,7471,15,7500,32,9080,0.8244493392070484,0.030639479022098858
unsw,ton,29,mask,logistic,unique,temporal,cap,0.05,,9367,7534,454,7532,260,7251,21,7500,32,8913,0.8158869067653989,0.04846802604889506
unsw,ton,29,mask,logistic,unique,temporal,random,0.05,,9367,7534,454,7532,376,7124,32,7500,32,8913,0.8028722091327275,0.04846802604889506
unsw,ton,29,mask,logistic,unique,size,forced,0.0,,9367,7534,0,7532,0,7485,47,7485,47,9367,0.8040994982384968,0.0
unsw,ton,29,mask,logistic,unique,size,frozen,0.05,0.005132755569159375,9367,7534,469,7532,53,7466,13,7485,47,8898,0.8405259608900877,0.05006939254830789
unsw,ton,29,mask,logistic,unique,size,cap,0.05,,9367,7534,454,7532,252,7243,37,7485,47,8913,0.8167844721193762,0.04846802604889506
unsw,ton,29,mask,logistic,unique,size,random,0.05,,9367,7534,454,7532,379,7108,45,7485,47,8913,0.802535622124986,0.04846802604889506
unsw,ton,29,mask,logistic,unique,tcp,forced,0.0,,9367,7534,0,7302,0,7238,64,7238,64,9367,0.7795452119141667,0.0
unsw,ton,29,mask,logistic,unique,tcp,frozen,0.05,0.005132755569159375,9367,7534,199,7302,85,7200,17,7238,64,9168,0.787194589877836,0.021244795558876907
unsw,ton,29,mask,logistic,unique,tcp,cap,0.05,,9367,7534,454,7302,326,6947,29,7238,64,8913,0.7826769886682374,0.04846802604889506
unsw,ton,29,mask,logistic,unique,tcp,random,0.05,,9367,7534,454,7302,368,6871,63,7238,64,8913,0.7779647705598564,0.04846802604889506
unsw,ton,29,mask,logistic,unique,temporal+tcp,forced,0.0,,9367,7534,0,7278,0,7225,53,7225,53,9367,0.7769830255151062,0.0
unsw,ton,29,mask,logistic,unique,temporal+tcp,frozen,0.05,0.005132755569159375,9367,7534,228,7278,73,7189,16,7225,53,9139,0.7883794725899989,0.02434077079107505
unsw,ton,29,mask,logistic,unique,temporal+tcp,cap,0.05,,9367,7534,454,7278,238,7011,29,7225,53,8913,0.7898575115000561,0.04846802604889506
unsw,ton,29,mask,logistic,unique,temporal+tcp,random,0.05,,9367,7534,454,7278,369,6858,51,7225,53,8913,0.7751598788286772,0.04846802604889506
unsw,ton,29,mask,logistic,weighted,clean,forced,0.0,,11290,8836,0,8840,0,8804,36,8804,36,11290,0.7829937998228521,0.0
unsw,ton,29,mask,logistic,weighted,clean,frozen,0.05,0.005132755569159375,11290,8836,305,8840,49,8772,19,8804,36,10985,0.8002730996813837,0.027015057573073518
unsw,ton,29,mask,logistic,weighted,clean,cap,0.05,,11290,8836,542,8840,347,8471,22,8804,36,10748,0.7901935243766283,0.04800708591674048
unsw,ton,29,mask,logistic,weighted,clean,random,0.05,,11290,8836,542,8840,426,8379,35,8804,36,10748,0.7828433196873837,0.04800708591674048
unsw,ton,29,mask,logistic,weighted,temporal,forced,0.0,,11290,8836,0,8838,0,8802,36,8802,36,11290,0.7828166519043401,0.0
unsw,ton,29,mask,logistic,weighted,temporal,frozen,0.05,0.005132755569159375,11290,8836,338,8838,47,8773,18,8802,36,10952,0.8026844411979547,0.029937998228520814
unsw,ton,29,mask,logistic,weighted,temporal,cap,0.05,,11290,8836,542,8838,310,8505,23,8802,36,10748,0.7934499441756606,0.04800708591674048
unsw,ton,29,mask,logistic,weighted,temporal,random,0.05,,11290,8836,542,8838,426,8377,35,8802,36,10748,0.7826572385560104,0.04800708591674048
unsw,ton,29,mask,logistic,weighted,size,forced,0.0,,11290,8836,0,8836,0,8787,49,8787,49,11290,0.7826395039858282,0.0
unsw,ton,29,mask,logistic,weighted,size,frozen,0.05,0.005132755569159375,11290,8836,479,8836,53,8768,15,8787,49,10811,0.8124132827675515,0.04242692648361382
unsw,ton,29,mask,logistic,weighted,size,cap,0.05,,11290,8836,542,8836,301,8496,39,8787,49,10748,0.794101228135467,0.04800708591674048
unsw,ton,29,mask,logistic,weighted,size,random,0.05,,11290,8836,542,8836,426,8362,48,8787,49,10748,0.7824711574246371,0.04800708591674048
unsw,ton,29,mask,logistic,weighted,tcp,forced,0.0,,11290,8836,0,8216,0,8148,68,8148,68,11290,0.7277236492471213,0.0
unsw,ton,29,mask,logistic,weighted,tcp,frozen,0.05,0.005132755569159375,11290,8836,247,8216,86,8110,20,8148,68,11043,0.7362129856017386,0.021877767936226748
unsw,ton,29,mask,logistic,weighted,tcp,cap,0.05,,11290,8836,542,8216,376,7809,31,8148,68,10748,0.7294380349832527,0.04800708591674048
unsw,ton,29,mask,logistic,weighted,tcp,random,0.05,,11290,8836,542,8216,400,7750,66,8148,68,10748,0.7272050614067733,0.04800708591674048
unsw,ton,29,mask,logistic,weighted,temporal+tcp,forced,0.0,,11290,8836,0,8189,0,8132,57,8132,57,11290,0.7253321523472099,0.0
unsw,ton,29,mask,logistic,weighted,temporal+tcp,frozen,0.05,0.005132755569159375,11290,8836,248,8189,74,8096,19,8132,57,11042,0.7349212099257381,0.021966341895482727
unsw,ton,29,mask,logistic,weighted,temporal+tcp,cap,0.05,,11290,8836,542,8189,288,7872,29,8132,57,10748,0.7351135094901377,0.04800708591674048
unsw,ton,29,mask,logistic,weighted,temporal+tcp,random,0.05,,11290,8836,542,8189,401,7733,55,8132,57,10748,0.7245999255675475,0.04800708591674048
unsw,cic,29,mask,logistic,unique,clean,forced,0.0,,12192,306,0,2999,0,248,2751,248,2751,12192,0.24598097112860892,0.0
unsw,cic,29,mask,logistic,unique,clean,frozen,0.05,0.005132755569159375,12192,306,1693,2999,432,216,2351,248,2751,10499,0.24449947614058481,0.13886154855643046
unsw,cic,29,mask,logistic,unique,clean,cap,0.05,,12192,306,599,2999,151,236,2612,248,2751,11593,0.24566548779435868,0.04913057742782152
unsw,cic,29,mask,logistic,unique,clean,random,0.05,,12192,306,599,2999,141,228,2630,248,2751,11593,0.24652807728801862,0.04913057742782152
unsw,cic,29,mask,logistic,unique,temporal,forced,0.0,,12192,306,0,3304,0,247,3057,247,3057,12192,0.270997375328084,0.0
unsw,cic,29,mask,logistic,unique,temporal,frozen,0.05,0.005132755569159375,12192,306,1905,3304,482,229,2593,247,3057,10287,0.2743268202585788,0.15625
unsw,cic,29,mask,logistic,unique,temporal,cap,0.05,,12192,306,599,3304,283,245,2776,247,3057,11593,0.2605882860346761,0.04913057742782152
unsw,cic,29,mask,logistic,unique,temporal,random,0.05,,12192,306,599,3304,158,228,2918,247,3057,11593,0.2713706547054257,0.04913057742782152
unsw,cic,29,mask,logistic,unique,size,forced,0.0,,12192,306,0,3704,0,230,3474,230,3474,12192,0.3038057742782152,0.0
unsw,cic,29,mask,logistic,unique,size,frozen,0.05,0.005132755569159375,12192,306,2714,3704,1395,126,2183,230,3474,9478,0.24361679679257228,0.22260498687664043
unsw,cic,29,mask,logistic,unique,size,cap,0.05,,12192,306,599,3704,368,227,3109,230,3474,11593,0.28775985508496504,0.04913057742782152
unsw,cic,29,mask,logistic,unique,size,random,0.05,,12192,306,599,3704,181,212,3311,230,3474,11593,0.30389027861640644,0.04913057742782152
unsw,cic,29,mask,logistic,unique,tcp,forced,0.0,,12192,306,0,2938,0,244,2694,244,2694,12192,0.2409776902887139,0.0
unsw,cic,29,mask,logistic,unique,tcp,frozen,0.05,0.005132755569159375,12192,306,2009,2938,350,217,2371,244,2694,10183,0.2541490719827163,0.16478018372703412
unsw,cic,29,mask,logistic,unique,tcp,cap,0.05,,12192,306,599,2938,187,240,2511,244,2694,11593,0.237298369705857,0.04913057742782152
unsw,cic,29,mask,logistic,unique,tcp,random,0.05,,12192,306,599,2938,137,225,2576,244,2694,11593,0.24161131717415682,0.04913057742782152
unsw,cic,29,mask,logistic,unique,temporal+tcp,forced,0.0,,12192,306,0,3390,0,244,3146,244,3146,12192,0.2780511811023622,0.0
unsw,cic,29,mask,logistic,unique,temporal+tcp,frozen,0.05,0.005132755569159375,12192,306,1018,3390,565,225,2600,244,3146,11174,0.2528190442097727,0.08349737532808399
unsw,cic,29,mask,logistic,unique,temporal+tcp,cap,0.05,,12192,306,599,3390,308,232,2850,244,3146,11593,0.2658500819460019,0.04913057742782152
unsw,cic,29,mask,logistic,unique,temporal+tcp,random,0.05,,12192,306,599,3390,158,225,3007,244,3146,11593,0.2787889243509014,0.04913057742782152
unsw,cic,29,mask,logistic,weighted,clean,forced,0.0,,13275,1267,0,3969,0,1208,2761,1208,2761,13275,0.29898305084745763,0.0
unsw,cic,29,mask,logistic,weighted,clean,frozen,0.05,0.005132755569159375,13275,1267,1700,3969,435,1175,2359,1208,2761,11575,0.3053131749460043,0.128060263653484
unsw,cic,29,mask,logistic,weighted,clean,cap,0.05,,13275,1267,652,3969,163,1196,2610,1208,2761,12623,0.30151311098787925,0.04911487758945386
unsw,cic,29,mask,logistic,weighted,clean,random,0.05,,13275,1267,652,3969,198,1155,2616,1208,2761,12623,0.29874039451794343,0.04911487758945386
unsw,cic,29,mask,logistic,weighted,temporal,forced,0.0,,13275,1267,0,4274,0,1207,3067,1207,3067,13275,0.32195856873822976,0.0
unsw,cic,29,mask,logistic,weighted,temporal,frozen,0.05,0.005132755569159375,13275,1267,1915,4274,485,1188,2601,1207,3067,11360,0.3335387323943662,0.14425612052730696
unsw,cic,29,mask,logistic,weighted,temporal,cap,0.05,,13275,1267,652,4274,292,1205,2777,1207,3067,12623,0.31545591380812804,0.04911487758945386
unsw,cic,29,mask,logistic,weighted,temporal,random,0.05,,13275,1267,652,4274,210,1154,2910,1207,3067,12623,0.32195199239483485,0.04911487758945386
unsw,cic,29,mask,logistic,weighted,size,forced,0.0,,13275,1267,0,4674,0,1190,3484,1190,3484,13275,0.35209039548022597,0.0
unsw,cic,29,mask,logistic,weighted,size,frozen,0.05,0.005132755569159375,13275,1267,3681,4674,2353,130,2191,1190,3484,9594,0.24192203460496142,0.27728813559322035
unsw,cic,29,mask,logistic,weighted,size,cap,0.05,,13275,1267,652,4674,401,1184,3089,1190,3484,12623,0.3385090707438802,0.04911487758945386
unsw,cic,29,mask,logistic,weighted,size,random,0.05,,13275,1267,652,4674,234,1137,3303,1190,3484,12623,0.3517388893290026,0.04911487758945386
unsw,cic,29,mask,logistic,weighted,tcp,forced,0.0,,13275,1267,0,3907,0,1204,2703,1204,2703,13275,0.2943126177024482,0.0
unsw,cic,29,mask,logistic,weighted,tcp,frozen,0.05,0.005132755569159375,13275,1267,2019,3907,351,1177,2379,1204,2703,11256,0.31592039800995025,0.152090395480226
unsw,cic,29,mask,logistic,weighted,tcp,cap,0.05,,13275,1267,652,3907,197,1200,2510,1204,2703,12623,0.2939079458131981,0.04911487758945386
unsw,cic,29,mask,logistic,weighted,tcp,random,0.05,,13275,1267,652,3907,191,1151,2565,1204,2703,12623,0.2943832686366157,0.04911487758945386
unsw,cic,29,mask,logistic,weighted,temporal+tcp,forced,0.0,,13275,1267,0,4360,0,1204,3156,1204,3156,13275,0.32843691148775894,0.0
unsw,cic,29,mask,logistic,weighted,temporal+tcp,frozen,0.05,0.005132755569159375,13275,1267,1027,4360,566,1185,2609,1204,3156,12248,0.3097648595689092,0.07736346516007533
unsw,cic,29,mask,logistic,weighted,temporal+tcp,cap,0.05,,13275,1267,652,4360,338,1192,2830,1204,3156,12623,0.31862473263091184,0.04911487758945386
unsw,cic,29,mask,logistic,weighted,temporal+tcp,random,0.05,,13275,1267,652,4360,214,1151,2995,1204,3156,12623,0.3284480709815416,0.04911487758945386
unsw,ton,29,mask,forest,unique,clean,forced,0.0,,9367,7534,0,4568,0,3269,1299,3269,1299,9367,0.4876694779545212,0.0
unsw,ton,29,mask,forest,unique,clean,frozen,0.05,0.009166666666666545,9367,7534,9367,4568,4568,0,0,3269,1299,0,,1.0
unsw,ton,29,mask,forest,unique,clean,cap,0.05,,9367,7534,454,4568,148,3191,1229,3269,1299,8913,0.4959048580724784,0.04846802604889506
unsw,ton,29,mask,forest,unique,clean,random,0.05,,9367,7534,454,4568,230,3098,1240,3269,1299,8913,0.4867048131942107,0.04846802604889506
unsw,ton,29,mask,forest,unique,temporal,forced,0.0,,9367,7534,0,5448,0,4277,1171,4277,1171,9367,0.5816163125867407,0.0
unsw,ton,29,mask,forest,unique,temporal,frozen,0.05,0.009166666666666545,9367,7534,9367,5448,5448,0,0,4277,1171,0,,1.0
unsw,ton,29,mask,forest,unique,temporal,cap,0.05,,9367,7534,454,5448,89,4235,1124,4277,1171,8913,0.6012565914955683,0.04846802604889506
unsw,ton,29,mask,forest,unique,temporal,random,0.05,,9367,7534,454,5448,277,4049,1122,4277,1171,8913,0.5801638056771009,0.04846802604889506
unsw,ton,29,mask,forest,unique,size,forced,0.0,,9367,7534,0,3092,0,1692,1400,1692,1400,9367,0.3300950144122985,0.0
unsw,ton,29,mask,forest,unique,size,frozen,0.05,0.009166666666666545,9367,7534,9367,3092,3092,0,0,1692,1400,0,,1.0
unsw,ton,29,mask,forest,unique,size,cap,0.05,,9367,7534,454,3092,102,1692,1298,1692,1400,8913,0.3354650510490295,0.04846802604889506
unsw,ton,29,mask,forest,unique,size,random,0.05,,9367,7534,454,3092,149,1607,1336,1692,1400,8913,0.33019185459441264,0.04846802604889506
unsw,ton,29,mask,forest,unique,tcp,forced,0.0,,9367,7534,0,3594,0,2228,1366,2228,1366,9367,0.3836874132593146,0.0
unsw,ton,29,mask,forest,unique,tcp,frozen,0.05,0.009166666666666545,9367,7534,9367,3594,3594,0,0,2228,1366,0,,1.0
unsw,ton,29,mask,forest,unique,tcp,cap,0.05,,9367,7534,454,3594,187,2086,1321,2228,1366,8913,0.38225064512509815,0.04846802604889506
unsw,ton,29,mask,forest,unique,tcp,random,0.05,,9367,7534,454,3594,180,2111,1303,2228,1366,8913,0.38303601480982835,0.04846802604889506
unsw,ton,29,mask,forest,unique,temporal+tcp,forced,0.0,,9367,7534,0,5108,0,3847,1261,3847,1261,9367,0.5453186719333831,0.0
unsw,ton,29,mask,forest,unique,temporal+tcp,frozen,0.05,0.009166666666666545,9367,7534,9367,5108,5108,0,0,3847,1261,0,,1.0
unsw,ton,29,mask,forest,unique,temporal+tcp,cap,0.05,,9367,7534,454,5108,335,3539,1234,3847,1261,8913,0.5355099293167284,0.04846802604889506
unsw,ton,29,mask,forest,unique,temporal+tcp,random,0.05,,9367,7534,454,5108,261,3640,1207,3847,1261,8913,0.5438124088410188,0.04846802604889506
unsw,ton,29,mask,forest,weighted,clean,forced,0.0,,11290,8836,0,5529,0,4175,1354,4175,1354,11290,0.4897254207263065,0.0
unsw,ton,29,mask,forest,weighted,clean,frozen,0.05,0.009166666666666545,11290,8836,11290,5529,5529,0,0,4175,1354,0,,1.0
unsw,ton,29,mask,forest,weighted,clean,cap,0.05,,11290,8836,542,5529,175,4092,1262,4175,1354,10748,0.4981391886862672,0.04800708591674048
unsw,ton,29,mask,forest,weighted,clean,random,0.05,,11290,8836,542,5529,264,3972,1293,4175,1354,10748,0.4898585783401563,0.04800708591674048
unsw,ton,29,mask,forest,weighted,temporal,forced,0.0,,11290,8836,0,6408,0,5183,1225,5183,1225,11290,0.5675819309123118,0.0
unsw,ton,29,mask,forest,weighted,temporal,frozen,0.05,0.009166666666666545,11290,8836,11290,6408,6408,0,0,5183,1225,0,,1.0
unsw,ton,29,mask,forest,weighted,temporal,cap,0.05,,11290,8836,542,6408,119,5140,1149,5183,1225,10748,0.585132117603275,0.04800708591674048
unsw,ton,29,mask,forest,weighted,temporal,random,0.05,,11290,8836,542,6408,307,4932,1169,5183,1225,10748,0.5676404912541868,0.04800708591674048
unsw,ton,29,mask,forest,weighted,size,forced,0.0,,11290,8836,0,4051,0,2595,1456,2595,1456,11290,0.3588131089459699,0.0
unsw,ton,29,mask,forest,weighted,size,frozen,0.05,0.009166666666666545,11290,8836,11290,4051,4051,0,0,2595,1456,0,,1.0
unsw,ton,29,mask,forest,weighted,size,cap,0.05,,11290,8836,542,4051,135,2595,1321,2595,1456,10748,0.3643468552288798,0.04800708591674048
unsw,ton,29,mask,forest,weighted,size,random,0.05,,11290,8836,542,4051,182,2478,1391,2595,1456,10748,0.35997394864160775,0.04800708591674048
unsw,ton,29,mask,forest,weighted,tcp,forced,0.0,,11290,8836,0,4553,0,3131,1422,3131,1422,11290,0.4032772364924712,0.0
unsw,ton,29,mask,forest,weighted,tcp,frozen,0.05,0.009166666666666545,11290,8836,11290,4553,4553,0,0,3131,1422,0,,1.0
unsw,ton,29,mask,forest,weighted,tcp,cap,0.05,,11290,8836,542,4553,250,2942,1361,3131,1422,10748,0.4003535541496092,0.04800708591674048
unsw,ton,29,mask,forest,weighted,tcp,random,0.05,,11290,8836,542,4553,208,2987,1358,3131,1422,10748,0.4042612579084481,0.04800708591674048
unsw,ton,29,mask,forest,weighted,temporal+tcp,forced,0.0,,11290,8836,0,6070,0,4753,1317,4753,1317,11290,0.537643932683791,0.0
unsw,ton,29,mask,forest,weighted,temporal+tcp,frozen,0.05,0.009166666666666545,11290,8836,11290,6070,6070,0,0,4753,1317,0,,1.0
unsw,ton,29,mask,forest,weighted,temporal+tcp,cap,0.05,,11290,8836,542,6070,425,4373,1272,4753,1317,10748,0.5252139933010793,0.04800708591674048
unsw,ton,29,mask,forest,weighted,temporal+tcp,random,0.05,,11290,8836,542,6070,283,4528,1259,4753,1317,10748,0.538425753628582,0.04800708591674048
unsw,cic,29,mask,forest,unique,clean,forced,0.0,,12192,306,0,10397,0,61,10336,61,10336,12192,0.852772309711286,0.0
unsw,cic,29,mask,forest,unique,clean,frozen,0.05,0.009166666666666545,12192,306,12192,10397,10397,0,0,61,10336,0,,1.0
unsw,cic,29,mask,forest,unique,clean,cap,0.05,,12192,306,599,10397,561,61,9775,61,10336,11593,0.8484430259639437,0.04913057742782152
unsw,cic,29,mask,forest,unique,clean,random,0.05,,12192,306,599,10397,502,55,9840,61,10336,11593,0.8535323039765376,0.04913057742782152
unsw,cic,29,mask,forest,unique,temporal,forced,0.0,,12192,306,0,10382,0,61,10321,61,10321,12192,0.8515419947506562,0.0
unsw,cic,29,mask,forest,unique,temporal,frozen,0.05,0.009166666666666545,12192,306,12192,10382,10382,0,0,61,10321,0,,1.0
unsw,cic,29,mask,forest,unique,temporal,cap,0.05,,12192,306,599,10382,550,61,9771,61,10321,11593,0.8480979901664798,0.04913057742782152
unsw,cic,29,mask,forest,unique,temporal,random,0.05,,12192,306,599,10382,501,55,9826,61,10321,11593,0.8523246786854136,0.04913057742782152
unsw,cic,29,mask,forest,unique,size,forced,0.0,,12192,306,0,10364,0,62,10302,62,10302,12192,0.8500656167979003,0.0
unsw,cic,29,mask,forest,unique,size,frozen,0.05,0.009166666666666545,12192,306,12192,10364,10364,0,0,62,10302,0,,1.0
unsw,cic,29,mask,forest,unique,size,cap,0.05,,12192,306,599,10364,455,56,9853,62,10302,11593,0.8547399292676615,0.04913057742782152
unsw,cic,29,mask,forest,unique,size,random,0.05,,12192,306,599,10364,500,56,9808,62,10302,11593,0.8508582765461916,0.04913057742782152
unsw,cic,29,mask,forest,unique,tcp,forced,0.0,,12192,306,0,10410,0,59,10351,59,10351,12192,0.8538385826771654,0.0
unsw,cic,29,mask,forest,unique,tcp,frozen,0.05,0.009166666666666545,12192,306,12192,10410,10410,0,0,59,10351,0,,1.0
unsw,cic,29,mask,forest,unique,tcp,cap,0.05,,12192,306,599,10410,576,58,9776,59,10351,11593,0.8482705080652118,0.04913057742782152
unsw,cic,29,mask,forest,unique,tcp,random,0.05,,12192,306,599,10410,502,53,9855,59,10351,11593,0.8546536703182955,0.04913057742782152
unsw,cic,29,mask,forest,unique,temporal+tcp,forced,0.0,,12192,306,0,10385,0,61,10324,61,10324,12192,0.8517880577427821,0.0
unsw,cic,29,mask,forest,unique,temporal+tcp,frozen,0.05,0.009166666666666545,12192,306,12192,10385,10385,0,0,61,10324,0,,1.0
unsw,cic,29,mask,forest,unique,temporal+tcp,cap,0.05,,12192,306,599,10385,562,58,9765,61,10324,11593,0.8473216596221858,0.04913057742782152
unsw,cic,29,mask,forest,unique,temporal+tcp,random,0.05,,12192,306,599,10385,501,55,9829,61,10324,11593,0.8525834555335116,0.04913057742782152
unsw,cic,29,mask,forest,weighted,clean,forced,0.0,,13275,1267,0,10441,0,66,10375,66,10375,13275,0.7865160075329567,0.0
unsw,cic,29,mask,forest,weighted,clean,frozen,0.05,0.009166666666666545,13275,1267,13275,10441,10441,0,0,66,10375,0,,1.0
unsw,cic,29,mask,forest,weighted,clean,cap,0.05,,13275,1267,652,10441,614,66,9761,66,10375,12623,0.7784995642874118,0.04911487758945386
unsw,cic,29,mask,forest,weighted,clean,random,0.05,,13275,1267,652,10441,523,63,9855,66,10375,12623,0.785708627109245,0.04911487758945386
unsw,cic,29,mask,forest,weighted,temporal,forced,0.0,,13275,1267,0,10426,0,66,10360,66,10360,13275,0.7853860640301318,0.0
unsw,cic,29,mask,forest,weighted,temporal,frozen,0.05,0.009166666666666545,13275,1267,13275,10426,10426,0,0,66,10360,0,,1.0
unsw,cic,29,mask,forest,weighted,temporal,cap,0.05,,13275,1267,652,10426,603,66,9757,66,10360,12623,0.7781826824051334,0.04911487758945386
unsw,cic,29,mask,forest,weighted,temporal,random,0.05,,13275,1267,652,10426,523,63,9840,66,10360,12623,0.784520320050701,0.04911487758945386
unsw,cic,29,mask,forest,weighted,size,forced,0.0,,13275,1267,0,10408,0,67,10341,67,10341,13275,0.784030131826742,0.0
unsw,cic,29,mask,forest,weighted,size,frozen,0.05,0.009166666666666545,13275,1267,13275,10408,10408,0,0,67,10341,0,,1.0
unsw,cic,29,mask,forest,weighted,size,cap,0.05,,13275,1267,652,10408,356,60,9992,67,10341,12623,0.7963241701655708,0.04911487758945386
unsw,cic,29,mask,forest,weighted,size,random,0.05,,13275,1267,652,10408,522,64,9822,67,10341,12623,0.783173572051018,0.04911487758945386
unsw,cic,29,mask,forest,weighted,tcp,forced,0.0,,13275,1267,0,10454,0,64,10390,64,10390,13275,0.7874952919020716,0.0
unsw,cic,29,mask,forest,weighted,tcp,frozen,0.05,0.009166666666666545,13275,1267,13275,10454,10454,0,0,64,10390,0,,1.0
unsw,cic,29,mask,forest,weighted,tcp,cap,0.05,,13275,1267,652,10454,628,63,9763,64,10390,12623,0.7784203438168422,0.04911487758945386
unsw,cic,29,mask,forest,weighted,tcp,random,0.05,,13275,1267,652,10454,523,61,9870,64,10390,12623,0.7867384932266498,0.04911487758945386
unsw,cic,29,mask,forest,weighted,temporal+tcp,forced,0.0,,13275,1267,0,10429,0,66,10363,66,10363,13275,0.7856120527306968,0.0
unsw,cic,29,mask,forest,weighted,temporal+tcp,frozen,0.05,0.009166666666666545,13275,1267,13275,10429,10429,0,0,66,10363,0,,1.0
unsw,cic,29,mask,forest,weighted,temporal+tcp,cap,0.05,,13275,1267,652,10429,614,63,9752,66,10363,12623,0.7775489186405767,0.04911487758945386
unsw,cic,29,mask,forest,weighted,temporal+tcp,random,0.05,,13275,1267,652,10429,523,63,9843,66,10363,12623,0.7847579814624099,0.04911487758945386
unsw,ton,43,clean,logistic,unique,clean,forced,0.0,,9367,7534,0,7553,0,7505,48,7505,48,9367,0.8063414113376748,0.0
unsw,ton,43,clean,logistic,unique,clean,frozen,0.05,0.009840849172354948,9367,7534,270,7553,67,7472,14,7505,48,9097,0.8229086512036935,0.028824596989430983
unsw,ton,43,clean,logistic,unique,clean,cap,0.05,,9367,7534,454,7553,284,7241,28,7505,48,8913,0.8155503197576573,0.04846802604889506
unsw,ton,43,clean,logistic,unique,clean,random,0.05,,9367,7534,454,7553,382,7124,47,7505,48,8913,0.804555144171435,0.04846802604889506
unsw,ton,43,clean,logistic,unique,temporal,forced,0.0,,9367,7534,0,7544,0,7527,17,7527,17,9367,0.8053805914380271,0.0
unsw,ton,43,clean,logistic,unique,temporal,frozen,0.05,0.009840849172354948,9367,7534,80,7544,50,7482,12,7527,17,9287,0.806934424464305,0.008540621330201772
unsw,ton,43,clean,logistic,unique,temporal,cap,0.05,,9367,7534,454,7544,276,7255,13,7527,17,8913,0.8154381240884102,0.04846802604889506
unsw,ton,43,clean,logistic,unique,temporal,random,0.05,,9367,7534,454,7544,381,7146,17,7527,17,8913,0.8036575788174577,0.04846802604889506
unsw,ton,43,clean,logistic,unique,size,forced,0.0,,9367,7534,0,7575,0,7523,52,7523,52,9367,0.8086900822034803,0.0
unsw,ton,43,clean,logistic,unique,size,frozen,0.05,0.009840849172354948,9367,7534,492,7575,98,7463,14,7523,52,8875,0.8424788732394366,0.0525248211807409
unsw,ton,43,clean,logistic,unique,size,cap,0.05,,9367,7534,454,7575,288,7241,46,7523,52,8913,0.8175698418041064,0.04846802604889506
unsw,ton,43,clean,logistic,unique,size,random,0.05,,9367,7534,454,7575,382,7142,51,7523,52,8913,0.8070234488948727,0.04846802604889506
unsw,ton,43,clean,logistic,unique,tcp,forced,0.0,,9367,7534,0,7303,0,7259,44,7259,44,9367,0.7796519696807943,0.0
unsw,ton,43,clean,logistic,unique,tcp,frozen,0.05,0.009840849172354948,9367,7534,309,7303,91,7199,13,7259,44,9058,0.7962022521527932,0.03298814988790434
unsw,ton,43,clean,logistic,unique,tcp,cap,0.05,,9367,7534,454,7303,289,6988,26,7259,44,8913,0.7869404240996297,0.04846802604889506
unsw,ton,43,clean,logistic,unique,tcp,random,0.05,,9367,7534,454,7303,370,6889,44,7259,44,8913,0.7778525748906092,0.04846802604889506
unsw,ton,43,clean,logistic,unique,temporal+tcp,forced,0.0,,9367,7534,0,7265,0,7250,15,7250,15,9367,0.7755951745489484,0.0
unsw,ton,43,clean,logistic,unique,temporal+tcp,frozen,0.05,0.009840849172354948,9367,7534,360,7265,53,7201,11,7250,15,9007,0.8007105584545353,0.03843279598590797
unsw,ton,43,clean,logistic,unique,temporal+tcp,cap,0.05,,9367,7534,454,7265,231,7023,11,7250,15,8913,0.7891843374845731,0.04846802604889506
unsw,ton,43,clean,logistic,unique,temporal+tcp,random,0.05,,9367,7534,454,7265,371,6879,15,7250,15,8913,0.7734769437899697,0.04846802604889506
unsw,ton,43,clean,logistic,weighted,clean,forced,0.0,,11290,8836,0,8858,0,8807,51,8807,51,11290,0.7845881310894597,0.0
unsw,ton,43,clean,logistic,weighted,clean,frozen,0.05,0.009840849172354948,11290,8836,310,8858,68,8774,16,8807,51,10980,0.8005464480874317,0.02745792736935341
unsw,ton,43,clean,logistic,weighted,clean,cap,0.05,,11290,8836,542,8858,333,8498,27,8807,51,10748,0.7931708224786007,0.04800708591674048
unsw,ton,43,clean,logistic,weighted,clean,random,0.05,,11290,8836,542,8858,417,8391,50,8807,51,10748,0.785355414960923,0.04800708591674048
unsw,ton,43,clean,logistic,weighted,temporal,forced,0.0,,11290,8836,0,8849,0,8829,20,8829,20,11290,0.7837909654561559,0.0
unsw,ton,43,clean,logistic,weighted,temporal,frozen,0.05,0.009840849172354948,11290,8836,82,8849,51,8784,14,8829,20,11208,0.7849750178443968,0.007263064658990257
unsw,ton,43,clean,logistic,weighted,temporal,cap,0.05,,11290,8836,542,8849,328,8507,14,8829,20,10748,0.7927986602158541,0.04800708591674048
unsw,ton,43,clean,logistic,weighted,temporal,random,0.05,,11290,8836,542,8849,419,8410,20,8829,20,10748,0.78433196873837,0.04800708591674048
unsw,ton,43,clean,logistic,weighted,size,forced,0.0,,11290,8836,0,8880,0,8825,55,8825,55,11290,0.7865367581930912,0.0
unsw,ton,43,clean,logistic,weighted,size,frozen,0.05,0.009840849172354948,11290,8836,536,8880,99,8765,16,8825,55,10754,0.8165333829272828,0.047475642161204604
unsw,ton,43,clean,logistic,weighted,size,cap,0.05,,11290,8836,542,8880,336,8496,48,8825,55,10748,0.7949385932266468,0.04800708591674048
unsw,ton,43,clean,logistic,weighted,size,random,0.05,,11290,8836,542,8880,420,8407,53,8825,55,10748,0.7871231857089691,0.04800708591674048
unsw,ton,43,clean,logistic,weighted,tcp,forced,0.0,,11290,8836,0,8258,0,8211,47,8211,47,11290,0.7314437555358725,0.0
unsw,ton,43,clean,logistic,weighted,tcp,frozen,0.05,0.009840849172354948,11290,8836,385,8258,134,8109,15,8211,47,10905,0.7449793672627235,0.034100974313551816
unsw,ton,43,clean,logistic,weighted,tcp,cap,0.05,,11290,8836,542,8258,364,7871,23,8211,47,10748,0.7344622255303312,0.04800708591674048
unsw,ton,43,clean,logistic,weighted,tcp,random,0.05,,11290,8836,542,8258,395,7817,46,8211,47,10748,0.7315779679940454,0.04800708591674048
unsw,ton,43,clean,logistic,weighted,temporal+tcp,forced,0.0,,11290,8836,0,8175,0,8157,18,8157,18,11290,0.7240921169176262,0.0
unsw,ton,43,clean,logistic,weighted,temporal+tcp,frozen,0.05,0.009840849172354948,11290,8836,757,8175,54,8108,13,8157,18,10533,0.7710054115636571,0.0670504871567759
unsw,ton,43,clean,logistic,weighted,temporal+tcp,cap,0.05,,11290,8836,542,8175,279,7883,13,8157,18,10748,0.7346483066617046,0.04800708591674048
unsw,ton,43,clean,logistic,weighted,temporal+tcp,random,0.05,,11290,8836,542,8175,394,7763,18,8157,18,10748,0.723948641607741,0.04800708591674048
unsw,cic,43,clean,logistic,unique,clean,forced,0.0,,12192,306,0,2811,0,247,2564,247,2564,12192,0.23056102362204725,0.0
unsw,cic,43,clean,logistic,unique,clean,frozen,0.05,0.009840849172354948,12192,306,848,2811,349,239,2223,247,2564,11344,0.21703102961918194,0.06955380577427822
unsw,cic,43,clean,logistic,unique,clean,cap,0.05,,12192,306,599,2811,241,239,2331,247,2564,11593,0.22168549987061156,0.04913057742782152
unsw,cic,43,clean,logistic,unique,clean,random,0.05,,12192,306,599,2811,135,240,2436,247,2564,11593,0.23082894850340724,0.04913057742782152
unsw,cic,43,clean,logistic,unique,temporal,forced,0.0,,12192,306,0,2977,0,251,2726,251,2726,12192,0.2441765091863517,0.0
unsw,cic,43,clean,logistic,unique,temporal,frozen,0.05,0.009840849172354948,12192,306,1627,2977,1241,246,1490,251,2726,10565,0.16431613819214388,0.1334481627296588
unsw,cic,43,clean,logistic,unique,temporal,cap,0.05,,12192,306,599,2977,500,250,2227,251,2726,11593,0.21366341757957388,0.04913057742782152
unsw,cic,43,clean,logistic,unique,temporal,random,0.05,,12192,306,599,2977,147,244,2586,251,2726,11593,0.24411282670577072,0.04913057742782152
unsw,cic,43,clean,logistic,unique,size,forced,0.0,,12192,306,0,2740,0,246,2494,246,2494,12192,0.22473753280839895,0.0
unsw,cic,43,clean,logistic,unique,size,frozen,0.05,0.009840849172354948,12192,306,2274,2740,743,215,1782,246,2494,9918,0.20135107884654163,0.18651574803149606
unsw,cic,43,clean,logistic,unique,size,cap,0.05,,12192,306,599,2740,194,237,2309,246,2494,11593,0.21961528508582764,0.04913057742782152
unsw,cic,43,clean,logistic,unique,size,random,0.05,,12192,306,599,2740,134,239,2367,246,2494,11593,0.22479082204778747,0.04913057742782152
unsw,cic,43,clean,logistic,unique,tcp,forced,0.0,,12192,306,0,2796,0,247,2549,247,2549,12192,0.22933070866141733,0.0
unsw,cic,43,clean,logistic,unique,tcp,frozen,0.05,0.009840849172354948,12192,306,1042,2796,484,236,2076,247,2549,11150,0.2073542600896861,0.08546587926509186
unsw,cic,43,clean,logistic,unique,tcp,cap,0.05,,12192,306,599,2796,293,239,2264,247,2549,11593,0.2159061502630898,0.04913057742782152
unsw,cic,43,clean,logistic,unique,tcp,random,0.05,,12192,306,599,2796,135,240,2421,247,2549,11593,0.22953506426291728,0.04913057742782152
unsw,cic,43,clean,logistic,unique,temporal+tcp,forced,0.0,,12192,306,0,3051,0,252,2799,252,2799,12192,0.250246062992126,0.0
unsw,cic,43,clean,logistic,unique,temporal+tcp,frozen,0.05,0.009840849172354948,12192,306,2021,3051,1671,246,1134,252,2799,10171,0.13567987415200078,0.16576443569553806
unsw,cic,43,clean,logistic,unique,temporal+tcp,cap,0.05,,12192,306,599,3051,470,250,2331,252,2799,11593,0.22263434831363754,0.04913057742782152
unsw,cic,43,clean,logistic,unique,temporal+tcp,random,0.05,,12192,306,599,3051,149,245,2657,252,2799,11593,0.2503234710601225,0.04913057742782152
unsw,cic,43,clean,logistic,weighted,clean,forced,0.0,,13275,1267,0,3781,0,1207,2574,1207,2574,13275,0.2848210922787194,0.0
unsw,cic,43,clean,logistic,weighted,clean,frozen,0.05,0.009840849172354948,13275,1267,853,3781,351,1198,2232,1207,2574,12422,0.27612300756721947,0.06425612052730696
unsw,cic,43,clean,logistic,weighted,clean,cap,0.05,,13275,1267,652,3781,262,1198,2321,1207,2574,12623,0.27877683593440544,0.04911487758945386
unsw,cic,43,clean,logistic,weighted,clean,random,0.05,,13275,1267,652,3781,185,1148,2448,1207,2574,12623,0.28487681216826427,0.04911487758945386
unsw,cic,43,clean,logistic,weighted,temporal,forced,0.0,,13275,1267,0,3946,0,1211,2735,1211,2735,13275,0.29725047080979283,0.0
unsw,cic,43,clean,logistic,weighted,temporal,frozen,0.05,0.009840849172354948,13275,1267,1630,3946,1243,1206,1497,1211,2735,11645,0.2321167883211679,0.12278719397363465
unsw,cic,43,clean,logistic,weighted,temporal,cap,0.05,,13275,1267,652,3946,548,1210,2188,1211,2735,12623,0.26919115899548446,0.04911487758945386
unsw,cic,43,clean,logistic,weighted,temporal,random,0.05,,13275,1267,652,3946,191,1152,2603,1211,2735,12623,0.2974728669888299,0.04911487758945386
unsw,cic,43,clean,logistic,weighted,size,forced,0.0,,13275,1267,0,3710,0,1206,2504,1206,2504,13275,0.27947269303201505,0.0
unsw,cic,43,clean,logistic,weighted,size,frozen,0.05,0.009840849172354948,13275,1267,2282,3710,745,1174,1791,1206,2504,10993,0.2697170926953516,0.1719020715630885
unsw,cic,43,clean,logistic,weighted,size,cap,0.05,,13275,1267,652,3710,201,1197,2312,1206,2504,12623,0.2779846312287095,0.04911487758945386
unsw,cic,43,clean,logistic,weighted,size,random,0.05,,13275,1267,652,3710,177,1147,2386,1206,2504,12623,0.27988592252237976,0.04911487758945386
unsw,cic,43,clean,logistic,weighted,tcp,forced,0.0,,13275,1267,0,3766,0,1207,2559,1207,2559,13275,0.2836911487758945,0.0
unsw,cic,43,clean,logistic,weighted,tcp,frozen,0.05,0.009840849172354948,13275,1267,1046,3766,486,1195,2085,1207,2559,12229,0.2682148990105487,0.07879472693032015
unsw,cic,43,clean,logistic,weighted,tcp,cap,0.05,,13275,1267,652,3766,318,1199,2249,1207,2559,12623,0.27315218252396417,0.04911487758945386
unsw,cic,43,clean,logistic,weighted,tcp,random,0.05,,13275,1267,652,3766,182,1148,2436,1207,2559,12623,0.28392616652142916,0.04911487758945386
unsw,cic,43,clean,logistic,weighted,temporal+tcp,forced,0.0,,13275,1267,0,4020,0,1212,2808,1212,2808,13275,0.30282485875706217,0.0
unsw,cic,43,clean,logistic,weighted,temporal+tcp,frozen,0.05,0.009840849172354948,13275,1267,2028,4020,1676,1206,1138,1212,2808,11247,0.2084111318573842,0.1527683615819209
unsw,cic,43,clean,logistic,weighted,temporal+tcp,cap,0.05,,13275,1267,652,4020,516,1210,2294,1212,2808,12623,0.2775885288758615,0.04911487758945386
unsw,cic,43,clean,logistic,weighted,temporal+tcp,random,0.05,,13275,1267,652,4020,192,1153,2675,1212,2808,12623,0.3032559613404104,0.04911487758945386
unsw,ton,43,clean,forest,unique,clean,forced,0.0,,9367,7534,0,6875,0,5826,1049,5826,1049,9367,0.7339596455642148,0.0
unsw,ton,43,clean,forest,unique,clean,frozen,0.05,0.0159445680385617,9367,7534,9367,6875,6875,0,0,5826,1049,0,,1.0
unsw,ton,43,clean,forest,unique,clean,cap,0.05,,9367,7534,454,6875,401,5478,996,5826,1049,8913,0.7263547627061595,0.04846802604889506
unsw,ton,43,clean,forest,unique,clean,random,0.05,,9367,7534,454,6875,335,5531,1009,5826,1049,8913,0.7337596768764726,0.04846802604889506
unsw,ton,43,clean,forest,unique,temporal,forced,0.0,,9367,7534,0,6868,0,5815,1053,5815,1053,9367,0.7332123411978222,0.0
unsw,ton,43,clean,forest,unique,temporal,frozen,0.05,0.0159445680385617,9367,7534,9367,6868,6868,0,0,5815,1053,0,,1.0
unsw,ton,43,clean,forest,unique,temporal,cap,0.05,,9367,7534,454,6868,313,5569,986,5815,1053,8913,0.7354426119151801,0.04846802604889506
unsw,ton,43,clean,forest,unique,temporal,random,0.05,,9367,7534,454,6868,337,5520,1011,5815,1053,8913,0.7327499158532481,0.04846802604889506
unsw,ton,43,clean,forest,unique,size,forced,0.0,,9367,7534,0,7654,0,7045,609,7045,609,9367,0.8171239457670546,0.0
unsw,ton,43,clean,forest,unique,size,frozen,0.05,0.0159445680385617,9367,7534,9366,7654,7653,1,0,7045,609,1,1.0,0.9998932422333725
unsw,ton,43,clean,forest,unique,size,cap,0.05,,9367,7534,454,7654,318,6819,517,7045,609,8913,0.8230674295972176,0.04846802604889506
unsw,ton,43,clean,forest,unique,size,random,0.05,,9367,7534,454,7654,382,6685,587,7045,609,8913,0.8158869067653989,0.04846802604889506
unsw,ton,43,clean,forest,unique,tcp,forced,0.0,,9367,7534,0,6557,0,5570,987,5570,987,9367,0.7000106757766628,0.0
unsw,ton,43,clean,forest,unique,tcp,frozen,0.05,0.0159445680385617,9367,7534,9367,6557,6557,0,0,5570,987,0,,1.0
unsw,ton,43,clean,forest,unique,tcp,cap,0.05,,9367,7534,454,6557,256,5362,939,5570,987,8913,0.7069449119263996,0.04846802604889506
unsw,ton,43,clean,forest,unique,tcp,random,0.05,,9367,7534,454,6557,325,5284,948,5570,987,8913,0.6992034107483451,0.04846802604889506
unsw,ton,43,clean,forest,unique,temporal+tcp,forced,0.0,,9367,7534,0,6885,0,5943,942,5943,942,9367,0.73502722323049,0.0
unsw,ton,43,clean,forest,unique,temporal+tcp,frozen,0.05,0.0159445680385617,9367,7534,9367,6885,6885,0,0,5943,942,0,,1.0
unsw,ton,43,clean,forest,unique,temporal+tcp,cap,0.05,,9367,7534,454,6885,404,5570,911,5943,942,8913,0.7271401323908897,0.04846802604889506
unsw,ton,43,clean,forest,unique,temporal+tcp,random,0.05,,9367,7534,454,6885,339,5643,903,5943,942,8913,0.7344328508919555,0.04846802604889506
unsw,ton,43,clean,forest,weighted,clean,forced,0.0,,11290,8836,0,7837,0,6732,1105,6732,1105,11290,0.6941541186891054,0.0
unsw,ton,43,clean,forest,weighted,clean,frozen,0.05,0.0159445680385617,11290,8836,11290,7837,7837,0,0,6732,1105,0,,1.0
unsw,ton,43,clean,forest,weighted,clean,cap,0.05,,11290,8836,542,7837,468,6325,1044,6732,1105,10748,0.6856159285448455,0.04800708591674048
unsw,ton,43,clean,forest,weighted,clean,random,0.05,,11290,8836,542,7837,371,6407,1059,6732,1105,10748,0.6946408634164496,0.04800708591674048
unsw,ton,43,clean,forest,weighted,temporal,forced,0.0,,11290,8836,0,7830,0,6721,1109,6721,1109,11290,0.6935341009743136,0.0
unsw,ton,43,clean,forest,weighted,temporal,frozen,0.05,0.0159445680385617,11290,8836,11290,7830,7830,0,0,6721,1109,0,,1.0
unsw,ton,43,clean,forest,weighted,temporal,cap,0.05,,11290,8836,542,7830,388,6402,1040,6721,1109,10748,0.6924078898399703,0.04800708591674048
unsw,ton,43,clean,forest,weighted,temporal,random,0.05,,11290,8836,542,7830,372,6397,1061,6721,1109,10748,0.6938965388909565,0.04800708591674048
unsw,ton,43,clean,forest,weighted,size,forced,0.0,,11290,8836,0,8570,0,7951,619,7951,619,11290,0.7590788308237378,0.0
unsw,ton,43,clean,forest,weighted,size,frozen,0.05,0.0159445680385617,11290,8836,11289,8570,8569,1,0,7951,619,1,1.0,0.999911426040744
unsw,ton,43,clean,forest,weighted,size,cap,0.05,,11290,8836,542,8570,388,7679,503,7951,619,10748,0.7612579084480834,0.04800708591674048
unsw,ton,43,clean,forest,weighted,size,random,0.05,,11290,8836,542,8570,414,7567,589,7951,619,10748,0.7588388537402307,0.04800708591674048
unsw,ton,43,clean,forest,weighted,tcp,forced,0.0,,11290,8836,0,7517,0,6476,1041,6476,1041,11290,0.6658104517271922,0.0
unsw,ton,43,clean,forest,weighted,tcp,frozen,0.05,0.0159445680385617,11290,8836,11290,7517,7517,0,0,6476,1041,0,,1.0
unsw,ton,43,clean,forest,weighted,tcp,cap,0.05,,11290,8836,542,7517,282,6259,976,6476,1041,10748,0.6731484927428358,0.04800708591674048
unsw,ton,43,clean,forest,weighted,tcp,random,0.05,,11290,8836,542,7517,348,6169,1000,6476,1041,10748,0.6670078154075176,0.04800708591674048
unsw,ton,43,clean,forest,weighted,temporal+tcp,forced,0.0,,11290,8836,0,7845,0,6849,996,6849,996,11290,0.6948627103631533,0.0
unsw,ton,43,clean,forest,weighted,temporal+tcp,frozen,0.05,0.0159445680385617,11290,8836,11290,7845,7845,0,0,6849,996,0,,1.0
unsw,ton,43,clean,forest,weighted,temporal+tcp,cap,0.05,,11290,8836,542,7845,470,6421,954,6849,996,10748,0.6861741719389653,0.04800708591674048
unsw,ton,43,clean,forest,weighted,temporal+tcp,random,0.05,,11290,8836,542,7845,367,6520,958,6849,996,10748,0.6957573502046892,0.04800708591674048
unsw,cic,43,clean,forest,unique,clean,forced,0.0,,12192,306,0,10406,0,59,10347,59,10347,12192,0.853510498687664,0.0
unsw,cic,43,clean,forest,unique,clean,frozen,0.05,0.0159445680385617,12192,306,12192,10406,10406,0,0,59,10347,0,,1.0
unsw,cic,43,clean,forest,unique,clean,cap,0.05,,12192,306,599,10406,579,59,9768,59,10347,11593,0.8476666954196498,0.04913057742782152
unsw,cic,43,clean,forest,unique,clean,random,0.05,,12192,306,599,10406,487,58,9861,59,10347,11593,0.8556025187613215,0.04913057742782152
unsw,cic,43,clean,forest,unique,temporal,forced,0.0,,12192,306,0,9932,0,71,9861,71,9861,12192,0.8146325459317585,0.0
unsw,cic,43,clean,forest,unique,temporal,frozen,0.05,0.0159445680385617,12192,306,12192,9932,9932,0,0,71,9861,0,,1.0
unsw,cic,43,clean,forest,unique,temporal,cap,0.05,,12192,306,599,9932,248,61,9623,71,9861,11593,0.8353316656603123,0.04913057742782152
unsw,cic,43,clean,forest,unique,temporal,random,0.05,,12192,306,599,9932,464,68,9400,71,9861,11593,0.8166997325972569,0.04913057742782152
unsw,cic,43,clean,forest,unique,size,forced,0.0,,12192,306,0,2300,0,252,2048,252,2048,12192,0.18864829396325458,0.0
unsw,cic,43,clean,forest,unique,size,frozen,0.05,0.0159445680385617,12192,306,12166,2300,2299,1,0,252,2048,26,0.038461538461538464,0.9978674540682415
unsw,cic,43,clean,forest,unique,size,cap,0.05,,12192,306,599,2300,54,244,2002,252,2048,11593,0.19373760027602863,0.04913057742782152
unsw,cic,43,clean,forest,unique,size,random,0.05,,12192,306,599,2300,107,245,1948,252,2048,11593,0.1891658759596308,0.04913057742782152
unsw,cic,43,clean,forest,unique,tcp,forced,0.0,,12192,306,0,9278,0,82,9196,82,9196,12192,0.760990813648294,0.0
unsw,cic,43,clean,forest,unique,tcp,frozen,0.05,0.0159445680385617,12192,306,12192,9278,9278,0,0,82,9196,0,,1.0
unsw,cic,43,clean,forest,unique,tcp,cap,0.05,,12192,306,599,9278,233,71,8974,82,9196,11593,0.7802121970154403,0.04913057742782152
unsw,cic,43,clean,forest,unique,tcp,random,0.05,,12192,306,599,9278,426,79,8773,82,9196,11593,0.763564219787803,0.04913057742782152
unsw,cic,43,clean,forest,unique,temporal+tcp,forced,0.0,,12192,306,0,8769,0,103,8666,103,8666,12192,0.719242125984252,0.0
unsw,cic,43,clean,forest,unique,temporal+tcp,frozen,0.05,0.0159445680385617,12192,306,12192,8769,8769,0,0,103,8666,0,,1.0
unsw,cic,43,clean,forest,unique,temporal+tcp,cap,0.05,,12192,306,599,8769,47,86,8636,103,8666,11593,0.7523505563702234,0.04913057742782152
unsw,cic,43,clean,forest,unique,temporal+tcp,random,0.05,,12192,306,599,8769,403,97,8269,103,8666,11593,0.7216423703959286,0.04913057742782152
unsw,cic,43,clean,forest,weighted,clean,forced,0.0,,13275,1267,0,10450,0,64,10386,64,10386,13275,0.7871939736346516,0.0
unsw,cic,43,clean,forest,weighted,clean,frozen,0.05,0.0159445680385617,13275,1267,13275,10450,10450,0,0,64,10386,0,,1.0
unsw,cic,43,clean,forest,weighted,clean,cap,0.05,,13275,1267,652,10450,631,64,9755,64,10386,12623,0.7778658005228551,0.04911487758945386
unsw,cic,43,clean,forest,weighted,clean,random,0.05,,13275,1267,652,10450,506,60,9884,64,10386,12623,0.7877683593440545,0.04911487758945386
unsw,cic,43,clean,forest,weighted,temporal,forced,0.0,,13275,1267,0,9975,0,77,9898,77,9898,13275,0.751412429378531,0.0
unsw,cic,43,clean,forest,weighted,temporal,frozen,0.05,0.0159445680385617,13275,1267,13275,9975,9975,0,0,77,9898,0,,1.0
unsw,cic,43,clean,forest,weighted,temporal,cap,0.05,,13275,1267,652,9975,288,67,9620,77,9898,12623,0.7674086984076686,0.04911487758945386
unsw,cic,43,clean,forest,weighted,temporal,random,0.05,,13275,1267,652,9975,485,73,9417,77,9898,12623,0.7518022657054583,0.04911487758945386
unsw,cic,43,clean,forest,weighted,size,forced,0.0,,13275,1267,0,3272,0,1212,2060,1212,2060,13275,0.24647834274952918,0.0
unsw,cic,43,clean,forest,weighted,size,frozen,0.05,0.0159445680385617,13275,1267,13249,3272,3271,1,0,1212,2060,26,0.038461538461538464,0.9980414312617703
unsw,cic,43,clean,forest,weighted,size,cap,0.05,,13275,1267,652,3272,54,1204,2014,1212,2060,12623,0.2549314742929573,0.04911487758945386
unsw,cic,43,clean,forest,weighted,size,random,0.05,,13275,1267,652,3272,167,1155,1950,1212,2060,12623,0.24597956111859304,0.04911487758945386
unsw,cic,43,clean,forest,weighted,tcp,forced,0.0,,13275,1267,0,9320,0,88,9232,88,9232,13275,0.7020715630885123,0.0
unsw,cic,43,clean,forest,weighted,tcp,frozen,0.05,0.0159445680385617,13275,1267,13275,9320,9320,0,0,88,9232,0,,1.0
unsw,cic,43,clean,forest,weighted,tcp,cap,0.05,,13275,1267,652,9320,255,76,8989,88,9232,12623,0.7181335657133804,0.04911487758945386
unsw,cic,43,clean,forest,weighted,tcp,random,0.05,,13275,1267,652,9320,443,83,8794,88,9232,12623,0.7032401172462964,0.04911487758945386
unsw,cic,43,clean,forest,weighted,temporal+tcp,forced,0.0,,13275,1267,0,8806,0,109,8697,109,8697,13275,0.6633521657250471,0.0
unsw,cic,43,clean,forest,weighted,temporal+tcp,frozen,0.05,0.0159445680385617,13275,1267,13275,8806,8806,0,0,109,8697,0,,1.0
unsw,cic,43,clean,forest,weighted,temporal+tcp,cap,0.05,,13275,1267,652,8806,47,92,8667,109,8697,12623,0.6938921017190842,0.04911487758945386
unsw,cic,43,clean,forest,weighted,temporal+tcp,random,0.05,,13275,1267,652,8806,415,104,8287,109,8697,12623,0.6647389685494732,0.04911487758945386
unsw,ton,43,repeat,logistic,unique,clean,forced,0.0,,9367,7534,0,7535,0,7501,34,7501,34,9367,0.8044197715383794,0.0
unsw,ton,43,repeat,logistic,unique,clean,frozen,0.05,0.009025573805970022,9367,7534,247,7535,36,7484,15,7501,34,9120,0.8222587719298246,0.02636916835699797
unsw,ton,43,repeat,logistic,unique,clean,cap,0.05,,9367,7534,454,7535,292,7219,24,7501,34,8913,0.8126332323572311,0.04846802604889506
unsw,ton,43,repeat,logistic,unique,clean,random,0.05,,9367,7534,454,7535,380,7121,34,7501,34,8913,0.8027600134634804,0.04846802604889506
unsw,ton,43,repeat,logistic,unique,temporal,forced,0.0,,9367,7534,0,7539,0,7521,18,7521,18,9367,0.8048468026048895,0.0
unsw,ton,43,repeat,logistic,unique,temporal,frozen,0.05,0.009025573805970022,9367,7534,106,7539,44,7483,12,7521,18,9261,0.8093078501241766,0.011316323262517348
unsw,ton,43,repeat,logistic,unique,temporal,cap,0.05,,9367,7534,454,7539,267,7259,13,7521,18,8913,0.8158869067653989,0.04846802604889506
unsw,ton,43,repeat,logistic,unique,temporal,random,0.05,,9367,7534,454,7539,381,7140,18,7521,18,8913,0.8030966004712218,0.04846802604889506
unsw,ton,43,repeat,logistic,unique,size,forced,0.0,,9367,7534,0,7571,0,7525,46,7525,46,9367,0.8082630511369702,0.0
unsw,ton,43,repeat,logistic,unique,size,frozen,0.05,0.009025573805970022,9367,7534,244,7571,76,7481,14,7525,46,9123,0.8215499287515072,0.026048895057115405
unsw,ton,43,repeat,logistic,unique,size,cap,0.05,,9367,7534,454,7571,309,7232,30,7525,46,8913,0.8147649500729272,0.04846802604889506
unsw,ton,43,repeat,logistic,unique,size,random,0.05,,9367,7534,454,7571,382,7144,45,7525,46,8913,0.806574666217884,0.04846802604889506
unsw,ton,43,repeat,logistic,unique,tcp,forced,0.0,,9367,7534,0,7289,0,7268,21,7268,21,9367,0.7781573609480089,0.0
unsw,ton,43,repeat,logistic,unique,tcp,frozen,0.05,0.009025573805970022,9367,7534,141,7289,50,7228,11,7268,21,9226,0.7846303923693908,0.015052845094480623
unsw,ton,43,repeat,logistic,unique,tcp,cap,0.05,,9367,7534,454,7289,306,6968,15,7268,21,8913,0.7834623583529676,0.04846802604889506
unsw,ton,43,repeat,logistic,unique,tcp,random,0.05,,9367,7534,454,7289,370,6898,21,7268,21,8913,0.7762818355211489,0.04846802604889506
unsw,ton,43,repeat,logistic,unique,temporal+tcp,forced,0.0,,9367,7534,0,7264,0,7250,14,7250,14,9367,0.7754884167823209,0.0
unsw,ton,43,repeat,logistic,unique,temporal+tcp,frozen,0.05,0.009025573805970022,9367,7534,360,7264,54,7202,8,7250,14,9007,0.800488508937493,0.03843279598590797
unsw,ton,43,repeat,logistic,unique,temporal+tcp,cap,0.05,,9367,7534,454,7264,234,7022,8,7250,14,8913,0.7887355548075844,0.04846802604889506
unsw,ton,43,repeat,logistic,unique,temporal+tcp,random,0.05,,9367,7534,454,7264,371,6879,14,7250,14,8913,0.7733647481207225,0.04846802604889506
unsw,ton,43,repeat,logistic,weighted,clean,forced,0.0,,11290,8836,0,8841,0,8803,38,8803,38,11290,0.7830823737821081,0.0
unsw,ton,43,repeat,logistic,weighted,clean,frozen,0.05,0.009025573805970022,11290,8836,284,8841,37,8786,18,8803,38,11006,0.7999273123750681,0.025155004428697964
unsw,ton,43,repeat,logistic,weighted,clean,cap,0.05,,11290,8836,542,8841,342,8474,25,8803,38,10748,0.7907517677707481,0.04800708591674048
unsw,ton,43,repeat,logistic,weighted,clean,random,0.05,,11290,8836,542,8841,417,8387,37,8803,38,10748,0.78377372534425,0.04800708591674048
unsw,ton,43,repeat,logistic,weighted,temporal,forced,0.0,,11290,8836,0,8845,0,8823,22,8823,22,11290,0.7834366696191319,0.0
unsw,ton,43,repeat,logistic,weighted,temporal,frozen,0.05,0.009025573805970022,11290,8836,112,8845,45,8785,15,8823,22,11178,0.7872606906423332,0.009920283436669619
unsw,ton,43,repeat,logistic,weighted,temporal,cap,0.05,,11290,8836,542,8845,317,8513,15,8823,22,10748,0.7934499441756606,0.04800708591674048
unsw,ton,43,repeat,logistic,weighted,temporal,random,0.05,,11290,8836,542,8845,419,8404,22,8823,22,10748,0.7839598064756234,0.04800708591674048
unsw,ton,43,repeat,logistic,weighted,size,forced,0.0,,11290,8836,0,8876,0,8827,49,8827,49,11290,0.7861824623560674,0.0
unsw,ton,43,repeat,logistic,weighted,size,frozen,0.05,0.009025573805970022,11290,8836,251,8876,77,8783,16,8827,49,11039,0.7970830691185796,0.022232063773250665
unsw,ton,43,repeat,logistic,weighted,size,cap,0.05,,11290,8836,542,8876,360,8484,32,8827,49,10748,0.7923334573874209,0.04800708591674048
unsw,ton,43,repeat,logistic,weighted,size,random,0.05,,11290,8836,542,8876,420,8408,48,8827,49,10748,0.7867510234462226,0.04800708591674048
unsw,ton,43,repeat,logistic,weighted,tcp,forced,0.0,,11290,8836,0,8244,0,8220,24,8220,24,11290,0.7302037201062888,0.0
unsw,ton,43,repeat,logistic,weighted,tcp,frozen,0.05,0.009025573805970022,11290,8836,143,8244,51,8180,13,8220,24,11147,0.7349959630393827,0.01266607617360496
unsw,ton,43,repeat,logistic,weighted,tcp,cap,0.05,,11290,8836,542,8244,365,7863,16,8220,24,10748,0.7330666170450316,0.04800708591674048
unsw,ton,43,repeat,logistic,weighted,tcp,random,0.05,,11290,8836,542,8244,395,7826,23,8220,24,10748,0.7302754000744325,0.04800708591674048
unsw,ton,43,repeat,logistic,weighted,temporal+tcp,forced,0.0,,11290,8836,0,8174,0,8157,17,8157,17,11290,0.7240035429583702,0.0
unsw,ton,43,repeat,logistic,weighted,temporal+tcp,frozen,0.05,0.009025573805970022,11290,8836,757,8174,55,8109,10,8157,17,10533,0.770815532137093,0.0670504871567759
unsw,ton,43,repeat,logistic,weighted,temporal+tcp,cap,0.05,,11290,8836,542,8174,283,7880,11,8157,17,10748,0.7341831038332713,0.04800708591674048
unsw,ton,43,repeat,logistic,weighted,temporal+tcp,random,0.05,,11290,8836,542,8174,394,7763,17,8157,17,10748,0.7238556010420544,0.04800708591674048
unsw,cic,43,repeat,logistic,unique,clean,forced,0.0,,12192,306,0,2652,0,252,2400,252,2400,12192,0.21751968503937008,0.0
unsw,cic,43,repeat,logistic,unique,clean,frozen,0.05,0.009025573805970022,12192,306,833,2652,501,244,1907,252,2400,11359,0.1893652610264988,0.06832349081364829
unsw,cic,43,repeat,logistic,unique,clean,cap,0.05,,12192,306,599,2652,370,246,2036,252,2400,11593,0.19684292245320453,0.04913057742782152
unsw,cic,43,repeat,logistic,unique,clean,random,0.05,,12192,306,599,2652,127,245,2280,252,2400,11593,0.21780384714914172,0.04913057742782152
unsw,cic,43,repeat,logistic,unique,temporal,forced,0.0,,12192,306,0,2891,0,251,2640,251,2640,12192,0.2371227034120735,0.0
unsw,cic,43,repeat,logistic,unique,temporal,frozen,0.05,0.009025573805970022,12192,306,1551,2891,1129,247,1515,251,2640,10641,0.16558594117094258,0.12721456692913385
unsw,cic,43,repeat,logistic,unique,temporal,cap,0.05,,12192,306,599,2891,400,250,2241,251,2640,11593,0.21487104287069783,0.04913057742782152
unsw,cic,43,repeat,logistic,unique,temporal,random,0.05,,12192,306,599,2891,145,244,2502,251,2640,11593,0.236867074959027,0.04913057742782152
unsw,cic,43,repeat,logistic,unique,size,forced,0.0,,12192,306,0,2487,0,256,2231,256,2231,12192,0.20398622047244094,0.0
unsw,cic,43,repeat,logistic,unique,size,frozen,0.05,0.009025573805970022,12192,306,1383,2487,906,248,1333,256,2231,10809,0.14626699972245352,0.11343503937007875
unsw,cic,43,repeat,logistic,unique,size,cap,0.05,,12192,306,599,2487,407,253,1827,256,2231,11593,0.17941861468127318,0.04913057742782152
unsw,cic,43,repeat,logistic,unique,size,random,0.05,,12192,306,599,2487,121,249,2117,256,2231,11593,0.20408867419994825,0.04913057742782152
unsw,cic,43,repeat,logistic,unique,tcp,forced,0.0,,12192,306,0,2459,0,258,2201,258,2201,12192,0.20168963254593175,0.0
unsw,cic,43,repeat,logistic,unique,tcp,frozen,0.05,0.009025573805970022,12192,306,889,2459,454,246,1759,258,2201,11303,0.17738653454835,0.07291666666666667
unsw,cic,43,repeat,logistic,unique,tcp,cap,0.05,,12192,306,599,2459,304,248,1907,258,2201,11593,0.18588803588372294,0.04913057742782152
unsw,cic,43,repeat,logistic,unique,tcp,random,0.05,,12192,306,599,2459,114,251,2094,258,2201,11593,0.2022772362632623,0.04913057742782152
unsw,cic,43,repeat,logistic,unique,temporal+tcp,forced,0.0,,12192,306,0,3079,0,252,2827,252,2827,12192,0.25254265091863515,0.0
unsw,cic,43,repeat,logistic,unique,temporal+tcp,frozen,0.05,0.009025573805970022,12192,306,2678,3079,2347,245,487,252,2827,9514,0.07693924742484759,0.2196522309711286
unsw,cic,43,repeat,logistic,unique,temporal+tcp,cap,0.05,,12192,306,599,3079,521,251,2307,252,2827,11593,0.2206503924782196,0.04913057742782152
unsw,cic,43,repeat,logistic,unique,temporal+tcp,random,0.05,,12192,306,599,3079,148,245,2686,252,2827,11593,0.2528249805917364,0.04913057742782152
unsw,cic,43,repeat,logistic,weighted,clean,forced,0.0,,13275,1267,0,3621,0,1212,2409,1212,2409,13275,0.2727683615819209,0.0
unsw,cic,43,repeat,logistic,weighted,clean,frozen,0.05,0.009025573805970022,13275,1267,833,3621,501,1204,1916,1212,2409,12442,0.2507635428387719,0.06274952919020715
unsw,cic,43,repeat,logistic,weighted,clean,cap,0.05,,13275,1267,652,3621,400,1206,2015,1212,2409,12623,0.2551691357046661,0.04911487758945386
unsw,cic,43,repeat,logistic,weighted,clean,random,0.05,,13275,1267,652,3621,178,1153,2290,1212,2409,12623,0.27275608017111624,0.04911487758945386
unsw,cic,43,repeat,logistic,weighted,temporal,forced,0.0,,13275,1267,0,3860,0,1211,2649,1211,2649,13275,0.29077212806026365,0.0
unsw,cic,43,repeat,logistic,weighted,temporal,frozen,0.05,0.009025573805970022,13275,1267,1553,3860,1131,1207,1522,1211,2649,11722,0.23281010066541546,0.11698681732580038
unsw,cic,43,repeat,logistic,weighted,temporal,cap,0.05,,13275,1267,652,3860,445,1210,2205,1211,2649,12623,0.27053790699516755,0.04911487758945386
unsw,cic,43,repeat,logistic,weighted,temporal,random,0.05,,13275,1267,652,3860,192,1152,2516,1211,2649,12623,0.2905806860492751,0.04911487758945386
unsw,cic,43,repeat,logistic,weighted,size,forced,0.0,,13275,1267,0,3456,0,1216,2240,1216,2240,13275,0.26033898305084746,0.0
unsw,cic,43,repeat,logistic,weighted,size,frozen,0.05,0.009025573805970022,13275,1267,1384,3456,907,1208,1341,1216,2240,11891,0.21436380455806914,0.10425612052730697
unsw,cic,43,repeat,logistic,weighted,size,cap,0.05,,13275,1267,652,3456,442,1213,1801,1216,2240,12623,0.2387704982967599,0.04911487758945386
unsw,cic,43,repeat,logistic,weighted,size,random,0.05,,13275,1267,652,3456,166,1157,2133,1216,2240,12623,0.26063534817396816,0.04911487758945386
unsw,cic,43,repeat,logistic,weighted,tcp,forced,0.0,,13275,1267,0,3428,0,1218,2210,1218,2210,13275,0.2582297551789077,0.0
unsw,cic,43,repeat,logistic,weighted,tcp,frozen,0.05,0.009025573805970022,13275,1267,891,3428,455,1206,1767,1218,2210,12384,0.24006782945736435,0.0671186440677966
unsw,cic,43,repeat,logistic,weighted,tcp,cap,0.05,,13275,1267,652,3428,338,1208,1882,1218,2210,12623,0.24479125406004912,0.04911487758945386
unsw,cic,43,repeat,logistic,weighted,tcp,random,0.05,,13275,1267,652,3428,164,1159,2105,1218,2210,12623,0.2585756159391587,0.04911487758945386
unsw,cic,43,repeat,logistic,weighted,temporal+tcp,forced,0.0,,13275,1267,0,4048,0,1212,2836,1212,2836,13275,0.3049340866290019,0.0
unsw,cic,43,repeat,logistic,weighted,temporal+tcp,frozen,0.05,0.009025573805970022,13275,1267,2687,4048,2354,1205,489,1212,2836,10588,0.15999244427653947,0.2024105461393597
unsw,cic,43,repeat,logistic,weighted,temporal+tcp,cap,0.05,,13275,1267,652,4048,570,1211,2267,1212,2836,12623,0.27552879664105207,0.04911487758945386
unsw,cic,43,repeat,logistic,weighted,temporal+tcp,random,0.05,,13275,1267,652,4048,192,1153,2703,1212,2836,12623,0.305474134516359,0.04911487758945386
unsw,ton,43,repeat,forest,unique,clean,forced,0.0,,9367,7534,0,6920,0,5819,1101,5819,1101,9367,0.7387637450624533,0.0
unsw,ton,43,repeat,forest,unique,clean,frozen,0.05,0.0091151866151864,9367,7534,9367,6920,6920,0,0,5819,1101,0,,1.0
unsw,ton,43,repeat,forest,unique,clean,cap,0.05,,9367,7534,454,6920,154,5785,981,5819,1101,8913,0.7591158981263323,0.04846802604889506
unsw,ton,43,repeat,forest,unique,clean,random,0.05,,9367,7534,454,6920,337,5525,1058,5819,1101,8913,0.7385840906541008,0.04846802604889506
unsw,ton,43,repeat,forest,unique,temporal,forced,0.0,,9367,7534,0,6941,0,5820,1121,5820,1121,9367,0.7410056581616312,0.0
unsw,ton,43,repeat,forest,unique,temporal,frozen,0.05,0.0091151866151864,9367,7534,9367,6941,6941,0,0,5820,1121,0,,1.0
unsw,ton,43,repeat,forest,unique,temporal,cap,0.05,,9367,7534,454,6941,145,5800,996,5820,1121,8913,0.7624817682037474,0.04846802604889506
unsw,ton,43,repeat,forest,unique,temporal,random,0.05,,9367,7534,454,6941,337,5526,1078,5820,1121,8913,0.7409401997082913,0.04846802604889506
unsw,ton,43,repeat,forest,unique,size,forced,0.0,,9367,7534,0,7626,0,7076,550,7076,550,9367,0.8141347283014839,0.0
unsw,ton,43,repeat,forest,unique,size,frozen,0.05,0.0091151866151864,9367,7534,9367,7626,7626,0,0,7076,550,0,,1.0
unsw,ton,43,repeat,forest,unique,size,cap,0.05,,9367,7534,454,7626,251,6994,381,7076,550,8913,0.8274430606978571,0.04846802604889506
unsw,ton,43,repeat,forest,unique,size,random,0.05,,9367,7534,454,7626,380,6715,531,7076,550,8913,0.8129698193649725,0.04846802604889506
unsw,ton,43,repeat,forest,unique,tcp,forced,0.0,,9367,7534,0,6855,0,5952,903,5952,903,9367,0.7318244902316644,0.0
unsw,ton,43,repeat,forest,unique,tcp,frozen,0.05,0.0091151866151864,9367,7534,9367,6855,6855,0,0,5952,903,0,,1.0
unsw,ton,43,repeat,forest,unique,tcp,cap,0.05,,9367,7534,454,6855,103,5945,807,5952,903,8913,0.757545158756872,0.04846802604889506
unsw,ton,43,repeat,forest,unique,tcp,random,0.05,,9367,7534,454,6855,338,5652,865,5952,903,8913,0.7311791764837877,0.04846802604889506
unsw,ton,43,repeat,forest,unique,temporal+tcp,forced,0.0,,9367,7534,0,6854,0,5952,902,5952,902,9367,0.7317177324650368,0.0
unsw,ton,43,repeat,forest,unique,temporal+tcp,frozen,0.05,0.0091151866151864,9367,7534,9367,6854,6854,0,0,5952,902,0,,1.0
unsw,ton,43,repeat,forest,unique,temporal+tcp,cap,0.05,,9367,7534,454,6854,99,5946,809,5952,902,8913,0.7578817457646135,0.04846802604889506
unsw,ton,43,repeat,forest,unique,temporal+tcp,random,0.05,,9367,7534,454,6854,339,5652,863,5952,902,8913,0.7309547851452934,0.04846802604889506
unsw,ton,43,repeat,forest,weighted,clean,forced,0.0,,11290,8836,0,7880,0,6725,1155,6725,1155,11290,0.6979627989371124,0.0
unsw,ton,43,repeat,forest,weighted,clean,frozen,0.05,0.0091151866151864,11290,8836,11290,7880,7880,0,0,6725,1155,0,,1.0
unsw,ton,43,repeat,forest,weighted,clean,cap,0.05,,11290,8836,542,7880,196,6686,998,6725,1155,10748,0.7149237067361369,0.04800708591674048
unsw,ton,43,repeat,forest,weighted,clean,random,0.05,,11290,8836,542,7880,371,6401,1108,6725,1155,10748,0.6986416077409751,0.04800708591674048
unsw,ton,43,repeat,forest,weighted,temporal,forced,0.0,,11290,8836,0,7901,0,6726,1175,6726,1175,11290,0.6998228520814881,0.0
unsw,ton,43,repeat,forest,weighted,temporal,frozen,0.05,0.0091151866151864,11290,8836,11290,7901,7901,0,0,6726,1175,0,,1.0
unsw,ton,43,repeat,forest,weighted,temporal,cap,0.05,,11290,8836,542,7901,187,6706,1008,6726,1175,10748,0.7177149237067362,0.04800708591674048
unsw,ton,43,repeat,forest,weighted,temporal,random,0.05,,11290,8836,542,7901,372,6402,1127,6726,1175,10748,0.7005024190547079,0.04800708591674048
unsw,ton,43,repeat,forest,weighted,size,forced,0.0,,11290,8836,0,8535,0,7983,552,7983,552,11290,0.7559787422497786,0.0
unsw,ton,43,repeat,forest,weighted,size,frozen,0.05,0.0091151866151864,11290,8836,11290,8535,8535,0,0,7983,552,0,,1.0
unsw,ton,43,repeat,forest,weighted,size,cap,0.05,,11290,8836,542,8535,315,7871,349,7983,552,10748,0.7647934499441756,0.04800708591674048
unsw,ton,43,repeat,forest,weighted,size,random,0.05,,11290,8836,542,8535,414,7597,524,7983,552,10748,0.7555824339411984,0.04800708591674048
unsw,ton,43,repeat,forest,weighted,tcp,forced,0.0,,11290,8836,0,7814,0,6858,956,6858,956,11290,0.6921169176262179,0.0
unsw,ton,43,repeat,forest,weighted,tcp,frozen,0.05,0.0091151866151864,11290,8836,11290,7814,7814,0,0,6858,956,0,,1.0
unsw,ton,43,repeat,forest,weighted,tcp,cap,0.05,,11290,8836,542,7814,136,6846,832,6858,956,10748,0.7143654633420171,0.04800708591674048
unsw,ton,43,repeat,forest,weighted,tcp,random,0.05,,11290,8836,542,7814,365,6529,920,6858,956,10748,0.6930591737997767,0.04800708591674048
unsw,ton,43,repeat,forest,weighted,temporal+tcp,forced,0.0,,11290,8836,0,7812,0,6858,954,6858,954,11290,0.691939769707706,0.0
unsw,ton,43,repeat,forest,weighted,temporal+tcp,frozen,0.05,0.0091151866151864,11290,8836,11290,7812,7812,0,0,6858,954,0,,1.0
unsw,ton,43,repeat,forest,weighted,temporal+tcp,cap,0.05,,11290,8836,542,7812,121,6852,839,6858,954,10748,0.7155749906959434,0.04800708591674048
unsw,ton,43,repeat,forest,weighted,temporal+tcp,random,0.05,,11290,8836,542,7812,366,6528,918,6858,954,10748,0.6927800521027168,0.04800708591674048
unsw,cic,43,repeat,forest,unique,clean,forced,0.0,,12192,306,0,10374,0,70,10304,70,10304,12192,0.8508858267716536,0.0
unsw,cic,43,repeat,forest,unique,clean,frozen,0.05,0.0091151866151864,12192,306,12192,10374,10374,0,0,70,10304,0,,1.0
unsw,cic,43,repeat,forest,unique,clean,cap,0.05,,12192,306,599,10374,520,61,9793,70,10304,11593,0.8499956870525317,0.04913057742782152
unsw,cic,43,repeat,forest,unique,clean,random,0.05,,12192,306,599,10374,486,69,9819,70,10304,11593,0.8529284913309756,0.04913057742782152
unsw,cic,43,repeat,forest,unique,temporal,forced,0.0,,12192,306,0,10332,0,64,10268,64,10268,12192,0.8474409448818898,0.0
unsw,cic,43,repeat,forest,unique,temporal,frozen,0.05,0.0091151866151864,12192,306,12192,10332,10332,0,0,64,10268,0,,1.0
unsw,cic,43,repeat,forest,unique,temporal,cap,0.05,,12192,306,599,10332,515,61,9756,64,10268,11593,0.8468041059259899,0.04913057742782152
unsw,cic,43,repeat,forest,unique,temporal,random,0.05,,12192,306,599,10332,486,63,9783,64,10268,11593,0.8493056154576037,0.04913057742782152
unsw,cic,43,repeat,forest,unique,size,forced,0.0,,12192,306,0,2209,0,260,1949,260,1949,12192,0.18118438320209973,0.0
unsw,cic,43,repeat,forest,unique,size,frozen,0.05,0.0091151866151864,12192,306,12146,2209,2208,1,0,260,1949,46,0.021739130434782608,0.9962270341207349
unsw,cic,43,repeat,forest,unique,size,cap,0.05,,12192,306,599,2209,383,252,1574,260,1949,11593,0.15750884154231,0.04913057742782152
unsw,cic,43,repeat,forest,unique,size,random,0.05,,12192,306,599,2209,100,253,1856,260,1949,11593,0.18192012421288709,0.04913057742782152
unsw,cic,43,repeat,forest,unique,tcp,forced,0.0,,12192,306,0,8693,0,110,8583,110,8583,12192,0.713008530183727,0.0
unsw,cic,43,repeat,forest,unique,tcp,frozen,0.05,0.0091151866151864,12192,306,12192,8693,8693,0,0,110,8583,0,,1.0
unsw,cic,43,repeat,forest,unique,tcp,cap,0.05,,12192,306,599,8693,319,105,8269,110,8583,11593,0.7223324419908566,0.04913057742782152
unsw,cic,43,repeat,forest,unique,tcp,random,0.05,,12192,306,599,8693,399,104,8190,110,8583,11593,0.7154317260415768,0.04913057742782152
unsw,cic,43,repeat,forest,unique,temporal+tcp,forced,0.0,,12192,306,0,8641,0,111,8530,111,8530,12192,0.70874343832021,0.0
unsw,cic,43,repeat,forest,unique,temporal+tcp,frozen,0.05,0.0091151866151864,12192,306,12192,8641,8641,0,0,111,8530,0,,1.0
unsw,cic,43,repeat,forest,unique,temporal+tcp,cap,0.05,,12192,306,599,8641,480,109,8052,111,8530,11593,0.7039592857758993,0.04913057742782152
unsw,cic,43,repeat,forest,unique,temporal+tcp,random,0.05,,12192,306,599,8641,398,105,8138,111,8530,11593,0.711032519623911,0.04913057742782152
unsw,cic,43,repeat,forest,weighted,clean,forced,0.0,,13275,1267,0,10418,0,75,10343,75,10343,13275,0.784783427495292,0.0
unsw,cic,43,repeat,forest,weighted,clean,frozen,0.05,0.0091151866151864,13275,1267,13275,10418,10418,0,0,75,10343,0,,1.0
unsw,cic,43,repeat,forest,weighted,clean,cap,0.05,,13275,1267,652,10418,408,66,9944,75,10343,12623,0.7929969104016478,0.04911487758945386
unsw,cic,43,repeat,forest,weighted,clean,random,0.05,,13275,1267,652,10418,504,71,9843,75,10343,12623,0.7853917452269666,0.04911487758945386
unsw,cic,43,repeat,forest,weighted,temporal,forced,0.0,,13275,1267,0,10376,0,69,10307,69,10307,13275,0.7816195856873823,0.0
unsw,cic,43,repeat,forest,weighted,temporal,frozen,0.05,0.0091151866151864,13275,1267,13275,10376,10376,0,0,69,10307,0,,1.0
unsw,cic,43,repeat,forest,weighted,temporal,cap,0.05,,13275,1267,652,10376,503,66,9807,69,10307,12623,0.7821437059336133,0.04911487758945386
unsw,cic,43,repeat,forest,weighted,temporal,random,0.05,,13275,1267,652,10376,504,65,9807,69,10307,12623,0.7820644854630436,0.04911487758945386
unsw,cic,43,repeat,forest,weighted,size,forced,0.0,,13275,1267,0,3184,0,1220,1964,1220,1964,13275,0.23984934086629,0.0
unsw,cic,43,repeat,forest,weighted,size,frozen,0.05,0.0091151866151864,13275,1267,13229,3184,3183,1,0,1220,1964,46,0.021739130434782608,0.9965348399246704
unsw,cic,43,repeat,forest,weighted,size,cap,0.05,,13275,1267,652,3184,433,1212,1539,1220,1964,12623,0.21793551453695634,0.04911487758945386
unsw,cic,43,repeat,forest,weighted,size,random,0.05,,13275,1267,652,3184,161,1163,1860,1220,1964,12623,0.23948348253188623,0.04911487758945386
unsw,cic,43,repeat,forest,weighted,tcp,forced,0.0,,13275,1267,0,8730,0,116,8614,116,8614,13275,0.6576271186440678,0.0
unsw,cic,43,repeat,forest,weighted,tcp,frozen,0.05,0.0091151866151864,13275,1267,13275,8730,8730,0,0,116,8614,0,,1.0
unsw,cic,43,repeat,forest,weighted,tcp,cap,0.05,,13275,1267,652,8730,246,111,8373,116,8614,12623,0.6721064723124456,0.04911487758945386
unsw,cic,43,repeat,forest,weighted,tcp,random,0.05,,13275,1267,652,8730,411,111,8208,116,8614,12623,0.6590350946684623,0.04911487758945386
unsw,cic,43,repeat,forest,weighted,temporal+tcp,forced,0.0,,13275,1267,0,8677,0,117,8560,117,8560,13275,0.6536346516007533,0.0
unsw,cic,43,repeat,forest,weighted,temporal+tcp,frozen,0.05,0.0091151866151864,13275,1267,13275,8677,8677,0,0,117,8560,0,,1.0
unsw,cic,43,repeat,forest,weighted,temporal+tcp,cap,0.05,,13275,1267,652,8677,514,115,8048,117,8560,12623,0.6466767012596055,0.04911487758945386
unsw,cic,43,repeat,forest,weighted,temporal+tcp,random,0.05,,13275,1267,652,8677,411,112,8154,117,8560,12623,0.6548364097282738,0.04911487758945386
unsw,ton,43,mask,logistic,unique,clean,forced,0.0,,9367,7534,0,7529,0,7496,33,7496,33,9367,0.8037792249386143,0.0
unsw,ton,43,mask,logistic,unique,clean,frozen,0.05,0.006114998505895142,9367,7534,362,7529,136,7377,16,7496,33,9005,0.820988339811216,0.03864631151916302
unsw,ton,43,mask,logistic,unique,clean,cap,0.05,,9367,7534,454,7529,286,7219,24,7496,33,8913,0.8126332323572311,0.04846802604889506
unsw,ton,43,mask,logistic,unique,clean,random,0.05,,9367,7534,454,7529,380,7116,33,7496,33,8913,0.8020868394479973,0.04846802604889506
unsw,ton,43,mask,logistic,unique,temporal,forced,0.0,,9367,7534,0,7523,0,7491,32,7491,32,9367,0.8031386783388491,0.0
unsw,ton,43,mask,logistic,unique,temporal,frozen,0.05,0.006114998505895142,9367,7534,290,7523,37,7471,15,7491,32,9077,0.8247218243913187,0.030959752321981424
unsw,ton,43,mask,logistic,unique,temporal,cap,0.05,,9367,7534,454,7523,250,7253,20,7491,32,8913,0.815999102434646,0.04846802604889506
unsw,ton,43,mask,logistic,unique,temporal,random,0.05,,9367,7534,454,7523,380,7111,32,7491,32,8913,0.8014136654325144,0.04846802604889506
unsw,ton,43,mask,logistic,unique,size,forced,0.0,,9367,7534,0,7533,0,7486,47,7486,47,9367,0.8042062560051244,0.0
unsw,ton,43,mask,logistic,unique,size,frozen,0.05,0.006114998505895142,9367,7534,448,7533,47,7474,12,7486,47,8919,0.8393317636506334,0.04782747944912993
unsw,ton,43,mask,logistic,unique,size,cap,0.05,,9367,7534,454,7533,248,7246,39,7486,47,8913,0.817345450465612,0.04846802604889506
unsw,ton,43,mask,logistic,unique,size,random,0.05,,9367,7534,454,7533,380,7107,46,7486,47,8913,0.802535622124986,0.04846802604889506
unsw,ton,43,mask,logistic,unique,tcp,forced,0.0,,9367,7534,0,7293,0,7228,65,7228,65,9367,0.778584392014519,0.0
unsw,ton,43,mask,logistic,unique,tcp,frozen,0.05,0.006114998505895142,9367,7534,251,7293,87,7187,19,7228,65,9116,0.7904782799473453,0.02679619942350806
unsw,ton,43,mask,logistic,unique,tcp,cap,0.05,,9367,7534,454,7293,303,6959,31,7228,65,8913,0.7842477280376977,0.04846802604889506
unsw,ton,43,mask,logistic,unique,tcp,random,0.05,,9367,7534,454,7293,368,6860,65,7228,65,8913,0.7769550095366319,0.04846802604889506
unsw,ton,43,mask,logistic,unique,temporal+tcp,forced,0.0,,9367,7534,0,7284,0,7214,70,7214,70,9367,0.7776235721148713,0.0
unsw,ton,43,mask,logistic,unique,temporal+tcp,frozen,0.05,0.006114998505895142,9367,7534,224,7284,79,7188,17,7214,70,9143,0.7880345619599693,0.023913739724564963
unsw,ton,43,mask,logistic,unique,temporal+tcp,cap,0.05,,9367,7534,454,7284,245,7010,29,7214,70,8913,0.789745315830809,0.04846802604889506
unsw,ton,43,mask,logistic,unique,temporal+tcp,random,0.05,,9367,7534,454,7284,368,6846,70,7214,70,8913,0.7759452485134074,0.04846802604889506
unsw,ton,43,mask,logistic,weighted,clean,forced,0.0,,11290,8836,0,8835,0,8798,37,8798,37,11290,0.7825509300265722,0.0
unsw,ton,43,mask,logistic,weighted,clean,frozen,0.05,0.006114998505895142,11290,8836,426,8835,163,8653,19,8798,37,10864,0.7982326951399117,0.03773250664304694
unsw,ton,43,mask,logistic,weighted,clean,cap,0.05,,11290,8836,542,8835,341,8472,22,8798,37,10748,0.7902865649423149,0.04800708591674048
unsw,ton,43,mask,logistic,weighted,clean,random,0.05,,11290,8836,542,8835,417,8382,36,8798,37,10748,0.7832154819501302,0.04800708591674048
unsw,ton,43,mask,logistic,weighted,temporal,forced,0.0,,11290,8836,0,8829,0,8793,36,8793,36,11290,0.7820194862710363,0.0
unsw,ton,43,mask,logistic,weighted,temporal,frozen,0.05,0.006114998505895142,11290,8836,328,8829,38,8773,18,8793,36,10962,0.8019521985039226,0.029052258635961028
unsw,ton,43,mask,logistic,weighted,temporal,cap,0.05,,11290,8836,542,8829,297,8509,23,8793,36,10748,0.7938221064384071,0.04800708591674048
unsw,ton,43,mask,logistic,weighted,temporal,random,0.05,,11290,8836,542,8829,416,8378,35,8793,36,10748,0.782750279121697,0.04800708591674048
unsw,ton,43,mask,logistic,weighted,size,forced,0.0,,11290,8836,0,8837,0,8788,49,8788,49,11290,0.7827280779450841,0.0
unsw,ton,43,mask,logistic,weighted,size,frozen,0.05,0.006114998505895142,11290,8836,458,8837,47,8776,14,8788,49,10832,0.8114844903988183,0.040566873339238266
unsw,ton,43,mask,logistic,weighted,size,cap,0.05,,11290,8836,542,8837,295,8502,40,8788,49,10748,0.7947525120952735,0.04800708591674048
unsw,ton,43,mask,logistic,weighted,size,random,0.05,,11290,8836,542,8837,416,8373,48,8788,49,10748,0.7834946036471901,0.04800708591674048
unsw,ton,43,mask,logistic,weighted,tcp,forced,0.0,,11290,8836,0,8207,0,8138,69,8138,69,11290,0.7269264836138175,0.0
unsw,ton,43,mask,logistic,weighted,tcp,frozen,0.05,0.006114998505895142,11290,8836,322,8207,88,8097,22,8138,69,10968,0.7402443471918307,0.028520814880425155
unsw,ton,43,mask,logistic,weighted,tcp,cap,0.05,,11290,8836,542,8207,356,7819,32,8138,69,10748,0.7304614812058058,0.04800708591674048
unsw,ton,43,mask,logistic,weighted,tcp,random,0.05,,11290,8836,542,8207,392,7747,68,8138,69,10748,0.7271120208410867,0.04800708591674048
unsw,ton,43,mask,logistic,weighted,temporal+tcp,forced,0.0,,11290,8836,0,8195,0,8121,74,8121,74,11290,0.7258635961027458,0.0
unsw,ton,43,mask,logistic,weighted,temporal+tcp,frozen,0.05,0.006114998505895142,11290,8836,244,8195,80,8095,20,8121,74,11046,0.7346550787615427,0.021612046058458814
unsw,ton,43,mask,logistic,weighted,temporal+tcp,cap,0.05,,11290,8836,542,8195,298,7868,29,8121,74,10748,0.7347413472273912,0.04800708591674048
unsw,ton,43,mask,logistic,weighted,temporal+tcp,random,0.05,,11290,8836,542,8195,394,7729,72,8121,74,10748,0.7258094529214738,0.04800708591674048
unsw,cic,43,mask,logistic,unique,clean,forced,0.0,,12192,306,0,2941,0,248,2693,248,2693,12192,0.2412237532808399,0.0
unsw,cic,43,mask,logistic,unique,clean,frozen,0.05,0.006114998505895142,12192,306,1755,2941,390,224,2327,248,2693,10437,0.2444188943182907,0.14394685039370078
unsw,cic,43,mask,logistic,unique,clean,cap,0.05,,12192,306,599,2941,214,241,2486,248,2693,11593,0.23522815492107307,0.04913057742782152
unsw,cic,43,mask,logistic,unique,clean,random,0.05,,12192,306,599,2941,143,241,2557,248,2693,11593,0.24135254032605882,0.04913057742782152
unsw,cic,43,mask,logistic,unique,temporal,forced,0.0,,12192,306,0,3301,0,247,3054,247,3054,12192,0.270751312335958,0.0
unsw,cic,43,mask,logistic,unique,temporal,frozen,0.05,0.006114998505895142,12192,306,906,3301,381,237,2683,247,3054,11286,0.2587276271486798,0.07431102362204725
unsw,cic,43,mask,logistic,unique,temporal,cap,0.05,,12192,306,599,3301,272,242,2787,247,3054,11593,0.26127835762960405,0.04913057742782152
unsw,cic,43,mask,logistic,unique,temporal,random,0.05,,12192,306,599,3301,159,240,2902,247,3054,11593,0.2710256189079617,0.04913057742782152
unsw,cic,43,mask,logistic,unique,size,forced,0.0,,12192,306,0,3081,0,242,2839,242,2839,12192,0.2527066929133858,0.0
unsw,cic,43,mask,logistic,unique,size,frozen,0.05,0.006114998505895142,12192,306,2596,3081,861,130,2090,242,2839,9596,0.23134639433097123,0.2129265091863517
unsw,cic,43,mask,logistic,unique,size,cap,0.05,,12192,306,599,3081,312,239,2530,242,2839,11593,0.23885103079444492,0.04913057742782152
unsw,cic,43,mask,logistic,unique,size,random,0.05,,12192,306,599,3081,153,235,2693,242,2839,11593,0.2525662037436384,0.04913057742782152
unsw,cic,43,mask,logistic,unique,tcp,forced,0.0,,12192,306,0,2892,0,246,2646,246,2646,12192,0.2372047244094488,0.0
unsw,cic,43,mask,logistic,unique,tcp,frozen,0.05,0.006114998505895142,12192,306,1974,2892,297,216,2379,246,2646,10218,0.25396359365825016,0.16190944881889763
unsw,cic,43,mask,logistic,unique,tcp,cap,0.05,,12192,306,599,2892,131,242,2519,246,2646,11593,0.23816095919951694,0.04913057742782152
unsw,cic,43,mask,logistic,unique,tcp,random,0.05,,12192,306,599,2892,142,239,2511,246,2646,11593,0.23721211075649098,0.04913057742782152
unsw,cic,43,mask,logistic,unique,temporal+tcp,forced,0.0,,12192,306,0,3413,0,244,3169,244,3169,12192,0.27993766404199477,0.0
unsw,cic,43,mask,logistic,unique,temporal+tcp,frozen,0.05,0.006114998505895142,12192,306,1264,3413,288,225,2900,244,3169,10928,0.2859626647144949,0.1036745406824147
unsw,cic,43,mask,logistic,unique,temporal+tcp,cap,0.05,,12192,306,599,3413,172,231,3010,244,3169,11593,0.2795652548951954,0.04913057742782152
unsw,cic,43,mask,logistic,unique,temporal+tcp,random,0.05,,12192,306,599,3413,163,237,3013,244,3169,11593,0.28034158543948934,0.04913057742782152
unsw,cic,43,mask,logistic,weighted,clean,forced,0.0,,13275,1267,0,3911,0,1208,2703,1208,2703,13275,0.2946139359698682,0.0
unsw,cic,43,mask,logistic,weighted,clean,frozen,0.05,0.006114998505895142,13275,1267,1761,3911,391,1184,2336,1208,2703,11514,0.30571478200451624,0.13265536723163843
unsw,cic,43,mask,logistic,weighted,clean,cap,0.05,,13275,1267,652,3911,225,1201,2485,1208,2703,12623,0.29200665451952784,0.04911487758945386
unsw,cic,43,mask,logistic,weighted,clean,random,0.05,,13275,1267,652,3911,195,1149,2567,1208,2703,12623,0.2943832686366157,0.04911487758945386
unsw,cic,43,mask,logistic,weighted,temporal,forced,0.0,,13275,1267,0,4271,0,1207,3064,1207,3064,13275,0.3217325800376648,0.0
unsw,cic,43,mask,logistic,weighted,temporal,frozen,0.05,0.006114998505895142,13275,1267,912,4271,383,1197,2691,1207,3064,12363,0.3144867750545984,0.06870056497175141
unsw,cic,43,mask,logistic,weighted,temporal,cap,0.05,,13275,1267,652,4271,291,1202,2778,1207,3064,12623,0.31529747286698884,0.04911487758945386
unsw,cic,43,mask,logistic,weighted,temporal,random,0.05,,13275,1267,652,4271,208,1148,2915,1207,3064,12623,0.3218727719242652,0.04911487758945386
unsw,cic,43,mask,logistic,weighted,size,forced,0.0,,13275,1267,0,4050,0,1202,2848,1202,2848,13275,0.3050847457627119,0.0
unsw,cic,43,mask,logistic,weighted,size,frozen,0.05,0.006114998505895142,13275,1267,3562,4050,1817,135,2098,1202,2848,9713,0.22989807474518686,0.26832391713747644
unsw,cic,43,mask,logistic,weighted,size,cap,0.05,,13275,1267,652,4050,332,1199,2519,1202,2848,12623,0.2945417095777549,0.04911487758945386
unsw,cic,43,mask,logistic,weighted,size,random,0.05,,13275,1267,652,4050,202,1143,2705,1202,2848,12623,0.30484037075180226,0.04911487758945386
unsw,cic,43,mask,logistic,weighted,tcp,forced,0.0,,13275,1267,0,3862,0,1206,2656,1206,2656,13275,0.29092278719397363,0.0
unsw,cic,43,mask,logistic,weighted,tcp,frozen,0.05,0.006114998505895142,13275,1267,1983,3862,298,1176,2388,1206,2656,11292,0.31562167906482463,0.14937853107344634
unsw,cic,43,mask,logistic,weighted,tcp,cap,0.05,,13275,1267,652,3862,136,1202,2524,1206,2656,12623,0.29517547334231165,0.04911487758945386
unsw,cic,43,mask,logistic,weighted,tcp,random,0.05,,13275,1267,652,3862,190,1147,2525,1206,2656,12623,0.2908975679315535,0.04911487758945386
unsw,cic,43,mask,logistic,weighted,temporal+tcp,forced,0.0,,13275,1267,0,4384,0,1204,3180,1204,3180,13275,0.3302448210922787,0.0
unsw,cic,43,mask,logistic,weighted,temporal+tcp,frozen,0.05,0.006114998505895142,13275,1267,1276,4384,289,1185,2910,1204,3180,11999,0.3412784398699892,0.09612052730696799
unsw,cic,43,mask,logistic,weighted,temporal+tcp,cap,0.05,,13275,1267,652,4384,176,1191,3017,1204,3180,12623,0.33335974015685654,0.04911487758945386
unsw,cic,43,mask,logistic,weighted,temporal+tcp,random,0.05,,13275,1267,652,4384,215,1145,3024,1204,3180,12623,0.3302701418046423,0.04911487758945386
unsw,ton,43,mask,forest,unique,clean,forced,0.0,,9367,7534,0,3112,0,1716,1396,1716,1396,9367,0.3322301697448489,0.0
unsw,ton,43,mask,forest,unique,clean,frozen,0.05,0.00848484848484854,9367,7534,9367,3112,3112,0,0,1716,1396,0,,1.0
unsw,ton,43,mask,forest,unique,clean,cap,0.05,,9367,7534,454,3112,101,1694,1317,1716,1396,8913,0.33782116010322,0.04846802604889506
unsw,ton,43,mask,forest,unique,clean,random,0.05,,9367,7534,454,3112,152,1617,1343,1716,1396,8913,0.3320991809716145,0.04846802604889506
unsw,ton,43,mask,forest,unique,temporal,forced,0.0,,9367,7534,0,3090,0,1693,1397,1693,1397,9367,0.32988149887904344,0.0
unsw,ton,43,mask,forest,unique,temporal,frozen,0.05,0.00848484848484854,9367,7534,9367,3090,3090,0,0,1693,1397,0,,1.0
unsw,ton,43,mask,forest,unique,temporal,cap,0.05,,9367,7534,454,3090,64,1692,1334,1693,1397,8913,0.33950409514192753,0.04846802604889506
unsw,ton,43,mask,forest,unique,temporal,random,0.05,,9367,7534,454,3090,152,1594,1344,1693,1397,8913,0.32963087624817683,0.04846802604889506
unsw,ton,43,mask,forest,unique,size,forced,0.0,,9367,7534,0,3092,0,1692,1400,1692,1400,9367,0.3300950144122985,0.0
unsw,ton,43,mask,forest,unique,size,frozen,0.05,0.00848484848484854,9367,7534,9367,3092,3092,0,0,1692,1400,0,,1.0
unsw,ton,43,mask,forest,unique,size,cap,0.05,,9367,7534,454,3092,157,1692,1243,1692,1400,8913,0.3292942892404353,0.04846802604889506
unsw,ton,43,mask,forest,unique,size,random,0.05,,9367,7534,454,3092,152,1593,1347,1692,1400,8913,0.32985526758667116,0.04846802604889506
unsw,ton,43,mask,forest,unique,tcp,forced,0.0,,9367,7534,0,3095,0,1695,1400,1695,1400,9367,0.33041528771218104,0.0
unsw,ton,43,mask,forest,unique,tcp,frozen,0.05,0.00848484848484854,9367,7534,9367,3095,3095,0,0,1695,1400,0,,1.0
unsw,ton,43,mask,forest,unique,tcp,cap,0.05,,9367,7534,454,3095,65,1690,1340,1695,1400,8913,0.3399528778189162,0.04846802604889506
unsw,ton,43,mask,forest,unique,tcp,random,0.05,,9367,7534,454,3095,152,1596,1347,1695,1400,8913,0.33019185459441264,0.04846802604889506
unsw,ton,43,mask,forest,unique,temporal+tcp,forced,0.0,,9367,7534,0,3092,0,1692,1400,1692,1400,9367,0.3300950144122985,0.0
unsw,ton,43,mask,forest,unique,temporal+tcp,frozen,0.05,0.00848484848484854,9367,7534,9367,3092,3092,0,0,1692,1400,0,,1.0
unsw,ton,43,mask,forest,unique,temporal+tcp,cap,0.05,,9367,7534,454,3092,62,1690,1340,1692,1400,8913,0.3399528778189162,0.04846802604889506
unsw,ton,43,mask,forest,unique,temporal+tcp,random,0.05,,9367,7534,454,3092,152,1593,1347,1692,1400,8913,0.32985526758667116,0.04846802604889506
unsw,ton,43,mask,forest,weighted,clean,forced,0.0,,11290,8836,0,4071,0,2619,1452,2619,1452,11290,0.36058458813108946,0.0
unsw,ton,43,mask,forest,weighted,clean,frozen,0.05,0.00848484848484854,11290,8836,11290,4071,4071,0,0,2619,1452,0,,1.0
unsw,ton,43,mask,forest,weighted,clean,cap,0.05,,11290,8836,542,4071,135,2593,1343,2619,1452,10748,0.36620766654261255,0.04800708591674048
unsw,ton,43,mask,forest,weighted,clean,random,0.05,,11290,8836,542,4071,182,2499,1390,2619,1452,10748,0.36183475995534053,0.04800708591674048
unsw,ton,43,mask,forest,weighted,temporal,forced,0.0,,11290,8836,0,4049,0,2596,1453,2596,1453,11290,0.35863596102745793,0.0
unsw,ton,43,mask,forest,weighted,temporal,frozen,0.05,0.00848484848484854,11290,8836,11290,4049,4049,0,0,2596,1453,0,,1.0
unsw,ton,43,mask,forest,weighted,temporal,cap,0.05,,11290,8836,542,4049,97,2585,1367,2596,1453,10748,0.36769631559359883,0.04800708591674048
unsw,ton,43,mask,forest,weighted,temporal,random,0.05,,11290,8836,542,4049,181,2477,1391,2596,1453,10748,0.3598809080759211,0.04800708591674048
unsw,ton,43,mask,forest,weighted,size,forced,0.0,,11290,8836,0,4051,0,2595,1456,2595,1456,11290,0.3588131089459699,0.0
unsw,ton,43,mask,forest,weighted,size,frozen,0.05,0.00848484848484854,11290,8836,11290,4051,4051,0,0,2595,1456,0,,1.0
unsw,ton,43,mask,forest,weighted,size,cap,0.05,,11290,8836,542,4051,191,2595,1265,2595,1456,10748,0.359136583550428,0.04800708591674048
unsw,ton,43,mask,forest,weighted,size,random,0.05,,11290,8836,542,4051,181,2476,1394,2595,1456,10748,0.3600669892072944,0.04800708591674048
unsw,ton,43,mask,forest,weighted,tcp,forced,0.0,,11290,8836,0,4054,0,2598,1456,2598,1456,11290,0.3590788308237378,0.0
unsw,ton,43,mask,forest,weighted,tcp,frozen,0.05,0.00848484848484854,11290,8836,11290,4054,4054,0,0,2598,1456,0,,1.0
unsw,ton,43,mask,forest,weighted,tcp,cap,0.05,,11290,8836,542,4054,106,2568,1380,2598,1456,10748,0.3673241533308523,0.04800708591674048
unsw,ton,43,mask,forest,weighted,tcp,random,0.05,,11290,8836,542,4054,182,2478,1394,2598,1456,10748,0.36025307033866766,0.04800708591674048
unsw,ton,43,mask,forest,weighted,temporal+tcp,forced,0.0,,11290,8836,0,4051,0,2595,1456,2595,1456,11290,0.3588131089459699,0.0
unsw,ton,43,mask,forest,weighted,temporal+tcp,frozen,0.05,0.00848484848484854,11290,8836,11290,4051,4051,0,0,2595,1456,0,,1.0
unsw,ton,43,mask,forest,weighted,temporal+tcp,cap,0.05,,11290,8836,542,4051,96,2574,1381,2595,1456,10748,0.36797543729065874,0.04800708591674048
unsw,ton,43,mask,forest,weighted,temporal+tcp,random,0.05,,11290,8836,542,4051,181,2476,1394,2595,1456,10748,0.3600669892072944,0.04800708591674048
unsw,cic,43,mask,forest,unique,clean,forced,0.0,,12192,306,0,10228,0,61,10167,61,10167,12192,0.8389107611548556,0.0
unsw,cic,43,mask,forest,unique,clean,frozen,0.05,0.00848484848484854,12192,306,12192,10228,10228,0,0,61,10167,0,,1.0
unsw,cic,43,mask,forest,unique,clean,cap,0.05,,12192,306,599,10228,460,61,9707,61,10167,11593,0.8425774174070559,0.04913057742782152
unsw,cic,43,mask,forest,unique,clean,random,0.05,,12192,306,599,10228,479,60,9689,61,10167,11593,0.8409384973691021,0.04913057742782152
unsw,cic,43,mask,forest,unique,temporal,forced,0.0,,12192,306,0,10327,0,61,10266,61,10266,12192,0.8470308398950132,0.0
unsw,cic,43,mask,forest,unique,temporal,frozen,0.05,0.00848484848484854,12192,306,12192,10327,10327,0,0,61,10266,0,,1.0
unsw,cic,43,mask,forest,unique,temporal,cap,0.05,,12192,306,599,10327,517,60,9750,61,10266,11593,0.8462002932804279,0.04913057742782152
unsw,cic,43,mask,forest,unique,temporal,random,0.05,,12192,306,599,10327,484,60,9783,61,10266,11593,0.8490468386095057,0.04913057742782152
unsw,cic,43,mask,forest,unique,size,forced,0.0,,12192,306,0,10362,0,62,10300,62,10300,12192,0.8499015748031497,0.0
unsw,cic,43,mask,forest,unique,size,frozen,0.05,0.00848484848484854,12192,306,12192,10362,10362,0,0,62,10300,0,,1.0
unsw,cic,43,mask,forest,unique,size,cap,0.05,,12192,306,599,10362,568,59,9735,62,10300,11593,0.8448201500905719,0.04913057742782152
unsw,cic,43,mask,forest,unique,size,random,0.05,,12192,306,599,10362,485,61,9816,62,10300,11593,0.8519796428879496,0.04913057742782152
unsw,cic,43,mask,forest,unique,tcp,forced,0.0,,12192,306,0,10391,0,61,10330,61,10330,12192,0.8522801837270341,0.0
unsw,cic,43,mask,forest,unique,tcp,frozen,0.05,0.00848484848484854,12192,306,12192,10391,10391,0,0,61,10330,0,,1.0
unsw,cic,43,mask,forest,unique,tcp,cap,0.05,,12192,306,599,10391,527,60,9804,61,10330,11593,0.8508582765461916,0.04913057742782152
unsw,cic,43,mask,forest,unique,tcp,random,0.05,,12192,306,599,10391,487,60,9844,61,10330,11593,0.8543086345208315,0.04913057742782152
unsw,cic,43,mask,forest,unique,temporal+tcp,forced,0.0,,12192,306,0,10384,0,61,10323,61,10323,12192,0.8517060367454068,0.0
unsw,cic,43,mask,forest,unique,temporal+tcp,frozen,0.05,0.00848484848484854,12192,306,12192,10384,10384,0,0,61,10323,0,,1.0
unsw,cic,43,mask,forest,unique,temporal+tcp,cap,0.05,,12192,306,599,10384,552,58,9774,61,10323,11593,0.8480979901664798,0.04913057742782152
unsw,cic,43,mask,forest,unique,temporal+tcp,random,0.05,,12192,306,599,10384,486,60,9838,61,10323,11593,0.8537910808246355,0.04913057742782152
unsw,cic,43,mask,forest,weighted,clean,forced,0.0,,13275,1267,0,10272,0,66,10206,66,10206,13275,0.7737853107344633,0.0
unsw,cic,43,mask,forest,weighted,clean,frozen,0.05,0.00848484848484854,13275,1267,13275,10272,10272,0,0,66,10206,0,,1.0
unsw,cic,43,mask,forest,weighted,clean,cap,0.05,,13275,1267,652,10272,512,66,9694,66,10206,12623,0.773191792759249,0.04911487758945386
unsw,cic,43,mask,forest,weighted,clean,random,0.05,,13275,1267,652,10272,493,62,9717,66,10206,12623,0.7746969817000713,0.04911487758945386
unsw,cic,43,mask,forest,weighted,temporal,forced,0.0,,13275,1267,0,10371,0,66,10305,66,10305,13275,0.7812429378531074,0.0
unsw,cic,43,mask,forest,weighted,temporal,frozen,0.05,0.00848484848484854,13275,1267,13275,10371,10371,0,0,66,10305,0,,1.0
unsw,cic,43,mask,forest,weighted,temporal,cap,0.05,,13275,1267,652,10371,570,65,9736,66,10305,12623,0.7764398320526024,0.04911487758945386
unsw,cic,43,mask,forest,weighted,temporal,random,0.05,,13275,1267,652,10371,499,62,9810,66,10305,12623,0.7820644854630436,0.04911487758945386
unsw,cic,43,mask,forest,weighted,size,forced,0.0,,13275,1267,0,10406,0,67,10339,67,10339,13275,0.783879472693032,0.0
unsw,cic,43,mask,forest,weighted,size,frozen,0.05,0.00848484848484854,13275,1267,13275,10406,10406,0,0,67,10339,0,,1.0
unsw,cic,43,mask,forest,weighted,size,cap,0.05,,13275,1267,652,10406,620,63,9723,67,10339,12623,0.7752515249940585,0.04911487758945386
unsw,cic,43,mask,forest,weighted,size,random,0.05,,13275,1267,652,10406,504,63,9839,67,10339,12623,0.7844410995801315,0.04911487758945386
unsw,cic,43,mask,forest,weighted,tcp,forced,0.0,,13275,1267,0,10435,0,66,10369,66,10369,13275,0.7860640301318268,0.0
unsw,cic,43,mask,forest,weighted,tcp,frozen,0.05,0.00848484848484854,13275,1267,13275,10435,10435,0,0,66,10369,0,,1.0
unsw,cic,43,mask,forest,weighted,tcp,cap,0.05,,13275,1267,652,10435,581,65,9789,66,10369,12623,0.780638516992791,0.04911487758945386
unsw,cic,43,mask,forest,weighted,tcp,random,0.05,,13275,1267,652,10435,505,62,9868,66,10369,12623,0.7866592727560802,0.04911487758945386
unsw,cic,43,mask,forest,weighted,temporal+tcp,forced,0.0,,13275,1267,0,10428,0,66,10362,66,10362,13275,0.7855367231638418,0.0
unsw,cic,43,mask,forest,weighted,temporal+tcp,frozen,0.05,0.00848484848484854,13275,1267,13275,10428,10428,0,0,66,10362,0,,1.0
unsw,cic,43,mask,forest,weighted,temporal+tcp,cap,0.05,,13275,1267,652,10428,605,63,9760,66,10362,12623,0.7781826824051334,0.04911487758945386
unsw,cic,43,mask,forest,weighted,temporal+tcp,random,0.05,,13275,1267,652,10428,504,62,9862,66,10362,12623,0.7861839499326626,0.04911487758945386
ton,unsw,17,clean,logistic,unique,clean,forced,0.0,,10417,1285,0,9054,0,272,8782,272,8782,10417,0.8691561870020159,0.0
ton,unsw,17,clean,logistic,unique,clean,frozen,0.05,0.6754597306313073,10417,1285,157,9054,103,237,8714,272,8782,10260,0.8724171539961013,0.015071517711433235
ton,unsw,17,clean,logistic,unique,clean,cap,0.05,,10417,1285,518,9054,369,209,8476,272,8782,9899,0.8773613496312759,0.04972640875491984
ton,unsw,17,clean,logistic,unique,clean,random,0.05,,10417,1285,518,9054,453,256,8345,272,8782,9899,0.868875644004445,0.04972640875491984
ton,unsw,17,clean,logistic,unique,temporal,forced,0.0,,10417,1285,0,9083,0,725,8358,725,8358,10417,0.8719400979168667,0.0
ton,unsw,17,clean,logistic,unique,temporal,frozen,0.05,0.6754597306313073,10417,1285,882,9083,467,443,8173,725,8358,9535,0.9036182485579444,0.08466929058270135
ton,unsw,17,clean,logistic,unique,temporal,cap,0.05,,10417,1285,518,9083,265,567,8251,725,8358,9899,0.8907970502070917,0.04972640875491984
ton,unsw,17,clean,logistic,unique,temporal,random,0.05,,10417,1285,518,9083,453,685,7945,725,8358,9899,0.8718052328518032,0.04972640875491984
ton,unsw,17,clean,logistic,unique,size,forced,0.0,,10417,1285,0,4428,0,257,4171,257,4171,10417,0.4250743976192762,0.0
ton,unsw,17,clean,logistic,unique,size,frozen,0.05,0.6754597306313073,10417,1285,1477,4428,529,254,3645,257,4171,8940,0.4361297539149888,0.14178746280119037
ton,unsw,17,clean,logistic,unique,size,cap,0.05,,10417,1285,518,4428,218,256,3954,257,4171,9899,0.42529548439236287,0.04972640875491984
ton,unsw,17,clean,logistic,unique,size,random,0.05,,10417,1285,518,4428,220,243,3965,257,4171,9899,0.4250934437822002,0.04972640875491984
ton,unsw,17,clean,logistic,unique,tcp,forced,0.0,,10417,1285,0,9047,0,275,8772,275,8772,10417,0.8684842085053278,0.0
ton,unsw,17,clean,logistic,unique,tcp,frozen,0.05,0.6754597306313073,10417,1285,151,9047,88,247,8712,275,8772,10266,0.8726865380868888,0.01449553614284343
ton,unsw,17,clean,logistic,unique,tcp,cap,0.05,,10417,1285,518,9047,332,216,8499,275,8772,9899,0.8803919587837156,0.04972640875491984
ton,unsw,17,clean,logistic,unique,tcp,random,0.05,,10417,1285,518,9047,451,259,8337,275,8772,9899,0.8683705424790383,0.04972640875491984
ton,unsw,17,clean,logistic,unique,temporal+tcp,forced,0.0,,10417,1285,0,9161,0,806,8355,806,8355,10417,0.8794278583085341,0.0
ton,unsw,17,clean,logistic,unique,temporal+tcp,frozen,0.05,0.6754597306313073,10417,1285,820,9161,467,524,8170,806,8355,9597,0.9059080962800875,0.0787174810406067
ton,unsw,17,clean,logistic,unique,temporal+tcp,cap,0.05,,10417,1285,518,9161,301,629,8231,806,8355,9899,0.8950399030205072,0.04972640875491984
ton,unsw,17,clean,logistic,unique,temporal+tcp,random,0.05,,10417,1285,518,9161,456,763,7942,806,8355,9899,0.8793817557329023,0.04972640875491984
ton,unsw,17,clean,logistic,weighted,clean,forced,0.0,,10665,1289,0,9298,0,276,9022,276,9022,10665,0.8718237224566339,0.0
ton,unsw,17,clean,logistic,weighted,clean,frozen,0.05,0.6754597306313073,10665,1289,160,9298,105,240,8953,276,9022,10505,0.8751070918610185,0.015002344116268168
ton,unsw,17,clean,logistic,weighted,clean,cap,0.05,,10665,1289,530,9298,378,211,8709,276,9022,10135,0.8801184015786877,0.049695264885138306
ton,unsw,17,clean,logistic,weighted,clean,random,0.05,,10665,1289,530,9298,460,263,8575,276,9022,10135,0.8720276270350271,0.049695264885138306
ton,unsw,17,clean,logistic,weighted,temporal,forced,0.0,,10665,1289,0,9323,0,726,8597,726,8597,10665,0.8741678387248007,0.0
ton,unsw,17,clean,logistic,weighted,temporal,frozen,0.05,0.6754597306313073,10665,1289,889,9323,470,443,8410,726,8597,9776,0.9055851063829787,0.083356774496015
ton,unsw,17,clean,logistic,weighted,temporal,cap,0.05,,10665,1289,530,9323,272,561,8490,726,8597,10135,0.8930439072520967,0.049695264885138306
ton,unsw,17,clean,logistic,weighted,temporal,random,0.05,,10665,1289,530,9323,459,689,8175,726,8597,10135,0.874592994573261,0.049695264885138306
ton,unsw,17,clean,logistic,weighted,size,forced,0.0,,10665,1289,0,4464,0,261,4203,261,4203,10665,0.41856540084388183,0.0
ton,unsw,17,clean,logistic,weighted,size,frozen,0.05,0.6754597306313073,10665,1289,1504,4464,543,258,3663,261,4203,9161,0.42801004257177167,0.14102203469292077
ton,unsw,17,clean,logistic,weighted,size,cap,0.05,,10665,1289,530,4464,230,260,3974,261,4203,10135,0.4177602368031574,0.049695264885138306
ton,unsw,17,clean,logistic,weighted,size,random,0.05,,10665,1289,530,4464,238,242,3984,261,4203,10135,0.41697089294523926,0.049695264885138306
ton,unsw,17,clean,logistic,weighted,tcp,forced,0.0,,10665,1289,0,9291,0,279,9012,279,9012,10665,0.8711673699015471,0.0
ton,unsw,17,clean,logistic,weighted,tcp,frozen,0.05,0.6754597306313073,10665,1289,154,9291,90,250,8951,279,9012,10511,0.8753686614023404,0.01443975621190811
ton,unsw,17,clean,logistic,weighted,tcp,cap,0.05,,10665,1289,530,9291,344,218,8729,279,9012,10135,0.8827824370991614,0.049695264885138306
ton,unsw,17,clean,logistic,weighted,tcp,random,0.05,,10665,1289,530,9291,460,265,8566,279,9012,10135,0.8713369511593488,0.049695264885138306
ton,unsw,17,clean,logistic,weighted,temporal+tcp,forced,0.0,,10665,1289,0,9401,0,807,8594,807,8594,10665,0.8814814814814815,0.0
ton,unsw,17,clean,logistic,weighted,temporal+tcp,frozen,0.05,0.6754597306313073,10665,1289,827,9401,470,524,8407,807,8594,9838,0.9078064647286034,0.0775433661509611
ton,unsw,17,clean,logistic,weighted,temporal+tcp,cap,0.05,,10665,1289,530,9401,308,625,8468,807,8594,10135,0.8971879625061667,0.049695264885138306
ton,unsw,17,clean,logistic,weighted,temporal+tcp,random,0.05,,10665,1289,530,9401,467,762,8172,807,8594,10135,0.8814997533300444,0.049695264885138306
ton,cic,17,clean,logistic,unique,clean,forced,0.0,,12188,306,0,9173,0,124,9049,124,9049,12188,0.7526255333114539,0.0
ton,cic,17,clean,logistic,unique,clean,frozen,0.05,0.6754597306313073,12188,306,3129,9173,1670,39,7464,124,9049,9059,0.8282371122640468,0.2567279291106006
ton,cic,17,clean,logistic,unique,clean,cap,0.05,,12188,306,598,9173,302,93,8778,124,9049,11590,0.7654012079378775,0.04906465375779455
ton,cic,17,clean,logistic,unique,clean,random,0.05,,12188,306,598,9173,442,119,8612,124,9049,11590,0.7533218291630717,0.04906465375779455
ton,cic,17,clean,logistic,unique,temporal,forced,0.0,,12188,306,0,3220,0,158,3062,158,3062,12188,0.2641942894650476,0.0
ton,cic,17,clean,logistic,unique,temporal,frozen,0.05,0.6754597306313073,12188,306,1274,3220,606,125,2489,158,3062,10914,0.23950888766721642,0.10452904496225796
ton,cic,17,clean,logistic,unique,temporal,cap,0.05,,12188,306,598,3220,329,136,2755,158,3062,11590,0.24943917169974117,0.04906465375779455
ton,cic,17,clean,logistic,unique,temporal,random,0.05,,12188,306,598,3220,158,147,2915,158,3062,11590,0.2641932700603969,0.04906465375779455
ton,cic,17,clean,logistic,unique,size,forced,0.0,,12188,306,0,9456,0,155,9301,155,9301,12188,0.7758450935346243,0.0
ton,cic,17,clean,logistic,unique,size,frozen,0.05,0.6754597306313073,12188,306,1208,9456,680,122,8654,155,9301,10980,0.7992714025500911,0.09911388250738432
ton,cic,17,clean,logistic,unique,size,cap,0.05,,12188,306,598,9456,316,145,8995,155,9301,11590,0.7886108714408974,0.04906465375779455
ton,cic,17,clean,logistic,unique,size,random,0.05,,12188,306,598,9456,467,146,8843,155,9301,11590,0.7755823986194995,0.04906465375779455
ton,cic,17,clean,logistic,unique,tcp,forced,0.0,,12188,306,0,9758,0,48,9710,48,9710,12188,0.8006235641614703,0.0
ton,cic,17,clean,logistic,unique,tcp,frozen,0.05,0.6754597306313073,12188,306,2412,9758,1320,29,8409,48,9710,9776,0.8631342062193126,0.19789957335083688
ton,cic,17,clean,logistic,unique,tcp,cap,0.05,,12188,306,598,9758,281,41,9436,48,9710,11590,0.8176876617773943,0.04906465375779455
ton,cic,17,clean,logistic,unique,tcp,random,0.05,,12188,306,598,9758,471,44,9243,48,9710,11590,0.8012942191544434,0.04906465375779455
ton,cic,17,clean,logistic,unique,temporal+tcp,forced,0.0,,12188,306,0,3265,0,128,3137,128,3137,12188,0.2678864456842796,0.0
ton,cic,17,clean,logistic,unique,temporal+tcp,frozen,0.05,0.6754597306313073,12188,306,1228,3265,626,113,2526,128,3137,10960,0.24078467153284672,0.10075484082704299
ton,cic,17,clean,logistic,unique,temporal+tcp,cap,0.05,,12188,306,598,3265,355,118,2792,128,3137,11590,0.25107851596203623,0.04906465375779455
ton,cic,17,clean,logistic,unique,temporal+tcp,random,0.05,,12188,306,598,3265,158,119,2988,128,3137,11590,0.26807592752372733,0.04906465375779455
ton,cic,17,clean,logistic,weighted,clean,forced,0.0,,13270,1267,0,10163,0,1070,9093,1070,9093,13270,0.76586284853052,0.0
ton,cic,17,clean,logistic,weighted,clean,frozen,0.05,0.6754597306313073,13270,1267,4135,10163,2628,43,7492,1070,9093,9135,0.8248494800218938,0.31160512434061793
ton,cic,17,clean,logistic,weighted,clean,cap,0.05,,13270,1267,652,10163,381,934,8848,1070,9093,12618,0.7752417181803772,0.049133383571966845
ton,cic,17,clean,logistic,weighted,clean,random,0.05,,13270,1267,652,10163,508,1004,8651,1070,9093,12618,0.7651767316531939,0.049133383571966845
ton,cic,17,clean,logistic,weighted,temporal,forced,0.0,,13270,1267,0,3332,0,173,3159,173,3159,13270,0.2510926902788244,0.0
ton,cic,17,clean,logistic,weighted,temporal,frozen,0.05,0.6754597306313073,13270,1267,2237,3332,623,126,2583,173,3159,11033,0.24553611891597935,0.16857573474001508
ton,cic,17,clean,logistic,weighted,temporal,cap,0.05,,13270,1267,652,3332,291,150,2891,173,3159,12618,0.24100491361546997,0.049133383571966845
ton,cic,17,clean,logistic,weighted,temporal,random,0.05,,13270,1267,652,3332,160,164,3008,173,3159,12618,0.2513869075923284,0.049133383571966845
ton,cic,17,clean,logistic,weighted,size,forced,0.0,,13270,1267,0,10437,0,1114,9323,1114,9323,13270,0.7865109269027882,0.0
ton,cic,17,clean,logistic,weighted,size,frozen,0.05,0.6754597306313073,13270,1267,1221,10437,686,1081,8670,1114,9323,12049,0.8092787783218525,0.0920120572720422
ton,cic,17,clean,logistic,weighted,size,cap,0.05,,13270,1267,652,10437,346,1104,8987,1114,9323,12618,0.7997305436677762,0.049133383571966845
ton,cic,17,clean,logistic,weighted,size,random,0.05,,13270,1267,652,10437,503,1048,8886,1114,9323,12618,0.7872880012680298,0.049133383571966845
ton,cic,17,clean,logistic,weighted,tcp,forced,0.0,,13270,1267,0,9809,0,53,9756,53,9756,13270,0.7391861341371515,0.0
ton,cic,17,clean,logistic,weighted,tcp,frozen,0.05,0.6754597306313073,13270,1267,3056,9809,1338,33,8438,53,9756,10214,0.8293518699823771,0.23029389600602865
ton,cic,17,clean,logistic,weighted,tcp,cap,0.05,,13270,1267,652,9809,313,45,9451,53,9756,12618,0.7525756855286099,0.049133383571966845
ton,cic,17,clean,logistic,weighted,tcp,random,0.05,,13270,1267,652,9809,485,44,9280,53,9756,12618,0.738944365192582,0.049133383571966845
ton,cic,17,clean,logistic,weighted,temporal+tcp,forced,0.0,,13270,1267,0,3365,0,129,3236,129,3236,13270,0.25357950263752826,0.0
ton,cic,17,clean,logistic,weighted,temporal+tcp,frozen,0.05,0.6754597306313073,13270,1267,1236,3365,630,114,2621,129,3236,12034,0.22727272727272727,0.0931424265259985
ton,cic,17,clean,logistic,weighted,temporal+tcp,cap,0.05,,13270,1267,652,3365,382,118,2865,129,3236,12618,0.2364083055951815,0.049133383571966845
ton,cic,17,clean,logistic,weighted,temporal+tcp,random,0.05,,13270,1267,652,3365,166,122,3077,129,3236,12618,0.25352670787763515,0.049133383571966845
ton,unsw,17,clean,forest,unique,clean,forced,0.0,,10417,1285,0,9308,0,1006,8302,1006,8302,10417,0.8935394067389844,0.0
ton,unsw,17,clean,forest,unique,clean,frozen,0.05,0.9206909759878725,10417,1285,1685,9308,1353,963,6992,1006,8302,8732,0.9110169491525424,0.16175482384563694
ton,unsw,17,clean,forest,unique,clean,cap,0.05,,10417,1285,518,9308,330,991,7987,1006,8302,9899,0.906960299020103,0.04972640875491984
ton,unsw,17,clean,forest,unique,clean,random,0.05,,10417,1285,518,9308,456,955,7897,1006,8302,9899,0.8942317405798565,0.04972640875491984
ton,unsw,17,clean,forest,unique,temporal,forced,0.0,,10417,1285,0,8209,0,1184,7025,1184,7025,10417,0.7880387827589517,0.0
ton,unsw,17,clean,forest,unique,temporal,frozen,0.05,0.9206909759878725,10417,1285,3137,8209,1631,1028,5550,1184,7025,7280,0.9035714285714286,0.3011423634443698
ton,unsw,17,clean,forest,unique,temporal,cap,0.05,,10417,1285,518,8209,210,1167,6832,1184,7025,9899,0.8080614203454894,0.04972640875491984
ton,unsw,17,clean,forest,unique,temporal,random,0.05,,10417,1285,518,8209,404,1128,6677,1184,7025,9899,0.7884634811597131,0.04972640875491984
ton,unsw,17,clean,forest,unique,size,forced,0.0,,10417,1285,0,9048,0,897,8151,897,8151,10417,0.8685802054334262,0.0
ton,unsw,17,clean,forest,unique,size,frozen,0.05,0.9206909759878725,10417,1285,3598,9048,2991,854,5203,897,8151,6819,0.8882534095908491,0.3453969472976865
ton,unsw,17,clean,forest,unique,size,cap,0.05,,10417,1285,518,9048,296,891,7861,897,8151,9899,0.8841297100717244,0.04972640875491984
ton,unsw,17,clean,forest,unique,size,random,0.05,,10417,1285,518,9048,445,851,7752,897,8151,9899,0.8690776846146075,0.04972640875491984
ton,unsw,17,clean,forest,unique,tcp,forced,0.0,,10417,1285,0,8345,0,1083,7262,1083,7262,10417,0.8010943649803206,0.0
ton,unsw,17,clean,forest,unique,tcp,frozen,0.05,0.9206909759878725,10417,1285,4084,8345,3127,1035,4183,1083,7262,6333,0.8239381020053687,0.39205145435346067
ton,unsw,17,clean,forest,unique,tcp,cap,0.05,,10417,1285,518,8345,372,1078,6895,1083,7262,9899,0.8054348924133751,0.04972640875491984
ton,unsw,17,clean,forest,unique,tcp,random,0.05,,10417,1285,518,8345,408,1030,6907,1083,7262,9899,0.8017981614304475,0.04972640875491984
ton,unsw,17,clean,forest,unique,temporal+tcp,forced,0.0,,10417,1285,0,7162,0,1189,5973,1189,5973,10417,0.6875299990400308,0.0
ton,unsw,17,clean,forest,unique,temporal+tcp,frozen,0.05,0.9206909759878725,10417,1285,5655,7162,3872,1073,2217,1189,5973,4762,0.6908861822763545,0.5428626283958913
ton,unsw,17,clean,forest,unique,temporal+tcp,cap,0.05,,10417,1285,518,7162,353,1179,5630,1189,5973,9899,0.6878472572987171,0.04972640875491984
ton,unsw,17,clean,forest,unique,temporal+tcp,random,0.05,,10417,1285,518,7162,341,1129,5692,1189,5973,9899,0.6890595009596929,0.04972640875491984
ton,unsw,17,clean,forest,weighted,clean,forced,0.0,,10665,1289,0,9547,0,1010,8537,1010,8537,10665,0.8951711204875762,0.0
ton,unsw,17,clean,forest,weighted,clean,frozen,0.05,0.9206909759878725,10665,1289,1692,9547,1359,967,7221,1010,8537,8973,0.9125153237490249,0.15864978902953586
ton,unsw,17,clean,forest,weighted,clean,cap,0.05,,10665,1289,530,9547,337,995,8215,1010,8537,10135,0.908732116428219,0.049695264885138306
ton,unsw,17,clean,forest,weighted,clean,random,0.05,,10665,1289,530,9547,473,954,8120,1010,8537,10135,0.8953132708436112,0.049695264885138306
ton,unsw,17,clean,forest,weighted,temporal,forced,0.0,,10665,1289,0,8444,0,1188,7256,1188,7256,10665,0.7917487107360525,0.0
ton,unsw,17,clean,forest,weighted,temporal,frozen,0.05,0.9206909759878725,10665,1289,3167,8444,1656,1032,5756,1188,7256,7498,0.9053080821552414,0.296952648851383
ton,unsw,17,clean,forest,weighted,temporal,cap,0.05,,10665,1289,530,8444,213,1171,7060,1188,7256,10135,0.8121361618154909,0.049695264885138306
ton,unsw,17,clean,forest,weighted,temporal,random,0.05,,10665,1289,530,8444,426,1128,6890,1188,7256,10135,0.7911198815984213,0.049695264885138306
ton,unsw,17,clean,forest,weighted,size,forced,0.0,,10665,1289,0,9259,0,901,8358,901,8358,10665,0.8681669010782935,0.0
ton,unsw,17,clean,forest,weighted,size,frozen,0.05,0.9206909759878725,10665,1289,3742,9259,3111,858,5290,901,8358,6923,0.8880543117145746,0.35086732301922174
ton,unsw,17,clean,forest,weighted,size,cap,0.05,,10665,1289,530,9259,297,895,8067,901,8358,10135,0.8842624568327577,0.049695264885138306
ton,unsw,17,clean,forest,weighted,size,random,0.05,,10665,1289,530,9259,458,853,7948,901,8358,10135,0.8683769116921559,0.049695264885138306
ton,unsw,17,clean,forest,weighted,tcp,forced,0.0,,10665,1289,0,8582,0,1087,7495,1087,7495,10665,0.8046882325363338,0.0
ton,unsw,17,clean,forest,weighted,tcp,frozen,0.05,0.9206909759878725,10665,1289,4190,8582,3230,1039,4313,1087,7495,6475,0.8265637065637066,0.3928738865447726
ton,unsw,17,clean,forest,weighted,tcp,cap,0.05,,10665,1289,530,8582,384,1082,7116,1087,7495,10135,0.8088801184015787,0.049695264885138306
ton,unsw,17,clean,forest,weighted,tcp,random,0.05,,10665,1289,530,8582,425,1030,7127,1087,7495,10135,0.8048347311297483,0.049695264885138306
ton,unsw,17,clean,forest,weighted,temporal+tcp,forced,0.0,,10665,1289,0,7388,0,1193,6195,1193,6195,10665,0.6927332395686826,0.0
ton,unsw,17,clean,forest,weighted,temporal+tcp,frozen,0.05,0.9206909759878725,10665,1289,5849,7388,4052,1077,2259,1193,6195,4816,0.6926910299003323,0.5484294421003282
ton,unsw,17,clean,forest,weighted,temporal+tcp,cap,0.05,,10665,1289,530,7388,367,1183,5838,1193,6195,10135,0.6927479033053774,0.049695264885138306
ton,unsw,17,clean,forest,weighted,temporal+tcp,random,0.05,,10665,1289,530,7388,367,1131,5890,1193,6195,10135,0.6927479033053774,0.049695264885138306
ton,cic,17,clean,forest,unique,clean,forced,0.0,,12188,306,0,485,0,301,184,301,184,12188,0.039793239251723005,0.0
ton,cic,17,clean,forest,unique,clean,frozen,0.05,0.9206909759878725,12188,306,149,485,41,299,145,301,184,12039,0.03688013954647396,0.01222513948145717
ton,cic,17,clean,forest,unique,clean,cap,0.05,,12188,306,598,485,99,285,101,301,184,11590,0.033304572907679034,0.04906465375779455
ton,cic,17,clean,forest,unique,clean,random,0.05,,12188,306,598,485,24,283,178,301,184,11590,0.039775668679896466,0.04906465375779455
ton,cic,17,clean,forest,unique,temporal,forced,0.0,,12188,306,0,435,0,300,135,300,135,12188,0.0356908434525763,0.0
ton,cic,17,clean,forest,unique,temporal,frozen,0.05,0.9206909759878725,12188,306,141,435,49,299,87,300,135,12047,0.032041172076035525,0.011568756153593698
ton,cic,17,clean,forest,unique,temporal,cap,0.05,,12188,306,598,435,102,285,48,300,135,11590,0.028731665228645384,0.04906465375779455
ton,cic,17,clean,forest,unique,temporal,random,0.05,,12188,306,598,435,24,282,129,300,135,11590,0.03546160483175151,0.04906465375779455
ton,cic,17,clean,forest,unique,size,forced,0.0,,12188,306,0,415,0,301,114,301,114,12188,0.03404988513291762,0.0
ton,cic,17,clean,forest,unique,size,frozen,0.05,0.9206909759878725,12188,306,276,415,78,293,44,301,114,11912,0.028290799194089992,0.022645224811289794
ton,cic,17,clean,forest,unique,size,cap,0.05,,12188,306,598,415,115,286,14,301,114,11590,0.025884383088869714,0.04906465375779455
ton,cic,17,clean,forest,unique,size,random,0.05,,12188,306,598,415,20,284,111,301,114,11590,0.034081104400345126,0.04906465375779455
ton,cic,17,clean,forest,unique,tcp,forced,0.0,,12188,306,0,416,0,305,111,305,111,12188,0.03413193304890056,0.0
ton,cic,17,clean,forest,unique,tcp,frozen,0.05,0.9206909759878725,12188,306,171,416,52,299,65,305,111,12017,0.03029042190230507,0.01403019363308172
ton,cic,17,clean,forest,unique,tcp,cap,0.05,,12188,306,598,416,106,285,25,305,111,11590,0.026747195858498704,0.04906465375779455
ton,cic,17,clean,forest,unique,tcp,random,0.05,,12188,306,598,416,25,287,104,305,111,11590,0.03373597929249353,0.04906465375779455
ton,cic,17,clean,forest,unique,temporal+tcp,forced,0.0,,12188,306,0,448,0,305,143,305,143,12188,0.03675746636035445,0.0
ton,cic,17,clean,forest,unique,temporal+tcp,frozen,0.05,0.9206909759878725,12188,306,205,448,78,294,76,305,143,11983,0.030877075857464742,0.016819822776501476
ton,cic,17,clean,forest,unique,temporal+tcp,cap,0.05,,12188,306,598,448,122,288,38,305,143,11590,0.02812769628990509,0.04906465375779455
ton,cic,17,clean,forest,unique,temporal+tcp,random,0.05,,12188,306,598,448,28,287,133,305,143,11590,0.0362381363244176,0.04906465375779455
ton,cic,17,clean,forest,weighted,clean,forced,0.0,,13270,1267,0,1452,0,1262,190,1262,190,13270,0.1094197437829691,0.0
ton,cic,17,clean,forest,weighted,clean,frozen,0.05,0.9206909759878725,13270,1267,150,1452,41,1260,151,1262,190,13120,0.10754573170731707,0.011303692539562924
ton,cic,17,clean,forest,weighted,clean,cap,0.05,,13270,1267,652,1452,105,1245,102,1262,190,12618,0.10675225867807893,0.049133383571966845
ton,cic,17,clean,forest,weighted,clean,random,0.05,,13270,1267,652,1452,83,1189,180,1262,190,12618,0.1084957996512918,0.049133383571966845
ton,cic,17,clean,forest,weighted,temporal,forced,0.0,,13270,1267,0,1403,0,1261,142,1261,142,13270,0.10572720422004521,0.0
ton,cic,17,clean,forest,weighted,temporal,frozen,0.05,0.9206909759878725,13270,1267,144,1403,51,1260,92,1261,142,13126,0.10300167606277617,0.010851544837980407
ton,cic,17,clean,forest,weighted,temporal,cap,0.05,,13270,1267,652,1403,113,1246,44,1261,142,12618,0.10223490252020923,0.049133383571966845
ton,cic,17,clean,forest,weighted,temporal,random,0.05,,13270,1267,652,1403,81,1188,134,1261,142,12618,0.10477096211760976,0.049133383571966845
ton,cic,17,clean,forest,weighted,size,forced,0.0,,13270,1267,0,1376,0,1262,114,1262,114,13270,0.10369253956292389,0.0
ton,cic,17,clean,forest,weighted,size,frozen,0.05,0.9206909759878725,13270,1267,277,1376,79,1253,44,1262,114,12993,0.09982298160547988,0.020874152223059533
ton,cic,17,clean,forest,weighted,size,cap,0.05,,13270,1267,652,1376,116,1246,14,1262,114,12618,0.09985734664764621,0.049133383571966845
ton,cic,17,clean,forest,weighted,size,random,0.05,,13270,1267,652,1376,76,1189,111,1262,114,12618,0.10302742114439689,0.049133383571966845
ton,cic,17,clean,forest,weighted,tcp,forced,0.0,,13270,1267,0,1385,0,1266,119,1266,119,13270,0.10437076111529767,0.0
ton,cic,17,clean,forest,weighted,tcp,frozen,0.05,0.9206909759878725,13270,1267,177,1385,54,1260,71,1266,119,13093,0.1016573741694035,0.01333835719668425
ton,cic,17,clean,forest,weighted,tcp,cap,0.05,,13270,1267,652,1385,116,1243,26,1266,119,12618,0.10057061340941512,0.049133383571966845
ton,cic,17,clean,forest,weighted,tcp,random,0.05,,13270,1267,652,1385,82,1193,110,1266,119,12618,0.1032651767316532,0.049133383571966845
ton,cic,17,clean,forest,weighted,temporal+tcp,forced,0.0,,13270,1267,0,1420,0,1266,154,1266,154,13270,0.10700828937452901,0.0
ton,cic,17,clean,forest,weighted,temporal+tcp,frozen,0.05,0.9206909759878725,13270,1267,214,1420,83,1255,82,1266,154,13056,0.10240502450980392,0.016126601356443105
ton,cic,17,clean,forest,weighted,temporal+tcp,cap,0.05,,13270,1267,652,1420,132,1250,38,1266,154,12618,0.1020763987953717,0.049133383571966845
ton,cic,17,clean,forest,weighted,temporal+tcp,random,0.05,,13270,1267,652,1420,83,1193,144,1266,154,12618,0.10595974005389126,0.049133383571966845
ton,unsw,17,repeat,logistic,unique,clean,forced,0.0,,10417,1285,0,9035,0,277,8758,277,8758,10417,0.8673322453681482,0.0
ton,unsw,17,repeat,logistic,unique,clean,frozen,0.05,0.685019823459529,10417,1285,143,9035,80,255,8700,277,8758,10274,0.8716176756861982,0.013727560718057022
ton,unsw,17,repeat,logistic,unique,clean,cap,0.05,,10417,1285,518,9035,343,220,8472,277,8758,9899,0.8780684917668451,0.04972640875491984
ton,unsw,17,repeat,logistic,unique,clean,random,0.05,,10417,1285,518,9035,449,261,8325,277,8758,9899,0.8673603394282251,0.04972640875491984
ton,unsw,17,repeat,logistic,unique,temporal,forced,0.0,,10417,1285,0,9135,0,875,8260,875,8260,10417,0.8769319381779783,0.0
ton,unsw,17,repeat,logistic,unique,temporal,frozen,0.05,0.685019823459529,10417,1285,413,9135,201,781,8153,875,8260,10004,0.8930427828868452,0.039646731304598254
ton,unsw,17,repeat,logistic,unique,temporal,cap,0.05,,10417,1285,518,9135,260,747,8128,875,8260,9899,0.8965552075967269,0.04972640875491984
ton,unsw,17,repeat,logistic,unique,temporal,random,0.05,,10417,1285,518,9135,453,830,7852,875,8260,9899,0.877058288716032,0.04972640875491984
ton,unsw,17,repeat,logistic,unique,size,forced,0.0,,10417,1285,0,4122,0,258,3864,258,3864,10417,0.39569933762119613,0.0
ton,unsw,17,repeat,logistic,unique,size,frozen,0.05,0.685019823459529,10417,1285,783,4122,300,256,3566,258,3864,9634,0.3967199501764584,0.07516559470096956
ton,unsw,17,repeat,logistic,unique,size,cap,0.05,,10417,1285,518,4122,211,256,3655,258,3864,9899,0.39509041317304777,0.04972640875491984
ton,unsw,17,repeat,logistic,unique,size,random,0.05,,10417,1285,518,4122,204,244,3674,258,3864,9899,0.39579755530861704,0.04972640875491984
ton,unsw,17,repeat,logistic,unique,tcp,forced,0.0,,10417,1285,0,9032,0,279,8753,279,8753,10417,0.8670442545838534,0.0
ton,unsw,17,repeat,logistic,unique,tcp,frozen,0.05,0.685019823459529,10417,1285,143,9032,77,264,8691,279,8753,10274,0.8716176756861982,0.013727560718057022
ton,unsw,17,repeat,logistic,unique,tcp,cap,0.05,,10417,1285,518,9032,322,229,8481,279,8753,9899,0.879886857258309,0.04972640875491984
ton,unsw,17,repeat,logistic,unique,tcp,random,0.05,,10417,1285,518,9032,449,263,8320,279,8753,9899,0.8670572785129811,0.04972640875491984
ton,unsw,17,repeat,logistic,unique,temporal+tcp,forced,0.0,,10417,1285,0,9137,0,890,8247,890,8247,10417,0.8771239320341749,0.0
ton,unsw,17,repeat,logistic,unique,temporal+tcp,frozen,0.05,0.685019823459529,10417,1285,397,9137,181,819,8137,890,8247,10020,0.893812375249501,0.03811078045502544
ton,unsw,17,repeat,logistic,unique,temporal+tcp,cap,0.05,,10417,1285,518,9137,253,784,8100,890,8247,9899,0.8974643903424588,0.04972640875491984
ton,unsw,17,repeat,logistic,unique,temporal+tcp,random,0.05,,10417,1285,518,9137,452,844,7841,890,8247,9899,0.8773613496312759,0.04972640875491984
ton,unsw,17,repeat,logistic,weighted,clean,forced,0.0,,10665,1289,0,9279,0,281,8998,281,8998,10665,0.870042194092827,0.0
ton,unsw,17,repeat,logistic,weighted,clean,frozen,0.05,0.685019823459529,10665,1289,144,9279,81,259,8939,281,8998,10521,0.874251497005988,0.01350210970464135
ton,unsw,17,repeat,logistic,weighted,clean,cap,0.05,,10665,1289,530,9279,353,224,8702,281,8998,10135,0.8807104094721263,0.049695264885138306
ton,unsw,17,repeat,logistic,weighted,clean,random,0.05,,10665,1289,530,9279,457,267,8555,281,8998,10135,0.8704489393191909,0.049695264885138306
ton,unsw,17,repeat,logistic,weighted,temporal,forced,0.0,,10665,1289,0,9376,0,875,8501,875,8501,10665,0.8791373652133145,0.0
ton,unsw,17,repeat,logistic,weighted,temporal,frozen,0.05,0.685019823459529,10665,1289,415,9376,201,781,8394,875,8501,10250,0.8951219512195122,0.038912330051570555
ton,unsw,17,repeat,logistic,weighted,temporal,cap,0.05,,10665,1289,530,9376,269,743,8364,875,8501,10135,0.8985693142575234,0.049695264885138306
ton,unsw,17,repeat,logistic,weighted,temporal,random,0.05,,10665,1289,530,9376,467,827,8082,875,8501,10135,0.8790330537740503,0.049695264885138306
ton,unsw,17,repeat,logistic,weighted,size,forced,0.0,,10665,1289,0,4144,0,262,3882,262,3882,10665,0.3885607126113455,0.0
ton,unsw,17,repeat,logistic,weighted,size,frozen,0.05,0.685019823459529,10665,1289,798,4144,302,260,3582,262,3882,9867,0.3893787372048242,0.07482419127988749
ton,unsw,17,repeat,logistic,weighted,size,cap,0.05,,10665,1289,530,4144,218,260,3666,262,3882,10135,0.3873704982733103,0.049695264885138306
ton,unsw,17,repeat,logistic,weighted,size,random,0.05,,10665,1289,530,4144,220,243,3681,262,3882,10135,0.3871731623088308,0.049695264885138306
ton,unsw,17,repeat,logistic,weighted,tcp,forced,0.0,,10665,1289,0,9275,0,283,8992,283,8992,10665,0.8696671354899203,0.0
ton,unsw,17,repeat,logistic,weighted,tcp,frozen,0.05,0.685019823459529,10665,1289,144,9275,77,268,8930,283,8992,10521,0.874251497005988,0.01350210970464135
ton,unsw,17,repeat,logistic,weighted,tcp,cap,0.05,,10665,1289,530,9275,332,232,8711,283,8992,10135,0.8823877651702022,0.049695264885138306
ton,unsw,17,repeat,logistic,weighted,tcp,random,0.05,,10665,1289,530,9275,457,269,8549,283,8992,10135,0.8700542673902318,0.049695264885138306
ton,unsw,17,repeat,logistic,weighted,temporal+tcp,forced,0.0,,10665,1289,0,9378,0,890,8488,890,8488,10665,0.8793248945147679,0.0
ton,unsw,17,repeat,logistic,weighted,temporal+tcp,frozen,0.05,0.685019823459529,10665,1289,400,9378,182,819,8377,890,8488,10265,0.895859717486605,0.03750586029067042
ton,unsw,17,repeat,logistic,weighted,temporal+tcp,cap,0.05,,10665,1289,530,9378,260,782,8336,890,8488,10135,0.8996546620621608,0.049695264885138306
ton,unsw,17,repeat,logistic,weighted,temporal+tcp,random,0.05,,10665,1289,530,9378,467,842,8069,890,8488,10135,0.8792303897385298,0.049695264885138306
ton,cic,17,repeat,logistic,unique,clean,forced,0.0,,12188,306,0,9118,0,119,8999,119,8999,12188,0.7481128979323926,0.0
ton,cic,17,repeat,logistic,unique,clean,frozen,0.05,0.685019823459529,12188,306,2988,9118,1581,39,7498,119,8999,9200,0.8192391304347826,0.2451591729570069
ton,cic,17,repeat,logistic,unique,clean,cap,0.05,,12188,306,598,9118,300,89,8729,119,8999,11590,0.7608283002588438,0.04906465375779455
ton,cic,17,repeat,logistic,unique,clean,random,0.05,,12188,306,598,9118,441,114,8563,119,8999,11590,0.7486626402070751,0.04906465375779455
ton,cic,17,repeat,logistic,unique,temporal,forced,0.0,,12188,306,0,3238,0,130,3108,130,3108,12188,0.2656711519527404,0.0
ton,cic,17,repeat,logistic,unique,temporal,frozen,0.05,0.685019823459529,12188,306,644,3238,239,120,2879,130,3108,11544,0.2597886347886348,0.052838857893009517
ton,cic,17,repeat,logistic,unique,temporal,cap,0.05,,12188,306,598,3238,229,120,2889,130,3108,11590,0.25962036238136327,0.04906465375779455
ton,cic,17,repeat,logistic,unique,temporal,random,0.05,,12188,306,598,3238,157,121,2960,130,3108,11590,0.26583261432269195,0.04906465375779455
ton,cic,17,repeat,logistic,unique,size,forced,0.0,,12188,306,0,9156,0,171,8985,171,8985,12188,0.751230718739744,0.0
ton,cic,17,repeat,logistic,unique,size,frozen,0.05,0.685019823459529,12188,306,702,9156,308,156,8692,171,8985,11486,0.770329096291137,0.057597637020019694
ton,cic,17,repeat,logistic,unique,size,cap,0.05,,12188,306,598,9156,267,159,8730,171,8985,11590,0.7669542709232097,0.04906465375779455
ton,cic,17,repeat,logistic,unique,size,random,0.05,,12188,306,598,9156,451,162,8543,171,8985,11590,0.7510785159620362,0.04906465375779455
ton,cic,17,repeat,logistic,unique,tcp,forced,0.0,,12188,306,0,9619,0,51,9568,51,9568,12188,0.7892189038398425,0.0
ton,cic,17,repeat,logistic,unique,tcp,frozen,0.05,0.685019823459529,12188,306,2363,9619,1255,32,8332,51,9568,9825,0.8512977099236642,0.1938792254676731
ton,cic,17,repeat,logistic,unique,tcp,cap,0.05,,12188,306,598,9619,302,46,9271,51,9568,11590,0.8038826574633304,0.04906465375779455
ton,cic,17,repeat,logistic,unique,tcp,random,0.05,,12188,306,598,9619,462,47,9110,51,9568,11590,0.7900776531492666,0.04906465375779455
ton,cic,17,repeat,logistic,unique,temporal+tcp,forced,0.0,,12188,306,0,3295,0,123,3172,123,3172,12188,0.2703478831637676,0.0
ton,cic,17,repeat,logistic,unique,temporal+tcp,frozen,0.05,0.685019823459529,12188,306,689,3295,307,116,2872,123,3172,11499,0.2598486824941299,0.05653101411224155
ton,cic,17,repeat,logistic,unique,temporal+tcp,cap,0.05,,12188,306,598,3295,274,116,2905,123,3172,11590,0.260655737704918,0.04906465375779455
ton,cic,17,repeat,logistic,unique,temporal+tcp,random,0.05,,12188,306,598,3295,163,114,3018,123,3172,11590,0.27023295944779985,0.04906465375779455
ton,cic,17,repeat,logistic,weighted,clean,forced,0.0,,13270,1267,0,10097,0,1054,9043,1054,9043,13270,0.7608892238131123,0.0
ton,cic,17,repeat,logistic,weighted,clean,frozen,0.05,0.685019823459529,13270,1267,3992,10097,2528,43,7526,1054,9043,9278,0.8158008191420565,0.3008289374529013
ton,cic,17,repeat,logistic,weighted,clean,cap,0.05,,13270,1267,652,10097,396,890,8811,1054,9043,12618,0.7688223173244572,0.049133383571966845
ton,cic,17,repeat,logistic,weighted,clean,random,0.05,,13270,1267,652,10097,507,989,8601,1054,9043,12618,0.760025360595974,0.049133383571966845
ton,cic,17,repeat,logistic,weighted,temporal,forced,0.0,,13270,1267,0,3339,0,131,3208,131,3208,13270,0.2516201959306707,0.0
ton,cic,17,repeat,logistic,weighted,temporal,frozen,0.05,0.685019823459529,13270,1267,649,3339,242,121,2976,131,3208,12621,0.24538467633309563,0.04890730972117558
ton,cic,17,repeat,logistic,weighted,temporal,cap,0.05,,13270,1267,652,3339,246,121,2972,131,3208,12618,0.24512601046124585,0.049133383571966845
ton,cic,17,repeat,logistic,weighted,temporal,random,0.05,,13270,1267,652,3339,163,124,3052,131,3208,12618,0.2517039150420035,0.049133383571966845
ton,cic,17,repeat,logistic,weighted,size,forced,0.0,,13270,1267,0,10137,0,1131,9006,1131,9006,13270,0.7639035418236624,0.0
ton,cic,17,repeat,logistic,weighted,size,frozen,0.05,0.685019823459529,13270,1267,705,10137,310,1116,8711,1131,9006,12565,0.7820931157978511,0.05312735493594574
ton,cic,17,repeat,logistic,weighted,size,cap,0.05,,13270,1267,652,10137,288,1116,8733,1131,9006,12618,0.7805515929624346,0.049133383571966845
ton,cic,17,repeat,logistic,weighted,size,random,0.05,,13270,1267,652,10137,490,1064,8583,1131,9006,12618,0.7645427167538437,0.049133383571966845
ton,cic,17,repeat,logistic,weighted,tcp,forced,0.0,,13270,1267,0,9669,0,56,9613,56,9613,13270,0.7286360211002261,0.0
ton,cic,17,repeat,logistic,weighted,tcp,frozen,0.05,0.685019823459529,13270,1267,2725,9669,1274,36,8359,56,9613,10545,0.7961119013750593,0.20535041446872646
ton,cic,17,repeat,logistic,weighted,tcp,cap,0.05,,13270,1267,652,9669,326,51,9292,56,9613,12618,0.7404501505785386,0.049133383571966845
ton,cic,17,repeat,logistic,weighted,tcp,random,0.05,,13270,1267,652,9669,483,47,9139,56,9613,12618,0.7280076081787922,0.049133383571966845
ton,cic,17,repeat,logistic,weighted,temporal+tcp,forced,0.0,,13270,1267,0,3398,0,124,3274,124,3274,13270,0.2560663149962321,0.0
ton,cic,17,repeat,logistic,weighted,temporal+tcp,frozen,0.05,0.685019823459529,13270,1267,693,3398,310,117,2971,124,3274,12577,0.24552755029021228,0.05222305953278071
ton,cic,17,repeat,logistic,weighted,temporal+tcp,cap,0.05,,13270,1267,652,3398,302,117,2979,124,3274,12618,0.24536376604850213,0.049133383571966845
ton,cic,17,repeat,logistic,weighted,temporal+tcp,random,0.05,,13270,1267,652,3398,175,117,3106,124,3274,12618,0.25542875257568554,0.049133383571966845
ton,unsw,17,repeat,forest,unique,clean,forced,0.0,,10417,1285,0,8550,0,1070,7480,1070,7480,10417,0.8207737352404723,0.0
ton,unsw,17,repeat,forest,unique,clean,frozen,0.05,0.8823311848738755,10417,1285,3765,8550,2559,988,5003,1070,7480,6652,0.900631389055923,0.36142843429010274
ton,unsw,17,repeat,forest,unique,clean,cap,0.05,,10417,1285,518,8550,288,1064,7198,1070,7480,9899,0.834629760581877,0.04972640875491984
ton,unsw,17,repeat,forest,unique,clean,random,0.05,,10417,1285,518,8550,418,1017,7115,1070,7480,9899,0.8214971209213052,0.04972640875491984
ton,unsw,17,repeat,forest,unique,temporal,forced,0.0,,10417,1285,0,8491,0,1103,7388,1103,7388,10417,0.8151099164826725,0.0
ton,unsw,17,repeat,forest,unique,temporal,frozen,0.05,0.8823311848738755,10417,1285,5704,8491,4353,991,3147,1103,7388,4713,0.877997029492892,0.5475664778727081
ton,unsw,17,repeat,forest,unique,temporal,cap,0.05,,10417,1285,518,8491,291,1081,7119,1103,7388,9899,0.828366501666835,0.04972640875491984
ton,unsw,17,repeat,forest,unique,temporal,random,0.05,,10417,1285,518,8491,426,1048,7017,1103,7388,9899,0.8147287604808566,0.04972640875491984
ton,unsw,17,repeat,forest,unique,size,forced,0.0,,10417,1285,0,9580,0,892,8688,892,8688,10417,0.9196505711817222,0.0
ton,unsw,17,repeat,forest,unique,size,frozen,0.05,0.8823311848738755,10417,1285,3626,9580,3269,826,5485,892,8688,6791,0.929318215284936,0.3480848612844389
ton,unsw,17,repeat,forest,unique,size,cap,0.05,,10417,1285,518,9580,419,855,8306,892,8688,9899,0.9254470148499848,0.04972640875491984
ton,unsw,17,repeat,forest,unique,size,random,0.05,,10417,1285,518,9580,475,844,8261,892,8688,9899,0.9197898777654309,0.04972640875491984
ton,unsw,17,repeat,forest,unique,tcp,forced,0.0,,10417,1285,0,4397,0,1159,3238,1159,3238,10417,0.42209849284822887,0.0
ton,unsw,17,repeat,forest,unique,tcp,frozen,0.05,0.8823311848738755,10417,1285,6525,4397,2498,1031,868,1159,3238,3892,0.4879239465570401,0.626379955841413
ton,unsw,17,repeat,forest,unique,tcp,cap,0.05,,10417,1285,518,4397,195,1156,3046,1159,3238,9899,0.4244873219517123,0.04972640875491984
ton,unsw,17,repeat,forest,unique,tcp,random,0.05,,10417,1285,518,4397,224,1102,3071,1159,3238,9899,0.42155773310435396,0.04972640875491984
ton,unsw,17,repeat,forest,unique,temporal+tcp,forced,0.0,,10417,1285,0,2889,0,1195,1694,1195,1694,10417,0.2773351252759912,0.0
ton,unsw,17,repeat,forest,unique,temporal+tcp,frozen,0.05,0.8823311848738755,10417,1285,7657,2889,1830,1040,19,1195,1694,2760,0.38369565217391305,0.7350484784486896
ton,unsw,17,repeat,forest,unique,temporal+tcp,cap,0.05,,10417,1285,518,2889,208,1171,1510,1195,1694,9899,0.2708354379230225,0.04972640875491984
ton,unsw,17,repeat,forest,unique,temporal+tcp,random,0.05,,10417,1285,518,2889,131,1138,1620,1195,1694,9899,0.2786140014142843,0.04972640875491984
ton,unsw,17,repeat,forest,weighted,clean,forced,0.0,,10665,1289,0,8787,0,1074,7713,1074,7713,10665,0.8239099859353024,0.0
ton,unsw,17,repeat,forest,weighted,clean,frozen,0.05,0.8823311848738755,10665,1289,3844,8787,2635,992,5160,1074,7713,6821,0.9019205395103357,0.3604313173933427
ton,unsw,17,repeat,forest,weighted,clean,cap,0.05,,10665,1289,530,8787,298,1068,7421,1074,7713,10135,0.8375925012333498,0.049695264885138306
ton,unsw,17,repeat,forest,weighted,clean,random,0.05,,10665,1289,530,8787,440,1017,7330,1074,7713,10135,0.8235816477553034,0.049695264885138306
ton,unsw,17,repeat,forest,weighted,temporal,forced,0.0,,10665,1289,0,8725,0,1107,7618,1107,7618,10665,0.8180965775902485,0.0
ton,unsw,17,repeat,forest,weighted,temporal,frozen,0.05,0.8823311848738755,10665,1289,5832,8725,4475,995,3255,1107,7618,4833,0.8793709911028347,0.5468354430379747
ton,unsw,17,repeat,forest,weighted,temporal,cap,0.05,,10665,1289,530,8725,297,1085,7343,1107,7618,10135,0.8315737543167242,0.049695264885138306
ton,unsw,17,repeat,forest,weighted,temporal,random,0.05,,10665,1289,530,8725,431,1047,7247,1107,7618,10135,0.818352244696596,0.049695264885138306
ton,unsw,17,repeat,forest,weighted,size,forced,0.0,,10665,1289,0,9817,0,896,8921,896,8921,10665,0.9204875761837787,0.0
ton,unsw,17,repeat,forest,weighted,size,frozen,0.05,0.8823311848738755,10665,1289,3705,9817,3344,830,5643,896,8921,6960,0.9300287356321839,0.34739803094233473
ton,unsw,17,repeat,forest,weighted,size,cap,0.05,,10665,1289,530,9817,426,859,8532,896,8921,10135,0.9265910212136161,0.049695264885138306
ton,unsw,17,repeat,forest,weighted,size,random,0.05,,10665,1289,530,9817,485,846,8486,896,8921,10135,0.9207696102614702,0.049695264885138306
ton,unsw,17,repeat,forest,weighted,tcp,forced,0.0,,10665,1289,0,4507,0,1163,3344,1163,3344,10665,0.42259728082512893,0.0
ton,unsw,17,repeat,forest,weighted,tcp,frozen,0.05,0.8823311848738755,10665,1289,6743,4507,2597,1035,875,1163,3344,3922,0.48699643039265683,0.6322550398499766
ton,unsw,17,repeat,forest,weighted,tcp,cap,0.05,,10665,1289,530,4507,196,1160,3151,1163,3344,10135,0.42535767143561914,0.049695264885138306
ton,unsw,17,repeat,forest,weighted,tcp,random,0.05,,10665,1289,530,4507,224,1100,3183,1163,3344,10135,0.4225949679329058,0.049695264885138306
ton,unsw,17,repeat,forest,weighted,temporal+tcp,forced,0.0,,10665,1289,0,2916,0,1199,1717,1199,1717,10665,0.27341772151898736,0.0
ton,unsw,17,repeat,forest,weighted,temporal+tcp,frozen,0.05,0.8823311848738755,10665,1289,7872,2916,1853,1044,19,1199,1717,2793,0.38059434300035805,0.7381153305203938
ton,unsw,17,repeat,forest,weighted,temporal+tcp,cap,0.05,,10665,1289,530,2916,214,1174,1528,1199,1717,10135,0.2666008880118402,0.049695264885138306
ton,unsw,17,repeat,forest,weighted,temporal+tcp,random,0.05,,10665,1289,530,2916,142,1135,1639,1199,1717,10135,0.2737049827331031,0.049695264885138306
ton,cic,17,repeat,forest,unique,clean,forced,0.0,,12188,306,0,524,0,301,223,301,223,12188,0.04299310797505743,0.0
ton,cic,17,repeat,forest,unique,clean,frozen,0.05,0.8823311848738755,12188,306,980,524,114,292,118,301,223,11208,0.036581013561741614,0.08040695766327535
ton,cic,17,repeat,forest,unique,clean,cap,0.05,,12188,306,598,524,105,292,127,301,223,11590,0.0361518550474547,0.04906465375779455
ton,cic,17,repeat,forest,unique,clean,random,0.05,,12188,306,598,524,29,282,213,301,223,11590,0.04270923209663503,0.04906465375779455
ton,cic,17,repeat,forest,unique,temporal,forced,0.0,,12188,306,0,435,0,302,133,302,133,12188,0.0356908434525763,0.0
ton,cic,17,repeat,forest,unique,temporal,frozen,0.05,0.8823311848738755,12188,306,309,435,73,298,64,302,133,11879,0.03047394561831804,0.025352806038726618
ton,cic,17,repeat,forest,unique,temporal,cap,0.05,,12188,306,598,435,106,286,43,302,133,11590,0.028386540120793786,0.04906465375779455
ton,cic,17,repeat,forest,unique,temporal,random,0.05,,12188,306,598,435,26,283,126,302,133,11590,0.03528904227782571,0.04906465375779455
ton,cic,17,repeat,forest,unique,size,forced,0.0,,12188,306,0,529,0,294,235,294,235,12188,0.043403347554972105,0.0
ton,cic,17,repeat,forest,unique,size,frozen,0.05,0.8823311848738755,12188,306,248,529,164,290,75,294,235,11940,0.030569514237855946,0.02034788316376764
ton,cic,17,repeat,forest,unique,size,cap,0.05,,12188,306,598,529,218,287,24,294,235,11590,0.026833477135461605,0.04906465375779455
ton,cic,17,repeat,forest,unique,size,random,0.05,,12188,306,598,529,28,278,223,294,235,11590,0.043226919758412426,0.04906465375779455
ton,cic,17,repeat,forest,unique,tcp,forced,0.0,,12188,306,0,452,0,304,148,304,148,12188,0.037085658024286185,0.0
ton,cic,17,repeat,forest,unique,tcp,frozen,0.05,0.8823311848738755,12188,306,283,452,85,295,72,304,148,11905,0.030827383452330954,0.023219560223170333
ton,cic,17,repeat,forest,unique,tcp,cap,0.05,,12188,306,598,452,133,284,35,304,148,11590,0.027523727351164796,0.04906465375779455
ton,cic,17,repeat,forest,unique,tcp,random,0.05,,12188,306,598,452,27,285,140,304,148,11590,0.036669542709232096,0.04906465375779455
ton,cic,17,repeat,forest,unique,temporal+tcp,forced,0.0,,12188,306,0,471,0,301,170,301,170,12188,0.03864456842796193,0.0
ton,cic,17,repeat,forest,unique,temporal+tcp,frozen,0.05,0.8823311848738755,12188,306,365,471,110,294,67,301,170,11823,0.030533705489300515,0.02994748933377092
ton,cic,17,repeat,forest,unique,temporal+tcp,cap,0.05,,12188,306,598,471,134,286,51,301,170,11590,0.02907679033649698,0.04906465375779455
ton,cic,17,repeat,forest,unique,temporal+tcp,random,0.05,,12188,306,598,471,28,283,160,301,170,11590,0.03822260569456428,0.04906465375779455
ton,cic,17,repeat,forest,weighted,clean,forced,0.0,,13270,1267,0,1491,0,1262,229,1262,229,13270,0.11235870384325547,0.0
ton,cic,17,repeat,forest,weighted,clean,frozen,0.05,0.8823311848738755,13270,1267,986,1491,116,1252,123,1262,229,12284,0.11193422338000651,0.07430293896006028
ton,cic,17,repeat,forest,weighted,clean,cap,0.05,,13270,1267,652,1491,110,1253,128,1262,229,12618,0.10944682200031701,0.049133383571966845
ton,cic,17,repeat,forest,weighted,clean,random,0.05,,13270,1267,652,1491,85,1189,217,1262,229,12618,0.11142811856078617,0.049133383571966845
ton,cic,17,repeat,forest,weighted,temporal,forced,0.0,,13270,1267,0,1401,0,1263,138,1263,138,13270,0.10557648831951771,0.0
ton,cic,17,repeat,forest,weighted,temporal,frozen,0.05,0.8823311848738755,13270,1267,314,1401,73,1259,69,1263,138,12956,0.10250077184316148,0.023662396382818387
ton,cic,17,repeat,forest,weighted,temporal,cap,0.05,,13270,1267,652,1401,112,1247,42,1263,138,12618,0.10215565065779046,0.049133383571966845
ton,cic,17,repeat,forest,weighted,temporal,random,0.05,,13270,1267,652,1401,81,1190,130,1263,138,12618,0.10461245839277224,0.049133383571966845
ton,cic,17,repeat,forest,weighted,size,forced,0.0,,13270,1267,0,1491,0,1255,236,1255,236,13270,0.11235870384325547,0.0
ton,cic,17,repeat,forest,weighted,size,frozen,0.05,0.8823311848738755,13270,1267,250,1491,166,1250,75,1255,236,13020,0.10176651305683564,0.018839487565938208
ton,cic,17,repeat,forest,weighted,size,cap,0.05,,13270,1267,652,1491,224,1247,20,1255,236,12618,0.10041210968457759,0.049133383571966845
ton,cic,17,repeat,forest,weighted,size,random,0.05,,13270,1267,652,1491,81,1184,226,1255,236,12618,0.11174512601046124,0.049133383571966845
ton,cic,17,repeat,forest,weighted,tcp,forced,0.0,,13270,1267,0,1420,0,1265,155,1265,155,13270,0.10700828937452901,0.0
ton,cic,17,repeat,forest,weighted,tcp,frozen,0.05,0.8823311848738755,13270,1267,299,1420,88,1256,76,1265,155,12971,0.10269061753141624,0.022532027128862094
ton,cic,17,repeat,forest,weighted,tcp,cap,0.05,,13270,1267,652,1420,140,1245,35,1265,155,12618,0.10144238389602156,0.049133383571966845
ton,cic,17,repeat,forest,weighted,tcp,random,0.05,,13270,1267,652,1420,83,1192,145,1265,155,12618,0.10595974005389126,0.049133383571966845
ton,cic,17,repeat,forest,weighted,temporal+tcp,forced,0.0,,13270,1267,0,1443,0,1262,181,1262,181,13270,0.10874152223059533,0.0
ton,cic,17,repeat,forest,weighted,temporal+tcp,frozen,0.05,0.8823311848738755,13270,1267,382,1443,116,1255,72,1262,181,12888,0.10296399751707014,0.02878673700075358
ton,cic,17,repeat,forest,weighted,temporal+tcp,cap,0.05,,13270,1267,652,1443,145,1248,50,1262,181,12618,0.10286891741955936,0.049133383571966845
ton,cic,17,repeat,forest,weighted,temporal+tcp,random,0.05,,13270,1267,652,1443,84,1190,169,1262,181,12618,0.10770328102710414,0.049133383571966845
ton,unsw,17,mask,logistic,unique,clean,forced,0.0,,10417,1285,0,8899,0,202,8697,202,8697,10417,0.8542766631467793,0.0
ton,unsw,17,mask,logistic,unique,clean,frozen,0.05,0.5913565142224844,10417,1285,224,8899,115,116,8668,202,8697,10193,0.8617678799175905,0.02150331189401939
ton,unsw,17,mask,logistic,unique,clean,cap,0.05,,10417,1285,518,8899,312,104,8483,202,8697,9899,0.8674613597333064,0.04972640875491984
ton,unsw,17,mask,logistic,unique,clean,random,0.05,,10417,1285,518,8899,442,187,8270,202,8697,9899,0.8543287200727346,0.04972640875491984
ton,unsw,17,mask,logistic,unique,temporal,forced,0.0,,10417,1285,0,8938,0,241,8697,241,8697,10417,0.858020543342613,0.0
ton,unsw,17,mask,logistic,unique,temporal,frozen,0.05,0.5913565142224844,10417,1285,674,8938,508,145,8285,241,8697,9743,0.865236580108796,0.06470192953825478
ton,unsw,17,mask,logistic,unique,temporal,cap,0.05,,10417,1285,518,8938,401,162,8375,241,8697,9899,0.8624103444792404,0.04972640875491984
ton,unsw,17,mask,logistic,unique,temporal,random,0.05,,10417,1285,518,8938,443,225,8270,241,8697,9899,0.8581674916658248,0.04972640875491984
ton,unsw,17,mask,logistic,unique,size,forced,0.0,,10417,1285,0,7168,0,135,7033,135,7033,10417,0.6881059806086205,0.0
ton,unsw,17,mask,logistic,unique,size,frozen,0.05,0.5913565142224844,10417,1285,621,7168,341,128,6699,135,7033,9796,0.6969171090240914,0.05961409234904483
ton,unsw,17,mask,logistic,unique,size,cap,0.05,,10417,1285,518,7168,278,128,6762,135,7033,9899,0.6960299020103041,0.04972640875491984
ton,unsw,17,mask,logistic,unique,size,random,0.05,,10417,1285,518,7168,347,127,6694,135,7033,9899,0.6890595009596929,0.04972640875491984
ton,unsw,17,mask,logistic,unique,tcp,forced,0.0,,10417,1285,0,8899,0,202,8697,202,8697,10417,0.8542766631467793,0.0
ton,unsw,17,mask,logistic,unique,tcp,frozen,0.05,0.5913565142224844,10417,1285,180,8899,69,160,8670,202,8697,10237,0.8625573898603106,0.017279447057694155
ton,unsw,17,mask,logistic,unique,tcp,cap,0.05,,10417,1285,518,8899,281,99,8519,202,8697,9899,0.8705929891908274,0.04972640875491984
ton,unsw,17,mask,logistic,unique,tcp,random,0.05,,10417,1285,518,8899,442,187,8270,202,8697,9899,0.8543287200727346,0.04972640875491984
ton,unsw,17,mask,logistic,unique,temporal+tcp,forced,0.0,,10417,1285,0,8812,0,266,8546,266,8546,10417,0.8459249304022272,0.0
ton,unsw,17,mask,logistic,unique,temporal+tcp,frozen,0.05,0.5913565142224844,10417,1285,603,8812,310,154,8348,266,8546,9814,0.8663134297941716,0.05788614764327542
ton,unsw,17,mask,logistic,unique,temporal+tcp,cap,0.05,,10417,1285,518,8812,235,162,8415,266,8546,9899,0.8664511566824932,0.04972640875491984
ton,unsw,17,mask,logistic,unique,temporal+tcp,random,0.05,,10417,1285,518,8812,434,249,8129,266,8546,9899,0.8463481159713102,0.04972640875491984
ton,unsw,17,mask,logistic,weighted,clean,forced,0.0,,10665,1289,0,9141,0,204,8937,204,8937,10665,0.8571026722925457,0.0
ton,unsw,17,mask,logistic,weighted,clean,frozen,0.05,0.5913565142224844,10665,1289,230,9141,120,117,8904,204,8937,10435,0.8644944896981313,0.02156586966713549
ton,unsw,17,mask,logistic,weighted,clean,cap,0.05,,10665,1289,530,9141,322,105,8714,204,8937,10135,0.8701529353724716,0.049695264885138306
ton,unsw,17,mask,logistic,weighted,clean,random,0.05,,10665,1289,530,9141,449,192,8500,204,8937,10135,0.8576221016280217,0.049695264885138306
ton,unsw,17,mask,logistic,weighted,temporal,forced,0.0,,10665,1289,0,9179,0,242,8937,242,8937,10665,0.8606657290201594,0.0
ton,unsw,17,mask,logistic,weighted,temporal,frozen,0.05,0.5913565142224844,10665,1289,691,9179,523,146,8510,242,8937,9974,0.8678564267094445,0.06479137365213315
ton,unsw,17,mask,logistic,weighted,temporal,cap,0.05,,10665,1289,530,9179,412,163,8604,242,8937,10135,0.865022200296004,0.049695264885138306
ton,unsw,17,mask,logistic,weighted,temporal,random,0.05,,10665,1289,530,9179,449,230,8500,242,8937,10135,0.8613714849531328,0.049695264885138306
ton,unsw,17,mask,logistic,weighted,size,forced,0.0,,10665,1289,0,7389,0,135,7254,135,7254,10665,0.6928270042194092,0.0
ton,unsw,17,mask,logistic,weighted,size,frozen,0.05,0.5913565142224844,10665,1289,672,7389,386,128,6875,135,7254,9993,0.7007905533873712,0.0630098452883263
ton,unsw,17,mask,logistic,weighted,size,cap,0.05,,10665,1289,530,7389,300,128,6961,135,7254,10135,0.6994573260976813,0.049695264885138306
ton,unsw,17,mask,logistic,weighted,size,random,0.05,,10665,1289,530,7389,378,121,6890,135,7254,10135,0.6917612234829797,0.049695264885138306
ton,unsw,17,mask,logistic,weighted,tcp,forced,0.0,,10665,1289,0,9140,0,203,8937,203,8937,10665,0.857008907641819,0.0
ton,unsw,17,mask,logistic,weighted,tcp,frozen,0.05,0.5913565142224844,10665,1289,187,9140,74,161,8905,203,8937,10478,0.8652414582935675,0.01753398968588842
ton,unsw,17,mask,logistic,weighted,tcp,cap,0.05,,10665,1289,530,9140,291,99,8750,203,8937,10135,0.8731129748396645,0.049695264885138306
ton,unsw,17,mask,logistic,weighted,tcp,random,0.05,,10665,1289,530,9140,449,191,8500,203,8937,10135,0.857523433645782,0.049695264885138306
ton,unsw,17,mask,logistic,weighted,temporal+tcp,forced,0.0,,10665,1289,0,9043,0,267,8776,267,8776,10665,0.8479137365213315,0.0
ton,unsw,17,mask,logistic,weighted,temporal+tcp,frozen,0.05,0.5913565142224844,10665,1289,623,9043,318,154,8571,267,8776,10042,0.8688508265285799,0.058415377402719175
ton,unsw,17,mask,logistic,weighted,temporal+tcp,cap,0.05,,10665,1289,530,9043,236,163,8644,267,8776,10135,0.8689689195855945,0.049695264885138306
ton,unsw,17,mask,logistic,weighted,temporal+tcp,random,0.05,,10665,1289,530,9043,445,253,8345,267,8776,10135,0.848347311297484,0.049695264885138306
ton,cic,17,mask,logistic,unique,clean,forced,0.0,,12188,306,0,7473,0,143,7330,143,7330,12188,0.6131440761404661,0.0
ton,cic,17,mask,logistic,unique,clean,frozen,0.05,0.5913565142224844,12188,306,5728,7473,2955,31,4487,143,7330,6460,0.6993808049535604,0.4699704627502461
ton,cic,17,mask,logistic,unique,clean,cap,0.05,,12188,306,598,7473,255,139,7079,143,7330,11590,0.6227782571182053,0.04906465375779455
ton,cic,17,mask,logistic,unique,clean,random,0.05,,12188,306,598,7473,375,135,6963,143,7330,11590,0.6124245038826575,0.04906465375779455
ton,cic,17,mask,logistic,unique,temporal,forced,0.0,,12188,306,0,5511,0,180,5331,180,5331,12188,0.45216606498194944,0.0
ton,cic,17,mask,logistic,unique,temporal,frozen,0.05,0.5913565142224844,12188,306,5569,5511,2415,131,2965,180,5331,6619,0.4677443722616709,0.4569248441089596
ton,cic,17,mask,logistic,unique,temporal,cap,0.05,,12188,306,598,5511,290,175,5046,180,5331,11590,0.4504745470232959,0.04906465375779455
ton,cic,17,mask,logistic,unique,temporal,random,0.05,,12188,306,598,5511,273,169,5069,180,5331,11590,0.4519413287316652,0.04906465375779455
ton,cic,17,mask,logistic,unique,size,forced,0.0,,12188,306,0,8184,0,138,8046,138,8046,12188,0.6714801444043321,0.0
ton,cic,17,mask,logistic,unique,size,frozen,0.05,0.5913565142224844,12188,306,7048,8184,4338,42,3804,138,8046,5140,0.7482490272373541,0.578273711847719
ton,cic,17,mask,logistic,unique,size,cap,0.05,,12188,306,598,8184,329,119,7736,138,8046,11590,0.677739430543572,0.04906465375779455
ton,cic,17,mask,logistic,unique,size,random,0.05,,12188,306,598,8184,401,133,7650,138,8046,11590,0.6715271786022433,0.04906465375779455
ton,cic,17,mask,logistic,unique,tcp,forced,0.0,,12188,306,0,9360,0,41,9319,41,9319,12188,0.7679684936002625,0.0
ton,cic,17,mask,logistic,unique,tcp,frozen,0.05,0.5913565142224844,12188,306,4601,9360,3054,17,6289,41,9319,7587,0.8311585606959272,0.3775024614374795
ton,cic,17,mask,logistic,unique,tcp,cap,0.05,,12188,306,598,9360,317,34,9009,41,9319,11590,0.7802415875754961,0.04906465375779455
ton,cic,17,mask,logistic,unique,tcp,random,0.05,,12188,306,598,9360,448,38,8874,41,9319,11590,0.7689387402933563,0.04906465375779455
ton,cic,17,mask,logistic,unique,temporal+tcp,forced,0.0,,12188,306,0,6836,0,74,6762,74,6762,12188,0.5608795536593371,0.0
ton,cic,17,mask,logistic,unique,temporal+tcp,frozen,0.05,0.5913565142224844,12188,306,7413,6836,3111,12,3713,74,6762,4775,0.7801047120418848,0.60822120118149
ton,cic,17,mask,logistic,unique,temporal+tcp,cap,0.05,,12188,306,598,6836,244,73,6519,74,6762,11590,0.5687661777394305,0.04906465375779455
ton,cic,17,mask,logistic,unique,temporal+tcp,random,0.05,,12188,306,598,6836,347,68,6421,74,6762,11590,0.559879206212252,0.04906465375779455
ton,cic,17,mask,logistic,weighted,clean,forced,0.0,,13270,1267,0,8457,0,1103,7354,1103,7354,13270,0.6373021853805576,0.0
ton,cic,17,mask,logistic,weighted,clean,frozen,0.05,0.5913565142224844,13270,1267,6744,8457,3924,32,4501,1103,7354,6526,0.6946061906221269,0.5082140165787491
ton,cic,17,mask,logistic,weighted,clean,cap,0.05,,13270,1267,652,8457,274,1098,7085,1103,7354,12618,0.648517990172769,0.049133383571966845
ton,cic,17,mask,logistic,weighted,clean,random,0.05,,13270,1267,652,8457,427,1037,6993,1103,7354,12618,0.6363924552226977,0.049133383571966845
ton,cic,17,mask,logistic,weighted,temporal,forced,0.0,,13270,1267,0,6517,0,1138,5379,1138,5379,13270,0.49110776186887717,0.0
ton,cic,17,mask,logistic,weighted,temporal,frozen,0.05,0.5913565142224844,13270,1267,5643,6517,2450,1087,2980,1138,5379,7627,0.5332371836895241,0.4252449133383572
ton,cic,17,mask,logistic,weighted,temporal,cap,0.05,,13270,1267,652,6517,318,1131,5068,1138,5379,12618,0.4912822951339356,0.049133383571966845
ton,cic,17,mask,logistic,weighted,temporal,random,0.05,,13270,1267,652,6517,315,1072,5130,1138,5379,12618,0.4915200507211919,0.049133383571966845
ton,cic,17,mask,logistic,weighted,size,forced,0.0,,13270,1267,0,8803,0,738,8065,738,8065,13270,0.6633760361718162,0.0
ton,cic,17,mask,logistic,weighted,size,frozen,0.05,0.5913565142224844,13270,1267,8082,8803,4939,47,3817,738,8065,5188,0.7447956823438705,0.6090429540316503
ton,cic,17,mask,logistic,weighted,size,cap,0.05,,13270,1267,652,8803,423,567,7813,738,8065,12618,0.6641306070692661,0.049133383571966845
ton,cic,17,mask,logistic,weighted,size,random,0.05,,13270,1267,652,8803,426,693,7684,738,8065,12618,0.6638928514820098,0.049133383571966845
ton,cic,17,mask,logistic,weighted,tcp,forced,0.0,,13270,1267,0,9422,0,45,9377,45,9377,13270,0.7100226073850792,0.0
ton,cic,17,mask,logistic,weighted,tcp,frozen,0.05,0.5913565142224844,13270,1267,5268,9422,3093,18,6311,45,9377,8002,0.7909272681829542,0.3969856819894499
ton,cic,17,mask,logistic,weighted,tcp,cap,0.05,,13270,1267,652,9422,347,38,9037,45,9377,12618,0.719210651450309,0.049133383571966845
ton,cic,17,mask,logistic,weighted,tcp,random,0.05,,13270,1267,652,9422,471,37,8914,45,9377,12618,0.709383420510382,0.049133383571966845
ton,cic,17,mask,logistic,weighted,temporal+tcp,forced,0.0,,13270,1267,0,6905,0,75,6830,75,6830,13270,0.5203466465712132,0.0
ton,cic,17,mask,logistic,weighted,temporal+tcp,frozen,0.05,0.5913565142224844,13270,1267,8450,6905,3159,13,3733,75,6830,4820,0.7771784232365145,0.6367746797287114
ton,cic,17,mask,logistic,weighted,temporal+tcp,cap,0.05,,13270,1267,652,6905,216,74,6615,75,6830,12618,0.5301157077191314,0.049133383571966845
ton,cic,17,mask,logistic,weighted,temporal+tcp,random,0.05,,13270,1267,652,6905,331,70,6504,75,6830,12618,0.5210017435409732,0.049133383571966845
ton,unsw,17,mask,forest,unique,clean,forced,0.0,,10417,1285,0,7190,0,1060,6130,1060,6130,10417,0.6902179130267831,0.0
ton,unsw,17,mask,forest,unique,clean,frozen,0.05,0.8961790004773527,10417,1285,3807,7190,2058,1025,4107,1060,6130,6610,0.7763993948562784,0.3654603052702314
ton,unsw,17,mask,forest,unique,clean,cap,0.05,,10417,1285,518,7190,250,1053,5887,1060,6130,9899,0.7010809172643702,0.04972640875491984
ton,unsw,17,mask,forest,unique,clean,random,0.05,,10417,1285,518,7190,346,1004,5840,1060,6130,9899,0.6913829679765633,0.04972640875491984
ton,unsw,17,mask,forest,unique,temporal,forced,0.0,,10417,1285,0,7182,0,1067,6115,1067,6115,10417,0.6894499376019967,0.0
ton,unsw,17,mask,forest,unique,temporal,frozen,0.05,0.8961790004773527,10417,1285,4739,7182,2531,1021,3630,1067,6115,5678,0.8191264529764002,0.45492944225784776
ton,unsw,17,mask,forest,unique,temporal,cap,0.05,,10417,1285,518,7182,309,1064,5809,1067,6115,9899,0.6943125568239216,0.04972640875491984
ton,unsw,17,mask,forest,unique,temporal,random,0.05,,10417,1285,518,7182,356,1011,5815,1067,6115,9899,0.6895646024850995,0.04972640875491984
ton,unsw,17,mask,forest,unique,size,forced,0.0,,10417,1285,0,7588,0,973,6615,973,6615,10417,0.7284246904099069,0.0
ton,unsw,17,mask,forest,unique,size,frozen,0.05,0.8961790004773527,10417,1285,3682,7588,2519,937,4132,973,6615,6735,0.7526354862657758,0.35346068925794377
ton,unsw,17,mask,forest,unique,size,cap,0.05,,10417,1285,518,7588,332,968,6288,973,6615,9899,0.7330033336700676,0.04972640875491984
ton,unsw,17,mask,forest,unique,size,random,0.05,,10417,1285,518,7588,366,922,6300,973,6615,9899,0.7295686432973028,0.04972640875491984
ton,unsw,17,mask,forest,unique,tcp,forced,0.0,,10417,1285,0,4000,0,1008,2992,1008,2992,10417,0.3839877123932034,0.0
ton,unsw,17,mask,forest,unique,tcp,frozen,0.05,0.8961790004773527,10417,1285,6266,4000,2275,966,759,1008,2992,4151,0.41556251505661285,0.6015167514639531
ton,unsw,17,mask,forest,unique,tcp,cap,0.05,,10417,1285,518,4000,209,1007,2784,1008,2992,9899,0.38296797656328924,0.04972640875491984
ton,unsw,17,mask,forest,unique,tcp,random,0.05,,10417,1285,518,4000,200,957,2843,1008,2992,9899,0.3838771593090211,0.04972640875491984
ton,unsw,17,mask,forest,unique,temporal+tcp,forced,0.0,,10417,1285,0,3810,0,1052,2758,1052,2758,10417,0.36574829605452625,0.0
ton,unsw,17,mask,forest,unique,temporal+tcp,frozen,0.05,0.8961790004773527,10417,1285,6656,3810,2222,964,624,1052,2758,3761,0.42222813081627225,0.6389555534222905
ton,unsw,17,mask,forest,unique,temporal+tcp,cap,0.05,,10417,1285,518,3810,270,1041,2499,1052,2758,9899,0.3576118799878776,0.04972640875491984
ton,unsw,17,mask,forest,unique,temporal+tcp,random,0.05,,10417,1285,518,3810,183,1000,2627,1052,2758,9899,0.3664006465299525,0.04972640875491984
ton,unsw,17,mask,forest,weighted,clean,forced,0.0,,10665,1289,0,7405,0,1064,6341,1064,6341,10665,0.6943272386310361,0.0
ton,unsw,17,mask,forest,weighted,clean,frozen,0.05,0.8961790004773527,10665,1289,3862,7405,2101,1029,4275,1064,6341,6803,0.7796560341026018,0.3621190811064229
ton,unsw,17,mask,forest,weighted,clean,cap,0.05,,10665,1289,530,7405,259,1057,6089,1064,6341,10135,0.7050814010853478,0.049695264885138306
ton,unsw,17,mask,forest,weighted,clean,random,0.05,,10665,1289,530,7405,372,1007,6026,1064,6341,10135,0.6939319190922546,0.049695264885138306
ton,unsw,17,mask,forest,weighted,temporal,forced,0.0,,10665,1289,0,7359,0,1071,6288,1071,6288,10665,0.690014064697609,0.0
ton,unsw,17,mask,forest,weighted,temporal,frozen,0.05,0.8961790004773527,10665,1289,4892,7359,2632,1025,3702,1071,6288,5773,0.8188117096830071,0.4586966713548992
ton,unsw,17,mask,forest,weighted,temporal,cap,0.05,,10665,1289,530,7359,309,1068,5982,1071,6288,10135,0.6956092747903305,0.049695264885138306
ton,unsw,17,mask,forest,weighted,temporal,random,0.05,,10665,1289,530,7359,362,1012,5985,1071,6288,10135,0.6903798717316231,0.049695264885138306
ton,unsw,17,mask,forest,weighted,size,forced,0.0,,10665,1289,0,7797,0,977,6820,977,6820,10665,0.7310829817158931,0.0
ton,unsw,17,mask,forest,weighted,size,frozen,0.05,0.8961790004773527,10665,1289,3834,7797,2658,941,4198,977,6820,6831,0.7523056653491436,0.3594936708860759
ton,unsw,17,mask,forest,weighted,size,cap,0.05,,10665,1289,530,7797,342,972,6483,977,6820,10135,0.7355698075974346,0.049695264885138306
ton,unsw,17,mask,forest,weighted,size,random,0.05,,10665,1289,530,7797,396,922,6479,977,6820,10135,0.7302417365564874,0.049695264885138306
ton,unsw,17,mask,forest,weighted,tcp,forced,0.0,,10665,1289,0,4050,0,1012,3038,1012,3038,10665,0.379746835443038,0.0
ton,unsw,17,mask,forest,weighted,tcp,frozen,0.05,0.8961790004773527,10665,1289,6447,4050,2310,970,770,1012,3038,4218,0.41251778093883357,0.6045007032348805
ton,unsw,17,mask,forest,weighted,tcp,cap,0.05,,10665,1289,530,4050,210,1011,2829,1012,3038,10135,0.37888505180069065,0.049695264885138306
ton,unsw,17,mask,forest,weighted,tcp,random,0.05,,10665,1289,530,4050,218,961,2871,1012,3038,10135,0.3780957079427726,0.049695264885138306
ton,unsw,17,mask,forest,weighted,temporal+tcp,forced,0.0,,10665,1289,0,3852,0,1056,2796,1056,2796,10665,0.36118143459915614,0.0
ton,unsw,17,mask,forest,weighted,temporal+tcp,frozen,0.05,0.8961790004773527,10665,1289,6839,3852,2250,968,634,1056,2796,3826,0.41871406168322006,0.6412564463197374
ton,unsw,17,mask,forest,weighted,temporal+tcp,cap,0.05,,10665,1289,530,3852,276,1045,2531,1056,2796,10135,0.3528367044893932,0.049695264885138306
ton,unsw,17,mask,forest,weighted,temporal+tcp,random,0.05,,10665,1289,530,3852,208,996,2648,1056,2796,10135,0.3595461272816971,0.049695264885138306
ton,cic,17,mask,forest,unique,clean,forced,0.0,,12188,306,0,520,0,299,221,299,221,12188,0.0426649163111257,0.0
ton,cic,17,mask,forest,unique,clean,frozen,0.05,0.8961790004773527,12188,306,220,520,97,296,127,299,221,11968,0.0353442513368984,0.018050541516245487
ton,cic,17,mask,forest,unique,clean,cap,0.05,,12188,306,598,520,124,289,107,299,221,11590,0.034167385677308024,0.04906465375779455
ton,cic,17,mask,forest,unique,clean,random,0.05,,12188,306,598,520,30,281,209,299,221,11590,0.04227782571182054,0.04906465375779455
ton,cic,17,mask,forest,unique,temporal,forced,0.0,,12188,306,0,515,0,299,216,299,216,12188,0.04225467673121103,0.0
ton,cic,17,mask,forest,unique,temporal,frozen,0.05,0.8961790004773527,12188,306,472,515,92,296,127,299,216,11716,0.03610447251621714,0.038726616343944864
ton,cic,17,mask,forest,unique,temporal,cap,0.05,,12188,306,598,515,102,292,121,299,216,11590,0.03563416738567731,0.04906465375779455
ton,cic,17,mask,forest,unique,temporal,random,0.05,,12188,306,598,515,30,281,204,299,216,11590,0.04184641932700604,0.04906465375779455
ton,cic,17,mask,forest,unique,size,forced,0.0,,12188,306,0,5820,0,203,5617,203,5617,12188,0.4775188710206761,0.0
ton,cic,17,mask,forest,unique,size,frozen,0.05,0.8961790004773527,12188,306,5017,5820,3499,195,2126,203,5617,7171,0.3236647608422814,0.41163439448638006
ton,cic,17,mask,forest,unique,size,cap,0.05,,12188,306,598,5820,301,202,5317,203,5617,11590,0.47618636755823984,0.04906465375779455
ton,cic,17,mask,forest,unique,size,random,0.05,,12188,306,598,5820,266,195,5359,203,5617,11590,0.4792062122519413,0.04906465375779455
ton,cic,17,mask,forest,unique,tcp,forced,0.0,,12188,306,0,485,0,301,184,301,184,12188,0.039793239251723005,0.0
ton,cic,17,mask,forest,unique,tcp,frozen,0.05,0.8961790004773527,12188,306,190,485,73,298,114,301,184,11998,0.034339056509418237,0.015589104036757466
ton,cic,17,mask,forest,unique,tcp,cap,0.05,,12188,306,598,485,130,289,66,301,184,11590,0.030629853321829163,0.04906465375779455
ton,cic,17,mask,forest,unique,tcp,random,0.05,,12188,306,598,485,28,283,174,301,184,11590,0.03943054357204487,0.04906465375779455
ton,cic,17,mask,forest,unique,temporal+tcp,forced,0.0,,12188,306,0,461,0,302,159,302,159,12188,0.03782408926813259,0.0
ton,cic,17,mask,forest,unique,temporal+tcp,frozen,0.05,0.8961790004773527,12188,306,170,461,53,299,109,302,159,12018,0.03394907638542187,0.013948145717098785
ton,cic,17,mask,forest,unique,temporal+tcp,cap,0.05,,12188,306,598,461,94,290,77,302,159,11590,0.03166522864538395,0.04906465375779455
ton,cic,17,mask,forest,unique,temporal+tcp,random,0.05,,12188,306,598,461,28,284,149,302,159,11590,0.03735979292493529,0.04906465375779455
ton,cic,17,mask,forest,weighted,clean,forced,0.0,,13270,1267,0,1489,0,1260,229,1260,229,13270,0.11220798794272796,0.0
ton,cic,17,mask,forest,weighted,clean,frozen,0.05,0.8961790004773527,13270,1267,225,1489,99,1257,133,1260,229,13045,0.10655423533921042,0.016955538809344386
ton,cic,17,mask,forest,weighted,clean,cap,0.05,,13270,1267,652,1489,129,1250,110,1260,229,12618,0.1077825328895229,0.049133383571966845
ton,cic,17,mask,forest,weighted,clean,random,0.05,,13270,1267,652,1489,87,1187,215,1260,229,12618,0.1111111111111111,0.049133383571966845
ton,cic,17,mask,forest,weighted,temporal,forced,0.0,,13270,1267,0,1484,0,1260,224,1260,224,13270,0.11183119819140919,0.0
ton,cic,17,mask,forest,weighted,temporal,frozen,0.05,0.8961790004773527,13270,1267,476,1484,93,1257,134,1260,224,12794,0.1087228388307019,0.035870384325546345
ton,cic,17,mask,forest,weighted,temporal,cap,0.05,,13270,1267,652,1484,108,1253,123,1260,224,12618,0.10905056268822318,0.049133383571966845
ton,cic,17,mask,forest,weighted,temporal,random,0.05,,13270,1267,652,1484,89,1187,208,1260,224,12618,0.11055634807417974,0.049133383571966845
ton,cic,17,mask,forest,weighted,size,forced,0.0,,13270,1267,0,6830,0,1163,5667,1163,5667,13270,0.5146948003014318,0.0
ton,cic,17,mask,forest,weighted,size,frozen,0.05,0.8961790004773527,13270,1267,5048,6830,3521,1155,2154,1163,5667,8222,0.4024568231573826,0.38040693293142425
ton,cic,17,mask,forest,weighted,size,cap,0.05,,13270,1267,652,6830,336,1162,5332,1163,5667,12618,0.5146615945474718,0.049133383571966845
ton,cic,17,mask,forest,weighted,size,random,0.05,,13270,1267,652,6830,361,1094,5375,1163,5667,12618,0.5126802979870027,0.049133383571966845
ton,cic,17,mask,forest,weighted,tcp,forced,0.0,,13270,1267,0,1461,0,1262,199,1262,199,13270,0.11009796533534288,0.0
ton,cic,17,mask,forest,weighted,tcp,frozen,0.05,0.8961790004773527,13270,1267,199,1461,80,1259,122,1262,199,13071,0.10565373728100375,0.014996232102486812
ton,cic,17,mask,forest,weighted,tcp,cap,0.05,,13270,1267,652,1461,147,1250,64,1262,199,12618,0.10413694721825963,0.049133383571966845
ton,cic,17,mask,forest,weighted,tcp,random,0.05,,13270,1267,652,1461,85,1189,187,1262,199,12618,0.10905056268822318,0.049133383571966845
ton,cic,17,mask,forest,weighted,temporal+tcp,forced,0.0,,13270,1267,0,1432,0,1263,169,1263,169,13270,0.10791258477769404,0.0
ton,cic,17,mask,forest,weighted,temporal+tcp,frozen,0.05,0.8961790004773527,13270,1267,179,1432,55,1260,117,1263,169,13091,0.10518676953632267,0.013489073097211755
ton,cic,17,mask,forest,weighted,temporal+tcp,cap,0.05,,13270,1267,652,1432,97,1251,84,1263,169,12618,0.10580123632905374,0.049133383571966845
ton,cic,17,mask,forest,weighted,temporal+tcp,random,0.05,,13270,1267,652,1432,84,1190,158,1263,169,12618,0.1068315105404977,0.049133383571966845
ton,unsw,29,clean,logistic,unique,clean,forced,0.0,,10417,1285,0,9054,0,272,8782,272,8782,10417,0.8691561870020159,0.0
ton,unsw,29,clean,logistic,unique,clean,frozen,0.05,0.6754597306313073,10417,1285,157,9054,103,237,8714,272,8782,10260,0.8724171539961013,0.015071517711433235
ton,unsw,29,clean,logistic,unique,clean,cap,0.05,,10417,1285,518,9054,369,209,8476,272,8782,9899,0.8773613496312759,0.04972640875491984
ton,unsw,29,clean,logistic,unique,clean,random,0.05,,10417,1285,518,9054,439,262,8353,272,8782,9899,0.8702899282755834,0.04972640875491984
ton,unsw,29,clean,logistic,unique,temporal,forced,0.0,,10417,1285,0,9083,0,725,8358,725,8358,10417,0.8719400979168667,0.0
ton,unsw,29,clean,logistic,unique,temporal,frozen,0.05,0.6754597306313073,10417,1285,882,9083,467,443,8173,725,8358,9535,0.9036182485579444,0.08466929058270135
ton,unsw,29,clean,logistic,unique,temporal,cap,0.05,,10417,1285,518,9083,265,567,8251,725,8358,9899,0.8907970502070917,0.04972640875491984
ton,unsw,29,clean,logistic,unique,temporal,random,0.05,,10417,1285,518,9083,434,691,7958,725,8358,9899,0.8737246186483483,0.04972640875491984
ton,unsw,29,clean,logistic,unique,size,forced,0.0,,10417,1285,0,4428,0,257,4171,257,4171,10417,0.4250743976192762,0.0
ton,unsw,29,clean,logistic,unique,size,frozen,0.05,0.6754597306313073,10417,1285,1477,4428,529,254,3645,257,4171,8940,0.4361297539149888,0.14178746280119037
ton,unsw,29,clean,logistic,unique,size,cap,0.05,,10417,1285,518,4428,218,256,3954,257,4171,9899,0.42529548439236287,0.04972640875491984
ton,unsw,29,clean,logistic,unique,size,random,0.05,,10417,1285,518,4428,202,246,3980,257,4171,9899,0.426911809273664,0.04972640875491984
ton,unsw,29,clean,logistic,unique,tcp,forced,0.0,,10417,1285,0,9047,0,275,8772,275,8772,10417,0.8684842085053278,0.0
ton,unsw,29,clean,logistic,unique,tcp,frozen,0.05,0.6754597306313073,10417,1285,151,9047,88,247,8712,275,8772,10266,0.8726865380868888,0.01449553614284343
ton,unsw,29,clean,logistic,unique,tcp,cap,0.05,,10417,1285,518,9047,332,216,8499,275,8772,9899,0.8803919587837156,0.04972640875491984
ton,unsw,29,clean,logistic,unique,tcp,random,0.05,,10417,1285,518,9047,438,265,8344,275,8772,9899,0.8696838064450955,0.04972640875491984
ton,unsw,29,clean,logistic,unique,temporal+tcp,forced,0.0,,10417,1285,0,9161,0,806,8355,806,8355,10417,0.8794278583085341,0.0
ton,unsw,29,clean,logistic,unique,temporal+tcp,frozen,0.05,0.6754597306313073,10417,1285,820,9161,467,524,8170,806,8355,9597,0.9059080962800875,0.0787174810406067
ton,unsw,29,clean,logistic,unique,temporal+tcp,cap,0.05,,10417,1285,518,9161,301,629,8231,806,8355,9899,0.8950399030205072,0.04972640875491984
ton,unsw,29,clean,logistic,unique,temporal+tcp,random,0.05,,10417,1285,518,9161,436,770,7955,806,8355,9899,0.8814021618345287,0.04972640875491984
ton,unsw,29,clean,logistic,weighted,clean,forced,0.0,,10665,1289,0,9298,0,276,9022,276,9022,10665,0.8718237224566339,0.0
ton,unsw,29,clean,logistic,weighted,clean,frozen,0.05,0.6754597306313073,10665,1289,160,9298,105,240,8953,276,9022,10505,0.8751070918610185,0.015002344116268168
ton,unsw,29,clean,logistic,weighted,clean,cap,0.05,,10665,1289,530,9298,378,211,8709,276,9022,10135,0.8801184015786877,0.049695264885138306
ton,unsw,29,clean,logistic,weighted,clean,random,0.05,,10665,1289,530,9298,461,259,8578,276,9022,10135,0.8719289590527873,0.049695264885138306
ton,unsw,29,clean,logistic,weighted,temporal,forced,0.0,,10665,1289,0,9323,0,726,8597,726,8597,10665,0.8741678387248007,0.0
ton,unsw,29,clean,logistic,weighted,temporal,frozen,0.05,0.6754597306313073,10665,1289,889,9323,470,443,8410,726,8597,9776,0.9055851063829787,0.083356774496015
ton,unsw,29,clean,logistic,weighted,temporal,cap,0.05,,10665,1289,530,9323,272,561,8490,726,8597,10135,0.8930439072520967,0.049695264885138306
ton,unsw,29,clean,logistic,weighted,temporal,random,0.05,,10665,1289,530,9323,462,685,8176,726,8597,10135,0.8742969906265416,0.049695264885138306
ton,unsw,29,clean,logistic,weighted,size,forced,0.0,,10665,1289,0,4464,0,261,4203,261,4203,10665,0.41856540084388183,0.0
ton,unsw,29,clean,logistic,weighted,size,frozen,0.05,0.6754597306313073,10665,1289,1504,4464,543,258,3663,261,4203,9161,0.42801004257177167,0.14102203469292077
ton,unsw,29,clean,logistic,weighted,size,cap,0.05,,10665,1289,530,4464,230,260,3974,261,4203,10135,0.4177602368031574,0.049695264885138306
ton,unsw,29,clean,logistic,weighted,size,random,0.05,,10665,1289,530,4464,246,243,3975,261,4203,10135,0.4161815490873212,0.049695264885138306
ton,unsw,29,clean,logistic,weighted,tcp,forced,0.0,,10665,1289,0,9291,0,279,9012,279,9012,10665,0.8711673699015471,0.0
ton,unsw,29,clean,logistic,weighted,tcp,frozen,0.05,0.6754597306313073,10665,1289,154,9291,90,250,8951,279,9012,10511,0.8753686614023404,0.01443975621190811
ton,unsw,29,clean,logistic,weighted,tcp,cap,0.05,,10665,1289,530,9291,344,218,8729,279,9012,10135,0.8827824370991614,0.049695264885138306
ton,unsw,29,clean,logistic,weighted,tcp,random,0.05,,10665,1289,530,9291,460,262,8569,279,9012,10135,0.8713369511593488,0.049695264885138306
ton,unsw,29,clean,logistic,weighted,temporal+tcp,forced,0.0,,10665,1289,0,9401,0,807,8594,807,8594,10665,0.8814814814814815,0.0
ton,unsw,29,clean,logistic,weighted,temporal+tcp,frozen,0.05,0.6754597306313073,10665,1289,827,9401,470,524,8407,807,8594,9838,0.9078064647286034,0.0775433661509611
ton,unsw,29,clean,logistic,weighted,temporal+tcp,cap,0.05,,10665,1289,530,9401,308,625,8468,807,8594,10135,0.8971879625061667,0.049695264885138306
ton,unsw,29,clean,logistic,weighted,temporal+tcp,random,0.05,,10665,1289,530,9401,464,764,8173,807,8594,10135,0.8817957572767637,0.049695264885138306
ton,cic,29,clean,logistic,unique,clean,forced,0.0,,12188,306,0,9173,0,124,9049,124,9049,12188,0.7526255333114539,0.0
ton,cic,29,clean,logistic,unique,clean,frozen,0.05,0.6754597306313073,12188,306,3129,9173,1670,39,7464,124,9049,9059,0.8282371122640468,0.2567279291106006
ton,cic,29,clean,logistic,unique,clean,cap,0.05,,12188,306,598,9173,302,93,8778,124,9049,11590,0.7654012079378775,0.04906465375779455
ton,cic,29,clean,logistic,unique,clean,random,0.05,,12188,306,598,9173,444,115,8614,124,9049,11590,0.7531492666091458,0.04906465375779455
ton,cic,29,clean,logistic,unique,temporal,forced,0.0,,12188,306,0,3220,0,158,3062,158,3062,12188,0.2641942894650476,0.0
ton,cic,29,clean,logistic,unique,temporal,frozen,0.05,0.6754597306313073,12188,306,1274,3220,606,125,2489,158,3062,10914,0.23950888766721642,0.10452904496225796
ton,cic,29,clean,logistic,unique,temporal,cap,0.05,,12188,306,598,3220,329,136,2755,158,3062,11590,0.24943917169974117,0.04906465375779455
ton,cic,29,clean,logistic,unique,temporal,random,0.05,,12188,306,598,3220,152,148,2920,158,3062,11590,0.2647109577221743,0.04906465375779455
ton,cic,29,clean,logistic,unique,size,forced,0.0,,12188,306,0,9456,0,155,9301,155,9301,12188,0.7758450935346243,0.0
ton,cic,29,clean,logistic,unique,size,frozen,0.05,0.6754597306313073,12188,306,1208,9456,680,122,8654,155,9301,10980,0.7992714025500911,0.09911388250738432
ton,cic,29,clean,logistic,unique,size,cap,0.05,,12188,306,598,9456,316,145,8995,155,9301,11590,0.7886108714408974,0.04906465375779455
ton,cic,29,clean,logistic,unique,size,random,0.05,,12188,306,598,9456,464,143,8849,155,9301,11590,0.7758412424503882,0.04906465375779455
ton,cic,29,clean,logistic,unique,tcp,forced,0.0,,12188,306,0,9758,0,48,9710,48,9710,12188,0.8006235641614703,0.0
ton,cic,29,clean,logistic,unique,tcp,frozen,0.05,0.6754597306313073,12188,306,2412,9758,1320,29,8409,48,9710,9776,0.8631342062193126,0.19789957335083688
ton,cic,29,clean,logistic,unique,tcp,cap,0.05,,12188,306,598,9758,281,41,9436,48,9710,11590,0.8176876617773943,0.04906465375779455
ton,cic,29,clean,logistic,unique,tcp,random,0.05,,12188,306,598,9758,473,46,9239,48,9710,11590,0.8011216566005177,0.04906465375779455
ton,cic,29,clean,logistic,unique,temporal+tcp,forced,0.0,,12188,306,0,3265,0,128,3137,128,3137,12188,0.2678864456842796,0.0
ton,cic,29,clean,logistic,unique,temporal+tcp,frozen,0.05,0.6754597306313073,12188,306,1228,3265,626,113,2526,128,3137,10960,0.24078467153284672,0.10075484082704299
ton,cic,29,clean,logistic,unique,temporal+tcp,cap,0.05,,12188,306,598,3265,355,118,2792,128,3137,11590,0.25107851596203623,0.04906465375779455
ton,cic,29,clean,logistic,unique,temporal+tcp,random,0.05,,12188,306,598,3265,153,120,2992,128,3137,11590,0.26850733390854187,0.04906465375779455
ton,cic,29,clean,logistic,weighted,clean,forced,0.0,,13270,1267,0,10163,0,1070,9093,1070,9093,13270,0.76586284853052,0.0
ton,cic,29,clean,logistic,weighted,clean,frozen,0.05,0.6754597306313073,13270,1267,4135,10163,2628,43,7492,1070,9093,9135,0.8248494800218938,0.31160512434061793
ton,cic,29,clean,logistic,weighted,clean,cap,0.05,,13270,1267,652,10163,381,934,8848,1070,9093,12618,0.7752417181803772,0.049133383571966845
ton,cic,29,clean,logistic,weighted,clean,random,0.05,,13270,1267,652,10163,519,1018,8626,1070,9093,12618,0.7643049611665874,0.049133383571966845
ton,cic,29,clean,logistic,weighted,temporal,forced,0.0,,13270,1267,0,3332,0,173,3159,173,3159,13270,0.2510926902788244,0.0
ton,cic,29,clean,logistic,weighted,temporal,frozen,0.05,0.6754597306313073,13270,1267,2237,3332,623,126,2583,173,3159,11033,0.24553611891597935,0.16857573474001508
ton,cic,29,clean,logistic,weighted,temporal,cap,0.05,,13270,1267,652,3332,291,150,2891,173,3159,12618,0.24100491361546997,0.049133383571966845
ton,cic,29,clean,logistic,weighted,temporal,random,0.05,,13270,1267,652,3332,156,167,3009,173,3159,12618,0.2517039150420035,0.049133383571966845
ton,cic,29,clean,logistic,weighted,size,forced,0.0,,13270,1267,0,10437,0,1114,9323,1114,9323,13270,0.7865109269027882,0.0
ton,cic,29,clean,logistic,weighted,size,frozen,0.05,0.6754597306313073,13270,1267,1221,10437,686,1081,8670,1114,9323,12049,0.8092787783218525,0.0920120572720422
ton,cic,29,clean,logistic,weighted,size,cap,0.05,,13270,1267,652,10437,346,1104,8987,1114,9323,12618,0.7997305436677762,0.049133383571966845
ton,cic,29,clean,logistic,weighted,size,random,0.05,,13270,1267,652,10437,525,1061,8851,1114,9323,12618,0.785544460294817,0.049133383571966845
ton,cic,29,clean,logistic,weighted,tcp,forced,0.0,,13270,1267,0,9809,0,53,9756,53,9756,13270,0.7391861341371515,0.0
ton,cic,29,clean,logistic,weighted,tcp,frozen,0.05,0.6754597306313073,13270,1267,3056,9809,1338,33,8438,53,9756,10214,0.8293518699823771,0.23029389600602865
ton,cic,29,clean,logistic,weighted,tcp,cap,0.05,,13270,1267,652,9809,313,45,9451,53,9756,12618,0.7525756855286099,0.049133383571966845
ton,cic,29,clean,logistic,weighted,tcp,random,0.05,,13270,1267,652,9809,503,49,9257,53,9756,12618,0.7375178316690443,0.049133383571966845
ton,cic,29,clean,logistic,weighted,temporal+tcp,forced,0.0,,13270,1267,0,3365,0,129,3236,129,3236,13270,0.25357950263752826,0.0
ton,cic,29,clean,logistic,weighted,temporal+tcp,frozen,0.05,0.6754597306313073,13270,1267,1236,3365,630,114,2621,129,3236,12034,0.22727272727272727,0.0931424265259985
ton,cic,29,clean,logistic,weighted,temporal+tcp,cap,0.05,,13270,1267,652,3365,382,118,2865,129,3236,12618,0.2364083055951815,0.049133383571966845
ton,cic,29,clean,logistic,weighted,temporal+tcp,random,0.05,,13270,1267,652,3365,157,126,3082,129,3236,12618,0.254239974639404,0.049133383571966845
ton,unsw,29,clean,forest,unique,clean,forced,0.0,,10417,1285,0,5694,0,1170,4524,1170,4524,10417,0.5466065085917251,0.0
ton,unsw,29,clean,forest,unique,clean,frozen,0.05,0.8926003913467191,10417,1285,7071,5694,3365,1041,1288,1170,4524,3346,0.6960549910340705,0.6787942785830854
ton,unsw,29,clean,forest,unique,clean,cap,0.05,,10417,1285,518,5694,240,1155,4299,1170,4524,9899,0.5509647439135266,0.04972640875491984
ton,unsw,29,clean,forest,unique,clean,random,0.05,,10417,1285,518,5694,280,1118,4296,1170,4524,9899,0.5469239317102738,0.04972640875491984
ton,unsw,29,clean,forest,unique,temporal,forced,0.0,,10417,1285,0,4211,0,1272,2939,1272,2939,10417,0.4042430642219449,0.0
ton,unsw,29,clean,forest,unique,temporal,frozen,0.05,0.8926003913467191,10417,1285,7900,4211,2510,1158,543,1272,2939,2517,0.6758045292014303,0.7583757319765767
ton,unsw,29,clean,forest,unique,temporal,cap,0.05,,10417,1285,518,4211,298,1271,2642,1272,2939,9899,0.39529245378321043,0.04972640875491984
ton,unsw,29,clean,forest,unique,temporal,random,0.05,,10417,1285,518,4211,199,1209,2803,1272,2939,9899,0.40529346398626126,0.04972640875491984
ton,unsw,29,clean,forest,unique,size,forced,0.0,,10417,1285,0,6780,0,953,5827,953,5827,10417,0.6508591725064798,0.0
ton,unsw,29,clean,forest,unique,size,frozen,0.05,0.8926003913467191,10417,1285,5132,6780,2105,898,3777,953,5827,5285,0.8845789971617786,0.49265623500048
ton,unsw,29,clean,forest,unique,size,cap,0.05,,10417,1285,518,6780,171,951,5658,953,5827,9899,0.6676431962824527,0.04972640875491984
ton,unsw,29,clean,forest,unique,size,random,0.05,,10417,1285,518,6780,338,908,5534,953,5827,9899,0.6507728053338722,0.04972640875491984
ton,unsw,29,clean,forest,unique,tcp,forced,0.0,,10417,1285,0,2124,0,1285,839,1285,839,10417,0.20389747528079102,0.0
ton,unsw,29,clean,forest,unique,tcp,frozen,0.05,0.8926003913467191,10417,1285,4316,2124,719,1190,215,1285,839,6101,0.23029011637436486,0.4143227416722665
ton,unsw,29,clean,forest,unique,tcp,cap,0.05,,10417,1285,518,2124,213,1284,627,1285,839,9899,0.19304980301040509,0.04972640875491984
ton,unsw,29,clean,forest,unique,tcp,random,0.05,,10417,1285,518,2124,107,1220,797,1285,839,9899,0.20375795534902516,0.04972640875491984
ton,unsw,29,clean,forest,unique,temporal+tcp,forced,0.0,,10417,1285,0,1633,0,1285,348,1285,348,10417,0.15676298358452528,0.0
ton,unsw,29,clean,forest,unique,temporal+tcp,frozen,0.05,0.8926003913467191,10417,1285,1815,1633,359,1273,1,1285,348,8602,0.1481050918391072,0.17423442449841606
ton,unsw,29,clean,forest,unique,temporal+tcp,cap,0.05,,10417,1285,518,1633,160,1285,188,1285,348,9899,0.14880290938478635,0.04972640875491984
ton,unsw,29,clean,forest,unique,temporal+tcp,random,0.05,,10417,1285,518,1633,81,1220,332,1285,348,9899,0.15678351348621072,0.04972640875491984
ton,unsw,29,clean,forest,weighted,clean,forced,0.0,,10665,1289,0,5810,0,1174,4636,1174,4636,10665,0.5447726207219878,0.0
ton,unsw,29,clean,forest,weighted,clean,frozen,0.05,0.8926003913467191,10665,1289,7257,5810,3433,1045,1332,1174,4636,3408,0.6974765258215962,0.680450070323488
ton,unsw,29,clean,forest,weighted,clean,cap,0.05,,10665,1289,530,5810,250,1159,4401,1174,4636,10135,0.5485939812530833,0.049695264885138306
ton,unsw,29,clean,forest,weighted,clean,random,0.05,,10665,1289,530,5810,302,1107,4401,1174,4636,10135,0.5434632461766157,0.049695264885138306
ton,unsw,29,clean,forest,weighted,temporal,forced,0.0,,10665,1289,0,4302,0,1276,3026,1276,3026,10665,0.40337552742616034,0.0
ton,unsw,29,clean,forest,weighted,temporal,frozen,0.05,0.8926003913467191,10665,1289,8107,4302,2573,1162,567,1276,3026,2558,0.6759186864738077,0.7601500234411627
ton,unsw,29,clean,forest,weighted,temporal,cap,0.05,,10665,1289,530,4302,305,1275,2722,1276,3026,10135,0.3943759250123335,0.049695264885138306
ton,unsw,29,clean,forest,weighted,temporal,random,0.05,,10665,1289,530,4302,225,1201,2876,1276,3026,10135,0.40226936359151455,0.049695264885138306
ton,unsw,29,clean,forest,weighted,size,forced,0.0,,10665,1289,0,6877,0,957,5920,957,5920,10665,0.6448195030473511,0.0
ton,unsw,29,clean,forest,weighted,size,frozen,0.05,0.8926003913467191,10665,1289,5275,6877,2114,902,3861,957,5920,5390,0.8836734693877552,0.49460853258321613
ton,unsw,29,clean,forest,weighted,size,cap,0.05,,10665,1289,530,6877,172,955,5750,957,5920,10135,0.6615688209176123,0.049695264885138306
ton,unsw,29,clean,forest,weighted,size,random,0.05,,10665,1289,530,6877,365,900,5612,957,5920,10135,0.642525900345338,0.049695264885138306
ton,unsw,29,clean,forest,weighted,tcp,forced,0.0,,10665,1289,0,2142,0,1289,853,1289,853,10665,0.2008438818565401,0.0
ton,unsw,29,clean,forest,weighted,tcp,frozen,0.05,0.8926003913467191,10665,1289,4366,2142,732,1194,216,1289,853,6299,0.22384505477059852,0.4093764650726676
ton,unsw,29,clean,forest,weighted,tcp,cap,0.05,,10665,1289,530,2142,222,1288,632,1289,853,10135,0.18944252590034533,0.049695264885138306
ton,unsw,29,clean,forest,weighted,tcp,random,0.05,,10665,1289,530,2142,109,1214,819,1289,853,10135,0.2005920078934386,0.049695264885138306
ton,unsw,29,clean,forest,weighted,temporal+tcp,forced,0.0,,10665,1289,0,1640,0,1289,351,1289,351,10665,0.1537740271917487,0.0
ton,unsw,29,clean,forest,weighted,temporal+tcp,frozen,0.05,0.8926003913467191,10665,1289,1840,1640,362,1277,1,1289,351,8825,0.1448158640226629,0.17252695733708392
ton,unsw,29,clean,forest,weighted,temporal+tcp,cap,0.05,,10665,1289,530,1640,162,1289,189,1289,351,10135,0.14583127775037,0.049695264885138306
ton,unsw,29,clean,forest,weighted,temporal+tcp,random,0.05,,10665,1289,530,1640,98,1214,328,1289,351,10135,0.15214602861371485,0.049695264885138306
ton,cic,29,clean,forest,unique,clean,forced,0.0,,12188,306,0,482,0,302,180,302,180,12188,0.03954709550377421,0.0
ton,cic,29,clean,forest,unique,clean,frozen,0.05,0.8926003913467191,12188,306,210,482,67,294,121,302,180,11978,0.034646852563032224,0.017230062356416147
ton,cic,29,clean,forest,unique,clean,cap,0.05,,12188,306,598,482,104,289,89,302,180,11590,0.03261432269197584,0.04906465375779455
ton,cic,29,clean,forest,unique,clean,random,0.05,,12188,306,598,482,29,283,170,302,180,11590,0.03908541846419327,0.04906465375779455
ton,cic,29,clean,forest,unique,temporal,forced,0.0,,12188,306,0,407,0,303,104,303,104,12188,0.033393501805054154,0.0
ton,cic,29,clean,forest,unique,temporal,frozen,0.05,0.8926003913467191,12188,306,207,407,57,293,57,303,104,11981,0.029212920457390868,0.016983918608467347
ton,cic,29,clean,forest,unique,temporal,cap,0.05,,12188,306,598,407,84,286,37,303,104,11590,0.027868852459016394,0.04906465375779455
ton,cic,29,clean,forest,unique,temporal,random,0.05,,12188,306,598,407,30,283,94,303,104,11590,0.03252804141501294,0.04906465375779455
ton,cic,29,clean,forest,unique,size,forced,0.0,,12188,306,0,502,0,304,198,304,198,12188,0.04118805382343289,0.0
ton,cic,29,clean,forest,unique,size,frozen,0.05,0.8926003913467191,12188,306,491,502,109,296,97,304,198,11697,0.033598358553475254,0.04028552674762061
ton,cic,29,clean,forest,unique,size,cap,0.05,,12188,306,598,502,122,292,88,304,198,11590,0.03278688524590164,0.04906465375779455
ton,cic,29,clean,forest,unique,size,random,0.05,,12188,306,598,502,27,283,192,304,198,11590,0.040983606557377046,0.04906465375779455
ton,cic,29,clean,forest,unique,tcp,forced,0.0,,12188,306,0,466,0,303,163,303,163,12188,0.03823432884804726,0.0
ton,cic,29,clean,forest,unique,tcp,frozen,0.05,0.8926003913467191,12188,306,267,466,103,295,68,303,163,11921,0.030450465564969383,0.021906793567443388
ton,cic,29,clean,forest,unique,tcp,cap,0.05,,12188,306,598,466,146,288,32,303,163,11590,0.027610008628127698,0.04906465375779455
ton,cic,29,clean,forest,unique,tcp,random,0.05,,12188,306,598,466,33,282,151,303,163,11590,0.03735979292493529,0.04906465375779455
ton,cic,29,clean,forest,unique,temporal+tcp,forced,0.0,,12188,306,0,491,0,303,188,303,188,12188,0.04028552674762061,0.0
ton,cic,29,clean,forest,unique,temporal+tcp,frozen,0.05,0.8926003913467191,12188,306,395,491,132,287,72,303,188,11793,0.030441787501059952,0.032408926813258944
ton,cic,29,clean,forest,unique,temporal+tcp,cap,0.05,,12188,306,598,491,163,282,46,303,188,11590,0.02830025884383089,0.04906465375779455
ton,cic,29,clean,forest,unique,temporal+tcp,random,0.05,,12188,306,598,491,35,282,174,303,188,11590,0.03934426229508197,0.04906465375779455
ton,cic,29,clean,forest,weighted,clean,forced,0.0,,13270,1267,0,1452,0,1263,189,1263,189,13270,0.1094197437829691,0.0
ton,cic,29,clean,forest,weighted,clean,frozen,0.05,0.8926003913467191,13270,1267,218,1452,70,1255,127,1263,189,13052,0.10588415568495249,0.016428033157498117
ton,cic,29,clean,forest,weighted,clean,cap,0.05,,13270,1267,652,1452,111,1250,91,1263,189,12618,0.10627674750356633,0.049133383571966845
ton,cic,29,clean,forest,weighted,clean,random,0.05,,13270,1267,652,1452,62,1207,183,1263,189,12618,0.11016008876208591,0.049133383571966845
ton,cic,29,clean,forest,weighted,temporal,forced,0.0,,13270,1267,0,1376,0,1264,112,1264,112,13270,0.10369253956292389,0.0
ton,cic,29,clean,forest,weighted,temporal,frozen,0.05,0.8926003913467191,13270,1267,217,1376,60,1254,62,1264,112,13053,0.10081973492683674,0.016352675207234362
ton,cic,29,clean,forest,weighted,temporal,cap,0.05,,13270,1267,652,1376,92,1247,37,1264,112,12618,0.10175939134569663,0.049133383571966845
ton,cic,29,clean,forest,weighted,temporal,random,0.05,,13270,1267,652,1376,62,1208,106,1264,112,12618,0.10413694721825963,0.049133383571966845
ton,cic,29,clean,forest,weighted,size,forced,0.0,,13270,1267,0,1463,0,1265,198,1265,198,13270,0.11024868123587038,0.0
ton,cic,29,clean,forest,weighted,size,frozen,0.05,0.8926003913467191,13270,1267,493,1463,109,1257,97,1265,198,12777,0.10597166784065117,0.03715146948003014
ton,cic,29,clean,forest,weighted,size,cap,0.05,,13270,1267,652,1463,127,1253,83,1265,198,12618,0.1058804881914725,0.049133383571966845
ton,cic,29,clean,forest,weighted,size,random,0.05,,13270,1267,652,1463,72,1209,182,1265,198,12618,0.11023934062450468,0.049133383571966845
ton,cic,29,clean,forest,weighted,tcp,forced,0.0,,13270,1267,0,1442,0,1264,178,1264,178,13270,0.10866616428033157,0.0
ton,cic,29,clean,forest,weighted,tcp,frozen,0.05,0.8926003913467191,13270,1267,283,1442,114,1256,72,1264,178,12987,0.10225610225610225,0.02132629992464205
ton,cic,29,clean,forest,weighted,tcp,cap,0.05,,13270,1267,652,1442,161,1249,32,1264,178,12618,0.10152163575844032,0.049133383571966845
ton,cic,29,clean,forest,weighted,tcp,random,0.05,,13270,1267,652,1442,63,1209,170,1264,178,12618,0.10928831827547947,0.049133383571966845
ton,cic,29,clean,forest,weighted,temporal+tcp,forced,0.0,,13270,1267,0,1467,0,1264,203,1264,203,13270,0.1105501130369254,0.0
ton,cic,29,clean,forest,weighted,temporal+tcp,frozen,0.05,0.8926003913467191,13270,1267,414,1467,139,1248,80,1264,203,12856,0.10329807093963908,0.03119819140919367
ton,cic,29,clean,forest,weighted,temporal+tcp,cap,0.05,,13270,1267,652,1467,174,1244,49,1264,203,12618,0.10247265810746553,0.049133383571966845
ton,cic,29,clean,forest,weighted,temporal+tcp,random,0.05,,13270,1267,652,1467,66,1209,192,1264,203,12618,0.11103185924869234,0.049133383571966845
ton,unsw,29,repeat,logistic,unique,clean,forced,0.0,,10417,1285,0,9035,0,277,8758,277,8758,10417,0.8673322453681482,0.0
ton,unsw,29,repeat,logistic,unique,clean,frozen,0.05,0.685019823459529,10417,1285,143,9035,80,255,8700,277,8758,10274,0.8716176756861982,0.013727560718057022
ton,unsw,29,repeat,logistic,unique,clean,cap,0.05,,10417,1285,518,9035,343,220,8472,277,8758,9899,0.8780684917668451,0.04972640875491984
ton,unsw,29,repeat,logistic,unique,clean,random,0.05,,10417,1285,518,9035,436,267,8332,277,8758,9899,0.8686736033942822,0.04972640875491984
ton,unsw,29,repeat,logistic,unique,temporal,forced,0.0,,10417,1285,0,9135,0,875,8260,875,8260,10417,0.8769319381779783,0.0
ton,unsw,29,repeat,logistic,unique,temporal,frozen,0.05,0.685019823459529,10417,1285,413,9135,201,781,8153,875,8260,10004,0.8930427828868452,0.039646731304598254
ton,unsw,29,repeat,logistic,unique,temporal,cap,0.05,,10417,1285,518,9135,260,747,8128,875,8260,9899,0.8965552075967269,0.04972640875491984
ton,unsw,29,repeat,logistic,unique,temporal,random,0.05,,10417,1285,518,9135,433,836,7866,875,8260,9899,0.8790786948176583,0.04972640875491984
ton,unsw,29,repeat,logistic,unique,size,forced,0.0,,10417,1285,0,4122,0,258,3864,258,3864,10417,0.39569933762119613,0.0
ton,unsw,29,repeat,logistic,unique,size,frozen,0.05,0.685019823459529,10417,1285,783,4122,300,256,3566,258,3864,9634,0.3967199501764584,0.07516559470096956
ton,unsw,29,repeat,logistic,unique,size,cap,0.05,,10417,1285,518,4122,211,256,3655,258,3864,9899,0.39509041317304777,0.04972640875491984
ton,unsw,29,repeat,logistic,unique,size,random,0.05,,10417,1285,518,4122,183,247,3692,258,3864,9899,0.3979189817153248,0.04972640875491984
ton,unsw,29,repeat,logistic,unique,tcp,forced,0.0,,10417,1285,0,9032,0,279,8753,279,8753,10417,0.8670442545838534,0.0
ton,unsw,29,repeat,logistic,unique,tcp,frozen,0.05,0.685019823459529,10417,1285,143,9032,77,264,8691,279,8753,10274,0.8716176756861982,0.013727560718057022
ton,unsw,29,repeat,logistic,unique,tcp,cap,0.05,,10417,1285,518,9032,322,229,8481,279,8753,9899,0.879886857258309,0.04972640875491984
ton,unsw,29,repeat,logistic,unique,tcp,random,0.05,,10417,1285,518,9032,436,269,8327,279,8753,9899,0.8683705424790383,0.04972640875491984
ton,unsw,29,repeat,logistic,unique,temporal+tcp,forced,0.0,,10417,1285,0,9137,0,890,8247,890,8247,10417,0.8771239320341749,0.0
ton,unsw,29,repeat,logistic,unique,temporal+tcp,frozen,0.05,0.685019823459529,10417,1285,397,9137,181,819,8137,890,8247,10020,0.893812375249501,0.03811078045502544
ton,unsw,29,repeat,logistic,unique,temporal+tcp,cap,0.05,,10417,1285,518,9137,253,784,8100,890,8247,9899,0.8974643903424588,0.04972640875491984
ton,unsw,29,repeat,logistic,unique,temporal+tcp,random,0.05,,10417,1285,518,9137,433,851,7853,890,8247,9899,0.879280735427821,0.04972640875491984
ton,unsw,29,repeat,logistic,weighted,clean,forced,0.0,,10665,1289,0,9279,0,281,8998,281,8998,10665,0.870042194092827,0.0
ton,unsw,29,repeat,logistic,weighted,clean,frozen,0.05,0.685019823459529,10665,1289,144,9279,81,259,8939,281,8998,10521,0.874251497005988,0.01350210970464135
ton,unsw,29,repeat,logistic,weighted,clean,cap,0.05,,10665,1289,530,9279,353,224,8702,281,8998,10135,0.8807104094721263,0.049695264885138306
ton,unsw,29,repeat,logistic,weighted,clean,random,0.05,,10665,1289,530,9279,460,264,8555,281,8998,10135,0.8701529353724716,0.049695264885138306
ton,unsw,29,repeat,logistic,weighted,temporal,forced,0.0,,10665,1289,0,9376,0,875,8501,875,8501,10665,0.8791373652133145,0.0
ton,unsw,29,repeat,logistic,weighted,temporal,frozen,0.05,0.685019823459529,10665,1289,415,9376,201,781,8394,875,8501,10250,0.8951219512195122,0.038912330051570555
ton,unsw,29,repeat,logistic,weighted,temporal,cap,0.05,,10665,1289,530,9376,269,743,8364,875,8501,10135,0.8985693142575234,0.049695264885138306
ton,unsw,29,repeat,logistic,weighted,temporal,random,0.05,,10665,1289,530,9376,464,825,8087,875,8501,10135,0.8793290577207696,0.049695264885138306
ton,unsw,29,repeat,logistic,weighted,size,forced,0.0,,10665,1289,0,4144,0,262,3882,262,3882,10665,0.3885607126113455,0.0
ton,unsw,29,repeat,logistic,weighted,size,frozen,0.05,0.685019823459529,10665,1289,798,4144,302,260,3582,262,3882,9867,0.3893787372048242,0.07482419127988749
ton,unsw,29,repeat,logistic,weighted,size,cap,0.05,,10665,1289,530,4144,218,260,3666,262,3882,10135,0.3873704982733103,0.049695264885138306
ton,unsw,29,repeat,logistic,weighted,size,random,0.05,,10665,1289,530,4144,227,244,3673,262,3882,10135,0.3864824864331524,0.049695264885138306
ton,unsw,29,repeat,logistic,weighted,tcp,forced,0.0,,10665,1289,0,9275,0,283,8992,283,8992,10665,0.8696671354899203,0.0
ton,unsw,29,repeat,logistic,weighted,tcp,frozen,0.05,0.685019823459529,10665,1289,144,9275,77,268,8930,283,8992,10521,0.874251497005988,0.01350210970464135
ton,unsw,29,repeat,logistic,weighted,tcp,cap,0.05,,10665,1289,530,9275,332,232,8711,283,8992,10135,0.8823877651702022,0.049695264885138306
ton,unsw,29,repeat,logistic,weighted,tcp,random,0.05,,10665,1289,530,9275,461,265,8549,283,8992,10135,0.8696595954612728,0.049695264885138306
ton,unsw,29,repeat,logistic,weighted,temporal+tcp,forced,0.0,,10665,1289,0,9378,0,890,8488,890,8488,10665,0.8793248945147679,0.0
ton,unsw,29,repeat,logistic,weighted,temporal+tcp,frozen,0.05,0.685019823459529,10665,1289,400,9378,182,819,8377,890,8488,10265,0.895859717486605,0.03750586029067042
ton,unsw,29,repeat,logistic,weighted,temporal+tcp,cap,0.05,,10665,1289,530,9378,260,782,8336,890,8488,10135,0.8996546620621608,0.049695264885138306
ton,unsw,29,repeat,logistic,weighted,temporal+tcp,random,0.05,,10665,1289,530,9378,464,840,8074,890,8488,10135,0.8795263936852491,0.049695264885138306
ton,cic,29,repeat,logistic,unique,clean,forced,0.0,,12188,306,0,9118,0,119,8999,119,8999,12188,0.7481128979323926,0.0
ton,cic,29,repeat,logistic,unique,clean,frozen,0.05,0.685019823459529,12188,306,2988,9118,1581,39,7498,119,8999,9200,0.8192391304347826,0.2451591729570069
ton,cic,29,repeat,logistic,unique,clean,cap,0.05,,12188,306,598,9118,300,89,8729,119,8999,11590,0.7608283002588438,0.04906465375779455
ton,cic,29,repeat,logistic,unique,clean,random,0.05,,12188,306,598,9118,440,111,8567,119,8999,11590,0.7487489214840379,0.04906465375779455
ton,cic,29,repeat,logistic,unique,temporal,forced,0.0,,12188,306,0,3238,0,130,3108,130,3108,12188,0.2656711519527404,0.0
ton,cic,29,repeat,logistic,unique,temporal,frozen,0.05,0.685019823459529,12188,306,644,3238,239,120,2879,130,3108,11544,0.2597886347886348,0.052838857893009517
ton,cic,29,repeat,logistic,unique,temporal,cap,0.05,,12188,306,598,3238,229,120,2889,130,3108,11590,0.25962036238136327,0.04906465375779455
ton,cic,29,repeat,logistic,unique,temporal,random,0.05,,12188,306,598,3238,153,122,2963,130,3108,11590,0.26617773943054357,0.04906465375779455
ton,cic,29,repeat,logistic,unique,size,forced,0.0,,12188,306,0,9156,0,171,8985,171,8985,12188,0.751230718739744,0.0
ton,cic,29,repeat,logistic,unique,size,frozen,0.05,0.685019823459529,12188,306,702,9156,308,156,8692,171,8985,11486,0.770329096291137,0.057597637020019694
ton,cic,29,repeat,logistic,unique,size,cap,0.05,,12188,306,598,9156,267,159,8730,171,8985,11590,0.7669542709232097,0.04906465375779455
ton,cic,29,repeat,logistic,unique,size,random,0.05,,12188,306,598,9156,451,159,8546,171,8985,11590,0.7510785159620362,0.04906465375779455
ton,cic,29,repeat,logistic,unique,tcp,forced,0.0,,12188,306,0,9619,0,51,9568,51,9568,12188,0.7892189038398425,0.0
ton,cic,29,repeat,logistic,unique,tcp,frozen,0.05,0.685019823459529,12188,306,2363,9619,1255,32,8332,51,9568,9825,0.8512977099236642,0.1938792254676731
ton,cic,29,repeat,logistic,unique,tcp,cap,0.05,,12188,306,598,9619,302,46,9271,51,9568,11590,0.8038826574633304,0.04906465375779455
ton,cic,29,repeat,logistic,unique,tcp,random,0.05,,12188,306,598,9619,467,49,9103,51,9568,11590,0.7896462467644522,0.04906465375779455
ton,cic,29,repeat,logistic,unique,temporal+tcp,forced,0.0,,12188,306,0,3295,0,123,3172,123,3172,12188,0.2703478831637676,0.0
ton,cic,29,repeat,logistic,unique,temporal+tcp,frozen,0.05,0.685019823459529,12188,306,689,3295,307,116,2872,123,3172,11499,0.2598486824941299,0.05653101411224155
ton,cic,29,repeat,logistic,unique,temporal+tcp,cap,0.05,,12188,306,598,3295,274,116,2905,123,3172,11590,0.260655737704918,0.04906465375779455
ton,cic,29,repeat,logistic,unique,temporal+tcp,random,0.05,,12188,306,598,3295,152,116,3027,123,3172,11590,0.27118205349439173,0.04906465375779455
ton,cic,29,repeat,logistic,weighted,clean,forced,0.0,,13270,1267,0,10097,0,1054,9043,1054,9043,13270,0.7608892238131123,0.0
ton,cic,29,repeat,logistic,weighted,clean,frozen,0.05,0.685019823459529,13270,1267,3992,10097,2528,43,7526,1054,9043,9278,0.8158008191420565,0.3008289374529013
ton,cic,29,repeat,logistic,weighted,clean,cap,0.05,,13270,1267,652,10097,396,890,8811,1054,9043,12618,0.7688223173244572,0.049133383571966845
ton,cic,29,repeat,logistic,weighted,clean,random,0.05,,13270,1267,652,10097,516,1002,8579,1054,9043,12618,0.7593120938342051,0.049133383571966845
ton,cic,29,repeat,logistic,weighted,temporal,forced,0.0,,13270,1267,0,3339,0,131,3208,131,3208,13270,0.2516201959306707,0.0
ton,cic,29,repeat,logistic,weighted,temporal,frozen,0.05,0.685019823459529,13270,1267,649,3339,242,121,2976,131,3208,12621,0.24538467633309563,0.04890730972117558
ton,cic,29,repeat,logistic,weighted,temporal,cap,0.05,,13270,1267,652,3339,246,121,2972,131,3208,12618,0.24512601046124585,0.049133383571966845
ton,cic,29,repeat,logistic,weighted,temporal,random,0.05,,13270,1267,652,3339,162,128,3049,131,3208,12618,0.25178316690442226,0.049133383571966845
ton,cic,29,repeat,logistic,weighted,size,forced,0.0,,13270,1267,0,10137,0,1131,9006,1131,9006,13270,0.7639035418236624,0.0
ton,cic,29,repeat,logistic,weighted,size,frozen,0.05,0.685019823459529,13270,1267,705,10137,310,1116,8711,1131,9006,12565,0.7820931157978511,0.05312735493594574
ton,cic,29,repeat,logistic,weighted,size,cap,0.05,,13270,1267,652,10137,288,1116,8733,1131,9006,12618,0.7805515929624346,0.049133383571966845
ton,cic,29,repeat,logistic,weighted,size,random,0.05,,13270,1267,652,10137,509,1078,8550,1131,9006,12618,0.7630369313678872,0.049133383571966845
ton,cic,29,repeat,logistic,weighted,tcp,forced,0.0,,13270,1267,0,9669,0,56,9613,56,9613,13270,0.7286360211002261,0.0
ton,cic,29,repeat,logistic,weighted,tcp,frozen,0.05,0.685019823459529,13270,1267,2725,9669,1274,36,8359,56,9613,10545,0.7961119013750593,0.20535041446872646
ton,cic,29,repeat,logistic,weighted,tcp,cap,0.05,,13270,1267,652,9669,326,51,9292,56,9613,12618,0.7404501505785386,0.049133383571966845
ton,cic,29,repeat,logistic,weighted,tcp,random,0.05,,13270,1267,652,9669,502,52,9115,56,9613,12618,0.7265018227928356,0.049133383571966845
ton,cic,29,repeat,logistic,weighted,temporal+tcp,forced,0.0,,13270,1267,0,3398,0,124,3274,124,3274,13270,0.2560663149962321,0.0
ton,cic,29,repeat,logistic,weighted,temporal+tcp,frozen,0.05,0.685019823459529,13270,1267,693,3398,310,117,2971,124,3274,12577,0.24552755029021228,0.05222305953278071
ton,cic,29,repeat,logistic,weighted,temporal+tcp,cap,0.05,,13270,1267,652,3398,302,117,2979,124,3274,12618,0.24536376604850213,0.049133383571966845
ton,cic,29,repeat,logistic,weighted,temporal+tcp,random,0.05,,13270,1267,652,3398,163,121,3114,124,3274,12618,0.25637977492471076,0.049133383571966845
ton,unsw,29,repeat,forest,unique,clean,forced,0.0,,10417,1285,0,4934,0,1240,3694,1240,3694,10417,0.4736488432370164,0.0
ton,unsw,29,repeat,forest,unique,clean,frozen,0.05,0.8226057634917285,10417,1285,7957,4934,3731,974,229,1240,3694,2460,0.48902439024390243,0.7638475568781798
ton,unsw,29,repeat,forest,unique,clean,cap,0.05,,10417,1285,518,4934,260,1230,3444,1240,3694,9899,0.472168905950096,0.04972640875491984
ton,unsw,29,repeat,forest,unique,clean,random,0.05,,10417,1285,518,4934,244,1181,3509,1240,3694,9899,0.4737852308313971,0.04972640875491984
ton,unsw,29,repeat,forest,unique,temporal,forced,0.0,,10417,1285,0,2731,0,1285,1446,1285,1446,10417,0.26216761063645966,0.0
ton,unsw,29,repeat,forest,unique,temporal,frozen,0.05,0.8226057634917285,10417,1285,8005,2731,1466,1120,145,1285,1446,2412,0.5244610281923715,0.7684554094268984
ton,unsw,29,repeat,forest,unique,temporal,cap,0.05,,10417,1285,518,2731,274,1282,1175,1285,1446,9899,0.24820688958480655,0.04972640875491984
ton,unsw,29,repeat,forest,unique,temporal,random,0.05,,10417,1285,518,2731,124,1220,1387,1285,1446,9899,0.26335993534700475,0.04972640875491984
ton,unsw,29,repeat,forest,unique,size,forced,0.0,,10417,1285,0,9324,0,965,8359,965,8359,10417,0.8950753575885572,0.0
ton,unsw,29,repeat,forest,unique,size,frozen,0.05,0.8226057634917285,10417,1285,8006,9324,7372,903,1049,965,8359,2411,0.8096225632517627,0.7685514063549966
ton,unsw,29,repeat,forest,unique,size,cap,0.05,,10417,1285,518,9324,369,961,7994,965,8359,9899,0.9046368320032326,0.04972640875491984
ton,unsw,29,repeat,forest,unique,size,random,0.05,,10417,1285,518,9324,448,919,7957,965,8359,9899,0.8966562279018082,0.04972640875491984
ton,unsw,29,repeat,forest,unique,tcp,forced,0.0,,10417,1285,0,3379,0,1281,2098,1281,2098,10417,0.3243736200441586,0.0
ton,unsw,29,repeat,forest,unique,tcp,frozen,0.05,0.8226057634917285,10417,1285,6336,3379,2229,1104,46,1281,2098,4081,0.28179367802009314,0.6082365364308342
ton,unsw,29,repeat,forest,unique,tcp,cap,0.05,,10417,1285,518,3379,325,1280,1774,1281,2098,9899,0.3085160117183554,0.04972640875491984
ton,unsw,29,repeat,forest,unique,tcp,random,0.05,,10417,1285,518,3379,175,1216,1988,1281,2098,9899,0.3236690574805536,0.04972640875491984
ton,unsw,29,repeat,forest,unique,temporal+tcp,forced,0.0,,10417,1285,0,2198,0,1283,915,1283,915,10417,0.21100124796006528,0.0
ton,unsw,29,repeat,forest,unique,temporal+tcp,frozen,0.05,0.8226057634917285,10417,1285,4808,2198,941,1257,0,1283,915,5609,0.2241041183811731,0.46155323029663053
ton,unsw,29,repeat,forest,unique,temporal+tcp,cap,0.05,,10417,1285,518,2198,217,1282,699,1283,915,9899,0.20012122436609758,0.04972640875491984
ton,unsw,29,repeat,forest,unique,temporal+tcp,random,0.05,,10417,1285,518,2198,105,1218,875,1283,915,9899,0.21143549853520557,0.04972640875491984
ton,unsw,29,repeat,forest,weighted,clean,forced,0.0,,10665,1289,0,5024,0,1244,3780,1244,3780,10665,0.4710736052508204,0.0
ton,unsw,29,repeat,forest,weighted,clean,frozen,0.05,0.8226057634917285,10665,1289,8187,5024,3816,978,230,1244,3780,2478,0.48748991121872476,0.7676511954992967
ton,unsw,29,repeat,forest,weighted,clean,cap,0.05,,10665,1289,530,5024,266,1234,3524,1244,3780,10135,0.46946225949679327,0.049695264885138306
ton,unsw,29,repeat,forest,weighted,clean,random,0.05,,10665,1289,530,5024,267,1171,3586,1244,3780,10135,0.46936359151455354,0.049695264885138306
ton,unsw,29,repeat,forest,weighted,temporal,forced,0.0,,10665,1289,0,2768,0,1289,1479,1289,1479,10665,0.25954055321143926,0.0
ton,unsw,29,repeat,forest,weighted,temporal,frozen,0.05,0.8226057634917285,10665,1289,8230,2768,1498,1124,146,1289,1479,2435,0.5215605749486653,0.7716830754805438
ton,unsw,29,repeat,forest,weighted,temporal,cap,0.05,,10665,1289,530,2768,277,1286,1205,1289,1479,10135,0.2457819437592501,0.049695264885138306
ton,unsw,29,repeat,forest,weighted,temporal,random,0.05,,10665,1289,530,2768,155,1214,1399,1289,1479,10135,0.25781943759250125,0.049695264885138306
ton,unsw,29,repeat,forest,weighted,size,forced,0.0,,10665,1289,0,9551,0,969,8582,969,8582,10665,0.8955461790904828,0.0
ton,unsw,29,repeat,forest,weighted,size,frozen,0.05,0.8226057634917285,10665,1289,8204,9551,7556,907,1088,969,8582,2461,0.810646078829744,0.7692451945616503
ton,unsw,29,repeat,forest,weighted,size,cap,0.05,,10665,1289,530,9551,374,965,8212,969,8582,10135,0.9054760730143069,0.049695264885138306
ton,unsw,29,repeat,forest,weighted,size,random,0.05,,10665,1289,530,9551,482,910,8159,969,8582,10135,0.8948199309324124,0.049695264885138306
ton,unsw,29,repeat,forest,weighted,tcp,forced,0.0,,10665,1289,0,3392,0,1285,2107,1285,2107,10665,0.31804969526488513,0.0
ton,unsw,29,repeat,forest,weighted,tcp,frozen,0.05,0.8226057634917285,10665,1289,6413,3392,2238,1108,46,1285,2107,4252,0.2714016933207902,0.6013127051101734
ton,unsw,29,repeat,forest,weighted,tcp,cap,0.05,,10665,1289,530,3392,335,1284,1773,1285,2107,10135,0.3016280217069561,0.049695264885138306
ton,unsw,29,repeat,forest,weighted,tcp,random,0.05,,10665,1289,530,3392,197,1210,1985,1285,2107,10135,0.3152442032560434,0.049695264885138306
ton,unsw,29,repeat,forest,weighted,temporal+tcp,forced,0.0,,10665,1289,0,2206,0,1287,919,1287,919,10665,0.20684481950304734,0.0
ton,unsw,29,repeat,forest,weighted,temporal+tcp,frozen,0.05,0.8226057634917285,10665,1289,4866,2206,945,1261,0,1287,919,5799,0.21745128470425937,0.45625879043600565
ton,unsw,29,repeat,forest,weighted,temporal+tcp,cap,0.05,,10665,1289,530,2206,222,1286,698,1287,919,10135,0.19575727676369017,0.049695264885138306
ton,unsw,29,repeat,forest,weighted,temporal+tcp,random,0.05,,10665,1289,530,2206,121,1212,873,1287,919,10135,0.20572274296990625,0.049695264885138306
ton,cic,29,repeat,forest,unique,clean,forced,0.0,,12188,306,0,471,0,303,168,303,168,12188,0.03864456842796193,0.0
ton,cic,29,repeat,forest,unique,clean,frozen,0.05,0.8226057634917285,12188,306,326,471,113,290,68,303,168,11862,0.030180408025628058,0.026747620610436496
ton,cic,29,repeat,forest,unique,clean,cap,0.05,,12188,306,598,471,131,285,55,303,168,11590,0.029335634167385678,0.04906465375779455
ton,cic,29,repeat,forest,unique,clean,random,0.05,,12188,306,598,471,30,284,157,303,168,11590,0.03805004314063848,0.04906465375779455
ton,cic,29,repeat,forest,unique,temporal,forced,0.0,,12188,306,0,400,0,304,96,304,96,12188,0.032819166393173616,0.0
ton,cic,29,repeat,forest,unique,temporal,frozen,0.05,0.8226057634917285,12188,306,240,400,67,296,37,304,96,11948,0.027870773351188483,0.019691499835904167
ton,cic,29,repeat,forest,unique,temporal,cap,0.05,,12188,306,598,400,95,281,24,304,96,11590,0.02631578947368421,0.04906465375779455
ton,cic,29,repeat,forest,unique,temporal,random,0.05,,12188,306,598,400,28,284,88,304,96,11590,0.032096635030198446,0.04906465375779455
ton,cic,29,repeat,forest,unique,size,forced,0.0,,12188,306,0,402,0,298,104,298,104,12188,0.03298326222513948,0.0
ton,cic,29,repeat,forest,unique,size,frozen,0.05,0.8226057634917285,12188,306,371,402,107,292,3,298,104,11817,0.024964034865024964,0.030439776829668527
ton,cic,29,repeat,forest,unique,size,cap,0.05,,12188,306,598,402,109,290,3,298,104,11590,0.02528041415012942,0.04906465375779455
ton,cic,29,repeat,forest,unique,size,random,0.05,,12188,306,598,402,23,278,101,298,104,11590,0.03270060396893874,0.04906465375779455
ton,cic,29,repeat,forest,unique,tcp,forced,0.0,,12188,306,0,475,0,300,175,300,175,12188,0.03897276009189367,0.0
ton,cic,29,repeat,forest,unique,tcp,frozen,0.05,0.8226057634917285,12188,306,463,475,151,282,42,300,175,11725,0.027633262260127932,0.03798818510009846
ton,cic,29,repeat,forest,unique,tcp,cap,0.05,,12188,306,598,475,159,281,35,300,175,11590,0.0272648835202761,0.04906465375779455
ton,cic,29,repeat,forest,unique,tcp,random,0.05,,12188,306,598,475,33,280,162,300,175,11590,0.03813632441760138,0.04906465375779455
ton,cic,29,repeat,forest,unique,temporal+tcp,forced,0.0,,12188,306,0,517,0,298,219,298,219,12188,0.042418772563176894,0.0
ton,cic,29,repeat,forest,unique,temporal+tcp,frozen,0.05,0.8226057634917285,12188,306,570,517,173,284,60,298,219,11618,0.02960922706145636,0.0467673121102724
ton,cic,29,repeat,forest,unique,temporal+tcp,cap,0.05,,12188,306,598,517,179,283,55,298,219,11590,0.02916307161345988,0.04906465375779455
ton,cic,29,repeat,forest,unique,temporal+tcp,random,0.05,,12188,306,598,517,36,279,202,298,219,11590,0.041501294219154446,0.04906465375779455
ton,cic,29,repeat,forest,weighted,clean,forced,0.0,,13270,1267,0,1438,0,1264,174,1264,174,13270,0.10836473247927657,0.0
ton,cic,29,repeat,forest,weighted,clean,frozen,0.05,0.8226057634917285,13270,1267,335,1438,116,1250,72,1264,174,12935,0.10220332431387708,0.025244913338357197
ton,cic,29,repeat,forest,weighted,clean,cap,0.05,,13270,1267,652,1438,139,1245,54,1264,174,12618,0.10294816928197813,0.049133383571966845
ton,cic,29,repeat,forest,weighted,clean,random,0.05,,13270,1267,652,1438,63,1208,167,1264,174,12618,0.10897131082580441,0.049133383571966845
ton,cic,29,repeat,forest,weighted,temporal,forced,0.0,,13270,1267,0,1367,0,1265,102,1265,102,13270,0.10301431801055011,0.0
ton,cic,29,repeat,forest,weighted,temporal,frozen,0.05,0.8226057634917285,13270,1267,247,1367,71,1256,40,1265,102,13023,0.0995162404975812,0.018613413715146947
ton,cic,29,repeat,forest,weighted,temporal,cap,0.05,,13270,1267,652,1367,102,1241,24,1265,102,12618,0.10025360595974005,0.049133383571966845
ton,cic,29,repeat,forest,weighted,temporal,random,0.05,,13270,1267,652,1367,61,1209,97,1265,102,12618,0.10350293231890949,0.049133383571966845
ton,cic,29,repeat,forest,weighted,size,forced,0.0,,13270,1267,0,1363,0,1259,104,1259,104,13270,0.1027128862094951,0.0
ton,cic,29,repeat,forest,weighted,size,frozen,0.05,0.8226057634917285,13270,1267,371,1363,107,1253,3,1259,104,12899,0.0973718892937437,0.027957799547852297
ton,cic,29,repeat,forest,weighted,size,cap,0.05,,13270,1267,652,1363,110,1251,2,1259,104,12618,0.09930258361071485,0.049133383571966845
ton,cic,29,repeat,forest,weighted,size,random,0.05,,13270,1267,652,1363,67,1203,93,1259,104,12618,0.10271041369472182,0.049133383571966845
ton,cic,29,repeat,forest,weighted,tcp,forced,0.0,,13270,1267,0,1446,0,1261,185,1261,185,13270,0.10896759608138659,0.0
ton,cic,29,repeat,forest,weighted,tcp,frozen,0.05,0.8226057634917285,13270,1267,486,1446,158,1242,46,1261,185,12784,0.10075093867334167,0.03662396382818387
ton,cic,29,repeat,forest,weighted,tcp,cap,0.05,,13270,1267,652,1446,169,1242,35,1261,185,12618,0.10120462830876525,0.049133383571966845
ton,cic,29,repeat,forest,weighted,tcp,random,0.05,,13270,1267,652,1446,64,1206,176,1261,185,12618,0.10952607386273577,0.049133383571966845
ton,cic,29,repeat,forest,weighted,temporal+tcp,forced,0.0,,13270,1267,0,1488,0,1259,229,1259,229,13270,0.1121326299924642,0.0
ton,cic,29,repeat,forest,weighted,temporal+tcp,frozen,0.05,0.8226057634917285,13270,1267,604,1488,182,1242,64,1259,229,12666,0.1031106900363177,0.04551620195930671
ton,cic,29,repeat,forest,weighted,temporal+tcp,cap,0.05,,13270,1267,652,1488,187,1244,57,1259,229,12618,0.10310667300681566,0.049133383571966845
ton,cic,29,repeat,forest,weighted,temporal+tcp,random,0.05,,13270,1267,652,1488,65,1204,219,1259,229,12618,0.11277540022190521,0.049133383571966845
ton,unsw,29,mask,logistic,unique,clean,forced,0.0,,10417,1285,0,8912,0,215,8697,215,8697,10417,0.8555246232120572,0.0
ton,unsw,29,mask,logistic,unique,clean,frozen,0.05,0.5790466817118836,10417,1285,259,8912,97,129,8686,215,8697,10158,0.8677889348296909,0.02486320437745992
ton,unsw,29,mask,logistic,unique,clean,cap,0.05,,10417,1285,518,8912,260,109,8543,215,8697,9899,0.8740276795635923,0.04972640875491984
ton,unsw,29,mask,logistic,unique,clean,random,0.05,,10417,1285,518,8912,429,208,8275,215,8697,9899,0.856955248004849,0.04972640875491984
ton,unsw,29,mask,logistic,unique,temporal,forced,0.0,,10417,1285,0,8966,0,269,8697,269,8697,10417,0.8607084573293654,0.0
ton,unsw,29,mask,logistic,unique,temporal,frozen,0.05,0.5790466817118836,10417,1285,820,8966,670,155,8141,269,8697,9597,0.8644368031676566,0.0787174810406067
ton,unsw,29,mask,logistic,unique,temporal,cap,0.05,,10417,1285,518,8966,394,173,8399,269,8697,9899,0.8659460551570866,0.04972640875491984
ton,unsw,29,mask,logistic,unique,temporal,random,0.05,,10417,1285,518,8966,431,260,8275,269,8697,9899,0.8622083038690777,0.04972640875491984
ton,unsw,29,mask,logistic,unique,size,forced,0.0,,10417,1285,0,7172,0,137,7035,137,7035,10417,0.6884899683210137,0.0
ton,unsw,29,mask,logistic,unique,size,frozen,0.05,0.5790466817118836,10417,1285,524,7172,266,129,6777,137,7035,9893,0.6980693419589609,0.050302390323509645
ton,unsw,29,mask,logistic,unique,size,cap,0.05,,10417,1285,518,7172,273,128,6771,137,7035,9899,0.6969390847560359,0.04972640875491984
ton,unsw,29,mask,logistic,unique,size,random,0.05,,10417,1285,518,7172,328,132,6712,137,7035,9899,0.6913829679765633,0.04972640875491984
ton,unsw,29,mask,logistic,unique,tcp,forced,0.0,,10417,1285,0,8917,0,220,8697,220,8697,10417,0.8560046078525487,0.0
ton,unsw,29,mask,logistic,unique,tcp,frozen,0.05,0.5790466817118836,10417,1285,207,8917,71,167,8679,220,8697,10210,0.8664054848188051,0.019871364116348277
ton,unsw,29,mask,logistic,unique,tcp,cap,0.05,,10417,1285,518,8917,235,113,8569,220,8697,9899,0.877058288716032,0.04972640875491984
ton,unsw,29,mask,logistic,unique,tcp,random,0.05,,10417,1285,518,8917,428,214,8275,220,8697,9899,0.8575613698353369,0.04972640875491984
ton,unsw,29,mask,logistic,unique,temporal+tcp,forced,0.0,,10417,1285,0,8993,0,297,8696,297,8696,10417,0.8633003743880195,0.0
ton,unsw,29,mask,logistic,unique,temporal+tcp,frozen,0.05,0.5790466817118836,10417,1285,647,8993,484,172,8337,297,8696,9770,0.8709314227226203,0.06211001247960065
ton,unsw,29,mask,logistic,unique,temporal+tcp,cap,0.05,,10417,1285,518,8993,405,232,8356,297,8696,9899,0.8675623800383877,0.04972640875491984
ton,unsw,29,mask,logistic,unique,temporal+tcp,random,0.05,,10417,1285,518,8993,434,285,8274,297,8696,9899,0.8646327911910294,0.04972640875491984
ton,unsw,29,mask,logistic,weighted,clean,forced,0.0,,10665,1289,0,9154,0,217,8937,217,8937,10665,0.8583216127519925,0.0
ton,unsw,29,mask,logistic,weighted,clean,frozen,0.05,0.5790466817118836,10665,1289,263,9154,100,130,8924,217,8937,10402,0.8704095366275716,0.0246601031411158
ton,unsw,29,mask,logistic,weighted,clean,cap,0.05,,10665,1289,530,9154,271,112,8771,217,8937,10135,0.8764676862358165,0.049695264885138306
ton,unsw,29,mask,logistic,weighted,clean,random,0.05,,10665,1289,530,9154,447,208,8499,217,8937,10135,0.8591021213616181,0.049695264885138306
ton,unsw,29,mask,logistic,weighted,temporal,forced,0.0,,10665,1289,0,9207,0,270,8937,270,8937,10665,0.8632911392405064,0.0
ton,unsw,29,mask,logistic,weighted,temporal,frozen,0.05,0.5790466817118836,10665,1289,845,9207,692,156,8359,270,8937,9820,0.8671079429735234,0.07923112986404125
ton,unsw,29,mask,logistic,weighted,temporal,cap,0.05,,10665,1289,530,9207,406,174,8627,270,8937,10135,0.8683769116921559,0.049695264885138306
ton,unsw,29,mask,logistic,weighted,temporal,random,0.05,,10665,1289,530,9207,450,258,8499,270,8937,10135,0.8640355204736063,0.049695264885138306
ton,unsw,29,mask,logistic,weighted,size,forced,0.0,,10665,1289,0,7394,0,137,7257,137,7257,10665,0.6932958274730426,0.0
ton,unsw,29,mask,logistic,weighted,size,frozen,0.05,0.5790466817118836,10665,1289,556,7394,293,129,6972,137,7257,10109,0.7024433672964685,0.05213314580403188
ton,unsw,29,mask,logistic,weighted,size,cap,0.05,,10665,1289,530,7394,293,129,6972,137,7257,10135,0.7006413418845585,0.049695264885138306
ton,unsw,29,mask,logistic,weighted,size,random,0.05,,10665,1289,530,7394,360,129,6905,137,7257,10135,0.6940305870744943,0.049695264885138306
ton,unsw,29,mask,logistic,weighted,tcp,forced,0.0,,10665,1289,0,9158,0,221,8937,221,8937,10665,0.8586966713548992,0.0
ton,unsw,29,mask,logistic,weighted,tcp,frozen,0.05,0.5790466817118836,10665,1289,217,9158,79,168,8911,221,8937,10448,0.8689701378254211,0.020346929207688703
ton,unsw,29,mask,logistic,weighted,tcp,cap,0.05,,10665,1289,530,9158,244,114,8800,221,8937,10135,0.8795263936852491,0.049695264885138306
ton,unsw,29,mask,logistic,weighted,tcp,random,0.05,,10665,1289,530,9158,448,211,8499,221,8937,10135,0.8593981253083375,0.049695264885138306
ton,unsw,29,mask,logistic,weighted,temporal+tcp,forced,0.0,,10665,1289,0,9234,0,298,8936,298,8936,10665,0.8658227848101265,0.0
ton,unsw,29,mask,logistic,weighted,temporal+tcp,frozen,0.05,0.5790466817118836,10665,1289,667,9234,502,172,8560,298,8936,9998,0.873374674934987,0.06254102203469292
ton,unsw,29,mask,logistic,weighted,temporal+tcp,cap,0.05,,10665,1289,530,9234,414,234,8586,298,8936,10135,0.8702516033547114,0.049695264885138306
ton,unsw,29,mask,logistic,weighted,temporal+tcp,random,0.05,,10665,1289,530,9234,452,284,8498,298,8936,10135,0.8665022200296004,0.049695264885138306
ton,cic,29,mask,logistic,unique,clean,forced,0.0,,12188,306,0,6980,0,152,6828,152,6828,12188,0.5726944535608796,0.0
ton,cic,29,mask,logistic,unique,clean,frozen,0.05,0.5790466817118836,12188,306,5987,6980,2859,36,4085,152,6828,6201,0.6645702306079665,0.4912208729898261
ton,cic,29,mask,logistic,unique,clean,cap,0.05,,12188,306,598,6980,283,147,6550,152,6828,11590,0.577825711820535,0.04906465375779455
ton,cic,29,mask,logistic,unique,clean,random,0.05,,12188,306,598,6980,351,140,6489,152,6828,11590,0.5719585849870578,0.04906465375779455
ton,cic,29,mask,logistic,unique,temporal,forced,0.0,,12188,306,0,5450,0,183,5267,183,5267,12188,0.4471611421069905,0.0
ton,cic,29,mask,logistic,unique,temporal,frozen,0.05,0.5790466817118836,12188,306,5607,5450,2597,135,2718,183,5267,6581,0.43352074152864306,0.46004266491631113
ton,cic,29,mask,logistic,unique,temporal,cap,0.05,,12188,306,598,5450,306,179,4965,183,5267,11590,0.4438308886971527,0.04906465375779455
ton,cic,29,mask,logistic,unique,temporal,random,0.05,,12188,306,598,5450,245,169,5036,183,5267,11590,0.44909404659188956,0.04906465375779455
ton,cic,29,mask,logistic,unique,size,forced,0.0,,12188,306,0,7454,0,191,7263,191,7263,12188,0.6115851657367903,0.0
ton,cic,29,mask,logistic,unique,size,frozen,0.05,0.5790466817118836,12188,306,7850,7454,4444,46,2964,191,7263,4338,0.6938681420009221,0.6440761404660321
ton,cic,29,mask,logistic,unique,size,cap,0.05,,12188,306,598,7454,258,189,7007,191,7263,11590,0.6208800690250216,0.04906465375779455
ton,cic,29,mask,logistic,unique,size,random,0.05,,12188,306,598,7454,368,179,6907,191,7263,11590,0.6113891285591027,0.04906465375779455
ton,cic,29,mask,logistic,unique,tcp,forced,0.0,,12188,306,0,9410,0,41,9369,41,9369,12188,0.7720708893994093,0.0
ton,cic,29,mask,logistic,unique,tcp,frozen,0.05,0.5790466817118836,12188,306,4836,9410,3297,18,6095,41,9369,7352,0.831474428726877,0.396783721693469
ton,cic,29,mask,logistic,unique,tcp,cap,0.05,,12188,306,598,9410,344,33,9033,41,9369,11590,0.7822260569456428,0.04906465375779455
ton,cic,29,mask,logistic,unique,tcp,random,0.05,,12188,306,598,9410,456,37,8917,41,9369,11590,0.7725625539257981,0.04906465375779455
ton,cic,29,mask,logistic,unique,temporal+tcp,forced,0.0,,12188,306,0,6850,0,76,6774,76,6774,12188,0.5620282244830981,0.0
ton,cic,29,mask,logistic,unique,temporal+tcp,frozen,0.05,0.5790466817118836,12188,306,7628,6850,3225,11,3614,76,6774,4560,0.7949561403508771,0.6258615031178208
ton,cic,29,mask,logistic,unique,temporal+tcp,cap,0.05,,12188,306,598,6850,246,74,6530,76,6774,11590,0.5698015530629853,0.04906465375779455
ton,cic,29,mask,logistic,unique,temporal+tcp,random,0.05,,12188,306,598,6850,322,71,6457,76,6774,11590,0.563244176013805,0.04906465375779455
ton,cic,29,mask,logistic,weighted,clean,forced,0.0,,13270,1267,0,7967,0,1112,6855,1112,6855,13270,0.6003767897513188,0.0
ton,cic,29,mask,logistic,weighted,clean,frozen,0.05,0.5790466817118836,13270,1267,7003,7967,3831,37,4099,1112,6855,6267,0.6599648954842827,0.5277317256970611
ton,cic,29,mask,logistic,weighted,clean,cap,0.05,,13270,1267,652,7967,308,1106,6553,1112,6855,12618,0.6069900142653353,0.049133383571966845
ton,cic,29,mask,logistic,weighted,clean,random,0.05,,13270,1267,652,7967,401,1060,6506,1112,6855,12618,0.5996195910603899,0.049133383571966845
ton,cic,29,mask,logistic,weighted,temporal,forced,0.0,,13270,1267,0,6457,0,1142,5315,1142,5315,13270,0.486586284853052,0.0
ton,cic,29,mask,logistic,weighted,temporal,frozen,0.05,0.5790466817118836,13270,1267,5682,6457,2634,1091,2732,1142,5315,7588,0.5038218239325251,0.42818387339864356
ton,cic,29,mask,logistic,weighted,temporal,cap,0.05,,13270,1267,652,6457,335,1135,4987,1142,5315,12618,0.4851799017276906,0.049133383571966845
ton,cic,29,mask,logistic,weighted,temporal,random,0.05,,13270,1267,652,6457,333,1091,5033,1142,5315,12618,0.48533840545252815,0.049133383571966845
ton,cic,29,mask,logistic,weighted,size,forced,0.0,,13270,1267,0,8432,0,1151,7281,1151,7281,13270,0.6354182366239638,0.0
ton,cic,29,mask,logistic,weighted,size,frozen,0.05,0.5790466817118836,13270,1267,8890,8432,5409,51,2972,1151,7281,4380,0.6901826484018265,0.6699321778447627
ton,cic,29,mask,logistic,weighted,size,cap,0.05,,13270,1267,652,8432,289,1149,6994,1151,7281,12618,0.6453479156760183,0.049133383571966845
ton,cic,29,mask,logistic,weighted,size,random,0.05,,13270,1267,652,8432,414,1098,6920,1151,7281,12618,0.6354414328736725,0.049133383571966845
ton,cic,29,mask,logistic,weighted,tcp,forced,0.0,,13270,1267,0,9475,0,45,9430,45,9430,13270,0.714016578749058,0.0
ton,cic,29,mask,logistic,weighted,tcp,frozen,0.05,0.5790466817118836,13270,1267,5659,9475,3341,19,6115,45,9430,7611,0.8059387728288004,0.42645064054257725
ton,cic,29,mask,logistic,weighted,tcp,cap,0.05,,13270,1267,652,9475,378,37,9060,45,9430,12618,0.720954192423522,0.049133383571966845
ton,cic,29,mask,logistic,weighted,tcp,random,0.05,,13270,1267,652,9475,486,41,8948,45,9430,12618,0.7123949912822951,0.049133383571966845
ton,cic,29,mask,logistic,weighted,temporal+tcp,forced,0.0,,13270,1267,0,6920,0,77,6843,77,6843,13270,0.5214770158251696,0.0
ton,cic,29,mask,logistic,weighted,temporal+tcp,frozen,0.05,0.5790466817118836,13270,1267,8666,6920,3275,12,3633,77,6843,4604,0.7917028670721112,0.653051996985682
ton,cic,29,mask,logistic,weighted,temporal+tcp,cap,0.05,,13270,1267,652,6920,216,75,6629,77,6843,12618,0.5313044856554129,0.049133383571966845
ton,cic,29,mask,logistic,weighted,temporal+tcp,random,0.05,,13270,1267,652,6920,358,71,6491,77,6843,12618,0.5200507211919481,0.049133383571966845
ton,unsw,29,mask,forest,unique,clean,forced,0.0,,10417,1285,0,5475,0,1126,4349,1126,4349,10417,0.5255831813381971,0.0
ton,unsw,29,mask,forest,unique,clean,frozen,0.05,0.8769785508525896,10417,1285,6127,5475,3222,1039,1214,1126,4349,4290,0.5251748251748252,0.5881731784582893
ton,unsw,29,mask,forest,unique,clean,cap,0.05,,10417,1285,518,5475,264,1118,4093,1126,4349,9899,0.5264168097787655,0.04972640875491984
ton,unsw,29,mask,forest,unique,clean,random,0.05,,10417,1285,518,5475,271,1071,4133,1126,4349,9899,0.5257096676431963,0.04972640875491984
ton,unsw,29,mask,forest,unique,temporal,forced,0.0,,10417,1285,0,6277,0,1165,5112,1165,5112,10417,0.6025727176730344,0.0
ton,unsw,29,mask,forest,unique,temporal,frozen,0.05,0.8769785508525896,10417,1285,6958,6277,4615,1049,613,1165,5112,3459,0.48048568950563747,0.6679466257079774
ton,unsw,29,mask,forest,unique,temporal,cap,0.05,,10417,1285,518,6277,211,1157,4909,1165,5112,9899,0.6127891706232953,0.04972640875491984
ton,unsw,29,mask,forest,unique,temporal,random,0.05,,10417,1285,518,6277,293,1108,4876,1165,5112,9899,0.604505505606627,0.04972640875491984
ton,unsw,29,mask,forest,unique,size,forced,0.0,,10417,1285,0,3698,0,1230,2468,1230,2468,10417,0.3549966401075166,0.0
ton,unsw,29,mask,forest,unique,size,frozen,0.05,0.8769785508525896,10417,1285,5295,3698,2072,971,655,1230,2468,5122,0.31745411948457636,0.508303734280503
ton,unsw,29,mask,forest,unique,size,cap,0.05,,10417,1285,518,3698,246,1222,2230,1230,2468,9899,0.3487220931407213,0.04972640875491984
ton,unsw,29,mask,forest,unique,size,random,0.05,,10417,1285,518,3698,172,1170,2356,1230,2468,9899,0.3561975957167391,0.04972640875491984
ton,unsw,29,mask,forest,unique,tcp,forced,0.0,,10417,1285,0,2665,0,1087,1578,1087,1578,10417,0.25583181338197175,0.0
ton,unsw,29,mask,forest,unique,tcp,frozen,0.05,0.8769785508525896,10417,1285,7244,2665,1442,981,242,1087,1578,3173,0.385439647021746,0.6954017471440914
ton,unsw,29,mask,forest,unique,tcp,cap,0.05,,10417,1285,518,2665,175,1078,1412,1087,1578,9899,0.25154055965249017,0.04972640875491984
ton,unsw,29,mask,forest,unique,tcp,random,0.05,,10417,1285,518,2665,138,1034,1493,1087,1578,9899,0.255278310940499,0.04972640875491984
ton,unsw,29,mask,forest,unique,temporal+tcp,forced,0.0,,10417,1285,0,1503,0,1282,221,1282,221,10417,0.1442833829317462,0.0
ton,unsw,29,mask,forest,unique,temporal+tcp,frozen,0.05,0.8769785508525896,10417,1285,2936,1503,298,1203,2,1282,221,7481,0.16107472263066436,0.2818469808966113
ton,unsw,29,mask,forest,unique,temporal+tcp,cap,0.05,,10417,1285,518,1503,104,1264,135,1282,221,9899,0.14132740680876857,0.04972640875491984
ton,unsw,29,mask,forest,unique,temporal+tcp,random,0.05,,10417,1285,518,1503,78,1217,208,1282,221,9899,0.14395393474088292,0.04972640875491984
ton,unsw,29,mask,forest,weighted,clean,forced,0.0,,10665,1289,0,5676,0,1130,4546,1130,4546,10665,0.5322081575246133,0.0
ton,unsw,29,mask,forest,weighted,clean,frozen,0.05,0.8769785508525896,10665,1289,6241,5676,3313,1043,1320,1130,4546,4424,0.534132007233273,0.5851851851851851
ton,unsw,29,mask,forest,weighted,clean,cap,0.05,,10665,1289,530,5676,269,1122,4285,1130,4546,10135,0.5334977799703996,0.049695264885138306
ton,unsw,29,mask,forest,weighted,clean,random,0.05,,10665,1289,530,5676,294,1062,4320,1130,4546,10135,0.5310310804144055,0.049695264885138306
ton,unsw,29,mask,forest,weighted,temporal,forced,0.0,,10665,1289,0,6481,0,1169,5312,1169,5312,10665,0.6076887013595874,0.0
ton,unsw,29,mask,forest,weighted,temporal,frozen,0.05,0.8769785508525896,10665,1289,7149,6481,4786,1053,642,1169,5312,3516,0.48208191126279865,0.6703234880450071
ton,unsw,29,mask,forest,weighted,temporal,cap,0.05,,10665,1289,530,6481,213,1161,5107,1169,5312,10135,0.6184509126788357,0.049695264885138306
ton,unsw,29,mask,forest,weighted,temporal,random,0.05,,10665,1289,530,6481,316,1098,5067,1169,5312,10135,0.6082881105081401,0.049695264885138306
ton,unsw,29,mask,forest,weighted,size,forced,0.0,,10665,1289,0,3753,0,1234,2519,1234,2519,10665,0.3518987341772152,0.0
ton,unsw,29,mask,forest,weighted,size,frozen,0.05,0.8769785508525896,10665,1289,5423,3753,2104,975,674,1234,2519,5242,0.31457458985120185,0.5084857008907642
ton,unsw,29,mask,forest,weighted,size,cap,0.05,,10665,1289,530,3753,248,1224,2281,1234,2519,10135,0.34583127775037,0.049695264885138306
ton,unsw,29,mask,forest,weighted,size,random,0.05,,10665,1289,530,3753,190,1163,2400,1234,2519,10135,0.35155402072027625,0.049695264885138306
ton,unsw,29,mask,forest,weighted,tcp,forced,0.0,,10665,1289,0,2689,0,1091,1598,1091,1598,10665,0.2521331458040319,0.0
ton,unsw,29,mask,forest,weighted,tcp,frozen,0.05,0.8769785508525896,10665,1289,7447,2689,1460,985,244,1091,1598,3218,0.3819142324425109,0.6982653539615565
ton,unsw,29,mask,forest,weighted,tcp,cap,0.05,,10665,1289,530,2689,181,1082,1426,1091,1598,10135,0.2474592994573261,0.049695264885138306
ton,unsw,29,mask,forest,weighted,tcp,random,0.05,,10665,1289,530,2689,157,1026,1506,1091,1598,10135,0.2498273310310804,0.049695264885138306
ton,unsw,29,mask,forest,weighted,temporal+tcp,forced,0.0,,10665,1289,0,1514,0,1286,228,1286,228,10665,0.14195968120018754,0.0
ton,unsw,29,mask,forest,weighted,temporal+tcp,frozen,0.05,0.8769785508525896,10665,1289,2984,1514,304,1207,3,1286,228,7681,0.15753157140997265,0.27979371776840134
ton,unsw,29,mask,forest,weighted,temporal+tcp,cap,0.05,,10665,1289,530,1514,108,1269,137,1286,228,10135,0.13872718302910705,0.049695264885138306
ton,unsw,29,mask,forest,weighted,temporal+tcp,random,0.05,,10665,1289,530,1514,89,1211,214,1286,228,10135,0.14060187469166255,0.049695264885138306
ton,cic,29,mask,forest,unique,clean,forced,0.0,,12188,306,0,462,0,302,160,302,160,12188,0.03790613718411552,0.0
ton,cic,29,mask,forest,unique,clean,frozen,0.05,0.8769785508525896,12188,306,272,462,75,295,92,302,160,11916,0.0324773413897281,0.022317033147358056
ton,cic,29,mask,forest,unique,clean,cap,0.05,,12188,306,598,462,95,290,77,302,160,11590,0.03166522864538395,0.04906465375779455
ton,cic,29,mask,forest,unique,clean,random,0.05,,12188,306,598,462,33,283,146,302,160,11590,0.03701466781708369,0.04906465375779455
ton,cic,29,mask,forest,unique,temporal,forced,0.0,,12188,306,0,407,0,303,104,303,104,12188,0.033393501805054154,0.0
ton,cic,29,mask,forest,unique,temporal,frozen,0.05,0.8769785508525896,12188,306,193,407,41,298,68,303,104,11995,0.03051271363067945,0.01583524778470627
ton,cic,29,mask,forest,unique,temporal,cap,0.05,,12188,306,598,407,63,289,55,303,104,11590,0.029680759275237275,0.04906465375779455
ton,cic,29,mask,forest,unique,temporal,random,0.05,,12188,306,598,407,29,284,94,303,104,11590,0.03261432269197584,0.04906465375779455
ton,cic,29,mask,forest,unique,size,forced,0.0,,12188,306,0,1667,0,261,1406,261,1406,12188,0.13677387594355103,0.0
ton,cic,29,mask,forest,unique,size,frozen,0.05,0.8769785508525896,12188,306,5391,1667,1171,205,291,261,1406,6797,0.07297337060467854,0.4423203150639974
ton,cic,29,mask,forest,unique,size,cap,0.05,,12188,306,598,1667,313,254,1100,261,1406,11590,0.11682484900776531,0.04906465375779455
ton,cic,29,mask,forest,unique,size,random,0.05,,12188,306,598,1667,82,244,1341,261,1406,11590,0.13675582398619499,0.04906465375779455
ton,cic,29,mask,forest,unique,tcp,forced,0.0,,12188,306,0,464,0,304,160,304,160,12188,0.03807023301608139,0.0
ton,cic,29,mask,forest,unique,tcp,frozen,0.05,0.8769785508525896,12188,306,230,464,68,296,100,304,160,11958,0.03311590566984446,0.018871020676074827
ton,cic,29,mask,forest,unique,tcp,cap,0.05,,12188,306,598,464,104,287,73,304,160,11590,0.031061259706643658,0.04906465375779455
ton,cic,29,mask,forest,unique,tcp,random,0.05,,12188,306,598,464,35,284,145,304,160,11590,0.03701466781708369,0.04906465375779455
ton,cic,29,mask,forest,unique,temporal+tcp,forced,0.0,,12188,306,0,439,0,303,136,303,136,12188,0.036019035116508044,0.0
ton,cic,29,mask,forest,unique,temporal+tcp,frozen,0.05,0.8769785508525896,12188,306,228,439,64,297,78,303,136,11960,0.031354515050167224,0.01870692484410896
ton,cic,29,mask,forest,unique,temporal+tcp,cap,0.05,,12188,306,598,439,95,286,58,303,136,11590,0.029680759275237275,0.04906465375779455
ton,cic,29,mask,forest,unique,temporal+tcp,random,0.05,,12188,306,598,439,33,283,123,303,136,11590,0.035030198446937014,0.04906465375779455
ton,cic,29,mask,forest,weighted,clean,forced,0.0,,13270,1267,0,1433,0,1263,170,1263,170,13270,0.1079879427279578,0.0
ton,cic,29,mask,forest,weighted,clean,frozen,0.05,0.8769785508525896,13270,1267,278,1433,80,1256,97,1263,170,12992,0.10414100985221675,0.020949510173323287
ton,cic,29,mask,forest,weighted,clean,cap,0.05,,13270,1267,652,1433,102,1251,80,1263,170,12618,0.10548422887937867,0.049133383571966845
ton,cic,29,mask,forest,weighted,clean,random,0.05,,13270,1267,652,1433,64,1207,162,1263,170,12618,0.1084957996512918,0.049133383571966845
ton,cic,29,mask,forest,weighted,temporal,forced,0.0,,13270,1267,0,1375,0,1264,111,1264,111,13270,0.10361718161266013,0.0
ton,cic,29,mask,forest,weighted,temporal,frozen,0.05,0.8769785508525896,13270,1267,198,1375,43,1259,73,1264,111,13072,0.10189718482252141,0.01492087415222306
ton,cic,29,mask,forest,weighted,temporal,cap,0.05,,13270,1267,652,1375,65,1250,60,1264,111,12618,0.10381993976858456,0.049133383571966845
ton,cic,29,mask,forest,weighted,temporal,random,0.05,,13270,1267,652,1375,62,1208,105,1264,111,12618,0.10405769535584086,0.049133383571966845
ton,cic,29,mask,forest,weighted,size,forced,0.0,,13270,1267,0,2649,0,1219,1430,1219,1430,13270,0.19962321024868124,0.0
ton,cic,29,mask,forest,weighted,size,frozen,0.05,0.8769785508525896,13270,1267,5424,2649,1185,1163,301,1219,1430,7846,0.18659189395870507,0.40874152223059534
ton,cic,29,mask,forest,weighted,size,cap,0.05,,13270,1267,652,2649,333,1212,1104,1219,1430,12618,0.183547313361864,0.049133383571966845
ton,cic,29,mask,forest,weighted,size,random,0.05,,13270,1267,652,2649,127,1165,1357,1219,1430,12618,0.19987319702012998,0.049133383571966845
ton,cic,29,mask,forest,weighted,tcp,forced,0.0,,13270,1267,0,1434,0,1265,169,1265,169,13270,0.10806330067822155,0.0
ton,cic,29,mask,forest,weighted,tcp,frozen,0.05,0.8769785508525896,13270,1267,233,1434,70,1257,107,1265,169,13037,0.10462529723095804,0.01755840241145441
ton,cic,29,mask,forest,weighted,tcp,cap,0.05,,13270,1267,652,1434,115,1248,71,1265,169,12618,0.10453320653035346,0.049133383571966845
ton,cic,29,mask,forest,weighted,tcp,random,0.05,,13270,1267,652,1434,64,1209,161,1265,169,12618,0.10857505151371057,0.049133383571966845
ton,cic,29,mask,forest,weighted,temporal+tcp,forced,0.0,,13270,1267,0,1409,0,1264,145,1264,145,13270,0.10617935192162774,0.0
ton,cic,29,mask,forest,weighted,temporal+tcp,frozen,0.05,0.8769785508525896,13270,1267,239,1409,67,1258,84,1264,145,13031,0.10298518916430051,0.018010550113036924
ton,cic,29,mask,forest,weighted,temporal+tcp,cap,0.05,,13270,1267,652,1409,103,1248,58,1264,145,12618,0.10350293231890949,0.049133383571966845
ton,cic,29,mask,forest,weighted,temporal+tcp,random,0.05,,13270,1267,652,1409,63,1208,138,1264,145,12618,0.10667300681566017,0.049133383571966845
ton,unsw,43,clean,logistic,unique,clean,forced,0.0,,10417,1285,0,9054,0,272,8782,272,8782,10417,0.8691561870020159,0.0
ton,unsw,43,clean,logistic,unique,clean,frozen,0.05,0.6754597306313073,10417,1285,157,9054,103,237,8714,272,8782,10260,0.8724171539961013,0.015071517711433235
ton,unsw,43,clean,logistic,unique,clean,cap,0.05,,10417,1285,518,9054,369,209,8476,272,8782,9899,0.8773613496312759,0.04972640875491984
ton,unsw,43,clean,logistic,unique,clean,random,0.05,,10417,1285,518,9054,434,258,8362,272,8782,9899,0.87079502980099,0.04972640875491984
ton,unsw,43,clean,logistic,unique,temporal,forced,0.0,,10417,1285,0,9083,0,725,8358,725,8358,10417,0.8719400979168667,0.0
ton,unsw,43,clean,logistic,unique,temporal,frozen,0.05,0.6754597306313073,10417,1285,882,9083,467,443,8173,725,8358,9535,0.9036182485579444,0.08466929058270135
ton,unsw,43,clean,logistic,unique,temporal,cap,0.05,,10417,1285,518,9083,265,567,8251,725,8358,9899,0.8907970502070917,0.04972640875491984
ton,unsw,43,clean,logistic,unique,temporal,random,0.05,,10417,1285,518,9083,445,683,7955,725,8358,9899,0.8726133952924537,0.04972640875491984
ton,unsw,43,clean,logistic,unique,size,forced,0.0,,10417,1285,0,4428,0,257,4171,257,4171,10417,0.4250743976192762,0.0
ton,unsw,43,clean,logistic,unique,size,frozen,0.05,0.6754597306313073,10417,1285,1477,4428,529,254,3645,257,4171,8940,0.4361297539149888,0.14178746280119037
ton,unsw,43,clean,logistic,unique,size,cap,0.05,,10417,1285,518,4428,218,256,3954,257,4171,9899,0.42529548439236287,0.04972640875491984
ton,unsw,43,clean,logistic,unique,size,random,0.05,,10417,1285,518,4428,216,244,3968,257,4171,9899,0.4254975250025255,0.04972640875491984
ton,unsw,43,clean,logistic,unique,tcp,forced,0.0,,10417,1285,0,9047,0,275,8772,275,8772,10417,0.8684842085053278,0.0
ton,unsw,43,clean,logistic,unique,tcp,frozen,0.05,0.6754597306313073,10417,1285,151,9047,88,247,8712,275,8772,10266,0.8726865380868888,0.01449553614284343
ton,unsw,43,clean,logistic,unique,tcp,cap,0.05,,10417,1285,518,9047,332,216,8499,275,8772,9899,0.8803919587837156,0.04972640875491984
ton,unsw,43,clean,logistic,unique,tcp,random,0.05,,10417,1285,518,9047,434,261,8352,275,8772,9899,0.8700878876654208,0.04972640875491984
ton,unsw,43,clean,logistic,unique,temporal+tcp,forced,0.0,,10417,1285,0,9161,0,806,8355,806,8355,10417,0.8794278583085341,0.0
ton,unsw,43,clean,logistic,unique,temporal+tcp,frozen,0.05,0.6754597306313073,10417,1285,820,9161,467,524,8170,806,8355,9597,0.9059080962800875,0.0787174810406067
ton,unsw,43,clean,logistic,unique,temporal+tcp,cap,0.05,,10417,1285,518,9161,301,629,8231,806,8355,9899,0.8950399030205072,0.04972640875491984
ton,unsw,43,clean,logistic,unique,temporal+tcp,random,0.05,,10417,1285,518,9161,447,761,7953,806,8355,9899,0.8802909384786342,0.04972640875491984
ton,unsw,43,clean,logistic,weighted,clean,forced,0.0,,10665,1289,0,9298,0,276,9022,276,9022,10665,0.8718237224566339,0.0
ton,unsw,43,clean,logistic,weighted,clean,frozen,0.05,0.6754597306313073,10665,1289,160,9298,105,240,8953,276,9022,10505,0.8751070918610185,0.015002344116268168
ton,unsw,43,clean,logistic,weighted,clean,cap,0.05,,10665,1289,530,9298,378,211,8709,276,9022,10135,0.8801184015786877,0.049695264885138306
ton,unsw,43,clean,logistic,weighted,clean,random,0.05,,10665,1289,530,9298,461,262,8575,276,9022,10135,0.8719289590527873,0.049695264885138306
ton,unsw,43,clean,logistic,weighted,temporal,forced,0.0,,10665,1289,0,9323,0,726,8597,726,8597,10665,0.8741678387248007,0.0
ton,unsw,43,clean,logistic,weighted,temporal,frozen,0.05,0.6754597306313073,10665,1289,889,9323,470,443,8410,726,8597,9776,0.9055851063829787,0.083356774496015
ton,unsw,43,clean,logistic,weighted,temporal,cap,0.05,,10665,1289,530,9323,272,561,8490,726,8597,10135,0.8930439072520967,0.049695264885138306
ton,unsw,43,clean,logistic,weighted,temporal,random,0.05,,10665,1289,530,9323,463,692,8168,726,8597,10135,0.874198322644302,0.049695264885138306
ton,unsw,43,clean,logistic,weighted,size,forced,0.0,,10665,1289,0,4464,0,261,4203,261,4203,10665,0.41856540084388183,0.0
ton,unsw,43,clean,logistic,weighted,size,frozen,0.05,0.6754597306313073,10665,1289,1504,4464,543,258,3663,261,4203,9161,0.42801004257177167,0.14102203469292077
ton,unsw,43,clean,logistic,weighted,size,cap,0.05,,10665,1289,530,4464,230,260,3974,261,4203,10135,0.4177602368031574,0.049695264885138306
ton,unsw,43,clean,logistic,weighted,size,random,0.05,,10665,1289,530,4464,229,249,3986,261,4203,10135,0.4178589047853971,0.049695264885138306
ton,unsw,43,clean,logistic,weighted,tcp,forced,0.0,,10665,1289,0,9291,0,279,9012,279,9012,10665,0.8711673699015471,0.0
ton,unsw,43,clean,logistic,weighted,tcp,frozen,0.05,0.6754597306313073,10665,1289,154,9291,90,250,8951,279,9012,10511,0.8753686614023404,0.01443975621190811
ton,unsw,43,clean,logistic,weighted,tcp,cap,0.05,,10665,1289,530,9291,344,218,8729,279,9012,10135,0.8827824370991614,0.049695264885138306
ton,unsw,43,clean,logistic,weighted,tcp,random,0.05,,10665,1289,530,9291,461,265,8565,279,9012,10135,0.871238283177109,0.049695264885138306
ton,unsw,43,clean,logistic,weighted,temporal+tcp,forced,0.0,,10665,1289,0,9401,0,807,8594,807,8594,10665,0.8814814814814815,0.0
ton,unsw,43,clean,logistic,weighted,temporal+tcp,frozen,0.05,0.6754597306313073,10665,1289,827,9401,470,524,8407,807,8594,9838,0.9078064647286034,0.0775433661509611
ton,unsw,43,clean,logistic,weighted,temporal+tcp,cap,0.05,,10665,1289,530,9401,308,625,8468,807,8594,10135,0.8971879625061667,0.049695264885138306
ton,unsw,43,clean,logistic,weighted,temporal+tcp,random,0.05,,10665,1289,530,9401,470,768,8163,807,8594,10135,0.8812037493833251,0.049695264885138306
ton,cic,43,clean,logistic,unique,clean,forced,0.0,,12188,306,0,9173,0,124,9049,124,9049,12188,0.7526255333114539,0.0
ton,cic,43,clean,logistic,unique,clean,frozen,0.05,0.6754597306313073,12188,306,3129,9173,1670,39,7464,124,9049,9059,0.8282371122640468,0.2567279291106006
ton,cic,43,clean,logistic,unique,clean,cap,0.05,,12188,306,598,9173,302,93,8778,124,9049,11590,0.7654012079378775,0.04906465375779455
ton,cic,43,clean,logistic,unique,clean,random,0.05,,12188,306,598,9173,442,121,8610,124,9049,11590,0.7533218291630717,0.04906465375779455
ton,cic,43,clean,logistic,unique,temporal,forced,0.0,,12188,306,0,3220,0,158,3062,158,3062,12188,0.2641942894650476,0.0
ton,cic,43,clean,logistic,unique,temporal,frozen,0.05,0.6754597306313073,12188,306,1274,3220,606,125,2489,158,3062,10914,0.23950888766721642,0.10452904496225796
ton,cic,43,clean,logistic,unique,temporal,cap,0.05,,12188,306,598,3220,329,136,2755,158,3062,11590,0.24943917169974117,0.04906465375779455
ton,cic,43,clean,logistic,unique,temporal,random,0.05,,12188,306,598,3220,178,152,2890,158,3062,11590,0.2624676445211389,0.04906465375779455
ton,cic,43,clean,logistic,unique,size,forced,0.0,,12188,306,0,9456,0,155,9301,155,9301,12188,0.7758450935346243,0.0
ton,cic,43,clean,logistic,unique,size,frozen,0.05,0.6754597306313073,12188,306,1208,9456,680,122,8654,155,9301,10980,0.7992714025500911,0.09911388250738432
ton,cic,43,clean,logistic,unique,size,cap,0.05,,12188,306,598,9456,316,145,8995,155,9301,11590,0.7886108714408974,0.04906465375779455
ton,cic,43,clean,logistic,unique,size,random,0.05,,12188,306,598,9456,450,148,8858,155,9301,11590,0.7770491803278688,0.04906465375779455
ton,cic,43,clean,logistic,unique,tcp,forced,0.0,,12188,306,0,9758,0,48,9710,48,9710,12188,0.8006235641614703,0.0
ton,cic,43,clean,logistic,unique,tcp,frozen,0.05,0.6754597306313073,12188,306,2412,9758,1320,29,8409,48,9710,9776,0.8631342062193126,0.19789957335083688
ton,cic,43,clean,logistic,unique,tcp,cap,0.05,,12188,306,598,9758,281,41,9436,48,9710,11590,0.8176876617773943,0.04906465375779455
ton,cic,43,clean,logistic,unique,tcp,random,0.05,,12188,306,598,9758,478,47,9233,48,9710,11590,0.8006902502157032,0.04906465375779455
ton,cic,43,clean,logistic,unique,temporal+tcp,forced,0.0,,12188,306,0,3265,0,128,3137,128,3137,12188,0.2678864456842796,0.0
ton,cic,43,clean,logistic,unique,temporal+tcp,frozen,0.05,0.6754597306313073,12188,306,1228,3265,626,113,2526,128,3137,10960,0.24078467153284672,0.10075484082704299
ton,cic,43,clean,logistic,unique,temporal+tcp,cap,0.05,,12188,306,598,3265,355,118,2792,128,3137,11590,0.25107851596203623,0.04906465375779455
ton,cic,43,clean,logistic,unique,temporal+tcp,random,0.05,,12188,306,598,3265,180,124,2961,128,3137,11590,0.26617773943054357,0.04906465375779455
ton,cic,43,clean,logistic,weighted,clean,forced,0.0,,13270,1267,0,10163,0,1070,9093,1070,9093,13270,0.76586284853052,0.0
ton,cic,43,clean,logistic,weighted,clean,frozen,0.05,0.6754597306313073,13270,1267,4135,10163,2628,43,7492,1070,9093,9135,0.8248494800218938,0.31160512434061793
ton,cic,43,clean,logistic,weighted,clean,cap,0.05,,13270,1267,652,10163,381,934,8848,1070,9093,12618,0.7752417181803772,0.049133383571966845
ton,cic,43,clean,logistic,weighted,clean,random,0.05,,13270,1267,652,10163,525,1017,8621,1070,9093,12618,0.7638294499920748,0.049133383571966845
ton,cic,43,clean,logistic,weighted,temporal,forced,0.0,,13270,1267,0,3332,0,173,3159,173,3159,13270,0.2510926902788244,0.0
ton,cic,43,clean,logistic,weighted,temporal,frozen,0.05,0.6754597306313073,13270,1267,2237,3332,623,126,2583,173,3159,11033,0.24553611891597935,0.16857573474001508
ton,cic,43,clean,logistic,weighted,temporal,cap,0.05,,13270,1267,652,3332,291,150,2891,173,3159,12618,0.24100491361546997,0.049133383571966845
ton,cic,43,clean,logistic,weighted,temporal,random,0.05,,13270,1267,652,3332,153,165,3014,173,3159,12618,0.25194167062925976,0.049133383571966845
ton,cic,43,clean,logistic,weighted,size,forced,0.0,,13270,1267,0,10437,0,1114,9323,1114,9323,13270,0.7865109269027882,0.0
ton,cic,43,clean,logistic,weighted,size,frozen,0.05,0.6754597306313073,13270,1267,1221,10437,686,1081,8670,1114,9323,12049,0.8092787783218525,0.0920120572720422
ton,cic,43,clean,logistic,weighted,size,cap,0.05,,13270,1267,652,10437,346,1104,8987,1114,9323,12618,0.7997305436677762,0.049133383571966845
ton,cic,43,clean,logistic,weighted,size,random,0.05,,13270,1267,652,10437,522,1056,8859,1114,9323,12618,0.7857822158820732,0.049133383571966845
ton,cic,43,clean,logistic,weighted,tcp,forced,0.0,,13270,1267,0,9809,0,53,9756,53,9756,13270,0.7391861341371515,0.0
ton,cic,43,clean,logistic,weighted,tcp,frozen,0.05,0.6754597306313073,13270,1267,3056,9809,1338,33,8438,53,9756,10214,0.8293518699823771,0.23029389600602865
ton,cic,43,clean,logistic,weighted,tcp,cap,0.05,,13270,1267,652,9809,313,45,9451,53,9756,12618,0.7525756855286099,0.049133383571966845
ton,cic,43,clean,logistic,weighted,tcp,random,0.05,,13270,1267,652,9809,498,51,9260,53,9756,12618,0.737914090981138,0.049133383571966845
ton,cic,43,clean,logistic,weighted,temporal+tcp,forced,0.0,,13270,1267,0,3365,0,129,3236,129,3236,13270,0.25357950263752826,0.0
ton,cic,43,clean,logistic,weighted,temporal+tcp,frozen,0.05,0.6754597306313073,13270,1267,1236,3365,630,114,2621,129,3236,12034,0.22727272727272727,0.0931424265259985
ton,cic,43,clean,logistic,weighted,temporal+tcp,cap,0.05,,13270,1267,652,3365,382,118,2865,129,3236,12618,0.2364083055951815,0.049133383571966845
ton,cic,43,clean,logistic,weighted,temporal+tcp,random,0.05,,13270,1267,652,3365,156,123,3086,129,3236,12618,0.2543192265018228,0.049133383571966845
ton,unsw,43,clean,forest,unique,clean,forced,0.0,,10417,1285,0,7226,0,1034,6192,1034,6192,10417,0.693673802438322,0.0
ton,unsw,43,clean,forest,unique,clean,frozen,0.05,0.90693259894853,10417,1285,4085,7226,2422,1007,3797,1034,6192,6332,0.7586860391661402,0.392147451281559
ton,unsw,43,clean,forest,unique,clean,cap,0.05,,10417,1285,518,7226,237,1025,5964,1034,6192,9899,0.7060309122133549,0.04972640875491984
ton,unsw,43,clean,forest,unique,clean,random,0.05,,10417,1285,518,7226,358,980,5888,1034,6192,9899,0.693807455298515,0.04972640875491984
ton,unsw,43,clean,forest,unique,temporal,forced,0.0,,10417,1285,0,6344,0,1268,5076,1268,5076,10417,0.6090045118556207,0.0
ton,unsw,43,clean,forest,unique,temporal,frozen,0.05,0.90693259894853,10417,1285,5419,6344,3486,1163,1695,1268,5076,4998,0.571828731492597,0.5202073533646924
ton,unsw,43,clean,forest,unique,temporal,cap,0.05,,10417,1285,518,6344,168,1266,4910,1268,5076,9899,0.6239014041822406,0.04972640875491984
ton,unsw,43,clean,forest,unique,temporal,random,0.05,,10417,1285,518,6344,322,1194,4828,1268,5076,9899,0.6083442771997172,0.04972640875491984
ton,unsw,43,clean,forest,unique,size,forced,0.0,,10417,1285,0,5387,0,1213,4174,1213,4174,10417,0.5171354516655468,0.0
ton,unsw,43,clean,forest,unique,size,frozen,0.05,0.90693259894853,10417,1285,5695,5387,2605,1007,1775,1213,4174,4722,0.589157136806438,0.5467025055198234
ton,unsw,43,clean,forest,unique,size,cap,0.05,,10417,1285,518,5387,221,1211,3955,1213,4174,9899,0.5218708960501061,0.04972640875491984
ton,unsw,43,clean,forest,unique,size,random,0.05,,10417,1285,518,5387,265,1143,3979,1213,4174,9899,0.5174260026265279,0.04972640875491984
ton,unsw,43,clean,forest,unique,tcp,forced,0.0,,10417,1285,0,4802,0,1239,3563,1239,3563,10417,0.4609772487280407,0.0
ton,unsw,43,clean,forest,unique,tcp,frozen,0.05,0.90693259894853,10417,1285,6622,4802,3127,1129,546,1239,3563,3795,0.4413702239789196,0.6356916578669483
ton,unsw,43,clean,forest,unique,tcp,cap,0.05,,10417,1285,518,4802,256,1238,3308,1239,3563,9899,0.4592383068996868,0.04972640875491984
ton,unsw,43,clean,forest,unique,tcp,random,0.05,,10417,1285,518,4802,232,1168,3402,1239,3563,9899,0.46166279422163853,0.04972640875491984
ton,unsw,43,clean,forest,unique,temporal+tcp,forced,0.0,,10417,1285,0,2838,0,1270,1568,1270,1568,10417,0.27243928194297784,0.0
ton,unsw,43,clean,forest,unique,temporal+tcp,frozen,0.05,0.90693259894853,10417,1285,5104,2838,920,1201,717,1270,1568,5313,0.36100131752305664,0.48996832101372756
ton,unsw,43,clean,forest,unique,temporal+tcp,cap,0.05,,10417,1285,518,2838,235,1257,1346,1270,1568,9899,0.2629558541266795,0.04972640875491984
ton,unsw,43,clean,forest,unique,temporal+tcp,random,0.05,,10417,1285,518,2838,146,1196,1496,1270,1568,9899,0.2719466612789171,0.04972640875491984
ton,unsw,43,clean,forest,weighted,clean,forced,0.0,,10665,1289,0,7437,0,1038,6399,1038,6399,10665,0.6973277074542897,0.0
ton,unsw,43,clean,forest,weighted,clean,frozen,0.05,0.90693259894853,10665,1289,4180,7437,2491,1011,3935,1038,6399,6485,0.7626831148804935,0.3919362400375059
ton,unsw,43,clean,forest,weighted,clean,cap,0.05,,10665,1289,530,7437,238,1029,6170,1038,6399,10135,0.7103108041440552,0.049695264885138306
ton,unsw,43,clean,forest,weighted,clean,random,0.05,,10665,1289,530,7437,356,989,6092,1038,6399,10135,0.6986679822397632,0.049695264885138306
ton,unsw,43,clean,forest,weighted,temporal,forced,0.0,,10665,1289,0,6505,0,1272,5233,1272,5233,10665,0.6099390529770277,0.0
ton,unsw,43,clean,forest,weighted,temporal,frozen,0.05,0.90693259894853,10665,1289,5574,6505,3586,1167,1752,1272,5233,5091,0.5733647613435474,0.5226441631504922
ton,unsw,43,clean,forest,weighted,temporal,cap,0.05,,10665,1289,530,6505,175,1270,5060,1272,5233,10135,0.6245683275777011,0.049695264885138306
ton,unsw,43,clean,forest,weighted,temporal,random,0.05,,10665,1289,530,6505,321,1213,4971,1272,5233,10135,0.6101628021706956,0.049695264885138306
ton,unsw,43,clean,forest,weighted,size,forced,0.0,,10665,1289,0,5550,0,1217,4333,1217,4333,10665,0.5203938115330521,0.0
ton,unsw,43,clean,forest,weighted,size,frozen,0.05,0.90693259894853,10665,1289,5832,5550,2691,1011,1848,1217,4333,4833,0.5915580384854128,0.5468354430379747
ton,unsw,43,clean,forest,weighted,size,cap,0.05,,10665,1289,530,5550,229,1215,4106,1217,4333,10135,0.52501233349778,0.049695264885138306
ton,unsw,43,clean,forest,weighted,size,random,0.05,,10665,1289,530,5550,282,1163,4105,1217,4333,10135,0.5197829304390725,0.049695264885138306
ton,unsw,43,clean,forest,weighted,tcp,forced,0.0,,10665,1289,0,4951,0,1243,3708,1243,3708,10665,0.4642287857477731,0.0
ton,unsw,43,clean,forest,weighted,tcp,frozen,0.05,0.90693259894853,10665,1289,6837,4951,3262,1133,556,1243,3708,3828,0.44122257053291536,0.6410689170182841
ton,unsw,43,clean,forest,weighted,tcp,cap,0.05,,10665,1289,530,4951,261,1242,3448,1243,3708,10135,0.4627528367044894,0.049695264885138306
ton,unsw,43,clean,forest,weighted,tcp,random,0.05,,10665,1289,530,4951,234,1185,3532,1243,3708,10135,0.465416872224963,0.049695264885138306
ton,unsw,43,clean,forest,weighted,temporal+tcp,forced,0.0,,10665,1289,0,2858,0,1274,1584,1274,1584,10665,0.2679793717768401,0.0
ton,unsw,43,clean,forest,weighted,temporal+tcp,frozen,0.05,0.90693259894853,10665,1289,5282,2858,931,1205,722,1274,1584,5383,0.357978822218094,0.49526488513830286
ton,unsw,43,clean,forest,weighted,temporal+tcp,cap,0.05,,10665,1289,530,2858,238,1261,1359,1274,1584,10135,0.2585101134681796,0.049695264885138306
ton,unsw,43,clean,forest,weighted,temporal+tcp,random,0.05,,10665,1289,530,2858,136,1215,1507,1274,1584,10135,0.2685742476566354,0.049695264885138306
ton,cic,43,clean,forest,unique,clean,forced,0.0,,12188,306,0,1070,0,291,779,291,779,12188,0.08779127010173941,0.0
ton,cic,43,clean,forest,unique,clean,frozen,0.05,0.90693259894853,12188,306,5149,1070,667,251,152,291,779,7039,0.05725245063219207,0.42246471939612734
ton,cic,43,clean,forest,unique,clean,cap,0.05,,12188,306,598,1070,266,288,516,291,779,11590,0.06937014667817083,0.04906465375779455
ton,cic,43,clean,forest,unique,clean,random,0.05,,12188,306,598,1070,46,280,744,291,779,11590,0.08835202761000863,0.04906465375779455
ton,cic,43,clean,forest,unique,temporal,forced,0.0,,12188,306,0,428,0,305,123,305,123,12188,0.035116508040695764,0.0
ton,cic,43,clean,forest,unique,temporal,frozen,0.05,0.90693259894853,12188,306,230,428,64,297,67,305,123,11958,0.030439872888442885,0.018871020676074827
ton,cic,43,clean,forest,unique,temporal,cap,0.05,,12188,306,598,428,103,286,39,305,123,11590,0.028041415012942193,0.04906465375779455
ton,cic,43,clean,forest,unique,temporal,random,0.05,,12188,306,598,428,16,294,118,305,123,11590,0.035547886108714406,0.04906465375779455
ton,cic,43,clean,forest,unique,size,forced,0.0,,12188,306,0,468,0,297,171,297,171,12188,0.03839842468001313,0.0
ton,cic,43,clean,forest,unique,size,frozen,0.05,0.90693259894853,12188,306,607,468,117,292,59,297,171,11581,0.030308263535100594,0.049803085001640955
ton,cic,43,clean,forest,unique,size,cap,0.05,,12188,306,598,468,117,291,60,297,171,11590,0.030284728213977565,0.04906465375779455
ton,cic,43,clean,forest,unique,size,random,0.05,,12188,306,598,468,22,287,159,297,171,11590,0.038481449525452974,0.04906465375779455
ton,cic,43,clean,forest,unique,tcp,forced,0.0,,12188,306,0,446,0,303,143,303,143,12188,0.036593370528388576,0.0
ton,cic,43,clean,forest,unique,tcp,frozen,0.05,0.90693259894853,12188,306,159,446,67,299,80,303,143,12029,0.03150719095519162,0.013045618641286512
ton,cic,43,clean,forest,unique,tcp,cap,0.05,,12188,306,598,446,113,285,48,303,143,11590,0.028731665228645384,0.04906465375779455
ton,cic,43,clean,forest,unique,tcp,random,0.05,,12188,306,598,446,16,292,138,303,143,11590,0.03710094909404659,0.04906465375779455
ton,cic,43,clean,forest,unique,temporal+tcp,forced,0.0,,12188,306,0,455,0,304,151,304,151,12188,0.03733180177223498,0.0
ton,cic,43,clean,forest,unique,temporal+tcp,frozen,0.05,0.90693259894853,12188,306,290,455,84,294,77,304,151,11898,0.0311817112119684,0.02379389563505087
ton,cic,43,clean,forest,unique,temporal+tcp,cap,0.05,,12188,306,598,455,125,285,45,304,151,11590,0.028472821397756688,0.04906465375779455
ton,cic,43,clean,forest,unique,temporal+tcp,random,0.05,,12188,306,598,455,16,293,146,304,151,11590,0.037877480586712683,0.04906465375779455
ton,cic,43,clean,forest,weighted,clean,forced,0.0,,13270,1267,0,2038,0,1252,786,1252,786,13270,0.15357950263752826,0.0
ton,cic,43,clean,forest,weighted,clean,frozen,0.05,0.90693259894853,13270,1267,5164,2038,667,1212,159,1252,786,8106,0.16913397483345669,0.38914845516201957
ton,cic,43,clean,forest,weighted,clean,cap,0.05,,13270,1267,652,2038,276,1249,513,1252,786,12618,0.13964178158186719,0.049133383571966845
ton,cic,43,clean,forest,weighted,clean,random,0.05,,13270,1267,652,2038,111,1186,741,1252,786,12618,0.1527183388809637,0.049133383571966845
ton,cic,43,clean,forest,weighted,temporal,forced,0.0,,13270,1267,0,1396,0,1266,130,1266,130,13270,0.10519969856819894,0.0
ton,cic,43,clean,forest,weighted,temporal,frozen,0.05,0.90693259894853,13270,1267,238,1396,65,1258,73,1266,130,13032,0.10213321055862493,0.017935192162773173
ton,cic,43,clean,forest,weighted,temporal,cap,0.05,,13270,1267,652,1396,108,1248,40,1266,130,12618,0.1020763987953717,0.049133383571966845
ton,cic,43,clean,forest,weighted,temporal,random,0.05,,13270,1267,652,1396,73,1199,124,1266,130,12618,0.10485021398002853,0.049133383571966845
ton,cic,43,clean,forest,weighted,size,forced,0.0,,13270,1267,0,1429,0,1258,171,1258,171,13270,0.10768651092690279,0.0
ton,cic,43,clean,forest,weighted,size,frozen,0.05,0.90693259894853,13270,1267,608,1429,117,1253,59,1258,171,12662,0.10361712209761491,0.04581763376036172
ton,cic,43,clean,forest,weighted,size,cap,0.05,,13270,1267,652,1429,118,1252,59,1258,171,12618,0.10389919163100333,0.049133383571966845
ton,cic,43,clean,forest,weighted,size,random,0.05,,13270,1267,652,1429,73,1191,165,1258,171,12618,0.10746552543984783,0.049133383571966845
ton,cic,43,clean,forest,weighted,tcp,forced,0.0,,13270,1267,0,1415,0,1264,151,1264,151,13270,0.10663149962321025,0.0
ton,cic,43,clean,forest,weighted,tcp,frozen,0.05,0.90693259894853,13270,1267,172,1415,71,1260,84,1264,151,13098,0.10261108566193312,0.012961567445365486
ton,cic,43,clean,forest,weighted,tcp,cap,0.05,,13270,1267,652,1415,123,1245,47,1264,151,12618,0.10239340624504675,0.049133383571966845
ton,cic,43,clean,forest,weighted,tcp,random,0.05,,13270,1267,652,1415,72,1197,146,1264,151,12618,0.10643525122840387,0.049133383571966845
ton,cic,43,clean,forest,weighted,temporal+tcp,forced,0.0,,13270,1267,0,1424,0,1265,159,1265,159,13270,0.10730972117558403,0.0
ton,cic,43,clean,forest,weighted,temporal+tcp,frozen,0.05,0.90693259894853,13270,1267,303,1424,86,1255,83,1265,159,12967,0.10318500809747821,0.022833458929917106
ton,cic,43,clean,forest,weighted,temporal+tcp,cap,0.05,,13270,1267,652,1424,133,1247,44,1265,159,12618,0.10231415438262799,0.049133383571966845
ton,cic,43,clean,forest,weighted,temporal+tcp,random,0.05,,13270,1267,652,1424,73,1198,153,1265,159,12618,0.107069266127754,0.049133383571966845
ton,unsw,43,repeat,logistic,unique,clean,forced,0.0,,10417,1285,0,9035,0,277,8758,277,8758,10417,0.8673322453681482,0.0
ton,unsw,43,repeat,logistic,unique,clean,frozen,0.05,0.685019823459529,10417,1285,143,9035,80,255,8700,277,8758,10274,0.8716176756861982,0.013727560718057022
ton,unsw,43,repeat,logistic,unique,clean,cap,0.05,,10417,1285,518,9035,343,220,8472,277,8758,9899,0.8780684917668451,0.04972640875491984
ton,unsw,43,repeat,logistic,unique,clean,random,0.05,,10417,1285,518,9035,433,263,8339,277,8758,9899,0.8689766643095262,0.04972640875491984
ton,unsw,43,repeat,logistic,unique,temporal,forced,0.0,,10417,1285,0,9135,0,875,8260,875,8260,10417,0.8769319381779783,0.0
ton,unsw,43,repeat,logistic,unique,temporal,frozen,0.05,0.685019823459529,10417,1285,413,9135,201,781,8153,875,8260,10004,0.8930427828868452,0.039646731304598254
ton,unsw,43,repeat,logistic,unique,temporal,cap,0.05,,10417,1285,518,9135,260,747,8128,875,8260,9899,0.8965552075967269,0.04972640875491984
ton,unsw,43,repeat,logistic,unique,temporal,random,0.05,,10417,1285,518,9135,444,829,7862,875,8260,9899,0.8779674714617638,0.04972640875491984
ton,unsw,43,repeat,logistic,unique,size,forced,0.0,,10417,1285,0,4122,0,258,3864,258,3864,10417,0.39569933762119613,0.0
ton,unsw,43,repeat,logistic,unique,size,frozen,0.05,0.685019823459529,10417,1285,783,4122,300,256,3566,258,3864,9634,0.3967199501764584,0.07516559470096956
ton,unsw,43,repeat,logistic,unique,size,cap,0.05,,10417,1285,518,4122,211,256,3655,258,3864,9899,0.39509041317304777,0.04972640875491984
ton,unsw,43,repeat,logistic,unique,size,random,0.05,,10417,1285,518,4122,198,245,3679,258,3864,9899,0.39640367713910496,0.04972640875491984
ton,unsw,43,repeat,logistic,unique,tcp,forced,0.0,,10417,1285,0,9032,0,279,8753,279,8753,10417,0.8670442545838534,0.0
ton,unsw,43,repeat,logistic,unique,tcp,frozen,0.05,0.685019823459529,10417,1285,143,9032,77,264,8691,279,8753,10274,0.8716176756861982,0.013727560718057022
ton,unsw,43,repeat,logistic,unique,tcp,cap,0.05,,10417,1285,518,9032,322,229,8481,279,8753,9899,0.879886857258309,0.04972640875491984
ton,unsw,43,repeat,logistic,unique,tcp,random,0.05,,10417,1285,518,9032,433,265,8334,279,8753,9899,0.8686736033942822,0.04972640875491984
ton,unsw,43,repeat,logistic,unique,temporal+tcp,forced,0.0,,10417,1285,0,9137,0,890,8247,890,8247,10417,0.8771239320341749,0.0
ton,unsw,43,repeat,logistic,unique,temporal+tcp,frozen,0.05,0.685019823459529,10417,1285,397,9137,181,819,8137,890,8247,10020,0.893812375249501,0.03811078045502544
ton,unsw,43,repeat,logistic,unique,temporal+tcp,cap,0.05,,10417,1285,518,9137,253,784,8100,890,8247,9899,0.8974643903424588,0.04972640875491984
ton,unsw,43,repeat,logistic,unique,temporal+tcp,random,0.05,,10417,1285,518,9137,443,844,7850,890,8247,9899,0.8782705323770078,0.04972640875491984
ton,unsw,43,repeat,logistic,weighted,clean,forced,0.0,,10665,1289,0,9279,0,281,8998,281,8998,10665,0.870042194092827,0.0
ton,unsw,43,repeat,logistic,weighted,clean,frozen,0.05,0.685019823459529,10665,1289,144,9279,81,259,8939,281,8998,10521,0.874251497005988,0.01350210970464135
ton,unsw,43,repeat,logistic,weighted,clean,cap,0.05,,10665,1289,530,9279,353,224,8702,281,8998,10135,0.8807104094721263,0.049695264885138306
ton,unsw,43,repeat,logistic,weighted,clean,random,0.05,,10665,1289,530,9279,460,267,8552,281,8998,10135,0.8701529353724716,0.049695264885138306
ton,unsw,43,repeat,logistic,weighted,temporal,forced,0.0,,10665,1289,0,9376,0,875,8501,875,8501,10665,0.8791373652133145,0.0
ton,unsw,43,repeat,logistic,weighted,temporal,frozen,0.05,0.685019823459529,10665,1289,415,9376,201,781,8394,875,8501,10250,0.8951219512195122,0.038912330051570555
ton,unsw,43,repeat,logistic,weighted,temporal,cap,0.05,,10665,1289,530,9376,269,743,8364,875,8501,10135,0.8985693142575234,0.049695264885138306
ton,unsw,43,repeat,logistic,weighted,temporal,random,0.05,,10665,1289,530,9376,463,836,8077,875,8501,10135,0.8794277257030094,0.049695264885138306
ton,unsw,43,repeat,logistic,weighted,size,forced,0.0,,10665,1289,0,4144,0,262,3882,262,3882,10665,0.3885607126113455,0.0
ton,unsw,43,repeat,logistic,weighted,size,frozen,0.05,0.685019823459529,10665,1289,798,4144,302,260,3582,262,3882,9867,0.3893787372048242,0.07482419127988749
ton,unsw,43,repeat,logistic,weighted,size,cap,0.05,,10665,1289,530,4144,218,260,3666,262,3882,10135,0.3873704982733103,0.049695264885138306
ton,unsw,43,repeat,logistic,weighted,size,random,0.05,,10665,1289,530,4144,210,249,3685,262,3882,10135,0.3881598421312284,0.049695264885138306
ton,unsw,43,repeat,logistic,weighted,tcp,forced,0.0,,10665,1289,0,9275,0,283,8992,283,8992,10665,0.8696671354899203,0.0
ton,unsw,43,repeat,logistic,weighted,tcp,frozen,0.05,0.685019823459529,10665,1289,144,9275,77,268,8930,283,8992,10521,0.874251497005988,0.01350210970464135
ton,unsw,43,repeat,logistic,weighted,tcp,cap,0.05,,10665,1289,530,9275,332,232,8711,283,8992,10135,0.8823877651702022,0.049695264885138306
ton,unsw,43,repeat,logistic,weighted,tcp,random,0.05,,10665,1289,530,9275,460,269,8546,283,8992,10135,0.8697582634435126,0.049695264885138306
ton,unsw,43,repeat,logistic,weighted,temporal+tcp,forced,0.0,,10665,1289,0,9378,0,890,8488,890,8488,10665,0.8793248945147679,0.0
ton,unsw,43,repeat,logistic,weighted,temporal+tcp,frozen,0.05,0.685019823459529,10665,1289,400,9378,182,819,8377,890,8488,10265,0.895859717486605,0.03750586029067042
ton,unsw,43,repeat,logistic,weighted,temporal+tcp,cap,0.05,,10665,1289,530,9378,260,782,8336,890,8488,10135,0.8996546620621608,0.049695264885138306
ton,unsw,43,repeat,logistic,weighted,temporal+tcp,random,0.05,,10665,1289,530,9378,464,850,8064,890,8488,10135,0.8795263936852491,0.049695264885138306
ton,cic,43,repeat,logistic,unique,clean,forced,0.0,,12188,306,0,9118,0,119,8999,119,8999,12188,0.7481128979323926,0.0
ton,cic,43,repeat,logistic,unique,clean,frozen,0.05,0.685019823459529,12188,306,2988,9118,1581,39,7498,119,8999,9200,0.8192391304347826,0.2451591729570069
ton,cic,43,repeat,logistic,unique,clean,cap,0.05,,12188,306,598,9118,300,89,8729,119,8999,11590,0.7608283002588438,0.04906465375779455
ton,cic,43,repeat,logistic,unique,clean,random,0.05,,12188,306,598,9118,437,116,8565,119,8999,11590,0.7490077653149266,0.04906465375779455
ton,cic,43,repeat,logistic,unique,temporal,forced,0.0,,12188,306,0,3238,0,130,3108,130,3108,12188,0.2656711519527404,0.0
ton,cic,43,repeat,logistic,unique,temporal,frozen,0.05,0.685019823459529,12188,306,644,3238,239,120,2879,130,3108,11544,0.2597886347886348,0.052838857893009517
ton,cic,43,repeat,logistic,unique,temporal,cap,0.05,,12188,306,598,3238,229,120,2889,130,3108,11590,0.25962036238136327,0.04906465375779455
ton,cic,43,repeat,logistic,unique,temporal,random,0.05,,12188,306,598,3238,173,126,2939,130,3108,11590,0.2644521138912856,0.04906465375779455
ton,cic,43,repeat,logistic,unique,size,forced,0.0,,12188,306,0,9156,0,171,8985,171,8985,12188,0.751230718739744,0.0
ton,cic,43,repeat,logistic,unique,size,frozen,0.05,0.685019823459529,12188,306,702,9156,308,156,8692,171,8985,11486,0.770329096291137,0.057597637020019694
ton,cic,43,repeat,logistic,unique,size,cap,0.05,,12188,306,598,9156,267,159,8730,171,8985,11590,0.7669542709232097,0.04906465375779455
ton,cic,43,repeat,logistic,unique,size,random,0.05,,12188,306,598,9156,428,164,8564,171,8985,11590,0.753062985332183,0.04906465375779455
ton,cic,43,repeat,logistic,unique,tcp,forced,0.0,,12188,306,0,9619,0,51,9568,51,9568,12188,0.7892189038398425,0.0
ton,cic,43,repeat,logistic,unique,tcp,frozen,0.05,0.685019823459529,12188,306,2363,9619,1255,32,8332,51,9568,9825,0.8512977099236642,0.1938792254676731
ton,cic,43,repeat,logistic,unique,tcp,cap,0.05,,12188,306,598,9619,302,46,9271,51,9568,11590,0.8038826574633304,0.04906465375779455
ton,cic,43,repeat,logistic,unique,tcp,random,0.05,,12188,306,598,9619,473,50,9096,51,9568,11590,0.7891285591026748,0.04906465375779455
ton,cic,43,repeat,logistic,unique,temporal+tcp,forced,0.0,,12188,306,0,3295,0,123,3172,123,3172,12188,0.2703478831637676,0.0
ton,cic,43,repeat,logistic,unique,temporal+tcp,frozen,0.05,0.685019823459529,12188,306,689,3295,307,116,2872,123,3172,11499,0.2598486824941299,0.05653101411224155
ton,cic,43,repeat,logistic,unique,temporal+tcp,cap,0.05,,12188,306,598,3295,274,116,2905,123,3172,11590,0.260655737704918,0.04906465375779455
ton,cic,43,repeat,logistic,unique,temporal+tcp,random,0.05,,12188,306,598,3295,176,119,3000,123,3172,11590,0.26911130284728213,0.04906465375779455
ton,cic,43,repeat,logistic,weighted,clean,forced,0.0,,13270,1267,0,10097,0,1054,9043,1054,9043,13270,0.7608892238131123,0.0
ton,cic,43,repeat,logistic,weighted,clean,frozen,0.05,0.685019823459529,13270,1267,3992,10097,2528,43,7526,1054,9043,9278,0.8158008191420565,0.3008289374529013
ton,cic,43,repeat,logistic,weighted,clean,cap,0.05,,13270,1267,652,10097,396,890,8811,1054,9043,12618,0.7688223173244572,0.049133383571966845
ton,cic,43,repeat,logistic,weighted,clean,random,0.05,,13270,1267,652,10097,522,1001,8574,1054,9043,12618,0.7588365826596924,0.049133383571966845
ton,cic,43,repeat,logistic,weighted,temporal,forced,0.0,,13270,1267,0,3339,0,131,3208,131,3208,13270,0.2516201959306707,0.0
ton,cic,43,repeat,logistic,weighted,temporal,frozen,0.05,0.685019823459529,13270,1267,649,3339,242,121,2976,131,3208,12621,0.24538467633309563,0.04890730972117558
ton,cic,43,repeat,logistic,weighted,temporal,cap,0.05,,13270,1267,652,3339,246,121,2972,131,3208,12618,0.24512601046124585,0.049133383571966845
ton,cic,43,repeat,logistic,weighted,temporal,random,0.05,,13270,1267,652,3339,150,125,3064,131,3208,12618,0.2527341892534475,0.049133383571966845
ton,cic,43,repeat,logistic,weighted,size,forced,0.0,,13270,1267,0,10137,0,1131,9006,1131,9006,13270,0.7639035418236624,0.0
ton,cic,43,repeat,logistic,weighted,size,frozen,0.05,0.685019823459529,13270,1267,705,10137,310,1116,8711,1131,9006,12565,0.7820931157978511,0.05312735493594574
ton,cic,43,repeat,logistic,weighted,size,cap,0.05,,13270,1267,652,10137,288,1116,8733,1131,9006,12618,0.7805515929624346,0.049133383571966845
ton,cic,43,repeat,logistic,weighted,size,random,0.05,,13270,1267,652,10137,509,1070,8558,1131,9006,12618,0.7630369313678872,0.049133383571966845
ton,cic,43,repeat,logistic,weighted,tcp,forced,0.0,,13270,1267,0,9669,0,56,9613,56,9613,13270,0.7286360211002261,0.0
ton,cic,43,repeat,logistic,weighted,tcp,frozen,0.05,0.685019823459529,13270,1267,2725,9669,1274,36,8359,56,9613,10545,0.7961119013750593,0.20535041446872646
ton,cic,43,repeat,logistic,weighted,tcp,cap,0.05,,13270,1267,652,9669,326,51,9292,56,9613,12618,0.7404501505785386,0.049133383571966845
ton,cic,43,repeat,logistic,weighted,tcp,random,0.05,,13270,1267,652,9669,495,54,9120,56,9613,12618,0.727056585829767,0.049133383571966845
ton,cic,43,repeat,logistic,weighted,temporal+tcp,forced,0.0,,13270,1267,0,3398,0,124,3274,124,3274,13270,0.2560663149962321,0.0
ton,cic,43,repeat,logistic,weighted,temporal+tcp,frozen,0.05,0.685019823459529,13270,1267,693,3398,310,117,2971,124,3274,12577,0.24552755029021228,0.05222305953278071
ton,cic,43,repeat,logistic,weighted,temporal+tcp,cap,0.05,,13270,1267,652,3398,302,117,2979,124,3274,12618,0.24536376604850213,0.049133383571966845
ton,cic,43,repeat,logistic,weighted,temporal+tcp,random,0.05,,13270,1267,652,3398,156,118,3124,124,3274,12618,0.2569345379616421,0.049133383571966845
ton,unsw,43,repeat,forest,unique,clean,forced,0.0,,10417,1285,0,3168,0,1256,1912,1256,1912,10417,0.3041182682154171,0.0
ton,unsw,43,repeat,forest,unique,clean,frozen,0.05,0.9027182066251185,10417,1285,3944,3168,1457,1120,591,1256,1912,6473,0.26432875019310986,0.37861188441969856
ton,unsw,43,repeat,forest,unique,clean,cap,0.05,,10417,1285,518,3168,264,1244,1660,1256,1912,9899,0.2933629659561572,0.04972640875491984
ton,unsw,43,repeat,forest,unique,clean,random,0.05,,10417,1285,518,3168,169,1185,1814,1256,1912,9899,0.3029598949388827,0.04972640875491984
ton,unsw,43,repeat,forest,unique,temporal,forced,0.0,,10417,1285,0,2708,0,1285,1423,1285,1423,10417,0.2599596812901987,0.0
ton,unsw,43,repeat,forest,unique,temporal,frozen,0.05,0.9027182066251185,10417,1285,3708,2708,1260,1263,185,1285,1423,6709,0.21582948278431957,0.35595660938849955
ton,unsw,43,repeat,forest,unique,temporal,cap,0.05,,10417,1285,518,2708,196,1285,1227,1285,1423,9899,0.25376300636427923,0.04972640875491984
ton,unsw,43,repeat,forest,unique,temporal,random,0.05,,10417,1285,518,2708,149,1209,1350,1285,1423,9899,0.2585109607031013,0.04972640875491984
ton,unsw,43,repeat,forest,unique,size,forced,0.0,,10417,1285,0,6009,0,1239,4770,1239,4770,10417,0.5768455409426898,0.0
ton,unsw,43,repeat,forest,unique,size,frozen,0.05,0.9027182066251185,10417,1285,5513,6009,2182,1044,2783,1239,4770,4904,0.7803833605220228,0.5292310646059326
ton,unsw,43,repeat,forest,unique,size,cap,0.05,,10417,1285,518,6009,211,1234,4564,1239,4770,9899,0.5857157288615011,0.04972640875491984
ton,unsw,43,repeat,forest,unique,size,random,0.05,,10417,1285,518,6009,297,1168,4544,1239,4770,9899,0.5770279826245075,0.04972640875491984
ton,unsw,43,repeat,forest,unique,tcp,forced,0.0,,10417,1285,0,1491,0,1273,218,1273,218,10417,0.14313141979456656,0.0
ton,unsw,43,repeat,forest,unique,tcp,frozen,0.05,0.9027182066251185,10417,1285,1297,1491,113,1230,148,1273,218,9120,0.15109649122807017,0.12450801574349621
ton,unsw,43,repeat,forest,unique,tcp,cap,0.05,,10417,1285,518,1491,83,1252,156,1273,218,9899,0.14223658955450044,0.04972640875491984
ton,unsw,43,repeat,forest,unique,tcp,random,0.05,,10417,1285,518,1491,83,1199,209,1273,218,9899,0.14223658955450044,0.04972640875491984
ton,unsw,43,repeat,forest,unique,temporal+tcp,forced,0.0,,10417,1285,0,1444,0,1285,159,1285,159,10417,0.13861956417394644,0.0
ton,unsw,43,repeat,forest,unique,temporal+tcp,frozen,0.05,0.9027182066251185,10417,1285,1523,1444,183,1261,0,1285,159,8894,0.14178097593883518,0.1462033214937122
ton,unsw,43,repeat,forest,unique,temporal+tcp,cap,0.05,,10417,1285,518,1444,87,1285,72,1285,159,9899,0.13708455399535308,0.04972640875491984
ton,unsw,43,repeat,forest,unique,temporal+tcp,random,0.05,,10417,1285,518,1444,82,1209,153,1285,159,9899,0.13758965552075966,0.04972640875491984
ton,unsw,43,repeat,forest,weighted,clean,forced,0.0,,10665,1289,0,3308,0,1260,2048,1260,2048,10665,0.3101734646038444,0.0
ton,unsw,43,repeat,forest,weighted,clean,frozen,0.05,0.9027182066251185,10665,1289,4128,3308,1571,1124,613,1260,2048,6537,0.26571821936668194,0.3870604781997187
ton,unsw,43,repeat,forest,weighted,clean,cap,0.05,,10665,1289,530,3308,277,1248,1783,1260,2048,10135,0.29906265416872224,0.049695264885138306
ton,unsw,43,repeat,forest,weighted,clean,random,0.05,,10665,1289,530,3308,159,1203,1946,1260,2048,10135,0.3107054760730143,0.049695264885138306
ton,unsw,43,repeat,forest,weighted,temporal,forced,0.0,,10665,1289,0,2781,0,1289,1492,1289,1492,10665,0.2607594936708861,0.0
ton,unsw,43,repeat,forest,weighted,temporal,frozen,0.05,0.9027182066251185,10665,1289,3876,2781,1322,1267,192,1289,1492,6789,0.21490646634261304,0.36343178621659633
ton,unsw,43,repeat,forest,weighted,temporal,cap,0.05,,10665,1289,530,2781,185,1289,1307,1289,1492,10135,0.2561420818944253,0.049695264885138306
ton,unsw,43,repeat,forest,weighted,temporal,random,0.05,,10665,1289,530,2781,135,1230,1416,1289,1492,10135,0.2610754810064134,0.049695264885138306
ton,unsw,43,repeat,forest,weighted,size,forced,0.0,,10665,1289,0,6131,0,1243,4888,1243,4888,10665,0.5748710736052508,0.0
ton,unsw,43,repeat,forest,weighted,size,frozen,0.05,0.9027182066251185,10665,1289,5661,6131,2221,1048,2862,1243,4888,5004,0.781374900079936,0.5308016877637131
ton,unsw,43,repeat,forest,weighted,size,cap,0.05,,10665,1289,530,6131,219,1238,4674,1243,4888,10135,0.58332511100148,0.049695264885138306
ton,unsw,43,repeat,forest,weighted,size,random,0.05,,10665,1289,530,6131,316,1188,4627,1243,4888,10135,0.573754316724223,0.049695264885138306
ton,unsw,43,repeat,forest,weighted,tcp,forced,0.0,,10665,1289,0,1496,0,1277,219,1277,219,10665,0.14027191748710735,0.0
ton,unsw,43,repeat,forest,weighted,tcp,frozen,0.05,0.9027182066251185,10665,1289,1316,1496,113,1234,149,1277,219,9349,0.14793025992084716,0.12339428035630567
ton,unsw,43,repeat,forest,weighted,tcp,cap,0.05,,10665,1289,530,1496,83,1256,157,1277,219,10135,0.1394178589047854,0.049695264885138306
ton,unsw,43,repeat,forest,weighted,tcp,random,0.05,,10665,1289,530,1496,70,1218,208,1277,219,10135,0.1407005426739023,0.049695264885138306
ton,unsw,43,repeat,forest,weighted,temporal+tcp,forced,0.0,,10665,1289,0,1451,0,1289,162,1289,162,10665,0.13605250820440695,0.0
ton,unsw,43,repeat,forest,weighted,temporal+tcp,frozen,0.05,0.9027182066251185,10665,1289,1541,1451,186,1265,0,1289,162,9124,0.13864533099517756,0.14449132676980778
ton,unsw,43,repeat,forest,weighted,temporal+tcp,cap,0.05,,10665,1289,530,1451,94,1288,69,1289,162,10135,0.13389245189935867,0.049695264885138306
ton,unsw,43,repeat,forest,weighted,temporal+tcp,random,0.05,,10665,1289,530,1451,64,1230,157,1289,162,10135,0.13685249136655156,0.049695264885138306
ton,cic,43,repeat,forest,unique,clean,forced,0.0,,12188,306,0,590,0,296,294,296,294,12188,0.04840827042993108,0.0
ton,cic,43,repeat,forest,unique,clean,frozen,0.05,0.9027182066251185,12188,306,4075,590,214,231,145,296,294,8113,0.046345371625785774,0.3343452576304562
ton,cic,43,repeat,forest,unique,clean,cap,0.05,,12188,306,598,590,92,287,211,296,294,11590,0.042968075927523726,0.04906465375779455
ton,cic,43,repeat,forest,unique,clean,random,0.05,,12188,306,598,590,23,285,282,296,294,11590,0.048921484037963765,0.04906465375779455
ton,cic,43,repeat,forest,unique,temporal,forced,0.0,,12188,306,0,433,0,300,133,300,133,12188,0.035526747620610435,0.0
ton,cic,43,repeat,forest,unique,temporal,frozen,0.05,0.9027182066251185,12188,306,157,433,63,298,72,300,133,12031,0.030753885795029506,0.012881522809320643
ton,cic,43,repeat,forest,unique,temporal,cap,0.05,,12188,306,598,433,123,282,28,300,133,11590,0.026747195858498704,0.04906465375779455
ton,cic,43,repeat,forest,unique,temporal,random,0.05,,12188,306,598,433,16,289,128,300,133,11590,0.0359792924935289,0.04906465375779455
ton,cic,43,repeat,forest,unique,size,forced,0.0,,12188,306,0,340,0,304,36,304,36,12188,0.02789629143419757,0.0
ton,cic,43,repeat,forest,unique,size,frozen,0.05,0.9027182066251185,12188,306,173,340,29,297,14,304,36,12015,0.025884311277569703,0.014194289465047588
ton,cic,43,repeat,forest,unique,size,cap,0.05,,12188,306,598,340,38,291,11,304,36,11590,0.026056945642795513,0.04906465375779455
ton,cic,43,repeat,forest,unique,size,random,0.05,,12188,306,598,340,13,293,34,304,36,11590,0.02821397756686799,0.04906465375779455
ton,cic,43,repeat,forest,unique,tcp,forced,0.0,,12188,306,0,433,0,301,132,301,132,12188,0.035526747620610435,0.0
ton,cic,43,repeat,forest,unique,tcp,frozen,0.05,0.9027182066251185,12188,306,213,433,72,299,62,301,132,11975,0.030146137787056368,0.01747620610436495
ton,cic,43,repeat,forest,unique,tcp,cap,0.05,,12188,306,598,433,121,285,27,301,132,11590,0.026919758412424503,0.04906465375779455
ton,cic,43,repeat,forest,unique,tcp,random,0.05,,12188,306,598,433,18,290,125,301,132,11590,0.035806729939603106,0.04906465375779455
ton,cic,43,repeat,forest,unique,temporal+tcp,forced,0.0,,12188,306,0,405,0,302,103,302,103,12188,0.03322940597308828,0.0
ton,cic,43,repeat,forest,unique,temporal+tcp,frozen,0.05,0.9027182066251185,12188,306,211,405,61,297,47,302,103,11977,0.028721716623528428,0.01731211027239908
ton,cic,43,repeat,forest,unique,temporal+tcp,cap,0.05,,12188,306,598,405,110,284,11,302,103,11590,0.02545297670405522,0.04906465375779455
ton,cic,43,repeat,forest,unique,temporal+tcp,random,0.05,,12188,306,598,405,15,291,99,302,103,11590,0.03364969801553063,0.04906465375779455
ton,cic,43,repeat,forest,weighted,clean,forced,0.0,,13270,1267,0,1559,0,1257,302,1257,302,13270,0.11748304446119065,0.0
ton,cic,43,repeat,forest,weighted,clean,frozen,0.05,0.9027182066251185,13270,1267,4091,1559,217,1192,150,1257,302,9179,0.14620329011874933,0.30828937452901284
ton,cic,43,repeat,forest,weighted,clean,cap,0.05,,13270,1267,652,1559,93,1248,218,1257,302,12618,0.11618323030591218,0.049133383571966845
ton,cic,43,repeat,forest,weighted,clean,random,0.05,,13270,1267,652,1559,85,1190,284,1257,302,12618,0.11681724520526232,0.049133383571966845
ton,cic,43,repeat,forest,weighted,temporal,forced,0.0,,13270,1267,0,1402,0,1261,141,1261,141,13270,0.10565184626978147,0.0
ton,cic,43,repeat,forest,weighted,temporal,frozen,0.05,0.9027182066251185,13270,1267,162,1402,67,1259,76,1261,141,13108,0.1018462007934086,0.012207987942727958
ton,cic,43,repeat,forest,weighted,temporal,cap,0.05,,13270,1267,652,1402,131,1242,29,1261,141,12618,0.10072911713425266,0.049133383571966845
ton,cic,43,repeat,forest,weighted,temporal,random,0.05,,13270,1267,652,1402,73,1194,135,1261,141,12618,0.10532572515454112,0.049133383571966845
ton,cic,43,repeat,forest,weighted,size,forced,0.0,,13270,1267,0,1301,0,1265,36,1265,36,13270,0.09804069329314243,0.0
ton,cic,43,repeat,forest,weighted,size,frozen,0.05,0.9027182066251185,13270,1267,174,1301,29,1258,14,1265,36,13096,0.09712889431887599,0.013112283345892992
ton,cic,43,repeat,forest,weighted,size,cap,0.05,,13270,1267,652,1301,38,1252,11,1265,36,12618,0.10009510223490252,0.049133383571966845
ton,cic,43,repeat,forest,weighted,size,random,0.05,,13270,1267,652,1301,69,1198,34,1265,36,12618,0.09763829449992074,0.049133383571966845
ton,cic,43,repeat,forest,weighted,tcp,forced,0.0,,13270,1267,0,1401,0,1262,139,1262,139,13270,0.10557648831951771,0.0
ton,cic,43,repeat,forest,weighted,tcp,frozen,0.05,0.9027182066251185,13270,1267,225,1401,75,1260,66,1262,139,13045,0.1016481410502108,0.016955538809344386
ton,cic,43,repeat,forest,weighted,tcp,cap,0.05,,13270,1267,652,1401,126,1247,28,1262,139,12618,0.10104612458392773,0.049133383571966845
ton,cic,43,repeat,forest,weighted,tcp,random,0.05,,13270,1267,652,1401,73,1195,133,1262,139,12618,0.10524647329212236,0.049133383571966845
ton,cic,43,repeat,forest,weighted,temporal+tcp,forced,0.0,,13270,1267,0,1373,0,1263,110,1263,110,13270,0.10346646571213262,0.0
ton,cic,43,repeat,forest,weighted,temporal+tcp,frozen,0.05,0.9027182066251185,13270,1267,221,1373,64,1258,51,1263,110,13049,0.10031420032186375,0.016654107008289374
ton,cic,43,repeat,forest,weighted,temporal+tcp,cap,0.05,,13270,1267,652,1373,116,1245,12,1263,110,12618,0.09961959106038992,0.049133383571966845
ton,cic,43,repeat,forest,weighted,temporal+tcp,random,0.05,,13270,1267,652,1373,72,1196,105,1263,110,12618,0.10310667300681566,0.049133383571966845
ton,unsw,43,mask,logistic,unique,clean,forced,0.0,,10417,1285,0,8883,0,184,8699,184,8699,10417,0.8527407122972065,0.0
ton,unsw,43,mask,logistic,unique,clean,frozen,0.05,0.579458525371241,10417,1285,230,8883,113,110,8660,184,8699,10187,0.8609011485226269,0.022079293462609197
ton,unsw,43,mask,logistic,unique,clean,cap,0.05,,10417,1285,518,8883,316,102,8465,184,8699,9899,0.8654409536316799,0.04972640875491984
ton,unsw,43,mask,logistic,unique,clean,random,0.05,,10417,1285,518,8883,425,175,8283,184,8699,9899,0.8544297403778159,0.04972640875491984
ton,unsw,43,mask,logistic,unique,temporal,forced,0.0,,10417,1285,0,8900,0,233,8667,233,8667,10417,0.8543726600748776,0.0
ton,unsw,43,mask,logistic,unique,temporal,frozen,0.05,0.579458525371241,10417,1285,667,8900,475,133,8292,233,8667,9750,0.8641025641025641,0.06402995104156667
ton,unsw,43,mask,logistic,unique,temporal,cap,0.05,,10417,1285,518,8900,383,153,8364,233,8667,9899,0.8603899383776139,0.04972640875491984
ton,unsw,43,mask,logistic,unique,temporal,random,0.05,,10417,1285,518,8900,425,222,8253,233,8667,9899,0.8561470855641984,0.04972640875491984
ton,unsw,43,mask,logistic,unique,size,forced,0.0,,10417,1285,0,7176,0,134,7042,134,7042,10417,0.688873956033407,0.0
ton,unsw,43,mask,logistic,unique,size,frozen,0.05,0.579458525371241,10417,1285,481,7176,229,129,6818,134,7042,9936,0.6991747181964574,0.046174522415282714
ton,unsw,43,mask,logistic,unique,size,cap,0.05,,10417,1285,518,7176,277,128,6771,134,7042,9899,0.6969390847560359,0.04972640875491984
ton,unsw,43,mask,logistic,unique,size,random,0.05,,10417,1285,518,7176,339,128,6709,134,7042,9899,0.6906758258409941,0.04972640875491984
ton,unsw,43,mask,logistic,unique,tcp,forced,0.0,,10417,1285,0,8891,0,192,8699,192,8699,10417,0.8535086877219928,0.0
ton,unsw,43,mask,logistic,unique,tcp,frozen,0.05,0.579458525371241,10417,1285,195,8891,93,150,8648,192,8699,10222,0.8606926237526903,0.018719400979168667
ton,unsw,43,mask,logistic,unique,tcp,cap,0.05,,10417,1285,518,8891,278,95,8518,192,8699,9899,0.8700878876654208,0.04972640875491984
ton,unsw,43,mask,logistic,unique,tcp,random,0.05,,10417,1285,518,8891,424,184,8283,192,8699,9899,0.8553389231235479,0.04972640875491984
ton,unsw,43,mask,logistic,unique,temporal+tcp,forced,0.0,,10417,1285,0,8800,0,270,8530,270,8530,10417,0.8447729672650475,0.0
ton,unsw,43,mask,logistic,unique,temporal+tcp,frozen,0.05,0.579458525371241,10417,1285,607,8800,310,145,8345,270,8530,9810,0.8654434250764526,0.05827013535566862
ton,unsw,43,mask,logistic,unique,temporal+tcp,cap,0.05,,10417,1285,518,8800,235,155,8410,270,8530,9899,0.8652389130215173,0.04972640875491984
ton,unsw,43,mask,logistic,unique,temporal+tcp,random,0.05,,10417,1285,518,8800,419,256,8125,270,8530,9899,0.8466511768865542,0.04972640875491984
ton,unsw,43,mask,logistic,weighted,clean,forced,0.0,,10665,1289,0,9124,0,185,8939,185,8939,10665,0.8555086732301922,0.0
ton,unsw,43,mask,logistic,weighted,clean,frozen,0.05,0.579458525371241,10665,1289,237,9124,118,111,8895,185,8939,10428,0.8636363636363636,0.022222222222222223
ton,unsw,43,mask,logistic,weighted,clean,cap,0.05,,10665,1289,530,9124,325,102,8697,185,8939,10135,0.8681795757276763,0.049695264885138306
ton,unsw,43,mask,logistic,weighted,clean,random,0.05,,10665,1289,530,9124,453,176,8495,185,8939,10135,0.8555500740009867,0.049695264885138306
ton,unsw,43,mask,logistic,weighted,temporal,forced,0.0,,10665,1289,0,9137,0,234,8903,234,8903,10665,0.856727613689639,0.0
ton,unsw,43,mask,logistic,weighted,temporal,frozen,0.05,0.579458525371241,10665,1289,684,9137,486,134,8517,234,8903,9981,0.8667468189560165,0.06413502109704641
ton,unsw,43,mask,logistic,weighted,temporal,cap,0.05,,10665,1289,530,9137,389,154,8594,234,8903,10135,0.8631475086334485,0.049695264885138306
ton,unsw,43,mask,logistic,weighted,temporal,random,0.05,,10665,1289,530,9137,454,223,8460,234,8903,10135,0.8567340897878638,0.049695264885138306
ton,unsw,43,mask,logistic,weighted,size,forced,0.0,,10665,1289,0,7397,0,134,7263,134,7263,10665,0.6935771214252227,0.0
ton,unsw,43,mask,logistic,weighted,size,frozen,0.05,0.579458525371241,10665,1289,511,7397,253,129,7015,134,7263,10154,0.7035650974985227,0.047913736521331456
ton,unsw,43,mask,logistic,weighted,size,cap,0.05,,10665,1289,530,7397,295,128,6974,134,7263,10135,0.7007400098667982,0.049695264885138306
ton,unsw,43,mask,logistic,weighted,size,random,0.05,,10665,1289,530,7397,378,128,6891,134,7263,10135,0.6925505673408979,0.049695264885138306
ton,unsw,43,mask,logistic,weighted,tcp,forced,0.0,,10665,1289,0,9132,0,193,8939,193,8939,10665,0.8562587904360056,0.0
ton,unsw,43,mask,logistic,weighted,tcp,frozen,0.05,0.579458525371241,10665,1289,202,9132,98,151,8883,193,8939,10463,0.863423492306222,0.01894045944678856
ton,unsw,43,mask,logistic,weighted,tcp,cap,0.05,,10665,1289,530,9132,288,95,8749,193,8939,10135,0.8726196349284657,0.049695264885138306
ton,unsw,43,mask,logistic,weighted,tcp,random,0.05,,10665,1289,530,9132,453,184,8495,193,8939,10135,0.8563394178589048,0.049695264885138306
ton,unsw,43,mask,logistic,weighted,temporal+tcp,forced,0.0,,10665,1289,0,9031,0,271,8760,271,8760,10665,0.8467885607126113,0.0
ton,unsw,43,mask,logistic,weighted,temporal+tcp,frozen,0.05,0.579458525371241,10665,1289,624,9031,316,145,8570,271,8760,10041,0.867941440095608,0.05850914205344585
ton,unsw,43,mask,logistic,weighted,temporal+tcp,cap,0.05,,10665,1289,530,9031,236,155,8640,271,8760,10135,0.8677849037987173,0.049695264885138306
ton,unsw,43,mask,logistic,weighted,temporal+tcp,random,0.05,,10665,1289,530,9031,451,258,8322,271,8760,10135,0.8465712876171683,0.049695264885138306
ton,cic,43,mask,logistic,unique,clean,forced,0.0,,12188,306,0,7045,0,153,6892,153,6892,12188,0.5780275680997703,0.0
ton,cic,43,mask,logistic,unique,clean,frozen,0.05,0.579458525371241,12188,306,6032,7045,3093,35,3917,153,6892,6156,0.6419753086419753,0.4949130292090581
ton,cic,43,mask,logistic,unique,clean,cap,0.05,,12188,306,598,7045,298,149,6598,153,6892,11590,0.5821397756686799,0.04906465375779455
ton,cic,43,mask,logistic,unique,clean,random,0.05,,12188,306,598,7045,349,149,6547,153,6892,11590,0.577739430543572,0.04906465375779455
ton,cic,43,mask,logistic,unique,temporal,forced,0.0,,12188,306,0,5433,0,181,5252,181,5252,12188,0.4457663275352806,0.0
ton,cic,43,mask,logistic,unique,temporal,frozen,0.05,0.579458525371241,12188,306,5538,5433,2400,132,2901,181,5252,6650,0.45609022556390977,0.45438135871348867
ton,cic,43,mask,logistic,unique,temporal,cap,0.05,,12188,306,598,5433,273,178,4982,181,5252,11590,0.4452113891285591,0.04906465375779455
ton,cic,43,mask,logistic,unique,temporal,random,0.05,,12188,306,598,5433,285,175,4973,181,5252,11590,0.4441760138050043,0.04906465375779455
ton,cic,43,mask,logistic,unique,size,forced,0.0,,12188,306,0,7294,0,151,7143,151,7143,12188,0.5984574991795208,0.0
ton,cic,43,mask,logistic,unique,size,frozen,0.05,0.579458525371241,12188,306,7851,7294,4450,51,2793,151,7143,4337,0.6557528245330874,0.6441581883820151
ton,cic,43,mask,logistic,unique,size,cap,0.05,,12188,306,598,7294,301,134,6859,151,7143,11590,0.6033649698015531,0.04906465375779455
ton,cic,43,mask,logistic,unique,size,random,0.05,,12188,306,598,7294,340,144,6810,151,7143,11590,0.6,0.04906465375779455
ton,cic,43,mask,logistic,unique,tcp,forced,0.0,,12188,306,0,9211,0,46,9165,46,9165,12188,0.7557433541188053,0.0
ton,cic,43,mask,logistic,unique,tcp,frozen,0.05,0.579458525371241,12188,306,5076,9211,3398,18,5795,46,9165,7112,0.8173509561304837,0.41647522152937316
ton,cic,43,mask,logistic,unique,tcp,cap,0.05,,12188,306,598,9211,290,38,8883,46,9165,11590,0.7697152717860224,0.04906465375779455
ton,cic,43,mask,logistic,unique,tcp,random,0.05,,12188,306,598,9211,456,45,8710,46,9165,11590,0.7553925798101812,0.04906465375779455
ton,cic,43,mask,logistic,unique,temporal+tcp,forced,0.0,,12188,306,0,6792,0,157,6635,157,6635,12188,0.5572694453560879,0.0
ton,cic,43,mask,logistic,unique,temporal+tcp,frozen,0.05,0.579458525371241,12188,306,7478,6792,3115,11,3666,157,6635,4710,0.7806794055201699,0.6135543157203807
ton,cic,43,mask,logistic,unique,temporal+tcp,cap,0.05,,12188,306,598,6792,312,86,6394,157,6635,11590,0.5591026747195859,0.04906465375779455
ton,cic,43,mask,logistic,unique,temporal+tcp,random,0.05,,12188,306,598,6792,341,153,6298,157,6635,11590,0.5566005176876617,0.04906465375779455
ton,cic,43,mask,logistic,weighted,clean,forced,0.0,,13270,1267,0,8029,0,1113,6916,1113,6916,13270,0.6050489826676715,0.0
ton,cic,43,mask,logistic,weighted,clean,frozen,0.05,0.579458525371241,13270,1267,7048,8029,4062,36,3931,1113,6916,6222,0.6375763420122147,0.53112283345893
ton,cic,43,mask,logistic,weighted,clean,cap,0.05,,13270,1267,652,8029,334,1109,6586,1113,6916,12618,0.6098430813124108,0.049133383571966845
ton,cic,43,mask,logistic,weighted,clean,random,0.05,,13270,1267,652,8029,410,1054,6565,1113,6916,12618,0.6038199397685846,0.049133383571966845
ton,cic,43,mask,logistic,weighted,temporal,forced,0.0,,13270,1267,0,6441,0,1139,5302,1139,5302,13270,0.485380557648832,0.0
ton,cic,43,mask,logistic,weighted,temporal,frozen,0.05,0.579458525371241,13270,1267,5611,6441,2437,1088,2916,1139,5302,7659,0.5227836532184358,0.4228334589299171
ton,cic,43,mask,logistic,weighted,temporal,cap,0.05,,13270,1267,652,6441,301,1133,5007,1139,5302,12618,0.48660643525122843,0.049133383571966845
ton,cic,43,mask,logistic,weighted,temporal,random,0.05,,13270,1267,652,6441,314,1080,5047,1139,5302,12618,0.48557616103978446,0.049133383571966845
ton,cic,43,mask,logistic,weighted,size,forced,0.0,,13270,1267,0,7929,0,768,7161,768,7161,13270,0.5975131876412961,0.0
ton,cic,43,mask,logistic,weighted,size,frozen,0.05,0.579458525371241,13270,1267,8887,7929,5072,56,2801,768,7161,4383,0.6518366415697011,0.6697061039939713
ton,cic,43,mask,logistic,weighted,size,cap,0.05,,13270,1267,652,7929,380,651,6898,768,7161,12618,0.5982723093992709,0.049133383571966845
ton,cic,43,mask,logistic,weighted,size,random,0.05,,13270,1267,652,7929,397,733,6799,768,7161,12618,0.5969250277381518,0.049133383571966845
ton,cic,43,mask,logistic,weighted,tcp,forced,0.0,,13270,1267,0,9276,0,50,9226,50,9226,13270,0.6990203466465712,0.0
ton,cic,43,mask,logistic,weighted,tcp,frozen,0.05,0.579458525371241,13270,1267,5769,9276,3441,19,5816,50,9226,7501,0.7778962804959338,0.43474001507159005
ton,cic,43,mask,logistic,weighted,tcp,cap,0.05,,13270,1267,652,9276,319,42,8915,50,9226,12618,0.7098589316848946,0.049133383571966845
ton,cic,43,mask,logistic,weighted,tcp,random,0.05,,13270,1267,652,9276,464,50,8762,50,9226,12618,0.6983674116341734,0.049133383571966845
ton,cic,43,mask,logistic,weighted,temporal+tcp,forced,0.0,,13270,1267,0,7818,0,1113,6705,1113,6705,13270,0.5891484551620196,0.0
ton,cic,43,mask,logistic,weighted,temporal+tcp,frozen,0.05,0.579458525371241,13270,1267,8512,7818,4117,12,3689,1113,6705,4758,0.7778478352248844,0.6414468726450641
ton,cic,43,mask,logistic,weighted,temporal+tcp,cap,0.05,,13270,1267,652,7818,418,888,6512,1113,6705,12618,0.5864637818988746,0.049133383571966845
ton,cic,43,mask,logistic,weighted,temporal+tcp,random,0.05,,13270,1267,652,7818,372,1055,6391,1113,6705,12618,0.5901093675701379,0.049133383571966845
ton,unsw,43,mask,forest,unique,clean,forced,0.0,,10417,1285,0,3539,0,1111,2428,1111,2428,10417,0.33973312853988674,0.0
ton,unsw,43,mask,forest,unique,clean,frozen,0.05,0.8927994607583573,10417,1285,5216,3539,1952,1030,557,1111,2428,5201,0.305133628148433,0.5007199769607372
ton,unsw,43,mask,forest,unique,clean,cap,0.05,,10417,1285,518,3539,199,1099,2241,1111,2428,9899,0.3374078189716133,0.04972640875491984
ton,unsw,43,mask,forest,unique,clean,random,0.05,,10417,1285,518,3539,166,1052,2321,1111,2428,9899,0.3407414890392969,0.04972640875491984
ton,unsw,43,mask,forest,unique,temporal,forced,0.0,,10417,1285,0,3633,0,1150,2483,1150,2483,10417,0.348756839781127,0.0
ton,unsw,43,mask,forest,unique,temporal,frozen,0.05,0.8927994607583573,10417,1285,6260,3633,2063,1038,532,1150,2483,4157,0.37767620880442626,0.6009407698953634
ton,unsw,43,mask,forest,unique,temporal,cap,0.05,,10417,1285,518,3633,158,1123,2352,1150,2483,9899,0.3510455601575917,0.04972640875491984
ton,unsw,43,mask,forest,unique,temporal,random,0.05,,10417,1285,518,3633,175,1087,2371,1150,2483,9899,0.3493282149712092,0.04972640875491984
ton,unsw,43,mask,forest,unique,size,forced,0.0,,10417,1285,0,2661,0,1245,1416,1245,1416,10417,0.2554478256695786,0.0
ton,unsw,43,mask,forest,unique,size,frozen,0.05,0.8927994607583573,10417,1285,3269,2661,912,1214,535,1245,1416,7148,0.24468382764409624,0.3138139579533455
ton,unsw,43,mask,forest,unique,size,cap,0.05,,10417,1285,518,2661,145,1231,1285,1245,1416,9899,0.2541670875846045,0.04972640875491984
ton,unsw,43,mask,forest,unique,size,random,0.05,,10417,1285,518,2661,143,1172,1346,1245,1416,9899,0.25436912819476715,0.04972640875491984
ton,unsw,43,mask,forest,unique,tcp,forced,0.0,,10417,1285,0,3992,0,1093,2899,1093,2899,10417,0.383219736968417,0.0
ton,unsw,43,mask,forest,unique,tcp,frozen,0.05,0.8927994607583573,10417,1285,4645,3992,1838,1041,1113,1093,2899,5772,0.3731808731808732,0.44590573101660747
ton,unsw,43,mask,forest,unique,tcp,cap,0.05,,10417,1285,518,3992,259,1082,2651,1093,2899,9899,0.37710879886857257,0.04972640875491984
ton,unsw,43,mask,forest,unique,tcp,random,0.05,,10417,1285,518,3992,194,1035,2763,1093,2899,9899,0.38367511869885845,0.04972640875491984
ton,unsw,43,mask,forest,unique,temporal+tcp,forced,0.0,,10417,1285,0,3151,0,1143,2008,1143,2008,10417,0.302486320437746,0.0
ton,unsw,43,mask,forest,unique,temporal+tcp,frozen,0.05,0.8927994607583573,10417,1285,4185,3151,1549,1010,592,1143,2008,6232,0.25706033376123233,0.40174714409138906
ton,unsw,43,mask,forest,unique,temporal+tcp,cap,0.05,,10417,1285,518,3151,257,1116,1778,1143,2008,9899,0.29235276290534395,0.04972640875491984
ton,unsw,43,mask,forest,unique,temporal+tcp,random,0.05,,10417,1285,518,3151,149,1082,1920,1143,2008,9899,0.30326295585412666,0.04972640875491984
ton,unsw,43,mask,forest,weighted,clean,forced,0.0,,10665,1289,0,3620,0,1115,2505,1115,2505,10665,0.3394280356305673,0.0
ton,unsw,43,mask,forest,weighted,clean,frozen,0.05,0.8927994607583573,10665,1289,5383,3620,2017,1034,569,1115,2505,5282,0.30348352896630065,0.5047351148616971
ton,unsw,43,mask,forest,weighted,clean,cap,0.05,,10665,1289,530,3620,198,1104,2318,1115,2505,10135,0.33764183522446967,0.049695264885138306
ton,unsw,43,mask,forest,weighted,clean,random,0.05,,10665,1289,530,3620,168,1064,2388,1115,2505,10135,0.34060187469166253,0.049695264885138306
ton,unsw,43,mask,forest,weighted,temporal,forced,0.0,,10665,1289,0,3685,0,1154,2531,1154,2531,10665,0.3455227379278012,0.0
ton,unsw,43,mask,forest,weighted,temporal,frozen,0.05,0.8927994607583573,10665,1289,6440,3685,2097,1042,546,1154,2531,4225,0.3758579881656805,0.6038443506797937
ton,unsw,43,mask,forest,weighted,temporal,cap,0.05,,10665,1289,530,3685,153,1127,2405,1154,2531,10135,0.3484953132708436,0.049695264885138306
ton,unsw,43,mask,forest,weighted,temporal,random,0.05,,10665,1289,530,3685,175,1099,2411,1154,2531,10135,0.3463246176615688,0.049695264885138306
ton,unsw,43,mask,forest,weighted,size,forced,0.0,,10665,1289,0,2692,0,1249,1443,1249,1443,10665,0.2524144397562119,0.0
ton,unsw,43,mask,forest,weighted,size,frozen,0.05,0.8927994607583573,10665,1289,3312,2692,919,1218,555,1249,1443,7353,0.24112607099143207,0.3105485232067511
ton,unsw,43,mask,forest,weighted,size,cap,0.05,,10665,1289,530,2692,146,1235,1311,1249,1443,10135,0.2512086827824371,0.049695264885138306
ton,unsw,43,mask,forest,weighted,size,random,0.05,,10665,1289,530,2692,131,1193,1368,1249,1443,10135,0.25268870251603354,0.049695264885138306
ton,unsw,43,mask,forest,weighted,tcp,forced,0.0,,10665,1289,0,4024,0,1097,2927,1097,2927,10665,0.3773089545241444,0.0
ton,unsw,43,mask,forest,weighted,tcp,frozen,0.05,0.8927994607583573,10665,1289,4763,4024,1856,1045,1123,1097,2927,5902,0.36733310742121317,0.446601031411158
ton,unsw,43,mask,forest,weighted,tcp,cap,0.05,,10665,1289,530,4024,262,1086,2676,1097,2927,10135,0.37118894918598916,0.049695264885138306
ton,unsw,43,mask,forest,weighted,tcp,random,0.05,,10665,1289,530,4024,194,1047,2783,1097,2927,10135,0.37789837197829307,0.049695264885138306
ton,unsw,43,mask,forest,weighted,temporal+tcp,forced,0.0,,10665,1289,0,3169,0,1147,2022,1147,2022,10665,0.2971401781528364,0.0
ton,unsw,43,mask,forest,weighted,temporal+tcp,frozen,0.05,0.8927994607583573,10665,1289,4256,3169,1555,1014,600,1147,2022,6409,0.2518333593384303,0.3990623534927332
ton,unsw,43,mask,forest,weighted,temporal+tcp,cap,0.05,,10665,1289,530,3169,264,1120,1785,1147,2022,10135,0.28663048840651206,0.049695264885138306
ton,unsw,43,mask,forest,weighted,temporal+tcp,random,0.05,,10665,1289,530,3169,149,1095,1925,1147,2022,10135,0.29797730636408487,0.049695264885138306
ton,cic,43,mask,forest,unique,clean,forced,0.0,,12188,306,0,487,0,300,187,300,187,12188,0.03995733508368887,0.0
ton,cic,43,mask,forest,unique,clean,frozen,0.05,0.8927994607583573,12188,306,229,487,92,296,99,300,187,11959,0.03302951751818714,0.018788972760091893
ton,cic,43,mask,forest,unique,clean,cap,0.05,,12188,306,598,487,109,293,85,300,187,11590,0.03261432269197584,0.04906465375779455
ton,cic,43,mask,forest,unique,clean,random,0.05,,12188,306,598,487,16,289,182,300,187,11590,0.040638481449525456,0.04906465375779455
ton,cic,43,mask,forest,unique,temporal,forced,0.0,,12188,306,0,504,0,301,203,301,203,12188,0.041352149655398754,0.0
ton,cic,43,mask,forest,unique,temporal,frozen,0.05,0.8927994607583573,12188,306,276,504,101,294,109,301,203,11912,0.033831430490261924,0.022645224811289794
ton,cic,43,mask,forest,unique,temporal,cap,0.05,,12188,306,598,504,127,289,88,301,203,11590,0.03252804141501294,0.04906465375779455
ton,cic,43,mask,forest,unique,temporal,random,0.05,,12188,306,598,504,17,290,197,301,203,11590,0.04201898188093184,0.04906465375779455
ton,cic,43,mask,forest,unique,size,forced,0.0,,12188,306,0,898,0,276,622,276,622,12188,0.07367902855267476,0.0
ton,cic,43,mask,forest,unique,size,frozen,0.05,0.8927994607583573,12188,306,1107,898,483,247,168,276,622,11081,0.03745149354751376,0.09082704299310798
ton,cic,43,mask,forest,unique,size,cap,0.05,,12188,306,598,898,210,270,418,276,622,11590,0.05936151855047455,0.04906465375779455
ton,cic,43,mask,forest,unique,size,random,0.05,,12188,306,598,898,37,266,595,276,622,11590,0.07428817946505609,0.04906465375779455
ton,cic,43,mask,forest,unique,tcp,forced,0.0,,12188,306,0,483,0,299,184,299,184,12188,0.03962914341975714,0.0
ton,cic,43,mask,forest,unique,tcp,frozen,0.05,0.8927994607583573,12188,306,189,483,65,299,119,299,184,11999,0.03483623635302942,0.015507056120774533
ton,cic,43,mask,forest,unique,tcp,cap,0.05,,12188,306,598,483,114,291,78,299,184,11590,0.031837791199309746,0.04906465375779455
ton,cic,43,mask,forest,unique,tcp,random,0.05,,12188,306,598,483,18,288,177,299,184,11590,0.040120793787748056,0.04906465375779455
ton,cic,43,mask,forest,unique,temporal+tcp,forced,0.0,,12188,306,0,503,0,301,202,301,202,12188,0.04127010173941582,0.0
ton,cic,43,mask,forest,unique,temporal+tcp,frozen,0.05,0.8927994607583573,12188,306,233,503,84,295,124,301,202,11955,0.03504809703053116,0.01911716442402363
ton,cic,43,mask,forest,unique,temporal+tcp,cap,0.05,,12188,306,598,503,133,285,85,301,202,11590,0.03192407247627265,0.04906465375779455
ton,cic,43,mask,forest,unique,temporal+tcp,random,0.05,,12188,306,598,503,18,290,195,301,202,11590,0.04184641932700604,0.04906465375779455
ton,cic,43,mask,forest,weighted,clean,forced,0.0,,13270,1267,0,1456,0,1261,195,1261,195,13270,0.10972117558402411,0.0
ton,cic,43,mask,forest,weighted,clean,frozen,0.05,0.8927994607583573,13270,1267,240,1456,94,1257,105,1261,195,13030,0.10452801227935533,0.01808590806330068
ton,cic,43,mask,forest,weighted,clean,cap,0.05,,13270,1267,652,1456,115,1254,87,1261,195,12618,0.10627674750356633,0.049133383571966845
ton,cic,43,mask,forest,weighted,clean,random,0.05,,13270,1267,652,1456,75,1194,187,1261,195,12618,0.10944682200031701,0.049133383571966845
ton,cic,43,mask,forest,weighted,temporal,forced,0.0,,13270,1267,0,1475,0,1262,213,1262,213,13270,0.11115297663903542,0.0
ton,cic,43,mask,forest,weighted,temporal,frozen,0.05,0.8927994607583573,13270,1267,285,1475,105,1255,115,1262,213,12985,0.10550635348479014,0.021477015825169556
ton,cic,43,mask,forest,weighted,temporal,cap,0.05,,13270,1267,652,1475,136,1250,89,1262,213,12618,0.1061182437787288,0.049133383571966845
ton,cic,43,mask,forest,weighted,temporal,random,0.05,,13270,1267,652,1475,75,1195,205,1262,213,12618,0.11095260738627358,0.049133383571966845
ton,cic,43,mask,forest,weighted,size,forced,0.0,,13270,1267,0,1886,0,1237,649,1237,649,13270,0.14212509419743782,0.0
ton,cic,43,mask,forest,weighted,size,frozen,0.05,0.8927994607583573,13270,1267,1148,1886,504,1208,174,1237,649,12122,0.11400758950668206,0.08651092690278825
ton,cic,43,mask,forest,weighted,size,cap,0.05,,13270,1267,652,1886,232,1231,423,1237,649,12618,0.13108258044064036,0.049133383571966845
ton,cic,43,mask,forest,weighted,size,random,0.05,,13270,1267,652,1886,95,1170,621,1237,649,12618,0.1419400855920114,0.049133383571966845
ton,cic,43,mask,forest,weighted,tcp,forced,0.0,,13270,1267,0,1457,0,1260,197,1260,197,13270,0.10979653353428787,0.0
ton,cic,43,mask,forest,weighted,tcp,frozen,0.05,0.8927994607583573,13270,1267,200,1457,71,1260,126,1260,197,13070,0.10604437643458302,0.015071590052750565
ton,cic,43,mask,forest,weighted,tcp,cap,0.05,,13270,1267,652,1457,126,1252,79,1260,197,12618,0.10548422887937867,0.049133383571966845
ton,cic,43,mask,forest,weighted,tcp,random,0.05,,13270,1267,652,1457,76,1193,188,1260,197,12618,0.10944682200031701,0.049133383571966845
ton,cic,43,mask,forest,weighted,temporal+tcp,forced,0.0,,13270,1267,0,1480,0,1262,218,1262,218,13270,0.11152976639035418,0.0
ton,cic,43,mask,forest,weighted,temporal+tcp,frozen,0.05,0.8927994607583573,13270,1267,243,1480,92,1256,132,1262,218,13027,0.10654793889613878,0.018311981914091936
ton,cic,43,mask,forest,weighted,temporal+tcp,cap,0.05,,13270,1267,652,1480,146,1245,89,1262,218,12618,0.10572198446663497,0.049133383571966845
ton,cic,43,mask,forest,weighted,temporal+tcp,random,0.05,,13270,1267,652,1480,75,1195,210,1262,218,12618,0.11134886669836741,0.049133383571966845
cic,unsw,17,clean,logistic,unique,clean,forced,0.0,,10417,1285,0,1912,0,1178,734,1178,734,10417,0.18354612652395125,0.0
cic,unsw,17,clean,logistic,unique,clean,frozen,0.05,0.033812694573669755,10417,1285,1639,1912,609,1000,303,1178,734,8778,0.1484392800182274,0.1573389651531151
cic,unsw,17,clean,logistic,unique,clean,cap,0.05,,10417,1285,518,1912,263,1143,506,1178,734,9899,0.1665824830790989,0.04972640875491984
cic,unsw,17,clean,logistic,unique,clean,random,0.05,,10417,1285,518,1912,89,1121,702,1178,734,9899,0.1841600161632488,0.04972640875491984
cic,unsw,17,clean,logistic,unique,temporal,forced,0.0,,10417,1285,0,2001,0,1172,829,1172,829,10417,0.1920898531247,0.0
cic,unsw,17,clean,logistic,unique,temporal,frozen,0.05,0.033812694573669755,10417,1285,1655,2001,699,968,334,1172,829,8762,0.14859621091075098,0.1588749160026879
cic,unsw,17,clean,logistic,unique,temporal,cap,0.05,,10417,1285,518,2001,260,1139,602,1172,829,9899,0.17587635114658046,0.04972640875491984
cic,unsw,17,clean,logistic,unique,temporal,random,0.05,,10417,1285,518,2001,93,1115,793,1172,829,9899,0.19274674209516113,0.04972640875491984
cic,unsw,17,clean,logistic,unique,size,forced,0.0,,10417,1285,0,1625,0,1237,388,1237,388,10417,0.15599500815973888,0.0
cic,unsw,17,clean,logistic,unique,size,frozen,0.05,0.033812694573669755,10417,1285,7904,1625,645,980,0,1237,388,2513,0.38997214484679665,0.7587597196889699
cic,unsw,17,clean,logistic,unique,size,cap,0.05,,10417,1285,518,1625,79,1206,340,1237,388,9899,0.1561773916557228,0.04972640875491984
cic,unsw,17,clean,logistic,unique,size,random,0.05,,10417,1285,518,1625,75,1180,370,1237,388,9899,0.1565814728760481,0.04972640875491984
cic,unsw,17,clean,logistic,unique,tcp,forced,0.0,,10417,1285,0,1857,0,1243,614,1243,614,10417,0.1782662954785447,0.0
cic,unsw,17,clean,logistic,unique,tcp,frozen,0.05,0.033812694573669755,10417,1285,1374,1857,485,1108,264,1243,614,9043,0.15171956209222603,0.1318997792070654
cic,unsw,17,clean,logistic,unique,tcp,cap,0.05,,10417,1285,518,1857,212,1183,462,1243,614,9899,0.1661784018587736,0.04972640875491984
cic,unsw,17,clean,logistic,unique,tcp,random,0.05,,10417,1285,518,1857,83,1184,590,1243,614,9899,0.17921002121426408,0.04972640875491984
cic,unsw,17,clean,logistic,unique,temporal+tcp,forced,0.0,,10417,1285,0,1986,0,1243,743,1243,743,10417,0.1906498992032255,0.0
cic,unsw,17,clean,logistic,unique,temporal+tcp,frozen,0.05,0.033812694573669755,10417,1285,1471,1986,637,1091,258,1243,743,8946,0.15079365079365079,0.14121148123260055
cic,unsw,17,clean,logistic,unique,temporal+tcp,cap,0.05,,10417,1285,518,1986,260,1216,510,1243,743,9899,0.17436104657036064,0.04972640875491984
cic,unsw,17,clean,logistic,unique,temporal+tcp,random,0.05,,10417,1285,518,1986,87,1183,716,1243,743,9899,0.19183755934942923,0.04972640875491984
cic,unsw,17,clean,logistic,weighted,clean,forced,0.0,,10665,1289,0,1935,0,1182,753,1182,753,10665,0.18143459915611815,0.0
cic,unsw,17,clean,logistic,weighted,clean,frozen,0.05,0.033812694573669755,10665,1289,1669,1935,618,1004,313,1182,753,8996,0.1463983992885727,0.15649320206282233
cic,unsw,17,clean,logistic,weighted,clean,cap,0.05,,10665,1289,530,1935,267,1148,520,1182,753,10135,0.16457819437592502,0.049695264885138306
cic,unsw,17,clean,logistic,weighted,clean,random,0.05,,10665,1289,530,1935,108,1116,711,1182,753,10135,0.18026640355204737,0.049695264885138306
cic,unsw,17,clean,logistic,weighted,temporal,forced,0.0,,10665,1289,0,2027,0,1176,851,1176,851,10665,0.19006094702297233,0.0
cic,unsw,17,clean,logistic,weighted,temporal,frozen,0.05,0.033812694573669755,10665,1289,1690,2027,711,972,344,1176,851,8975,0.14662952646239555,0.1584622597280825
cic,unsw,17,clean,logistic,weighted,temporal,cap,0.05,,10665,1289,530,2027,263,1143,621,1176,851,10135,0.17405032067094228,0.049695264885138306
cic,unsw,17,clean,logistic,weighted,temporal,random,0.05,,10665,1289,530,2027,114,1110,803,1176,851,10135,0.188751850024667,0.049695264885138306
cic,unsw,17,clean,logistic,weighted,size,forced,0.0,,10665,1289,0,1629,0,1241,388,1241,388,10665,0.15274261603375527,0.0
cic,unsw,17,clean,logistic,weighted,size,frozen,0.05,0.033812694573669755,10665,1289,8072,1629,645,984,0,1241,388,2593,0.3794832240647898,0.756868260665729
cic,unsw,17,clean,logistic,weighted,size,cap,0.05,,10665,1289,530,1629,80,1210,339,1241,388,10135,0.15283670448939318,0.049695264885138306
cic,unsw,17,clean,logistic,weighted,size,random,0.05,,10665,1289,530,1629,90,1176,363,1241,388,10135,0.15185002466699557,0.049695264885138306
cic,unsw,17,clean,logistic,weighted,tcp,forced,0.0,,10665,1289,0,1877,0,1247,630,1247,630,10665,0.17599624941397093,0.0
cic,unsw,17,clean,logistic,weighted,tcp,frozen,0.05,0.033812694573669755,10665,1289,1395,1877,491,1112,274,1247,630,9270,0.14951456310679612,0.1308016877637131
cic,unsw,17,clean,logistic,weighted,tcp,cap,0.05,,10665,1289,530,1877,217,1187,473,1247,630,10135,0.1637888505180069,0.049695264885138306
cic,unsw,17,clean,logistic,weighted,tcp,random,0.05,,10665,1289,530,1877,98,1181,598,1247,630,10135,0.17553034040453872,0.049695264885138306
cic,unsw,17,clean,logistic,weighted,temporal+tcp,forced,0.0,,10665,1289,0,2011,0,1247,764,1247,764,10665,0.18856071261134552,0.0
cic,unsw,17,clean,logistic,weighted,temporal+tcp,frozen,0.05,0.033812694573669755,10665,1289,1500,2011,648,1095,268,1247,764,9165,0.14871794871794872,0.14064697609001406
cic,unsw,17,clean,logistic,weighted,temporal+tcp,cap,0.05,,10665,1289,530,2011,268,1220,523,1247,764,10135,0.17197829304390724,0.049695264885138306
cic,unsw,17,clean,logistic,weighted,temporal+tcp,random,0.05,,10665,1289,530,2011,105,1180,726,1247,764,10135,0.18806117414898865,0.049695264885138306
cic,ton,17,clean,logistic,unique,clean,forced,0.0,,9358,7527,0,5925,0,5597,328,5597,328,9358,0.6331481085702073,0.0
cic,ton,17,clean,logistic,unique,clean,frozen,0.05,0.033812694573669755,9358,7527,3556,5925,2021,3731,173,5597,328,5802,0.6728714236470182,0.3799957255823894
cic,ton,17,clean,logistic,unique,clean,cap,0.05,,9358,7527,453,5925,286,5345,294,5597,328,8905,0.6332397529477821,0.04840777944005129
cic,ton,17,clean,logistic,unique,clean,random,0.05,,9358,7527,453,5925,285,5324,316,5597,328,8905,0.6333520494104435,0.04840777944005129
cic,ton,17,clean,logistic,unique,temporal,forced,0.0,,9358,7527,0,5616,0,5256,360,5256,360,9358,0.600128232528318,0.0
cic,ton,17,clean,logistic,unique,temporal,frozen,0.05,0.033812694573669755,9358,7527,3691,5616,2092,3325,199,5256,360,5667,0.6218457737780131,0.3944218850181663
cic,ton,17,clean,logistic,unique,temporal,cap,0.05,,9358,7527,453,5616,201,5089,326,5256,360,8905,0.6080853453116227,0.04840777944005129
cic,ton,17,clean,logistic,unique,temporal,random,0.05,,9358,7527,453,5616,267,5005,344,5256,360,8905,0.6006737787759685,0.04840777944005129
cic,ton,17,clean,logistic,unique,size,forced,0.0,,9358,7527,0,7438,0,7108,330,7108,330,9358,0.7948279546911733,0.0
cic,ton,17,clean,logistic,unique,size,frozen,0.05,0.033812694573669755,9358,7527,6459,7438,5334,2064,40,7108,330,2899,0.7257675060365644,0.6902115836717247
cic,ton,17,clean,logistic,unique,size,cap,0.05,,9358,7527,453,7438,252,6905,281,7108,330,8905,0.8069623806850085,0.04840777944005129
cic,ton,17,clean,logistic,unique,size,random,0.05,,9358,7527,453,7438,347,6772,319,7108,330,8905,0.7962942167321729,0.04840777944005129
cic,ton,17,clean,logistic,unique,tcp,forced,0.0,,9358,7527,0,6429,0,6189,240,6189,240,9358,0.6870057704637743,0.0
cic,ton,17,clean,logistic,unique,tcp,frozen,0.05,0.033812694573669755,9358,7527,2845,6429,1327,4967,135,6189,240,6513,0.7833563641946876,0.3040179525539645
cic,ton,17,clean,logistic,unique,tcp,cap,0.05,,9358,7527,453,6429,250,5958,221,6189,240,8905,0.6938798427849523,0.04840777944005129
cic,ton,17,clean,logistic,unique,tcp,random,0.05,,9358,7527,453,6429,309,5893,227,6189,240,8905,0.6872543514879281,0.04840777944005129
cic,ton,17,clean,logistic,unique,temporal+tcp,forced,0.0,,9358,7527,0,6205,0,5920,285,5920,285,9358,0.6630690318444112,0.0
cic,ton,17,clean,logistic,unique,temporal+tcp,frozen,0.05,0.033812694573669755,9358,7527,3584,6205,1810,4253,142,5920,285,5774,0.7611707655005195,0.3829878179098098
cic,ton,17,clean,logistic,unique,temporal+tcp,cap,0.05,,9358,7527,453,6205,205,5758,242,5920,285,8905,0.673778775968557,0.04840777944005129
cic,ton,17,clean,logistic,unique,temporal+tcp,random,0.05,,9358,7527,453,6205,293,5640,272,5920,285,8905,0.6638966872543515,0.04840777944005129
cic,ton,17,clean,logistic,weighted,clean,forced,0.0,,11240,8788,0,7193,0,6855,338,6855,338,11240,0.6399466192170818,0.0
cic,ton,17,clean,logistic,weighted,clean,frozen,0.05,0.033812694573669755,11240,8788,3569,7193,2031,4989,173,6855,338,7671,0.6729239994785556,0.3175266903914591
cic,ton,17,clean,logistic,weighted,clean,cap,0.05,,11240,8788,539,7193,337,6563,293,6855,338,10701,0.6406877861882068,0.04795373665480427
cic,ton,17,clean,logistic,weighted,clean,random,0.05,,11240,8788,539,7193,335,6532,326,6855,338,10701,0.6408746846089151,0.04795373665480427
cic,ton,17,clean,logistic,weighted,temporal,forced,0.0,,11240,8788,0,6885,0,6514,371,6514,371,11240,0.6125444839857651,0.0
cic,ton,17,clean,logistic,weighted,temporal,frozen,0.05,0.033812694573669755,11240,8788,3700,6885,2099,4583,203,6514,371,7540,0.6347480106100796,0.3291814946619217
cic,ton,17,clean,logistic,weighted,temporal,cap,0.05,,11240,8788,539,6885,246,6315,324,6514,371,10701,0.6204093075413513,0.04795373665480427
cic,ton,17,clean,logistic,weighted,temporal,random,0.05,,11240,8788,539,6885,320,6206,359,6514,371,10701,0.6134940659751426,0.04795373665480427
cic,ton,17,clean,logistic,weighted,size,forced,0.0,,11240,8788,0,8780,0,8323,457,8323,457,11240,0.7811387900355872,0.0
cic,ton,17,clean,logistic,weighted,size,frozen,0.05,0.033812694573669755,11240,8788,6669,8780,5463,3273,44,8323,457,4571,0.7256617807919492,0.5933274021352313
cic,ton,17,clean,logistic,weighted,size,cap,0.05,,11240,8788,539,8780,305,8113,362,8323,457,10701,0.791982057751612,0.04795373665480427
cic,ton,17,clean,logistic,weighted,size,random,0.05,,11240,8788,539,8780,421,7922,437,8323,457,10701,0.7811419493505279,0.04795373665480427
cic,ton,17,clean,logistic,weighted,tcp,forced,0.0,,11240,8788,0,7691,0,7447,244,7447,244,11240,0.6842526690391459,0.0
cic,ton,17,clean,logistic,weighted,tcp,frozen,0.05,0.033812694573669755,11240,8788,2870,7691,1333,6223,135,7447,244,8370,0.7596176821983274,0.25533807829181493
cic,ton,17,clean,logistic,weighted,tcp,cap,0.05,,11240,8788,539,7691,282,7191,218,7447,244,10701,0.6923651995140641,0.04795373665480427
cic,ton,17,clean,logistic,weighted,tcp,random,0.05,,11240,8788,539,7691,367,7089,235,7447,244,10701,0.6844220166339594,0.04795373665480427
cic,ton,17,clean,logistic,weighted,temporal+tcp,forced,0.0,,11240,8788,0,7477,0,7178,299,7178,299,11240,0.6652135231316726,0.0
cic,ton,17,clean,logistic,weighted,temporal+tcp,frozen,0.05,0.033812694573669755,11240,8788,4032,7477,2128,5207,142,7178,299,7208,0.7420921198668147,0.35871886120996443
cic,ton,17,clean,logistic,weighted,temporal+tcp,cap,0.05,,11240,8788,539,7477,242,7003,232,7178,299,10701,0.6761050369124381,0.04795373665480427
cic,ton,17,clean,logistic,weighted,temporal+tcp,random,0.05,,11240,8788,539,7477,355,6837,285,7178,299,10701,0.6655452761424165,0.04795373665480427
cic,unsw,17,clean,forest,unique,clean,forced,0.0,,10417,1285,0,1508,0,1285,223,1285,223,10417,0.14476336757223768,0.0
cic,unsw,17,clean,forest,unique,clean,frozen,0.05,0.015555555555555545,10417,1285,10382,1508,1478,30,0,1285,223,35,0.8571428571428571,0.9966401075165595
cic,unsw,17,clean,forest,unique,clean,cap,0.05,,10417,1285,518,1508,156,1285,67,1285,223,9899,0.13657945246994646,0.04972640875491984
cic,unsw,17,clean,forest,unique,clean,random,0.05,,10417,1285,518,1508,68,1223,217,1285,223,9899,0.14546923931710273,0.04972640875491984
cic,unsw,17,clean,forest,unique,temporal,forced,0.0,,10417,1285,0,1501,0,1285,216,1285,216,10417,0.14409138907554958,0.0
cic,unsw,17,clean,forest,unique,temporal,frozen,0.05,0.015555555555555545,10417,1285,10357,1501,1441,60,0,1285,216,60,1.0,0.994240184314102
cic,unsw,17,clean,forest,unique,temporal,cap,0.05,,10417,1285,518,1501,189,1285,27,1285,216,9899,0.1325386402666936,0.04972640875491984
cic,unsw,17,clean,forest,unique,temporal,random,0.05,,10417,1285,518,1501,67,1223,211,1285,216,9899,0.14486311748661482,0.04972640875491984
cic,unsw,17,clean,forest,unique,size,forced,0.0,,10417,1285,0,1285,0,1285,0,1285,0,10417,0.1233560526063166,0.0
cic,unsw,17,clean,forest,unique,size,frozen,0.05,0.015555555555555545,10417,1285,10417,1285,1285,0,0,1285,0,0,,1.0
cic,unsw,17,clean,forest,unique,size,cap,0.05,,10417,1285,518,1285,0,1285,0,1285,0,9899,0.12981109202949792,0.04972640875491984
cic,unsw,17,clean,forest,unique,size,random,0.05,,10417,1285,518,1285,62,1223,0,1285,0,9899,0.12354783311445601,0.04972640875491984
cic,unsw,17,clean,forest,unique,tcp,forced,0.0,,10417,1285,0,1529,0,1285,244,1285,244,10417,0.146779303062302,0.0
cic,unsw,17,clean,forest,unique,tcp,frozen,0.05,0.015555555555555545,10417,1285,10417,1529,1529,0,0,1285,244,0,,1.0
cic,unsw,17,clean,forest,unique,tcp,cap,0.05,,10417,1285,518,1529,203,1285,41,1285,244,9899,0.1339529245378321,0.04972640875491984
cic,unsw,17,clean,forest,unique,tcp,random,0.05,,10417,1285,518,1529,77,1223,229,1285,244,9899,0.1466814829780786,0.04972640875491984
cic,unsw,17,clean,forest,unique,temporal+tcp,forced,0.0,,10417,1285,0,1375,0,1285,90,1285,90,10417,0.13199577613516367,0.0
cic,unsw,17,clean,forest,unique,temporal+tcp,frozen,0.05,0.015555555555555545,10417,1285,10417,1375,1375,0,0,1285,90,0,,1.0
cic,unsw,17,clean,forest,unique,temporal+tcp,cap,0.05,,10417,1285,518,1375,84,1285,6,1285,90,9899,0.13041721385998586,0.04972640875491984
cic,unsw,17,clean,forest,unique,temporal+tcp,random,0.05,,10417,1285,518,1375,63,1223,89,1285,90,9899,0.1325386402666936,0.04972640875491984
cic,unsw,17,clean,forest,weighted,clean,forced,0.0,,10665,1289,0,1514,0,1289,225,1289,225,10665,0.14195968120018754,0.0
cic,unsw,17,clean,forest,weighted,clean,frozen,0.05,0.015555555555555545,10665,1289,10629,1514,1484,30,0,1289,225,36,0.8333333333333334,0.9966244725738397
cic,unsw,17,clean,forest,weighted,clean,cap,0.05,,10665,1289,530,1514,157,1289,68,1289,225,10135,0.13389245189935867,0.049695264885138306
cic,unsw,17,clean,forest,weighted,clean,random,0.05,,10665,1289,530,1514,78,1222,214,1289,225,10135,0.14168722249629995,0.049695264885138306
cic,unsw,17,clean,forest,weighted,temporal,forced,0.0,,10665,1289,0,1507,0,1289,218,1289,218,10665,0.14130332864510078,0.0
cic,unsw,17,clean,forest,weighted,temporal,frozen,0.05,0.015555555555555545,10665,1289,10605,1507,1447,60,0,1289,218,60,1.0,0.9943741209563994
cic,unsw,17,clean,forest,weighted,temporal,cap,0.05,,10665,1289,530,1507,193,1289,25,1289,218,10135,0.12964972866304883,0.049695264885138306
cic,unsw,17,clean,forest,weighted,temporal,random,0.05,,10665,1289,530,1507,78,1222,207,1289,218,10135,0.1409965466206216,0.049695264885138306
cic,unsw,17,clean,forest,weighted,size,forced,0.0,,10665,1289,0,1289,0,1289,0,1289,0,10665,0.12086263478668542,0.0
cic,unsw,17,clean,forest,weighted,size,frozen,0.05,0.015555555555555545,10665,1289,10665,1289,1289,0,0,1289,0,0,,1.0
cic,unsw,17,clean,forest,weighted,size,cap,0.05,,10665,1289,530,1289,0,1289,0,1289,0,10135,0.12718302910705476,0.049695264885138306
cic,unsw,17,clean,forest,weighted,size,random,0.05,,10665,1289,530,1289,67,1222,0,1289,0,10135,0.12057227429699062,0.049695264885138306
cic,unsw,17,clean,forest,weighted,tcp,forced,0.0,,10665,1289,0,1537,0,1289,248,1289,248,10665,0.14411626816690107,0.0
cic,unsw,17,clean,forest,weighted,tcp,frozen,0.05,0.015555555555555545,10665,1289,10665,1537,1537,0,0,1289,248,0,,1.0
cic,unsw,17,clean,forest,weighted,tcp,cap,0.05,,10665,1289,530,1537,207,1289,41,1289,248,10135,0.13122841637888505,0.049695264885138306
cic,unsw,17,clean,forest,weighted,tcp,random,0.05,,10665,1289,530,1537,86,1222,229,1289,248,10135,0.1431672422298964,0.049695264885138306
cic,unsw,17,clean,forest,weighted,temporal+tcp,forced,0.0,,10665,1289,0,1381,0,1289,92,1289,92,10665,0.1294889826535396,0.0
cic,unsw,17,clean,forest,weighted,temporal+tcp,frozen,0.05,0.015555555555555545,10665,1289,10665,1381,1381,0,0,1289,92,0,,1.0
cic,unsw,17,clean,forest,weighted,temporal+tcp,cap,0.05,,10665,1289,530,1381,85,1289,7,1289,92,10135,0.1278737049827331,0.049695264885138306
cic,unsw,17,clean,forest,weighted,temporal+tcp,random,0.05,,10665,1289,530,1381,71,1222,88,1289,92,10135,0.1292550567340898,0.049695264885138306
cic,ton,17,clean,forest,unique,clean,forced,0.0,,9358,7527,0,6191,0,6118,73,6118,73,9358,0.661572985680701,0.0
cic,ton,17,clean,forest,unique,clean,frozen,0.05,0.015555555555555545,9358,7527,7437,6191,4522,1669,0,6118,73,1921,0.8688183237896928,0.7947210942509083
cic,ton,17,clean,forest,unique,clean,cap,0.05,,9358,7527,453,6191,83,6046,62,6118,73,8905,0.685906793935991,0.04840777944005129
cic,ton,17,clean,forest,unique,clean,random,0.05,,9358,7527,453,6191,297,5824,70,6118,73,8905,0.6618753509264458,0.04840777944005129
cic,ton,17,clean,forest,unique,temporal,forced,0.0,,9358,7527,0,6686,0,6632,54,6632,54,9358,0.7144689036118829,0.0
cic,ton,17,clean,forest,unique,temporal,frozen,0.05,0.015555555555555545,9358,7527,9274,6686,6680,6,0,6632,54,84,0.07142857142857142,0.9910237230177388
cic,ton,17,clean,forest,unique,temporal,cap,0.05,,9358,7527,453,6686,276,6362,48,6632,54,8905,0.7198203256597417,0.04840777944005129
cic,ton,17,clean,forest,unique,temporal,random,0.05,,9358,7527,453,6686,324,6309,53,6632,54,8905,0.7144300954519932,0.04840777944005129
cic,ton,17,clean,forest,unique,size,forced,0.0,,9358,7527,0,7527,0,7527,0,7527,0,9358,0.8043385338747595,0.0
cic,ton,17,clean,forest,unique,size,frozen,0.05,0.015555555555555545,9358,7527,9358,7527,7527,0,0,7527,0,0,,1.0
cic,ton,17,clean,forest,unique,size,cap,0.05,,9358,7527,453,7527,380,7147,0,7527,0,8905,0.8025828186412128,0.04840777944005129
cic,ton,17,clean,forest,unique,size,random,0.05,,9358,7527,453,7527,368,7159,0,7527,0,8905,0.8039303761931499,0.04840777944005129
cic,ton,17,clean,forest,unique,tcp,forced,0.0,,9358,7527,0,7325,0,7307,18,7307,18,9358,0.7827527249412267,0.0
cic,ton,17,clean,forest,unique,tcp,frozen,0.05,0.015555555555555545,9358,7527,9354,7325,7325,0,0,7307,18,4,0.0,0.99957255823894
cic,ton,17,clean,forest,unique,tcp,cap,0.05,,9358,7527,453,7325,234,7085,6,7307,18,8905,0.7962942167321729,0.04840777944005129
cic,ton,17,clean,forest,unique,tcp,random,0.05,,9358,7527,453,7325,358,6951,16,7307,18,8905,0.7823694553621561,0.04840777944005129
cic,ton,17,clean,forest,unique,temporal+tcp,forced,0.0,,9358,7527,0,7379,0,7370,9,7370,9,9358,0.7885231887155375,0.0
cic,ton,17,clean,forest,unique,temporal+tcp,frozen,0.05,0.015555555555555545,9358,7527,9354,7379,7379,0,0,7370,9,4,0.0,0.99957255823894
cic,ton,17,clean,forest,unique,temporal+tcp,cap,0.05,,9358,7527,453,7379,226,7153,0,7370,9,8905,0.8032565974171814,0.04840777944005129
cic,ton,17,clean,forest,unique,temporal+tcp,random,0.05,,9358,7527,453,7379,358,7013,8,7370,9,8905,0.7884334643458731,0.04840777944005129
cic,ton,17,clean,forest,weighted,clean,forced,0.0,,11240,8788,0,7449,0,7376,73,7376,73,11240,0.6627224199288256,0.0
cic,ton,17,clean,forest,weighted,clean,frozen,0.05,0.015555555555555545,11240,8788,8226,7449,4922,2527,0,7376,73,3014,0.838420703384207,0.7318505338078292
cic,ton,17,clean,forest,weighted,clean,cap,0.05,,11240,8788,539,7449,88,7301,60,7376,73,10701,0.6878796374170638,0.04795373665480427
cic,ton,17,clean,forest,weighted,clean,random,0.05,,11240,8788,539,7449,353,7026,70,7376,73,10701,0.6631155966732081,0.04795373665480427
cic,ton,17,clean,forest,weighted,temporal,forced,0.0,,11240,8788,0,7946,0,7892,54,7892,54,11240,0.7069395017793594,0.0
cic,ton,17,clean,forest,weighted,temporal,frozen,0.05,0.015555555555555545,11240,8788,11156,7946,7940,6,0,7892,54,84,0.07142857142857142,0.992526690391459
cic,ton,17,clean,forest,weighted,temporal,cap,0.05,,11240,8788,539,7946,301,7599,46,7892,54,10701,0.7144192131576488,0.04795373665480427
cic,ton,17,clean,forest,weighted,temporal,random,0.05,,11240,8788,539,7946,377,7516,53,7892,54,10701,0.7073170731707317,0.04795373665480427
cic,ton,17,clean,forest,weighted,size,forced,0.0,,11240,8788,0,8788,0,8788,0,8788,0,11240,0.7818505338078292,0.0
cic,ton,17,clean,forest,weighted,size,frozen,0.05,0.015555555555555545,11240,8788,11240,8788,8788,0,0,8788,0,0,,1.0
cic,ton,17,clean,forest,weighted,size,cap,0.05,,11240,8788,539,8788,431,8357,0,8788,0,10701,0.7809550509298196,0.04795373665480427
cic,ton,17,clean,forest,weighted,size,random,0.05,,11240,8788,539,8788,425,8363,0,8788,0,10701,0.7815157461919446,0.04795373665480427
cic,ton,17,clean,forest,weighted,tcp,forced,0.0,,11240,8788,0,8588,0,8568,20,8568,20,11240,0.7640569395017793,0.0
cic,ton,17,clean,forest,weighted,tcp,frozen,0.05,0.015555555555555545,11240,8788,11236,8588,8588,0,0,8568,20,4,0.0,0.999644128113879
cic,ton,17,clean,forest,weighted,tcp,cap,0.05,,11240,8788,539,8588,278,8305,5,8568,20,10701,0.7765629380431736,0.04795373665480427
cic,ton,17,clean,forest,weighted,tcp,random,0.05,,11240,8788,539,8588,417,8153,18,8568,20,10701,0.7635734978039436,0.04795373665480427
cic,ton,17,clean,forest,weighted,temporal+tcp,forced,0.0,,11240,8788,0,8640,0,8631,9,8631,9,11240,0.7686832740213523,0.0
cic,ton,17,clean,forest,weighted,temporal+tcp,frozen,0.05,0.015555555555555545,11240,8788,11236,8640,8640,0,0,8631,9,4,0.0,0.999644128113879
cic,ton,17,clean,forest,weighted,temporal+tcp,cap,0.05,,11240,8788,539,8640,272,8368,0,8631,9,10701,0.7819829922437156,0.04795373665480427
cic,ton,17,clean,forest,weighted,temporal+tcp,random,0.05,,11240,8788,539,8640,415,8217,8,8631,9,10701,0.7686197551630689,0.04795373665480427
cic,unsw,17,repeat,logistic,unique,clean,forced,0.0,,10417,1285,0,1768,0,1187,581,1187,581,10417,0.1697225688777959,0.0
cic,unsw,17,repeat,logistic,unique,clean,frozen,0.05,0.02278524652776348,10417,1285,1445,1768,495,997,276,1187,581,8972,0.14188586714222023,0.13871556110204472
cic,unsw,17,repeat,logistic,unique,clean,cap,0.05,,10417,1285,518,1768,189,1159,420,1187,581,9899,0.1595110617234064,0.04972640875491984
cic,unsw,17,repeat,logistic,unique,clean,random,0.05,,10417,1285,518,1768,82,1129,557,1187,581,9899,0.17032023436710778,0.04972640875491984
cic,unsw,17,repeat,logistic,unique,temporal,forced,0.0,,10417,1285,0,1823,0,1172,651,1172,651,10417,0.17500239992320246,0.0
cic,unsw,17,repeat,logistic,unique,temporal,frozen,0.05,0.02278524652776348,10417,1285,1535,1823,562,956,305,1172,651,8882,0.14197252870975005,0.14735528463089181
cic,unsw,17,repeat,logistic,unique,temporal,cap,0.05,,10417,1285,518,1823,191,1146,486,1172,651,9899,0.16486513789271642,0.04972640875491984
cic,unsw,17,repeat,logistic,unique,temporal,random,0.05,,10417,1285,518,1823,90,1114,619,1172,651,9899,0.17506818870592988,0.04972640875491984
cic,unsw,17,repeat,logistic,unique,size,forced,0.0,,10417,1285,0,1684,0,1214,470,1214,470,10417,0.16165882691753863,0.0
cic,unsw,17,repeat,logistic,unique,size,frozen,0.05,0.02278524652776348,10417,1285,8985,1684,824,859,1,1214,470,1432,0.6005586592178771,0.8625323989632332
cic,unsw,17,repeat,logistic,unique,size,cap,0.05,,10417,1285,518,1684,102,1205,377,1214,470,9899,0.15981412263865036,0.04972640875491984
cic,unsw,17,repeat,logistic,unique,size,random,0.05,,10417,1285,518,1684,74,1159,451,1214,470,9899,0.16264269118092736,0.04972640875491984
cic,unsw,17,repeat,logistic,unique,tcp,forced,0.0,,10417,1285,0,1733,0,1203,530,1203,530,10417,0.16636267639435537,0.0
cic,unsw,17,repeat,logistic,unique,tcp,frozen,0.05,0.02278524652776348,10417,1285,1186,1733,355,1128,250,1203,530,9231,0.14927960134329976,0.11385235672458481
cic,unsw,17,repeat,logistic,unique,tcp,cap,0.05,,10417,1285,518,1733,180,1175,378,1203,530,9899,0.15688453379129205,0.04972640875491984
cic,unsw,17,repeat,logistic,unique,tcp,random,0.05,,10417,1285,518,1733,77,1145,511,1203,530,9899,0.16728962521466814,0.04972640875491984
cic,unsw,17,repeat,logistic,unique,temporal+tcp,forced,0.0,,10417,1285,0,1812,0,1229,583,1229,583,10417,0.17394643371412113,0.0
cic,unsw,17,repeat,logistic,unique,temporal+tcp,frozen,0.05,0.02278524652776348,10417,1285,1302,1812,470,1102,240,1229,583,9115,0.14722984092155786,0.12498800038398772
cic,unsw,17,repeat,logistic,unique,temporal+tcp,cap,0.05,,10417,1285,518,1812,243,1177,392,1229,583,9899,0.1585008586725932,0.04972640875491984
cic,unsw,17,repeat,logistic,unique,temporal+tcp,random,0.05,,10417,1285,518,1812,82,1171,559,1229,583,9899,0.17476512779068593,0.04972640875491984
cic,unsw,17,repeat,logistic,weighted,clean,forced,0.0,,10665,1289,0,1788,0,1191,597,1191,597,10665,0.16765119549929677,0.0
cic,unsw,17,repeat,logistic,weighted,clean,frozen,0.05,0.02278524652776348,10665,1289,1468,1788,501,1001,286,1191,597,9197,0.1399369359573774,0.13764650726676042
cic,unsw,17,repeat,logistic,weighted,clean,cap,0.05,,10665,1289,530,1788,197,1163,428,1191,597,10135,0.15698075974346323,0.049695264885138306
cic,unsw,17,repeat,logistic,weighted,clean,random,0.05,,10665,1289,530,1788,96,1125,567,1191,597,10135,0.16694622594967934,0.049695264885138306
cic,unsw,17,repeat,logistic,weighted,temporal,forced,0.0,,10665,1289,0,1844,0,1176,668,1176,668,10665,0.17290201593999063,0.0
cic,unsw,17,repeat,logistic,weighted,temporal,frozen,0.05,0.02278524652776348,10665,1289,1561,1844,569,960,315,1176,668,9104,0.14004833040421794,0.1463666197843413
cic,unsw,17,repeat,logistic,weighted,temporal,cap,0.05,,10665,1289,530,1844,196,1150,498,1176,668,10135,0.16260483473112974,0.049695264885138306
cic,unsw,17,repeat,logistic,weighted,temporal,random,0.05,,10665,1289,530,1844,104,1110,630,1176,668,10135,0.17168228909718797,0.049695264885138306
cic,unsw,17,repeat,logistic,weighted,size,forced,0.0,,10665,1289,0,1689,0,1218,471,1218,471,10665,0.15836849507735584,0.0
cic,unsw,17,repeat,logistic,weighted,size,frozen,0.05,0.02278524652776348,10665,1289,9218,1689,825,863,1,1218,471,1447,0.5970974429854872,0.8643225503984998
cic,unsw,17,repeat,logistic,weighted,size,cap,0.05,,10665,1289,530,1689,103,1209,377,1218,471,10135,0.15648741983226444,0.049695264885138306
cic,unsw,17,repeat,logistic,weighted,size,random,0.05,,10665,1289,530,1689,90,1153,446,1218,471,10135,0.15777010360138136,0.049695264885138306
cic,unsw,17,repeat,logistic,weighted,tcp,forced,0.0,,10665,1289,0,1752,0,1207,545,1207,545,10665,0.16427566807313643,0.0
cic,unsw,17,repeat,logistic,weighted,tcp,frozen,0.05,0.02278524652776348,10665,1289,1202,1752,360,1132,260,1207,545,9463,0.14709922857444785,0.1127051101734646
cic,unsw,17,repeat,logistic,weighted,tcp,cap,0.05,,10665,1289,530,1752,186,1178,388,1207,545,10135,0.15451406018746916,0.049695264885138306
cic,unsw,17,repeat,logistic,weighted,tcp,random,0.05,,10665,1289,530,1752,93,1141,518,1207,545,10135,0.16369018253576714,0.049695264885138306
cic,unsw,17,repeat,logistic,weighted,temporal+tcp,forced,0.0,,10665,1289,0,1831,0,1233,598,1233,598,10665,0.17168307548054385,0.0
cic,unsw,17,repeat,logistic,weighted,temporal+tcp,frozen,0.05,0.02278524652776348,10665,1289,1324,1831,475,1106,250,1233,598,9341,0.14516647039931485,0.12414439756211908
cic,unsw,17,repeat,logistic,weighted,temporal+tcp,cap,0.05,,10665,1289,530,1831,248,1180,403,1233,598,10135,0.15619141588554514,0.049695264885138306
cic,unsw,17,repeat,logistic,weighted,temporal+tcp,random,0.05,,10665,1289,530,1831,99,1167,565,1233,598,10135,0.17089294523926984,0.049695264885138306
cic,ton,17,repeat,logistic,unique,clean,forced,0.0,,9358,7527,0,5889,0,5566,323,5566,323,9358,0.6293011327206668,0.0
cic,ton,17,repeat,logistic,unique,clean,frozen,0.05,0.02278524652776348,9358,7527,3390,5889,1715,4001,173,5566,323,5968,0.699396782841823,0.3622568924983971
cic,ton,17,repeat,logistic,unique,clean,cap,0.05,,9358,7527,453,5889,244,5350,295,5566,323,8905,0.6339135317237508,0.04840777944005129
cic,ton,17,repeat,logistic,unique,clean,random,0.05,,9358,7527,453,5889,279,5299,311,5566,323,8905,0.6299831555306008,0.04840777944005129
cic,ton,17,repeat,logistic,unique,temporal,forced,0.0,,9358,7527,0,5633,0,5290,343,5290,343,9358,0.6019448600128232,0.0
cic,ton,17,repeat,logistic,unique,temporal,frozen,0.05,0.02278524652776348,9358,7527,3518,5633,1911,3525,197,5290,343,5840,0.6373287671232877,0.3759350288523189
cic,ton,17,repeat,logistic,unique,temporal,cap,0.05,,9358,7527,453,5633,259,5059,315,5290,343,8905,0.6034811903425042,0.04840777944005129
cic,ton,17,repeat,logistic,unique,temporal,random,0.05,,9358,7527,453,5633,269,5036,328,5290,343,8905,0.6023582257158899,0.04840777944005129
cic,ton,17,repeat,logistic,unique,size,forced,0.0,,9358,7527,0,7474,0,7202,272,7202,272,9358,0.7986749305407138,0.0
cic,ton,17,repeat,logistic,unique,size,frozen,0.05,0.02278524652776348,9358,7527,6732,7474,5645,1790,39,7202,272,2626,0.6964965727341965,0.7193844838640735
cic,ton,17,repeat,logistic,unique,size,cap,0.05,,9358,7527,453,7474,250,7002,222,7202,272,8905,0.8112296462661426,0.04840777944005129
cic,ton,17,repeat,logistic,unique,size,random,0.05,,9358,7527,453,7474,353,6860,261,7202,272,8905,0.7996631106120157,0.04840777944005129
cic,ton,17,repeat,logistic,unique,tcp,forced,0.0,,9358,7527,0,6386,0,6147,239,6147,239,9358,0.6824107715323787,0.0
cic,ton,17,repeat,logistic,unique,tcp,frozen,0.05,0.02278524652776348,9358,7527,2713,6386,1173,5077,136,6147,239,6645,0.7844996237772761,0.2899123744389827
cic,ton,17,repeat,logistic,unique,tcp,cap,0.05,,9358,7527,453,6386,210,5958,218,6147,239,8905,0.693542953396968,0.04840777944005129
cic,ton,17,repeat,logistic,unique,tcp,random,0.05,,9358,7527,453,6386,306,5853,227,6147,239,8905,0.6827624929814711,0.04840777944005129
cic,ton,17,repeat,logistic,unique,temporal+tcp,forced,0.0,,9358,7527,0,6190,0,5932,258,5932,258,9358,0.661466125240436,0.0
cic,ton,17,repeat,logistic,unique,temporal+tcp,frozen,0.05,0.02278524652776348,9358,7527,3422,6190,1590,4465,135,5932,258,5936,0.7749326145552561,0.36567642658687755
cic,ton,17,repeat,logistic,unique,temporal+tcp,cap,0.05,,9358,7527,453,6190,205,5757,228,5932,258,8905,0.6720943290286356,0.04840777944005129
cic,ton,17,repeat,logistic,unique,temporal+tcp,random,0.05,,9358,7527,453,6190,292,5651,247,5932,258,8905,0.6623245367770916,0.04840777944005129
cic,ton,17,repeat,logistic,weighted,clean,forced,0.0,,11240,8788,0,7157,0,6824,333,6824,333,11240,0.6367437722419929,0.0
cic,ton,17,repeat,logistic,weighted,clean,frozen,0.05,0.02278524652776348,11240,8788,3403,7157,1725,5259,173,6824,333,7837,0.6931223682531581,0.3027580071174377
cic,ton,17,repeat,logistic,weighted,clean,cap,0.05,,11240,8788,539,7157,290,6576,291,6824,333,10701,0.6417157275021026,0.04795373665480427
cic,ton,17,repeat,logistic,weighted,clean,random,0.05,,11240,8788,539,7157,334,6502,321,6824,333,10701,0.637603962246519,0.04795373665480427
cic,ton,17,repeat,logistic,weighted,temporal,forced,0.0,,11240,8788,0,6902,0,6548,354,6548,354,11240,0.6140569395017793,0.0
cic,ton,17,repeat,logistic,weighted,temporal,frozen,0.05,0.02278524652776348,11240,8788,3531,6902,1922,4783,197,6548,354,7709,0.6459981839408484,0.3141459074733096
cic,ton,17,repeat,logistic,weighted,temporal,cap,0.05,,11240,8788,539,6902,316,6275,311,6548,354,10701,0.6154564993925802,0.04795373665480427
cic,ton,17,repeat,logistic,weighted,temporal,random,0.05,,11240,8788,539,6902,325,6235,342,6548,354,10701,0.6146154564993925,0.04795373665480427
cic,ton,17,repeat,logistic,weighted,size,forced,0.0,,11240,8788,0,8748,0,8419,329,8419,329,11240,0.7782918149466193,0.0
cic,ton,17,repeat,logistic,weighted,size,frozen,0.05,0.02278524652776348,11240,8788,7252,8748,6056,2649,43,8419,329,3988,0.675025075225677,0.6451957295373666
cic,ton,17,repeat,logistic,weighted,size,cap,0.05,,11240,8788,539,8748,278,8214,256,8419,329,10701,0.7915148116998412,0.04795373665480427
cic,ton,17,repeat,logistic,weighted,size,random,0.05,,11240,8788,539,8748,418,8013,317,8419,329,10701,0.778431922250257,0.04795373665480427
cic,ton,17,repeat,logistic,weighted,tcp,forced,0.0,,11240,8788,0,7644,0,7405,239,7405,239,11240,0.6800711743772242,0.0
cic,ton,17,repeat,logistic,weighted,tcp,frozen,0.05,0.02278524652776348,11240,8788,2736,7644,1173,6335,136,7405,239,8504,0.7609360301034808,0.24341637010676156
cic,ton,17,repeat,logistic,weighted,tcp,cap,0.05,,11240,8788,539,7644,241,7188,215,7405,239,10701,0.6918045042519391,0.04795373665480427
cic,ton,17,repeat,logistic,weighted,tcp,random,0.05,,11240,8788,539,7644,366,7049,229,7405,239,10701,0.6801233529576675,0.04795373665480427
cic,ton,17,repeat,logistic,weighted,temporal+tcp,forced,0.0,,11240,8788,0,7449,0,7190,259,7190,259,11240,0.6627224199288256,0.0
cic,ton,17,repeat,logistic,weighted,temporal+tcp,frozen,0.05,0.02278524652776348,11240,8788,3572,7449,1608,5706,135,7190,259,7668,0.7617370892018779,0.3177935943060498
cic,ton,17,repeat,logistic,weighted,temporal+tcp,cap,0.05,,11240,8788,539,7449,227,7001,221,7190,259,10701,0.6748901971778338,0.04795373665480427
cic,ton,17,repeat,logistic,weighted,temporal+tcp,random,0.05,,11240,8788,539,7449,352,6850,247,7190,259,10701,0.6632090458835623,0.04795373665480427
cic,unsw,17,repeat,forest,unique,clean,forced,0.0,,10417,1285,0,1495,0,1285,210,1285,210,10417,0.14351540750695976,0.0
cic,unsw,17,repeat,forest,unique,clean,frozen,0.05,0.010092228613017062,10417,1285,10395,1495,1478,17,0,1285,210,22,0.7727272727272727,0.9978880675818373
cic,unsw,17,repeat,forest,unique,clean,cap,0.05,,10417,1285,518,1495,122,1285,88,1285,210,9899,0.13870087887665422,0.04972640875491984
cic,unsw,17,repeat,forest,unique,clean,random,0.05,,10417,1285,518,1495,69,1223,203,1285,210,9899,0.14405495504596424,0.04972640875491984
cic,unsw,17,repeat,forest,unique,temporal,forced,0.0,,10417,1285,0,1448,0,1285,163,1285,163,10417,0.13900355188633964,0.0
cic,unsw,17,repeat,forest,unique,temporal,frozen,0.05,0.010092228613017062,10417,1285,10386,1448,1418,30,0,1285,163,31,0.967741935483871,0.9970240952289526
cic,unsw,17,repeat,forest,unique,temporal,cap,0.05,,10417,1285,518,1448,139,1285,24,1285,163,9899,0.13223557935144964,0.04972640875491984
cic,unsw,17,repeat,forest,unique,temporal,random,0.05,,10417,1285,518,1448,67,1223,158,1285,163,9899,0.13950904131730477,0.04972640875491984
cic,unsw,17,repeat,forest,unique,size,forced,0.0,,10417,1285,0,1285,0,1285,0,1285,0,10417,0.1233560526063166,0.0
cic,unsw,17,repeat,forest,unique,size,frozen,0.05,0.010092228613017062,10417,1285,10416,1285,1284,1,0,1285,0,1,1.0,0.9999040030719017
cic,unsw,17,repeat,forest,unique,size,cap,0.05,,10417,1285,518,1285,36,1249,0,1285,0,9899,0.12617436104657037,0.04972640875491984
cic,unsw,17,repeat,forest,unique,size,random,0.05,,10417,1285,518,1285,62,1223,0,1285,0,9899,0.12354783311445601,0.04972640875491984
cic,unsw,17,repeat,forest,unique,tcp,forced,0.0,,10417,1285,0,1366,0,1285,81,1285,81,10417,0.13113180378227896,0.0
cic,unsw,17,repeat,forest,unique,tcp,frozen,0.05,0.010092228613017062,10417,1285,10416,1366,1365,1,0,1285,81,1,1.0,0.9999040030719017
cic,unsw,17,repeat,forest,unique,tcp,cap,0.05,,10417,1285,518,1366,63,1285,18,1285,81,9899,0.13162945752096172,0.04972640875491984
cic,unsw,17,repeat,forest,unique,tcp,random,0.05,,10417,1285,518,1366,66,1223,77,1285,81,9899,0.13132639660571774,0.04972640875491984
cic,unsw,17,repeat,forest,unique,temporal+tcp,forced,0.0,,10417,1285,0,1327,0,1285,42,1285,42,10417,0.12738792358644524,0.0
cic,unsw,17,repeat,forest,unique,temporal+tcp,frozen,0.05,0.010092228613017062,10417,1285,10417,1327,1327,0,0,1285,42,0,,1.0
cic,unsw,17,repeat,forest,unique,temporal+tcp,cap,0.05,,10417,1285,518,1327,42,1285,0,1285,42,9899,0.12981109202949792,0.04972640875491984
cic,unsw,17,repeat,forest,unique,temporal+tcp,random,0.05,,10417,1285,518,1327,62,1223,42,1285,42,9899,0.1277906859278715,0.04972640875491984
cic,unsw,17,repeat,forest,weighted,clean,forced,0.0,,10665,1289,0,1501,0,1289,212,1289,212,10665,0.14074074074074075,0.0
cic,unsw,17,repeat,forest,weighted,clean,frozen,0.05,0.010092228613017062,10665,1289,10642,1501,1484,17,0,1289,212,23,0.7391304347826086,0.9978434130332865
cic,unsw,17,repeat,forest,weighted,clean,cap,0.05,,10665,1289,530,1501,123,1289,89,1289,212,10135,0.13596447952639368,0.049695264885138306
cic,unsw,17,repeat,forest,weighted,clean,random,0.05,,10665,1289,530,1501,79,1222,200,1289,212,10135,0.14030587074494327,0.049695264885138306
cic,unsw,17,repeat,forest,weighted,temporal,forced,0.0,,10665,1289,0,1453,0,1289,164,1289,164,10665,0.13624003750586028,0.0
cic,unsw,17,repeat,forest,weighted,temporal,frozen,0.05,0.010092228613017062,10665,1289,10634,1453,1423,30,0,1289,164,31,0.967741935483871,0.9970932958274731
cic,unsw,17,repeat,forest,weighted,temporal,cap,0.05,,10665,1289,530,1453,140,1289,24,1289,164,10135,0.12955106068080907,0.049695264885138306
cic,unsw,17,repeat,forest,weighted,temporal,random,0.05,,10665,1289,530,1453,75,1222,156,1289,164,10135,0.13596447952639368,0.049695264885138306
cic,unsw,17,repeat,forest,weighted,size,forced,0.0,,10665,1289,0,1289,0,1289,0,1289,0,10665,0.12086263478668542,0.0
cic,unsw,17,repeat,forest,weighted,size,frozen,0.05,0.010092228613017062,10665,1289,10664,1289,1288,1,0,1289,0,1,1.0,0.9999062353492734
cic,unsw,17,repeat,forest,weighted,size,cap,0.05,,10665,1289,530,1289,36,1253,0,1289,0,10135,0.12363098174642329,0.049695264885138306
cic,unsw,17,repeat,forest,weighted,size,random,0.05,,10665,1289,530,1289,67,1222,0,1289,0,10135,0.12057227429699062,0.049695264885138306
cic,unsw,17,repeat,forest,weighted,tcp,forced,0.0,,10665,1289,0,1371,0,1289,82,1289,82,10665,0.12855133614627284,0.0
cic,unsw,17,repeat,forest,weighted,tcp,frozen,0.05,0.010092228613017062,10665,1289,10664,1371,1370,1,0,1289,82,1,1.0,0.9999062353492734
cic,unsw,17,repeat,forest,weighted,tcp,cap,0.05,,10665,1289,530,1371,64,1289,18,1289,82,10135,0.1289590527873705,0.049695264885138306
cic,unsw,17,repeat,forest,weighted,tcp,random,0.05,,10665,1289,530,1371,71,1222,78,1289,82,10135,0.12826837691169216,0.049695264885138306
cic,unsw,17,repeat,forest,weighted,temporal+tcp,forced,0.0,,10665,1289,0,1332,0,1289,43,1289,43,10665,0.1248945147679325,0.0
cic,unsw,17,repeat,forest,weighted,temporal+tcp,frozen,0.05,0.010092228613017062,10665,1289,10665,1332,1332,0,0,1289,43,0,,1.0
cic,unsw,17,repeat,forest,weighted,temporal+tcp,cap,0.05,,10665,1289,530,1332,43,1289,0,1289,43,10135,0.12718302910705476,0.049695264885138306
cic,unsw,17,repeat,forest,weighted,temporal+tcp,random,0.05,,10665,1289,530,1332,70,1222,40,1289,43,10135,0.12451899358658115,0.049695264885138306
cic,ton,17,repeat,forest,unique,clean,forced,0.0,,9358,7527,0,6716,0,6665,51,6665,51,9358,0.7176747168198333,0.0
cic,ton,17,repeat,forest,unique,clean,frozen,0.05,0.010092228613017062,9358,7527,7465,6716,5046,1670,0,6665,51,1893,0.8821975699947174,0.7977131865783287
cic,ton,17,repeat,forest,unique,clean,cap,0.05,,9358,7527,453,6716,215,6460,41,6665,51,8905,0.7300393037619315,0.04840777944005129
cic,ton,17,repeat,forest,unique,clean,random,0.05,,9358,7527,453,6716,324,6342,50,6665,51,8905,0.7177989893318361,0.04840777944005129
cic,ton,17,repeat,forest,unique,temporal,forced,0.0,,9358,7527,0,6469,0,6407,62,6407,62,9358,0.6912801880743749,0.0
cic,ton,17,repeat,forest,unique,temporal,frozen,0.05,0.010092228613017062,9358,7527,8885,6469,6121,348,0,6407,62,473,0.7357293868921776,0.9494550117546484
cic,ton,17,repeat,forest,unique,temporal,cap,0.05,,9358,7527,453,6469,217,6196,56,6407,62,8905,0.7020774845592364,0.04840777944005129
cic,ton,17,repeat,forest,unique,temporal,random,0.05,,9358,7527,453,6469,310,6100,59,6407,62,8905,0.6916339135317238,0.04840777944005129
cic,ton,17,repeat,forest,unique,size,forced,0.0,,9358,7527,0,7527,0,7527,0,7527,0,9358,0.8043385338747595,0.0
cic,ton,17,repeat,forest,unique,size,frozen,0.05,0.010092228613017062,9358,7527,9355,7527,7527,0,0,7527,0,3,0.0,0.999679418679205
cic,ton,17,repeat,forest,unique,size,cap,0.05,,9358,7527,453,7527,386,7141,0,7527,0,8905,0.8019090398652442,0.04840777944005129
cic,ton,17,repeat,forest,unique,size,random,0.05,,9358,7527,453,7527,368,7159,0,7527,0,8905,0.8039303761931499,0.04840777944005129
cic,ton,17,repeat,forest,unique,tcp,forced,0.0,,9358,7527,0,7525,0,7522,3,7522,3,9358,0.8041248129942296,0.0
cic,ton,17,repeat,forest,unique,tcp,frozen,0.05,0.010092228613017062,9358,7527,9358,7525,7525,0,0,7522,3,0,,1.0
cic,ton,17,repeat,forest,unique,tcp,cap,0.05,,9358,7527,453,7525,375,7150,0,7522,3,8905,0.8029197080291971,0.04840777944005129
cic,ton,17,repeat,forest,unique,tcp,random,0.05,,9358,7527,453,7525,368,7156,1,7522,3,8905,0.803705783267827,0.04840777944005129
cic,ton,17,repeat,forest,unique,temporal+tcp,forced,0.0,,9358,7527,0,7525,0,7523,2,7523,2,9358,0.8041248129942296,0.0
cic,ton,17,repeat,forest,unique,temporal+tcp,frozen,0.05,0.010092228613017062,9358,7527,9358,7525,7525,0,0,7523,2,0,,1.0
cic,ton,17,repeat,forest,unique,temporal+tcp,cap,0.05,,9358,7527,453,7525,375,7150,0,7523,2,8905,0.8029197080291971,0.04840777944005129
cic,ton,17,repeat,forest,unique,temporal+tcp,random,0.05,,9358,7527,453,7525,368,7156,1,7523,2,8905,0.803705783267827,0.04840777944005129
cic,ton,17,repeat,forest,weighted,clean,forced,0.0,,11240,8788,0,7977,0,7926,51,7926,51,11240,0.7096975088967972,0.0
cic,ton,17,repeat,forest,weighted,clean,frozen,0.05,0.010092228613017062,11240,8788,8254,7977,5449,2528,0,7926,51,2986,0.8466175485599464,0.7343416370106761
cic,ton,17,repeat,forest,weighted,clean,cap,0.05,,11240,8788,539,7977,229,7707,41,7926,51,10701,0.7240444818241286,0.04795373665480427
cic,ton,17,repeat,forest,weighted,clean,random,0.05,,11240,8788,539,7977,380,7548,49,7926,51,10701,0.7099336510606485,0.04795373665480427
cic,ton,17,repeat,forest,weighted,temporal,forced,0.0,,11240,8788,0,7730,0,7668,62,7668,62,11240,0.6877224199288257,0.0
cic,ton,17,repeat,forest,weighted,temporal,frozen,0.05,0.010092228613017062,11240,8788,10495,7730,7131,599,0,7668,62,745,0.8040268456375839,0.9337188612099644
cic,ton,17,repeat,forest,weighted,temporal,cap,0.05,,11240,8788,539,7730,230,7446,54,7668,62,10701,0.7008690776562938,0.04795373665480427
cic,ton,17,repeat,forest,weighted,temporal,random,0.05,,11240,8788,539,7730,367,7304,59,7668,62,10701,0.6880665358377722,0.04795373665480427
cic,ton,17,repeat,forest,weighted,size,forced,0.0,,11240,8788,0,8788,0,8788,0,8788,0,11240,0.7818505338078292,0.0
cic,ton,17,repeat,forest,weighted,size,frozen,0.05,0.010092228613017062,11240,8788,11237,8788,8788,0,0,8788,0,3,0.0,0.9997330960854093
cic,ton,17,repeat,forest,weighted,size,cap,0.05,,11240,8788,539,8788,437,8351,0,8788,0,10701,0.7803943556676947,0.04795373665480427
cic,ton,17,repeat,forest,weighted,size,random,0.05,,11240,8788,539,8788,425,8363,0,8788,0,10701,0.7815157461919446,0.04795373665480427
cic,ton,17,repeat,forest,weighted,tcp,forced,0.0,,11240,8788,0,8786,0,8783,3,8783,3,11240,0.7816725978647687,0.0
cic,ton,17,repeat,forest,weighted,tcp,frozen,0.05,0.010092228613017062,11240,8788,11240,8786,8786,0,0,8783,3,0,,1.0
cic,ton,17,repeat,forest,weighted,tcp,cap,0.05,,11240,8788,539,8786,422,8364,0,8783,3,10701,0.7816091954022989,0.04795373665480427
cic,ton,17,repeat,forest,weighted,tcp,random,0.05,,11240,8788,539,8786,426,8358,2,8783,3,10701,0.7812353985608822,0.04795373665480427
cic,ton,17,repeat,forest,weighted,temporal+tcp,forced,0.0,,11240,8788,0,8786,0,8784,2,8784,2,11240,0.7816725978647687,0.0
cic,ton,17,repeat,forest,weighted,temporal+tcp,frozen,0.05,0.010092228613017062,11240,8788,11240,8786,8786,0,0,8784,2,0,,1.0
cic,ton,17,repeat,forest,weighted,temporal+tcp,cap,0.05,,11240,8788,539,8786,423,8363,0,8784,2,10701,0.7815157461919446,0.04795373665480427
cic,ton,17,repeat,forest,weighted,temporal+tcp,random,0.05,,11240,8788,539,8786,425,8360,1,8784,2,10701,0.7813288477712363,0.04795373665480427
cic,unsw,17,mask,logistic,unique,clean,forced,0.0,,10417,1285,0,2199,0,1191,1008,1191,1008,10417,0.2110972448881636,0.0
cic,unsw,17,mask,logistic,unique,clean,frozen,0.05,0.04271157266762593,10417,1285,1029,2199,662,1071,466,1191,1008,9388,0.16371964209629314,0.09878083901315157
cic,unsw,17,mask,logistic,unique,clean,cap,0.05,,10417,1285,518,2199,338,1144,717,1191,1008,9899,0.18799878775633902,0.04972640875491984
cic,unsw,17,mask,logistic,unique,clean,random,0.05,,10417,1285,518,2199,102,1133,964,1191,1008,9899,0.21183957975553086,0.04972640875491984
cic,unsw,17,mask,logistic,unique,temporal,forced,0.0,,10417,1285,0,1782,0,1195,587,1195,587,10417,0.17106652587117213,0.0
cic,unsw,17,mask,logistic,unique,temporal,frozen,0.05,0.04271157266762593,10417,1285,987,1782,386,1067,329,1195,587,9430,0.14803817603393427,0.09474896803302295
cic,unsw,17,mask,logistic,unique,temporal,cap,0.05,,10417,1285,518,1782,187,1150,445,1195,587,9899,0.16112738660470755,0.04972640875491984
cic,unsw,17,mask,logistic,unique,temporal,random,0.05,,10417,1285,518,1782,78,1137,567,1195,587,9899,0.17213859985857158,0.04972640875491984
cic,unsw,17,mask,logistic,unique,size,forced,0.0,,10417,1285,0,7738,0,1167,6571,1167,6571,10417,0.742824229624652,0.0
cic,unsw,17,mask,logistic,unique,size,frozen,0.05,0.04271157266762593,10417,1285,8550,7738,6264,148,1326,1167,6571,1867,0.7895018746652384,0.8207737352404723
cic,unsw,17,mask,logistic,unique,size,cap,0.05,,10417,1285,518,7738,269,1136,6333,1167,6571,9899,0.7545206586523892,0.04972640875491984
cic,unsw,17,mask,logistic,unique,size,random,0.05,,10417,1285,518,7738,361,1109,6268,1167,6571,9899,0.7452267905849076,0.04972640875491984
cic,unsw,17,mask,logistic,unique,tcp,forced,0.0,,10417,1285,0,2165,0,1122,1043,1122,1043,10417,0.20783334933282135,0.0
cic,unsw,17,mask,logistic,unique,tcp,frozen,0.05,0.04271157266762593,10417,1285,1353,2165,634,984,547,1122,1043,9064,0.168909973521624,0.12988384371700107
cic,unsw,17,mask,logistic,unique,tcp,cap,0.05,,10417,1285,518,2165,259,1088,818,1122,1043,9899,0.1925447014849985,0.04972640875491984
cic,unsw,17,mask,logistic,unique,tcp,random,0.05,,10417,1285,518,2165,105,1067,993,1122,1043,9899,0.20810182846752198,0.04972640875491984
cic,unsw,17,mask,logistic,unique,temporal+tcp,forced,0.0,,10417,1285,0,1784,0,1127,657,1127,657,10417,0.17125851972736872,0.0
cic,unsw,17,mask,logistic,unique,temporal+tcp,frozen,0.05,0.04271157266762593,10417,1285,1044,1784,364,986,434,1127,657,9373,0.15149898645044277,0.10022079293462609
cic,unsw,17,mask,logistic,unique,temporal+tcp,cap,0.05,,10417,1285,518,1784,197,1065,522,1127,657,9899,0.16031922416405697,0.04972640875491984
cic,unsw,17,mask,logistic,unique,temporal+tcp,random,0.05,,10417,1285,518,1784,85,1072,627,1127,657,9899,0.17163349833316496,0.04972640875491984
cic,unsw,17,mask,logistic,weighted,clean,forced,0.0,,10665,1289,0,2222,0,1195,1027,1195,1027,10665,0.20834505391467417,0.0
cic,unsw,17,mask,logistic,weighted,clean,frozen,0.05,0.04271157266762593,10665,1289,1047,2222,670,1075,477,1195,1027,9618,0.16136410896236222,0.09817158931082982
cic,unsw,17,mask,logistic,weighted,clean,cap,0.05,,10665,1289,530,2222,346,1148,728,1195,1027,10135,0.18510113468179576,0.049695264885138306
cic,unsw,17,mask,logistic,weighted,clean,random,0.05,,10665,1289,530,2222,124,1129,969,1195,1027,10135,0.2070054267390232,0.049695264885138306
cic,unsw,17,mask,logistic,weighted,temporal,forced,0.0,,10665,1289,0,1803,0,1199,604,1199,604,10665,0.16905766526019692,0.0
cic,unsw,17,mask,logistic,weighted,temporal,frozen,0.05,0.04271157266762593,10665,1289,1006,1803,394,1071,338,1199,604,9659,0.14587431411119164,0.0943272386310361
cic,unsw,17,mask,logistic,weighted,temporal,cap,0.05,,10665,1289,530,1803,193,1154,456,1199,604,10135,0.15885545140601876,0.049695264885138306
cic,unsw,17,mask,logistic,weighted,temporal,random,0.05,,10665,1289,530,1803,96,1133,574,1199,604,10135,0.16842624568327577,0.049695264885138306
cic,unsw,17,mask,logistic,weighted,size,forced,0.0,,10665,1289,0,7930,0,1171,6759,1171,6759,10665,0.743553680262541,0.0
cic,unsw,17,mask,logistic,weighted,size,frozen,0.05,0.04271157266762593,10665,1289,8786,7930,6451,152,1327,1171,6759,1879,0.7871208089409261,0.8238162212845758
cic,unsw,17,mask,logistic,weighted,size,cap,0.05,,10665,1289,530,7930,274,1140,6516,1171,6759,10135,0.755402072027627,0.049695264885138306
cic,unsw,17,mask,logistic,weighted,size,random,0.05,,10665,1289,530,7930,386,1106,6438,1171,6759,10135,0.7443512580167736,0.049695264885138306
cic,unsw,17,mask,logistic,weighted,tcp,forced,0.0,,10665,1289,0,2189,0,1126,1063,1126,1063,10665,0.20525082044069387,0.0
cic,unsw,17,mask,logistic,weighted,tcp,frozen,0.05,0.04271157266762593,10665,1289,1379,2189,644,987,558,1126,1063,9286,0.16637949601550722,0.12930145335208626
cic,unsw,17,mask,logistic,weighted,tcp,cap,0.05,,10665,1289,530,2189,265,1092,832,1126,1063,10135,0.1898371978293044,0.049695264885138306
cic,unsw,17,mask,logistic,weighted,tcp,random,0.05,,10665,1289,530,2189,121,1065,1003,1126,1063,10135,0.2040453872718303,0.049695264885138306
cic,unsw,17,mask,logistic,weighted,temporal+tcp,forced,0.0,,10665,1289,0,1801,0,1131,670,1131,670,10665,0.16887013595874356,0.0
cic,unsw,17,mask,logistic,weighted,temporal+tcp,frozen,0.05,0.04271157266762593,10665,1289,1064,1801,368,989,444,1131,670,9601,0.14925528590771794,0.0997655883731833
cic,unsw,17,mask,logistic,weighted,temporal+tcp,cap,0.05,,10665,1289,530,1801,199,1070,532,1131,670,10135,0.15806610754810063,0.049695264885138306
cic,unsw,17,mask,logistic,weighted,temporal+tcp,random,0.05,,10665,1289,530,1801,95,1071,635,1131,670,10135,0.168327577701036,0.049695264885138306
cic,ton,17,mask,logistic,unique,clean,forced,0.0,,9358,7527,0,5987,0,5628,359,5628,359,9358,0.6397734558666381,0.0
cic,ton,17,mask,logistic,unique,clean,frozen,0.05,0.04271157266762593,9358,7527,2503,5987,1498,4280,209,5628,359,6855,0.6548504741064917,0.26747168198332977
cic,ton,17,mask,logistic,unique,clean,cap,0.05,,9358,7527,453,5987,285,5383,319,5628,359,8905,0.640314430095452,0.04840777944005129
cic,ton,17,mask,logistic,unique,clean,random,0.05,,9358,7527,453,5987,284,5357,346,5628,359,8905,0.6404267265581134,0.04840777944005129
cic,ton,17,mask,logistic,unique,temporal,forced,0.0,,9358,7527,0,5825,0,5465,360,5465,360,9358,0.6224620645437059,0.0
cic,ton,17,mask,logistic,unique,temporal,frozen,0.05,0.04271157266762593,9358,7527,2781,5825,1616,4015,194,5465,360,6577,0.6399574273985099,0.2971788843770036
cic,ton,17,mask,logistic,unique,temporal,cap,0.05,,9358,7527,453,5825,286,5218,321,5465,360,8905,0.6220101066816395,0.04840777944005129
cic,ton,17,mask,logistic,unique,temporal,random,0.05,,9358,7527,453,5825,277,5204,344,5465,360,8905,0.6230207748455924,0.04840777944005129
cic,ton,17,mask,logistic,unique,size,forced,0.0,,9358,7527,0,5888,0,5350,538,5350,538,9358,0.6291942722804018,0.0
cic,ton,17,mask,logistic,unique,size,frozen,0.05,0.04271157266762593,9358,7527,6266,5888,3754,2126,8,5350,538,3092,0.6901681759379042,0.6695875187005771
cic,ton,17,mask,logistic,unique,size,cap,0.05,,9358,7527,453,5888,202,5201,485,5350,538,8905,0.6385176866928691,0.04840777944005129
cic,ton,17,mask,logistic,unique,size,random,0.05,,9358,7527,453,5888,289,5088,511,5350,538,8905,0.6287478944413251,0.04840777944005129
cic,ton,17,mask,logistic,unique,tcp,forced,0.0,,9358,7527,0,6099,0,5736,363,5736,363,9358,0.6517418251763197,0.0
cic,ton,17,mask,logistic,unique,tcp,frozen,0.05,0.04271157266762593,9358,7527,2877,6099,1415,4489,195,5736,363,6481,0.7227279740780743,0.30743748664244497
cic,ton,17,mask,logistic,unique,tcp,cap,0.05,,9358,7527,453,6099,242,5545,312,5736,363,8905,0.6577203818079731,0.04840777944005129
cic,ton,17,mask,logistic,unique,tcp,random,0.05,,9358,7527,453,6099,295,5458,346,5736,363,8905,0.6517686692869175,0.04840777944005129
cic,ton,17,mask,logistic,unique,temporal+tcp,forced,0.0,,9358,7527,0,5893,0,5561,332,5561,332,9358,0.6297285744817268,0.0
cic,ton,17,mask,logistic,unique,temporal+tcp,frozen,0.05,0.04271157266762593,9358,7527,3167,5893,1525,4168,200,5561,332,6191,0.7055403004361169,0.338427014319299
cic,ton,17,mask,logistic,unique,temporal+tcp,cap,0.05,,9358,7527,453,5893,163,5435,295,5561,332,8905,0.643458731049972,0.04840777944005129
cic,ton,17,mask,logistic,unique,temporal+tcp,random,0.05,,9358,7527,453,5893,277,5300,316,5561,332,8905,0.6306569343065693,0.04840777944005129
cic,ton,17,mask,logistic,weighted,clean,forced,0.0,,11240,8788,0,7255,0,6886,369,6886,369,11240,0.6454626334519573,0.0
cic,ton,17,mask,logistic,weighted,clean,frozen,0.05,0.04271157266762593,11240,8788,2510,7255,1503,5538,214,6886,369,8730,0.6588774341351661,0.22330960854092527
cic,ton,17,mask,logistic,weighted,clean,cap,0.05,,11240,8788,539,7255,345,6607,303,6886,369,10701,0.645734043547332,0.04795373665480427
cic,ton,17,mask,logistic,weighted,clean,random,0.05,,11240,8788,539,7255,338,6560,357,6886,369,10701,0.6463881880198112,0.04795373665480427
cic,ton,17,mask,logistic,weighted,temporal,forced,0.0,,11240,8788,0,7093,0,6723,370,6723,370,11240,0.6310498220640569,0.0
cic,ton,17,mask,logistic,weighted,temporal,frozen,0.05,0.04271157266762593,11240,8788,2793,7093,1626,5273,194,6723,370,8447,0.6472120279389132,0.24848754448398577
cic,ton,17,mask,logistic,weighted,temporal,cap,0.05,,11240,8788,539,7093,349,6436,308,6723,370,10701,0.6302214746285394,0.04795373665480427
cic,ton,17,mask,logistic,weighted,temporal,random,0.05,,11240,8788,539,7093,330,6405,358,6723,370,10701,0.6319970096252686,0.04795373665480427
cic,ton,17,mask,logistic,weighted,size,forced,0.0,,11240,8788,0,7190,0,6610,580,6610,580,11240,0.6396797153024911,0.0
cic,ton,17,mask,logistic,weighted,size,frozen,0.05,0.04271157266762593,11240,8788,6312,7190,3798,3384,8,6610,580,4928,0.6883116883116883,0.5615658362989324
cic,ton,17,mask,logistic,weighted,size,cap,0.05,,11240,8788,539,7190,250,6435,505,6610,580,10701,0.6485375198579572,0.04795373665480427
cic,ton,17,mask,logistic,weighted,size,random,0.05,,11240,8788,539,7190,331,6298,561,6610,580,10701,0.6409681338192692,0.04795373665480427
cic,ton,17,mask,logistic,weighted,tcp,forced,0.0,,11240,8788,0,7368,0,6994,374,6994,374,11240,0.6555160142348755,0.0
cic,ton,17,mask,logistic,weighted,tcp,frozen,0.05,0.04271157266762593,11240,8788,3014,7368,1426,5745,197,6994,374,8226,0.7223437879893022,0.26814946619217084
cic,ton,17,mask,logistic,weighted,tcp,cap,0.05,,11240,8788,539,7368,278,6778,312,6994,374,10701,0.6625549014110831,0.04795373665480427
cic,ton,17,mask,logistic,weighted,tcp,random,0.05,,11240,8788,539,7368,350,6663,355,6994,374,10701,0.6558265582655827,0.04795373665480427
cic,ton,17,mask,logistic,weighted,temporal+tcp,forced,0.0,,11240,8788,0,7163,0,6819,344,6819,344,11240,0.6372775800711744,0.0
cic,ton,17,mask,logistic,weighted,temporal+tcp,frozen,0.05,0.04271157266762593,11240,8788,3304,7163,1537,5424,202,6819,344,7936,0.7089213709677419,0.2939501779359431
cic,ton,17,mask,logistic,weighted,temporal+tcp,cap,0.05,,11240,8788,539,7163,194,6674,295,6819,344,10701,0.6512475469582282,0.04795373665480427
cic,ton,17,mask,logistic,weighted,temporal+tcp,random,0.05,,11240,8788,539,7163,340,6496,327,6819,344,10701,0.637603962246519,0.04795373665480427
cic,unsw,17,mask,forest,unique,clean,forced,0.0,,10417,1285,0,1630,0,1285,345,1285,345,10417,0.1564749928002304,0.0
cic,unsw,17,mask,forest,unique,clean,frozen,0.05,0.007948717948717987,10417,1285,10402,1630,1630,0,0,1285,345,15,0.0,0.9985600460785254
cic,unsw,17,mask,forest,unique,clean,cap,0.05,,10417,1285,518,1630,250,1285,95,1285,345,9899,0.13940802101222347,0.04972640875491984
cic,unsw,17,mask,forest,unique,clean,random,0.05,,10417,1285,518,1630,77,1223,330,1285,345,9899,0.15688453379129205,0.04972640875491984
cic,unsw,17,mask,forest,unique,temporal,forced,0.0,,10417,1285,0,1610,0,1285,325,1285,325,10417,0.15455505423826438,0.0
cic,unsw,17,mask,forest,unique,temporal,frozen,0.05,0.007948717948717987,10417,1285,10413,1610,1610,0,0,1285,325,4,0.0,0.9996160122876068
cic,unsw,17,mask,forest,unique,temporal,cap,0.05,,10417,1285,518,1610,136,1285,189,1285,325,9899,0.14890392968986765,0.04972640875491984
cic,unsw,17,mask,forest,unique,temporal,random,0.05,,10417,1285,518,1610,74,1223,313,1285,325,9899,0.15516718860490958,0.04972640875491984
cic,unsw,17,mask,forest,unique,size,forced,0.0,,10417,1285,0,1355,0,1285,70,1285,70,10417,0.13007583757319766,0.0
cic,unsw,17,mask,forest,unique,size,frozen,0.05,0.007948717948717987,10417,1285,10413,1355,1355,0,0,1285,70,4,0.0,0.9996160122876068
cic,unsw,17,mask,forest,unique,size,cap,0.05,,10417,1285,518,1355,60,1285,10,1285,70,9899,0.13082129508031115,0.04972640875491984
cic,unsw,17,mask,forest,unique,size,random,0.05,,10417,1285,518,1355,64,1223,68,1285,70,9899,0.13041721385998586,0.04972640875491984
cic,unsw,17,mask,forest,unique,tcp,forced,0.0,,10417,1285,0,1946,0,1285,661,1285,661,10417,0.18681002207929345,0.0
cic,unsw,17,mask,forest,unique,tcp,frozen,0.05,0.007948717948717987,10417,1285,10366,1946,1897,49,0,1285,661,51,0.9607843137254902,0.9951041566669867
cic,unsw,17,mask,forest,unique,tcp,cap,0.05,,10417,1285,518,1946,134,1284,528,1285,661,9899,0.18304879280735428,0.04972640875491984
cic,unsw,17,mask,forest,unique,tcp,random,0.05,,10417,1285,518,1946,91,1223,632,1285,661,9899,0.1873926659258511,0.04972640875491984
cic,unsw,17,mask,forest,unique,temporal+tcp,forced,0.0,,10417,1285,0,1989,0,1285,704,1285,704,10417,0.1909378899875204,0.0
cic,unsw,17,mask,forest,unique,temporal+tcp,frozen,0.05,0.007948717948717987,10417,1285,10381,1989,1953,36,0,1285,704,36,1.0,0.9965441105884612
cic,unsw,17,mask,forest,unique,temporal+tcp,cap,0.05,,10417,1285,518,1989,180,1284,525,1285,704,9899,0.18274573189211032,0.04972640875491984
cic,unsw,17,mask,forest,unique,temporal+tcp,random,0.05,,10417,1285,518,1989,93,1223,673,1285,704,9899,0.19153449843418527,0.04972640875491984
cic,unsw,17,mask,forest,weighted,clean,forced,0.0,,10665,1289,0,1640,0,1289,351,1289,351,10665,0.1537740271917487,0.0
cic,unsw,17,mask,forest,weighted,clean,frozen,0.05,0.007948717948717987,10665,1289,10649,1640,1640,0,0,1289,351,16,0.0,0.9984997655883732
cic,unsw,17,mask,forest,weighted,clean,cap,0.05,,10665,1289,530,1640,254,1289,97,1289,351,10135,0.1367538233843118,0.049695264885138306
cic,unsw,17,mask,forest,weighted,clean,random,0.05,,10665,1289,530,1640,86,1222,332,1289,351,10135,0.153330044400592,0.049695264885138306
cic,unsw,17,mask,forest,weighted,temporal,forced,0.0,,10665,1289,0,1620,0,1289,331,1289,331,10665,0.1518987341772152,0.0
cic,unsw,17,mask,forest,weighted,temporal,frozen,0.05,0.007948717948717987,10665,1289,10660,1620,1620,0,0,1289,331,5,0.0,0.9995311767463666
cic,unsw,17,mask,forest,weighted,temporal,cap,0.05,,10665,1289,530,1620,139,1289,192,1289,331,10135,0.1461272816970893,0.049695264885138306
cic,unsw,17,mask,forest,weighted,temporal,random,0.05,,10665,1289,530,1620,84,1222,314,1289,331,10135,0.15155402072027627,0.049695264885138306
cic,unsw,17,mask,forest,weighted,size,forced,0.0,,10665,1289,0,1359,0,1289,70,1289,70,10665,0.12742616033755275,0.0
cic,unsw,17,mask,forest,weighted,size,frozen,0.05,0.007948717948717987,10665,1289,10660,1359,1359,0,0,1289,70,5,0.0,0.9995311767463666
cic,unsw,17,mask,forest,weighted,size,cap,0.05,,10665,1289,530,1359,60,1289,10,1289,70,10135,0.1281697089294524,0.049695264885138306
cic,unsw,17,mask,forest,weighted,size,random,0.05,,10665,1289,530,1359,69,1222,68,1289,70,10135,0.12728169708929452,0.049695264885138306
cic,unsw,17,mask,forest,weighted,tcp,forced,0.0,,10665,1289,0,1966,0,1289,677,1289,677,10665,0.1843413033286451,0.0
cic,unsw,17,mask,forest,weighted,tcp,frozen,0.05,0.007948717948717987,10665,1289,10613,1966,1917,49,0,1289,677,52,0.9423076923076923,0.9951242381622128
cic,unsw,17,mask,forest,weighted,tcp,cap,0.05,,10665,1289,530,1966,141,1288,537,1289,677,10135,0.18006906758756783,0.049695264885138306
cic,unsw,17,mask,forest,weighted,tcp,random,0.05,,10665,1289,530,1966,103,1222,641,1289,677,10135,0.18381845091267884,0.049695264885138306
cic,unsw,17,mask,forest,weighted,temporal+tcp,forced,0.0,,10665,1289,0,2010,0,1289,721,1289,721,10665,0.18846694796061886,0.0
cic,unsw,17,mask,forest,weighted,temporal+tcp,frozen,0.05,0.007948717948717987,10665,1289,10629,2010,1974,36,0,1289,721,36,1.0,0.9966244725738397
cic,unsw,17,mask,forest,weighted,temporal+tcp,cap,0.05,,10665,1289,530,2010,184,1288,538,1289,721,10135,0.18016773556980759,0.049695264885138306
cic,unsw,17,mask,forest,weighted,temporal+tcp,random,0.05,,10665,1289,530,2010,104,1222,684,1289,721,10135,0.18806117414898865,0.049695264885138306
cic,ton,17,mask,forest,unique,clean,forced,0.0,,9358,7527,0,6925,0,6886,39,6886,39,9358,0.7400085488352212,0.0
cic,ton,17,mask,forest,unique,clean,frozen,0.05,0.007948717948717987,9358,7527,7494,6925,5273,1652,0,6886,39,1864,0.8862660944206009,0.8008121393460141
cic,ton,17,mask,forest,unique,clean,cap,0.05,,9358,7527,453,6925,280,6618,27,6886,39,8905,0.7462099943851769,0.04840777944005129
cic,ton,17,mask,forest,unique,clean,random,0.05,,9358,7527,453,6925,333,6555,37,6886,39,8905,0.7402582818641212,0.04840777944005129
cic,ton,17,mask,forest,unique,temporal,forced,0.0,,9358,7527,0,6763,0,6714,49,6714,49,9358,0.7226971575122889,0.0
cic,ton,17,mask,forest,unique,temporal,frozen,0.05,0.007948717948717987,9358,7527,7465,6763,5111,1652,0,6714,49,1893,0.872688853671421,0.7977131865783287
cic,ton,17,mask,forest,unique,temporal,cap,0.05,,9358,7527,453,6763,255,6469,39,6714,49,8905,0.7308253790005614,0.04840777944005129
cic,ton,17,mask,forest,unique,temporal,random,0.05,,9358,7527,453,6763,328,6390,45,6714,49,8905,0.7226277372262774,0.04840777944005129
cic,ton,17,mask,forest,unique,size,forced,0.0,,9358,7527,0,4942,0,4771,171,4771,171,9358,0.5281042957896986,0.0
cic,ton,17,mask,forest,unique,size,frozen,0.05,0.007948717948717987,9358,7527,7450,4942,3294,1648,0,4771,171,1908,0.8637316561844863,0.7961102799743535
cic,ton,17,mask,forest,unique,size,cap,0.05,,9358,7527,453,4942,163,4619,160,4771,171,8905,0.5366647950589556,0.04840777944005129
cic,ton,17,mask,forest,unique,size,random,0.05,,9358,7527,453,4942,250,4531,161,4771,171,8905,0.5268950028074115,0.04840777944005129
cic,ton,17,mask,forest,unique,tcp,forced,0.0,,9358,7527,0,6559,0,6477,82,6477,82,9358,0.7008976276982262,0.0
cic,ton,17,mask,forest,unique,tcp,frozen,0.05,0.007948717948717987,9358,7527,7534,6559,4902,1657,0,6477,82,1824,0.9084429824561403,0.8050865569566147
cic,ton,17,mask,forest,unique,tcp,cap,0.05,,9358,7527,453,6559,272,6219,68,6477,82,8905,0.7060078607523863,0.04840777944005129
cic,ton,17,mask,forest,unique,tcp,random,0.05,,9358,7527,453,6559,311,6170,78,6477,82,8905,0.7016282987085907,0.04840777944005129
cic,ton,17,mask,forest,unique,temporal+tcp,forced,0.0,,9358,7527,0,6539,0,6454,85,6454,85,9358,0.6987604188929258,0.0
cic,ton,17,mask,forest,unique,temporal+tcp,frozen,0.05,0.007948717948717987,9358,7527,9308,6539,6539,0,0,6454,85,50,0.0,0.9946569779867493
cic,ton,17,mask,forest,unique,temporal+tcp,cap,0.05,,9358,7527,453,6539,278,6188,73,6454,85,8905,0.7030881527231893,0.04840777944005129
cic,ton,17,mask,forest,unique,temporal+tcp,random,0.05,,9358,7527,453,6539,310,6148,81,6454,85,8905,0.6994946659180236,0.04840777944005129
cic,ton,17,mask,forest,weighted,clean,forced,0.0,,11240,8788,0,8188,0,8147,41,8147,41,11240,0.7284697508896797,0.0
cic,ton,17,mask,forest,weighted,clean,frozen,0.05,0.007948717948717987,11240,8788,8283,8188,5678,2510,0,8147,41,2957,0.848833276969902,0.7369217081850534
cic,ton,17,mask,forest,weighted,clean,cap,0.05,,11240,8788,539,8188,319,7844,25,8147,41,10701,0.7353518362769834,0.04795373665480427
cic,ton,17,mask,forest,weighted,clean,random,0.05,,11240,8788,539,8188,394,7755,39,8147,41,10701,0.7283431455004206,0.04795373665480427
cic,ton,17,mask,forest,weighted,temporal,forced,0.0,,11240,8788,0,8024,0,7975,49,7975,49,11240,0.7138790035587189,0.0
cic,ton,17,mask,forest,weighted,temporal,frozen,0.05,0.007948717948717987,11240,8788,8254,8024,5514,2510,0,7975,49,2986,0.840589417280643,0.7343416370106761
cic,ton,17,mask,forest,weighted,temporal,cap,0.05,,11240,8788,539,8024,290,7697,37,7975,49,10701,0.7227361928791701,0.04795373665480427
cic,ton,17,mask,forest,weighted,temporal,random,0.05,,11240,8788,539,8024,385,7593,46,7975,49,10701,0.7138585178955238,0.04795373665480427
cic,ton,17,mask,forest,weighted,size,forced,0.0,,11240,8788,0,6200,0,6029,171,6029,171,11240,0.5516014234875445,0.0
cic,ton,17,mask,forest,weighted,size,frozen,0.05,0.007948717948717987,11240,8788,8037,6200,3694,2506,0,6029,171,3203,0.7823915079612863,0.7150355871886122
cic,ton,17,mask,forest,weighted,size,cap,0.05,,11240,8788,539,6200,191,5849,160,6029,171,10701,0.5615363050182226,0.04795373665480427
cic,ton,17,mask,forest,weighted,size,random,0.05,,11240,8788,539,6200,305,5732,163,6029,171,10701,0.5508830950378469,0.04795373665480427
cic,ton,17,mask,forest,weighted,tcp,forced,0.0,,11240,8788,0,7822,0,7738,84,7738,84,11240,0.6959074733096086,0.0
cic,ton,17,mask,forest,weighted,tcp,frozen,0.05,0.007948717948717987,11240,8788,8517,7822,5307,2515,0,7738,84,2723,0.9236136614028645,0.7577402135231317
cic,ton,17,mask,forest,weighted,tcp,cap,0.05,,11240,8788,539,7822,313,7439,70,7738,84,10701,0.7017101205494813,0.04795373665480427
cic,ton,17,mask,forest,weighted,tcp,random,0.05,,11240,8788,539,7822,372,7370,80,7738,84,10701,0.6961966171385852,0.04795373665480427
cic,ton,17,mask,forest,weighted,temporal+tcp,forced,0.0,,11240,8788,0,7802,0,7715,87,7715,87,11240,0.6941281138790035,0.0
cic,ton,17,mask,forest,weighted,temporal+tcp,frozen,0.05,0.007948717948717987,11240,8788,11190,7802,7802,0,0,7715,87,50,0.0,0.9955516014234875
cic,ton,17,mask,forest,weighted,temporal+tcp,cap,0.05,,11240,8788,539,7802,317,7411,74,7715,87,10701,0.6994673395009812,0.04795373665480427
cic,ton,17,mask,forest,weighted,temporal+tcp,random,0.05,,11240,8788,539,7802,370,7349,83,7715,87,10701,0.6945145313522101,0.04795373665480427
cic,unsw,29,clean,logistic,unique,clean,forced,0.0,,10417,1285,0,1912,0,1178,734,1178,734,10417,0.18354612652395125,0.0
cic,unsw,29,clean,logistic,unique,clean,frozen,0.05,0.033812694573669755,10417,1285,1639,1912,609,1000,303,1178,734,8778,0.1484392800182274,0.1573389651531151
cic,unsw,29,clean,logistic,unique,clean,cap,0.05,,10417,1285,518,1912,263,1143,506,1178,734,9899,0.1665824830790989,0.04972640875491984
cic,unsw,29,clean,logistic,unique,clean,random,0.05,,10417,1285,518,1912,96,1122,694,1178,734,9899,0.18345287402767957,0.04972640875491984
cic,unsw,29,clean,logistic,unique,temporal,forced,0.0,,10417,1285,0,2001,0,1172,829,1172,829,10417,0.1920898531247,0.0
cic,unsw,29,clean,logistic,unique,temporal,frozen,0.05,0.033812694573669755,10417,1285,1655,2001,699,968,334,1172,829,8762,0.14859621091075098,0.1588749160026879
cic,unsw,29,clean,logistic,unique,temporal,cap,0.05,,10417,1285,518,2001,260,1139,602,1172,829,9899,0.17587635114658046,0.04972640875491984
cic,unsw,29,clean,logistic,unique,temporal,random,0.05,,10417,1285,518,2001,101,1115,785,1172,829,9899,0.19193857965451055,0.04972640875491984
cic,unsw,29,clean,logistic,unique,size,forced,0.0,,10417,1285,0,1625,0,1237,388,1237,388,10417,0.15599500815973888,0.0
cic,unsw,29,clean,logistic,unique,size,frozen,0.05,0.033812694573669755,10417,1285,7904,1625,645,980,0,1237,388,2513,0.38997214484679665,0.7587597196889699
cic,unsw,29,clean,logistic,unique,size,cap,0.05,,10417,1285,518,1625,79,1206,340,1237,388,9899,0.1561773916557228,0.04972640875491984
cic,unsw,29,clean,logistic,unique,size,random,0.05,,10417,1285,518,1625,86,1173,366,1237,388,9899,0.15547024952015356,0.04972640875491984
cic,unsw,29,clean,logistic,unique,tcp,forced,0.0,,10417,1285,0,1857,0,1243,614,1243,614,10417,0.1782662954785447,0.0
cic,unsw,29,clean,logistic,unique,tcp,frozen,0.05,0.033812694573669755,10417,1285,1374,1857,485,1108,264,1243,614,9043,0.15171956209222603,0.1318997792070654
cic,unsw,29,clean,logistic,unique,tcp,cap,0.05,,10417,1285,518,1857,212,1183,462,1243,614,9899,0.1661784018587736,0.04972640875491984
cic,unsw,29,clean,logistic,unique,tcp,random,0.05,,10417,1285,518,1857,95,1181,581,1243,614,9899,0.17799777755328822,0.04972640875491984
cic,unsw,29,clean,logistic,unique,temporal+tcp,forced,0.0,,10417,1285,0,1986,0,1243,743,1243,743,10417,0.1906498992032255,0.0
cic,unsw,29,clean,logistic,unique,temporal+tcp,frozen,0.05,0.033812694573669755,10417,1285,1471,1986,637,1091,258,1243,743,8946,0.15079365079365079,0.14121148123260055
cic,unsw,29,clean,logistic,unique,temporal+tcp,cap,0.05,,10417,1285,518,1986,260,1216,510,1243,743,9899,0.17436104657036064,0.04972640875491984
cic,unsw,29,clean,logistic,unique,temporal+tcp,random,0.05,,10417,1285,518,1986,105,1180,701,1243,743,9899,0.19001919385796545,0.04972640875491984
cic,unsw,29,clean,logistic,weighted,clean,forced,0.0,,10665,1289,0,1935,0,1182,753,1182,753,10665,0.18143459915611815,0.0
cic,unsw,29,clean,logistic,weighted,clean,frozen,0.05,0.033812694573669755,10665,1289,1669,1935,618,1004,313,1182,753,8996,0.1463983992885727,0.15649320206282233
cic,unsw,29,clean,logistic,weighted,clean,cap,0.05,,10665,1289,530,1935,267,1148,520,1182,753,10135,0.16457819437592502,0.049695264885138306
cic,unsw,29,clean,logistic,weighted,clean,random,0.05,,10665,1289,530,1935,105,1113,717,1182,753,10135,0.18056240749876665,0.049695264885138306
cic,unsw,29,clean,logistic,weighted,temporal,forced,0.0,,10665,1289,0,2027,0,1176,851,1176,851,10665,0.19006094702297233,0.0
cic,unsw,29,clean,logistic,weighted,temporal,frozen,0.05,0.033812694573669755,10665,1289,1690,2027,711,972,344,1176,851,8975,0.14662952646239555,0.1584622597280825
cic,unsw,29,clean,logistic,weighted,temporal,cap,0.05,,10665,1289,530,2027,263,1143,621,1176,851,10135,0.17405032067094228,0.049695264885138306
cic,unsw,29,clean,logistic,weighted,temporal,random,0.05,,10665,1289,530,2027,108,1108,811,1176,851,10135,0.18934385791810557,0.049695264885138306
cic,unsw,29,clean,logistic,weighted,size,forced,0.0,,10665,1289,0,1629,0,1241,388,1241,388,10665,0.15274261603375527,0.0
cic,unsw,29,clean,logistic,weighted,size,frozen,0.05,0.033812694573669755,10665,1289,8072,1629,645,984,0,1241,388,2593,0.3794832240647898,0.756868260665729
cic,unsw,29,clean,logistic,weighted,size,cap,0.05,,10665,1289,530,1629,80,1210,339,1241,388,10135,0.15283670448939318,0.049695264885138306
cic,unsw,29,clean,logistic,weighted,size,random,0.05,,10665,1289,530,1629,96,1166,367,1241,388,10135,0.151258016773557,0.049695264885138306
cic,unsw,29,clean,logistic,weighted,tcp,forced,0.0,,10665,1289,0,1877,0,1247,630,1247,630,10665,0.17599624941397093,0.0
cic,unsw,29,clean,logistic,weighted,tcp,frozen,0.05,0.033812694573669755,10665,1289,1395,1877,491,1112,274,1247,630,9270,0.14951456310679612,0.1308016877637131
cic,unsw,29,clean,logistic,weighted,tcp,cap,0.05,,10665,1289,530,1877,217,1187,473,1247,630,10135,0.1637888505180069,0.049695264885138306
cic,unsw,29,clean,logistic,weighted,tcp,random,0.05,,10665,1289,530,1877,99,1175,603,1247,630,10135,0.17543167242229896,0.049695264885138306
cic,unsw,29,clean,logistic,weighted,temporal+tcp,forced,0.0,,10665,1289,0,2011,0,1247,764,1247,764,10665,0.18856071261134552,0.0
cic,unsw,29,clean,logistic,weighted,temporal+tcp,frozen,0.05,0.033812694573669755,10665,1289,1500,2011,648,1095,268,1247,764,9165,0.14871794871794872,0.14064697609001406
cic,unsw,29,clean,logistic,weighted,temporal+tcp,cap,0.05,,10665,1289,530,2011,268,1220,523,1247,764,10135,0.17197829304390724,0.049695264885138306
cic,unsw,29,clean,logistic,weighted,temporal+tcp,random,0.05,,10665,1289,530,2011,104,1175,732,1247,764,10135,0.1881598421312284,0.049695264885138306
cic,ton,29,clean,logistic,unique,clean,forced,0.0,,9358,7527,0,5925,0,5597,328,5597,328,9358,0.6331481085702073,0.0
cic,ton,29,clean,logistic,unique,clean,frozen,0.05,0.033812694573669755,9358,7527,3556,5925,2021,3731,173,5597,328,5802,0.6728714236470182,0.3799957255823894
cic,ton,29,clean,logistic,unique,clean,cap,0.05,,9358,7527,453,5925,286,5345,294,5597,328,8905,0.6332397529477821,0.04840777944005129
cic,ton,29,clean,logistic,unique,clean,random,0.05,,9358,7527,453,5925,297,5315,313,5597,328,8905,0.6320044918585065,0.04840777944005129
cic,ton,29,clean,logistic,unique,temporal,forced,0.0,,9358,7527,0,5616,0,5256,360,5256,360,9358,0.600128232528318,0.0
cic,ton,29,clean,logistic,unique,temporal,frozen,0.05,0.033812694573669755,9358,7527,3691,5616,2092,3325,199,5256,360,5667,0.6218457737780131,0.3944218850181663
cic,ton,29,clean,logistic,unique,temporal,cap,0.05,,9358,7527,453,5616,201,5089,326,5256,360,8905,0.6080853453116227,0.04840777944005129
cic,ton,29,clean,logistic,unique,temporal,random,0.05,,9358,7527,453,5616,274,4998,344,5256,360,8905,0.5998877035373386,0.04840777944005129
cic,ton,29,clean,logistic,unique,size,forced,0.0,,9358,7527,0,7438,0,7108,330,7108,330,9358,0.7948279546911733,0.0
cic,ton,29,clean,logistic,unique,size,frozen,0.05,0.033812694573669755,9358,7527,6459,7438,5334,2064,40,7108,330,2899,0.7257675060365644,0.6902115836717247
cic,ton,29,clean,logistic,unique,size,cap,0.05,,9358,7527,453,7438,252,6905,281,7108,330,8905,0.8069623806850085,0.04840777944005129
cic,ton,29,clean,logistic,unique,size,random,0.05,,9358,7527,453,7438,363,6760,315,7108,330,8905,0.7944974733295901,0.04840777944005129
cic,ton,29,clean,logistic,unique,tcp,forced,0.0,,9358,7527,0,6429,0,6189,240,6189,240,9358,0.6870057704637743,0.0
cic,ton,29,clean,logistic,unique,tcp,frozen,0.05,0.033812694573669755,9358,7527,2845,6429,1327,4967,135,6189,240,6513,0.7833563641946876,0.3040179525539645
cic,ton,29,clean,logistic,unique,tcp,cap,0.05,,9358,7527,453,6429,250,5958,221,6189,240,8905,0.6938798427849523,0.04840777944005129
cic,ton,29,clean,logistic,unique,tcp,random,0.05,,9358,7527,453,6429,323,5880,226,6189,240,8905,0.6856822010106681,0.04840777944005129
cic,ton,29,clean,logistic,unique,temporal+tcp,forced,0.0,,9358,7527,0,6205,0,5920,285,5920,285,9358,0.6630690318444112,0.0
cic,ton,29,clean,logistic,unique,temporal+tcp,frozen,0.05,0.033812694573669755,9358,7527,3584,6205,1810,4253,142,5920,285,5774,0.7611707655005195,0.3829878179098098
cic,ton,29,clean,logistic,unique,temporal+tcp,cap,0.05,,9358,7527,453,6205,205,5758,242,5920,285,8905,0.673778775968557,0.04840777944005129
cic,ton,29,clean,logistic,unique,temporal+tcp,random,0.05,,9358,7527,453,6205,319,5621,265,5920,285,8905,0.6609769792251544,0.04840777944005129
cic,ton,29,clean,logistic,weighted,clean,forced,0.0,,11240,8788,0,7193,0,6855,338,6855,338,11240,0.6399466192170818,0.0
cic,ton,29,clean,logistic,weighted,clean,frozen,0.05,0.033812694573669755,11240,8788,3569,7193,2031,4989,173,6855,338,7671,0.6729239994785556,0.3175266903914591
cic,ton,29,clean,logistic,weighted,clean,cap,0.05,,11240,8788,539,7193,337,6563,293,6855,338,10701,0.6406877861882068,0.04795373665480427
cic,ton,29,clean,logistic,weighted,clean,random,0.05,,11240,8788,539,7193,359,6515,319,6855,338,10701,0.6386319035604149,0.04795373665480427
cic,ton,29,clean,logistic,weighted,temporal,forced,0.0,,11240,8788,0,6885,0,6514,371,6514,371,11240,0.6125444839857651,0.0
cic,ton,29,clean,logistic,weighted,temporal,frozen,0.05,0.033812694573669755,11240,8788,3700,6885,2099,4583,203,6514,371,7540,0.6347480106100796,0.3291814946619217
cic,ton,29,clean,logistic,weighted,temporal,cap,0.05,,11240,8788,539,6885,246,6315,324,6514,371,10701,0.6204093075413513,0.04795373665480427
cic,ton,29,clean,logistic,weighted,temporal,random,0.05,,11240,8788,539,6885,350,6184,351,6514,371,10701,0.6106905896645173,0.04795373665480427
cic,ton,29,clean,logistic,weighted,size,forced,0.0,,11240,8788,0,8780,0,8323,457,8323,457,11240,0.7811387900355872,0.0
cic,ton,29,clean,logistic,weighted,size,frozen,0.05,0.033812694573669755,11240,8788,6669,8780,5463,3273,44,8323,457,4571,0.7256617807919492,0.5933274021352313
cic,ton,29,clean,logistic,weighted,size,cap,0.05,,11240,8788,539,8780,305,8113,362,8323,457,10701,0.791982057751612,0.04795373665480427
cic,ton,29,clean,logistic,weighted,size,random,0.05,,11240,8788,539,8780,437,7911,432,8323,457,10701,0.7796467619848613,0.04795373665480427
cic,ton,29,clean,logistic,weighted,tcp,forced,0.0,,11240,8788,0,7691,0,7447,244,7447,244,11240,0.6842526690391459,0.0
cic,ton,29,clean,logistic,weighted,tcp,frozen,0.05,0.033812694573669755,11240,8788,2870,7691,1333,6223,135,7447,244,8370,0.7596176821983274,0.25533807829181493
cic,ton,29,clean,logistic,weighted,tcp,cap,0.05,,11240,8788,539,7691,282,7191,218,7447,244,10701,0.6923651995140641,0.04795373665480427
cic,ton,29,clean,logistic,weighted,tcp,random,0.05,,11240,8788,539,7691,375,7081,235,7447,244,10701,0.683674422951126,0.04795373665480427
cic,ton,29,clean,logistic,weighted,temporal+tcp,forced,0.0,,11240,8788,0,7477,0,7178,299,7178,299,11240,0.6652135231316726,0.0
cic,ton,29,clean,logistic,weighted,temporal+tcp,frozen,0.05,0.033812694573669755,11240,8788,4032,7477,2128,5207,142,7178,299,7208,0.7420921198668147,0.35871886120996443
cic,ton,29,clean,logistic,weighted,temporal+tcp,cap,0.05,,11240,8788,539,7477,242,7003,232,7178,299,10701,0.6761050369124381,0.04795373665480427
cic,ton,29,clean,logistic,weighted,temporal+tcp,random,0.05,,11240,8788,539,7477,365,6826,286,7178,299,10701,0.6646107840388749,0.04795373665480427
cic,unsw,29,clean,forest,unique,clean,forced,0.0,,10417,1285,0,1522,0,1285,237,1285,237,10417,0.1461073245656139,0.0
cic,unsw,29,clean,forest,unique,clean,frozen,0.05,0.01288961038961034,10417,1285,10234,1522,1517,5,0,1285,237,183,0.0273224043715847,0.9824325621580109
cic,unsw,29,clean,forest,unique,clean,cap,0.05,,10417,1285,518,1522,171,1285,66,1285,237,9899,0.13647843216486513,0.04972640875491984
cic,unsw,29,clean,forest,unique,clean,random,0.05,,10417,1285,518,1522,80,1220,222,1285,237,9899,0.1456712799272654,0.04972640875491984
cic,unsw,29,clean,forest,unique,temporal,forced,0.0,,10417,1285,0,1526,0,1285,241,1285,241,10417,0.1464913122780071,0.0
cic,unsw,29,clean,forest,unique,temporal,frozen,0.05,0.01288961038961034,10417,1285,10203,1526,1525,1,0,1285,241,214,0.004672897196261682,0.9794566573869636
cic,unsw,29,clean,forest,unique,temporal,cap,0.05,,10417,1285,518,1526,186,1285,55,1285,241,9899,0.1353672088089706,0.04972640875491984
cic,unsw,29,clean,forest,unique,temporal,random,0.05,,10417,1285,518,1526,80,1220,226,1285,241,9899,0.14607536114759068,0.04972640875491984
cic,unsw,29,clean,forest,unique,size,forced,0.0,,10417,1285,0,1285,0,1285,0,1285,0,10417,0.1233560526063166,0.0
cic,unsw,29,clean,forest,unique,size,frozen,0.05,0.01288961038961034,10417,1285,10417,1285,1285,0,0,1285,0,0,,1.0
cic,unsw,29,clean,forest,unique,size,cap,0.05,,10417,1285,518,1285,11,1274,0,1285,0,9899,0.1286998686736034,0.04972640875491984
cic,unsw,29,clean,forest,unique,size,random,0.05,,10417,1285,518,1285,65,1220,0,1285,0,9899,0.12324477219921204,0.04972640875491984
cic,unsw,29,clean,forest,unique,tcp,forced,0.0,,10417,1285,0,1719,0,1285,434,1285,434,10417,0.16501871940097917,0.0
cic,unsw,29,clean,forest,unique,tcp,frozen,0.05,0.01288961038961034,10417,1285,10417,1719,1719,0,0,1285,434,0,,1.0
cic,unsw,29,clean,forest,unique,tcp,cap,0.05,,10417,1285,518,1719,285,1284,150,1285,434,9899,0.14486311748661482,0.04972640875491984
cic,unsw,29,clean,forest,unique,tcp,random,0.05,,10417,1285,518,1719,90,1220,409,1285,434,9899,0.16456207697747247,0.04972640875491984
cic,unsw,29,clean,forest,unique,temporal+tcp,forced,0.0,,10417,1285,0,1721,0,1285,436,1285,436,10417,0.16521071325717576,0.0
cic,unsw,29,clean,forest,unique,temporal+tcp,frozen,0.05,0.01288961038961034,10417,1285,10417,1721,1721,0,0,1285,436,0,,1.0
cic,unsw,29,clean,forest,unique,temporal+tcp,cap,0.05,,10417,1285,518,1721,322,1285,114,1285,436,9899,0.14132740680876857,0.04972640875491984
cic,unsw,29,clean,forest,unique,temporal+tcp,random,0.05,,10417,1285,518,1721,89,1220,412,1285,436,9899,0.16486513789271642,0.04972640875491984
cic,unsw,29,clean,forest,weighted,clean,forced,0.0,,10665,1289,0,1528,0,1289,239,1289,239,10665,0.143272386310361,0.0
cic,unsw,29,clean,forest,weighted,clean,frozen,0.05,0.01288961038961034,10665,1289,10480,1528,1523,5,0,1289,239,185,0.02702702702702703,0.9826535396155649
cic,unsw,29,clean,forest,weighted,clean,cap,0.05,,10665,1289,530,1528,173,1289,66,1289,239,10135,0.13369511593487912,0.049695264885138306
cic,unsw,29,clean,forest,weighted,clean,random,0.05,,10665,1289,530,1528,85,1214,229,1289,239,10135,0.14237789837197828,0.049695264885138306
cic,unsw,29,clean,forest,weighted,temporal,forced,0.0,,10665,1289,0,1532,0,1289,243,1289,243,10665,0.1436474449132677,0.0
cic,unsw,29,clean,forest,weighted,temporal,frozen,0.05,0.01288961038961034,10665,1289,10448,1532,1531,1,0,1289,243,217,0.004608294930875576,0.9796530707923113
cic,unsw,29,clean,forest,weighted,temporal,cap,0.05,,10665,1289,530,1532,188,1289,55,1289,243,10135,0.13260976813024172,0.049695264885138306
cic,unsw,29,clean,forest,weighted,temporal,random,0.05,,10665,1289,530,1532,85,1214,233,1289,243,10135,0.14277257030093735,0.049695264885138306
cic,unsw,29,clean,forest,weighted,size,forced,0.0,,10665,1289,0,1289,0,1289,0,1289,0,10665,0.12086263478668542,0.0
cic,unsw,29,clean,forest,weighted,size,frozen,0.05,0.01288961038961034,10665,1289,10665,1289,1289,0,0,1289,0,0,,1.0
cic,unsw,29,clean,forest,weighted,size,cap,0.05,,10665,1289,530,1289,10,1279,0,1289,0,10135,0.12619634928465712,0.049695264885138306
cic,unsw,29,clean,forest,weighted,size,random,0.05,,10665,1289,530,1289,75,1214,0,1289,0,10135,0.11978293043907252,0.049695264885138306
cic,unsw,29,clean,forest,weighted,tcp,forced,0.0,,10665,1289,0,1731,0,1289,442,1289,442,10665,0.16230661040787622,0.0
cic,unsw,29,clean,forest,weighted,tcp,frozen,0.05,0.01288961038961034,10665,1289,10665,1731,1731,0,0,1289,442,0,,1.0
cic,unsw,29,clean,forest,weighted,tcp,cap,0.05,,10665,1289,530,1731,292,1288,151,1289,442,10135,0.14198322644301925,0.049695264885138306
cic,unsw,29,clean,forest,weighted,tcp,random,0.05,,10665,1289,530,1731,95,1214,422,1289,442,10135,0.1614208189442526,0.049695264885138306
cic,unsw,29,clean,forest,weighted,temporal+tcp,forced,0.0,,10665,1289,0,1733,0,1289,444,1289,444,10665,0.16249413970932958,0.0
cic,unsw,29,clean,forest,weighted,temporal+tcp,frozen,0.05,0.01288961038961034,10665,1289,10665,1733,1733,0,0,1289,444,0,,1.0
cic,unsw,29,clean,forest,weighted,temporal+tcp,cap,0.05,,10665,1289,530,1733,324,1289,120,1289,444,10135,0.13902318697582636,0.049695264885138306
cic,unsw,29,clean,forest,weighted,temporal+tcp,random,0.05,,10665,1289,530,1733,94,1214,425,1289,444,10135,0.1617168228909719,0.049695264885138306
cic,ton,29,clean,forest,unique,clean,forced,0.0,,9358,7527,0,7434,0,7432,2,7432,2,9358,0.7944005129301133,0.0
cic,ton,29,clean,forest,unique,clean,frozen,0.05,0.01288961038961034,9358,7527,7467,7434,5751,1683,0,7432,2,1891,0.8900052882072977,0.7979269074588587
cic,ton,29,clean,forest,unique,clean,cap,0.05,,9358,7527,453,7434,331,7102,1,7432,2,8905,0.7976417742841101,0.04840777944005129
cic,ton,29,clean,forest,unique,clean,random,0.05,,9358,7527,453,7434,366,7066,2,7432,2,8905,0.7937113980909601,0.04840777944005129
cic,ton,29,clean,forest,unique,temporal,forced,0.0,,9358,7527,0,7462,0,7460,2,7460,2,9358,0.7973926052575336,0.0
cic,ton,29,clean,forest,unique,temporal,frozen,0.05,0.01288961038961034,9358,7527,7512,7462,5802,1660,0,7460,2,1846,0.8992416034669556,0.8027356272707844
cic,ton,29,clean,forest,unique,temporal,cap,0.05,,9358,7527,453,7462,358,7103,1,7460,2,8905,0.7977540707467715,0.04840777944005129
cic,ton,29,clean,forest,unique,temporal,random,0.05,,9358,7527,453,7462,366,7094,2,7460,2,8905,0.79685569904548,0.04840777944005129
cic,ton,29,clean,forest,unique,size,forced,0.0,,9358,7527,0,7527,0,7527,0,7527,0,9358,0.8043385338747595,0.0
cic,ton,29,clean,forest,unique,size,frozen,0.05,0.01288961038961034,9358,7527,9358,7527,7527,0,0,7527,0,0,,1.0
cic,ton,29,clean,forest,unique,size,cap,0.05,,9358,7527,453,7527,382,7145,0,7527,0,8905,0.80235822571589,0.04840777944005129
cic,ton,29,clean,forest,unique,size,random,0.05,,9358,7527,453,7527,369,7158,0,7527,0,8905,0.8038180797304885,0.04840777944005129
cic,ton,29,clean,forest,unique,tcp,forced,0.0,,9358,7527,0,7514,0,7510,4,7510,4,9358,0.8029493481513144,0.0
cic,ton,29,clean,forest,unique,tcp,frozen,0.05,0.01288961038961034,9358,7527,9358,7514,7514,0,0,7510,4,0,,1.0
cic,ton,29,clean,forest,unique,tcp,cap,0.05,,9358,7527,453,7514,364,7149,1,7510,4,8905,0.8029197080291971,0.04840777944005129
cic,ton,29,clean,forest,unique,tcp,random,0.05,,9358,7527,453,7514,369,7141,4,7510,4,8905,0.80235822571589,0.04840777944005129
cic,ton,29,clean,forest,unique,temporal+tcp,forced,0.0,,9358,7527,0,7520,0,7517,3,7517,3,9358,0.8035905107929044,0.0
cic,ton,29,clean,forest,unique,temporal+tcp,frozen,0.05,0.01288961038961034,9358,7527,9357,7520,7520,0,0,7517,3,1,0.0,0.999893139559735
cic,ton,29,clean,forest,unique,temporal+tcp,cap,0.05,,9358,7527,453,7520,367,7152,1,7517,3,8905,0.8032565974171814,0.04840777944005129
cic,ton,29,clean,forest,unique,temporal+tcp,random,0.05,,9358,7527,453,7520,368,7149,3,7517,3,8905,0.8031443009545199,0.04840777944005129
cic,ton,29,clean,forest,weighted,clean,forced,0.0,,11240,8788,0,8695,0,8693,2,8693,2,11240,0.7735765124555161,0.0
cic,ton,29,clean,forest,weighted,clean,frozen,0.05,0.01288961038961034,11240,8788,8256,8695,6154,2541,0,8693,2,2984,0.8515415549597856,0.7345195729537367
cic,ton,29,clean,forest,weighted,clean,cap,0.05,,11240,8788,539,8695,381,8313,1,8693,2,10701,0.7769367348845903,0.04795373665480427
cic,ton,29,clean,forest,weighted,clean,random,0.05,,11240,8788,539,8695,423,8270,2,8693,2,10701,0.773011868049715,0.04795373665480427
cic,ton,29,clean,forest,weighted,temporal,forced,0.0,,11240,8788,0,8723,0,8721,2,8721,2,11240,0.776067615658363,0.0
cic,ton,29,clean,forest,weighted,temporal,frozen,0.05,0.01288961038961034,11240,8788,8301,8723,6205,2518,0,8721,2,2939,0.8567539979584893,0.7385231316725979
cic,ton,29,clean,forest,weighted,temporal,cap,0.05,,11240,8788,539,8723,408,8314,1,8721,2,10701,0.7770301840949444,0.04795373665480427
cic,ton,29,clean,forest,weighted,temporal,random,0.05,,11240,8788,539,8723,427,8294,2,8721,2,10701,0.7752546490982151,0.04795373665480427
cic,ton,29,clean,forest,weighted,size,forced,0.0,,11240,8788,0,8788,0,8788,0,8788,0,11240,0.7818505338078292,0.0
cic,ton,29,clean,forest,weighted,size,frozen,0.05,0.01288961038961034,11240,8788,11240,8788,8788,0,0,8788,0,0,,1.0
cic,ton,29,clean,forest,weighted,size,cap,0.05,,11240,8788,539,8788,430,8358,0,8788,0,10701,0.7810485001401738,0.04795373665480427
cic,ton,29,clean,forest,weighted,size,random,0.05,,11240,8788,539,8788,435,8353,0,8788,0,10701,0.780581254088403,0.04795373665480427
cic,ton,29,clean,forest,weighted,tcp,forced,0.0,,11240,8788,0,8776,0,8771,5,8771,5,11240,0.7807829181494662,0.0
cic,ton,29,clean,forest,weighted,tcp,frozen,0.05,0.01288961038961034,11240,8788,11240,8776,8776,0,0,8771,5,0,,1.0
cic,ton,29,clean,forest,weighted,tcp,cap,0.05,,11240,8788,539,8776,414,8361,1,8771,5,10701,0.7814222969815905,0.04795373665480427
cic,ton,29,clean,forest,weighted,tcp,random,0.05,,11240,8788,539,8776,434,8337,5,8771,5,10701,0.779553312774507,0.04795373665480427
cic,ton,29,clean,forest,weighted,temporal+tcp,forced,0.0,,11240,8788,0,8781,0,8778,3,8778,3,11240,0.7812277580071174,0.0
cic,ton,29,clean,forest,weighted,temporal+tcp,frozen,0.05,0.01288961038961034,11240,8788,11239,8781,8781,0,0,8778,3,1,0.0,0.9999110320284698
cic,ton,29,clean,forest,weighted,temporal+tcp,cap,0.05,,11240,8788,539,8781,415,8365,1,8778,3,10701,0.7817960938230072,0.04795373665480427
cic,ton,29,clean,forest,weighted,temporal+tcp,random,0.05,,11240,8788,539,8781,434,8344,3,8778,3,10701,0.780020558826278,0.04795373665480427
cic,unsw,29,repeat,logistic,unique,clean,forced,0.0,,10417,1285,0,1768,0,1187,581,1187,581,10417,0.1697225688777959,0.0
cic,unsw,29,repeat,logistic,unique,clean,frozen,0.05,0.02278524652776348,10417,1285,1445,1768,495,997,276,1187,581,8972,0.14188586714222023,0.13871556110204472
cic,unsw,29,repeat,logistic,unique,clean,cap,0.05,,10417,1285,518,1768,189,1159,420,1187,581,9899,0.1595110617234064,0.04972640875491984
cic,unsw,29,repeat,logistic,unique,clean,random,0.05,,10417,1285,518,1768,87,1129,552,1187,581,9899,0.1698151328417012,0.04972640875491984
cic,unsw,29,repeat,logistic,unique,temporal,forced,0.0,,10417,1285,0,1823,0,1172,651,1172,651,10417,0.17500239992320246,0.0
cic,unsw,29,repeat,logistic,unique,temporal,frozen,0.05,0.02278524652776348,10417,1285,1535,1823,562,956,305,1172,651,8882,0.14197252870975005,0.14735528463089181
cic,unsw,29,repeat,logistic,unique,temporal,cap,0.05,,10417,1285,518,1823,191,1146,486,1172,651,9899,0.16486513789271642,0.04972640875491984
cic,unsw,29,repeat,logistic,unique,temporal,random,0.05,,10417,1285,518,1823,88,1117,618,1172,651,9899,0.17527022931609254,0.04972640875491984
cic,unsw,29,repeat,logistic,unique,size,forced,0.0,,10417,1285,0,1684,0,1214,470,1214,470,10417,0.16165882691753863,0.0
cic,unsw,29,repeat,logistic,unique,size,frozen,0.05,0.02278524652776348,10417,1285,8985,1684,824,859,1,1214,470,1432,0.6005586592178771,0.8625323989632332
cic,unsw,29,repeat,logistic,unique,size,cap,0.05,,10417,1285,518,1684,102,1205,377,1214,470,9899,0.15981412263865036,0.04972640875491984
cic,unsw,29,repeat,logistic,unique,size,random,0.05,,10417,1285,518,1684,85,1153,446,1214,470,9899,0.16153146782503283,0.04972640875491984
cic,unsw,29,repeat,logistic,unique,tcp,forced,0.0,,10417,1285,0,1733,0,1203,530,1203,530,10417,0.16636267639435537,0.0
cic,unsw,29,repeat,logistic,unique,tcp,frozen,0.05,0.02278524652776348,10417,1285,1186,1733,355,1128,250,1203,530,9231,0.14927960134329976,0.11385235672458481
cic,unsw,29,repeat,logistic,unique,tcp,cap,0.05,,10417,1285,518,1733,180,1175,378,1203,530,9899,0.15688453379129205,0.04972640875491984
cic,unsw,29,repeat,logistic,unique,tcp,random,0.05,,10417,1285,518,1733,86,1144,503,1203,530,9899,0.16638044246893627,0.04972640875491984
cic,unsw,29,repeat,logistic,unique,temporal+tcp,forced,0.0,,10417,1285,0,1812,0,1229,583,1229,583,10417,0.17394643371412113,0.0
cic,unsw,29,repeat,logistic,unique,temporal+tcp,frozen,0.05,0.02278524652776348,10417,1285,1302,1812,470,1102,240,1229,583,9115,0.14722984092155786,0.12498800038398772
cic,unsw,29,repeat,logistic,unique,temporal+tcp,cap,0.05,,10417,1285,518,1812,243,1177,392,1229,583,9899,0.1585008586725932,0.04972640875491984
cic,unsw,29,repeat,logistic,unique,temporal+tcp,random,0.05,,10417,1285,518,1812,94,1167,551,1229,583,9899,0.17355288412971007,0.04972640875491984
cic,unsw,29,repeat,logistic,weighted,clean,forced,0.0,,10665,1289,0,1788,0,1191,597,1191,597,10665,0.16765119549929677,0.0
cic,unsw,29,repeat,logistic,weighted,clean,frozen,0.05,0.02278524652776348,10665,1289,1468,1788,501,1001,286,1191,597,9197,0.1399369359573774,0.13764650726676042
cic,unsw,29,repeat,logistic,weighted,clean,cap,0.05,,10665,1289,530,1788,197,1163,428,1191,597,10135,0.15698075974346323,0.049695264885138306
cic,unsw,29,repeat,logistic,weighted,clean,random,0.05,,10665,1289,530,1788,95,1122,571,1191,597,10135,0.1670448939319191,0.049695264885138306
cic,unsw,29,repeat,logistic,weighted,temporal,forced,0.0,,10665,1289,0,1844,0,1176,668,1176,668,10665,0.17290201593999063,0.0
cic,unsw,29,repeat,logistic,weighted,temporal,frozen,0.05,0.02278524652776348,10665,1289,1561,1844,569,960,315,1176,668,9104,0.14004833040421794,0.1463666197843413
cic,unsw,29,repeat,logistic,weighted,temporal,cap,0.05,,10665,1289,530,1844,196,1150,498,1176,668,10135,0.16260483473112974,0.049695264885138306
cic,unsw,29,repeat,logistic,weighted,temporal,random,0.05,,10665,1289,530,1844,100,1107,637,1176,668,10135,0.172076961026147,0.049695264885138306
cic,unsw,29,repeat,logistic,weighted,size,forced,0.0,,10665,1289,0,1689,0,1218,471,1218,471,10665,0.15836849507735584,0.0
cic,unsw,29,repeat,logistic,weighted,size,frozen,0.05,0.02278524652776348,10665,1289,9218,1689,825,863,1,1218,471,1447,0.5970974429854872,0.8643225503984998
cic,unsw,29,repeat,logistic,weighted,size,cap,0.05,,10665,1289,530,1689,103,1209,377,1218,471,10135,0.15648741983226444,0.049695264885138306
cic,unsw,29,repeat,logistic,weighted,size,random,0.05,,10665,1289,530,1689,98,1146,445,1218,471,10135,0.15698075974346323,0.049695264885138306
cic,unsw,29,repeat,logistic,weighted,tcp,forced,0.0,,10665,1289,0,1752,0,1207,545,1207,545,10665,0.16427566807313643,0.0
cic,unsw,29,repeat,logistic,weighted,tcp,frozen,0.05,0.02278524652776348,10665,1289,1202,1752,360,1132,260,1207,545,9463,0.14709922857444785,0.1127051101734646
cic,unsw,29,repeat,logistic,weighted,tcp,cap,0.05,,10665,1289,530,1752,186,1178,388,1207,545,10135,0.15451406018746916,0.049695264885138306
cic,unsw,29,repeat,logistic,weighted,tcp,random,0.05,,10665,1289,530,1752,93,1138,521,1207,545,10135,0.16369018253576714,0.049695264885138306
cic,unsw,29,repeat,logistic,weighted,temporal+tcp,forced,0.0,,10665,1289,0,1831,0,1233,598,1233,598,10665,0.17168307548054385,0.0
cic,unsw,29,repeat,logistic,weighted,temporal+tcp,frozen,0.05,0.02278524652776348,10665,1289,1324,1831,475,1106,250,1233,598,9341,0.14516647039931485,0.12414439756211908
cic,unsw,29,repeat,logistic,weighted,temporal+tcp,cap,0.05,,10665,1289,530,1831,248,1180,403,1233,598,10135,0.15619141588554514,0.049695264885138306
cic,unsw,29,repeat,logistic,weighted,temporal+tcp,random,0.05,,10665,1289,530,1831,94,1164,573,1233,598,10135,0.17138628515046866,0.049695264885138306
cic,ton,29,repeat,logistic,unique,clean,forced,0.0,,9358,7527,0,5889,0,5566,323,5566,323,9358,0.6293011327206668,0.0
cic,ton,29,repeat,logistic,unique,clean,frozen,0.05,0.02278524652776348,9358,7527,3390,5889,1715,4001,173,5566,323,5968,0.699396782841823,0.3622568924983971
cic,ton,29,repeat,logistic,unique,clean,cap,0.05,,9358,7527,453,5889,244,5350,295,5566,323,8905,0.6339135317237508,0.04840777944005129
cic,ton,29,repeat,logistic,unique,clean,random,0.05,,9358,7527,453,5889,291,5290,308,5566,323,8905,0.6286355979786636,0.04840777944005129
cic,ton,29,repeat,logistic,unique,temporal,forced,0.0,,9358,7527,0,5633,0,5290,343,5290,343,9358,0.6019448600128232,0.0
cic,ton,29,repeat,logistic,unique,temporal,frozen,0.05,0.02278524652776348,9358,7527,3518,5633,1911,3525,197,5290,343,5840,0.6373287671232877,0.3759350288523189
cic,ton,29,repeat,logistic,unique,temporal,cap,0.05,,9358,7527,453,5633,259,5059,315,5290,343,8905,0.6034811903425042,0.04840777944005129
cic,ton,29,repeat,logistic,unique,temporal,random,0.05,,9358,7527,453,5633,276,5029,328,5290,343,8905,0.60157215047726,0.04840777944005129
cic,ton,29,repeat,logistic,unique,size,forced,0.0,,9358,7527,0,7474,0,7202,272,7202,272,9358,0.7986749305407138,0.0
cic,ton,29,repeat,logistic,unique,size,frozen,0.05,0.02278524652776348,9358,7527,6732,7474,5645,1790,39,7202,272,2626,0.6964965727341965,0.7193844838640735
cic,ton,29,repeat,logistic,unique,size,cap,0.05,,9358,7527,453,7474,250,7002,222,7202,272,8905,0.8112296462661426,0.04840777944005129
cic,ton,29,repeat,logistic,unique,size,random,0.05,,9358,7527,453,7474,369,6848,257,7202,272,8905,0.7978663672094329,0.04840777944005129
cic,ton,29,repeat,logistic,unique,tcp,forced,0.0,,9358,7527,0,6386,0,6147,239,6147,239,9358,0.6824107715323787,0.0
cic,ton,29,repeat,logistic,unique,tcp,frozen,0.05,0.02278524652776348,9358,7527,2713,6386,1173,5077,136,6147,239,6645,0.7844996237772761,0.2899123744389827
cic,ton,29,repeat,logistic,unique,tcp,cap,0.05,,9358,7527,453,6386,210,5958,218,6147,239,8905,0.693542953396968,0.04840777944005129
cic,ton,29,repeat,logistic,unique,tcp,random,0.05,,9358,7527,453,6386,322,5838,226,6147,239,8905,0.6809657495788882,0.04840777944005129
cic,ton,29,repeat,logistic,unique,temporal+tcp,forced,0.0,,9358,7527,0,6190,0,5932,258,5932,258,9358,0.661466125240436,0.0
cic,ton,29,repeat,logistic,unique,temporal+tcp,frozen,0.05,0.02278524652776348,9358,7527,3422,6190,1590,4465,135,5932,258,5936,0.7749326145552561,0.36567642658687755
cic,ton,29,repeat,logistic,unique,temporal+tcp,cap,0.05,,9358,7527,453,6190,205,5757,228,5932,258,8905,0.6720943290286356,0.04840777944005129
cic,ton,29,repeat,logistic,unique,temporal+tcp,random,0.05,,9358,7527,453,6190,316,5631,243,5932,258,8905,0.6596294216732173,0.04840777944005129
cic,ton,29,repeat,logistic,weighted,clean,forced,0.0,,11240,8788,0,7157,0,6824,333,6824,333,11240,0.6367437722419929,0.0
cic,ton,29,repeat,logistic,weighted,clean,frozen,0.05,0.02278524652776348,11240,8788,3403,7157,1725,5259,173,6824,333,7837,0.6931223682531581,0.3027580071174377
cic,ton,29,repeat,logistic,weighted,clean,cap,0.05,,11240,8788,539,7157,290,6576,291,6824,333,10701,0.6417157275021026,0.04795373665480427
cic,ton,29,repeat,logistic,weighted,clean,random,0.05,,11240,8788,539,7157,362,6482,313,6824,333,10701,0.6349873843566022,0.04795373665480427
cic,ton,29,repeat,logistic,weighted,temporal,forced,0.0,,11240,8788,0,6902,0,6548,354,6548,354,11240,0.6140569395017793,0.0
cic,ton,29,repeat,logistic,weighted,temporal,frozen,0.05,0.02278524652776348,11240,8788,3531,6902,1922,4783,197,6548,354,7709,0.6459981839408484,0.3141459074733096
cic,ton,29,repeat,logistic,weighted,temporal,cap,0.05,,11240,8788,539,6902,316,6275,311,6548,354,10701,0.6154564993925802,0.04795373665480427
cic,ton,29,repeat,logistic,weighted,temporal,random,0.05,,11240,8788,539,6902,347,6221,334,6548,354,10701,0.6125595738716008,0.04795373665480427
cic,ton,29,repeat,logistic,weighted,size,forced,0.0,,11240,8788,0,8748,0,8419,329,8419,329,11240,0.7782918149466193,0.0
cic,ton,29,repeat,logistic,weighted,size,frozen,0.05,0.02278524652776348,11240,8788,7252,8748,6056,2649,43,8419,329,3988,0.675025075225677,0.6451957295373666
cic,ton,29,repeat,logistic,weighted,size,cap,0.05,,11240,8788,539,8748,278,8214,256,8419,329,10701,0.7915148116998412,0.04795373665480427
cic,ton,29,repeat,logistic,weighted,size,random,0.05,,11240,8788,539,8748,436,8002,310,8419,329,10701,0.7767498364638818,0.04795373665480427
cic,ton,29,repeat,logistic,weighted,tcp,forced,0.0,,11240,8788,0,7644,0,7405,239,7405,239,11240,0.6800711743772242,0.0
cic,ton,29,repeat,logistic,weighted,tcp,frozen,0.05,0.02278524652776348,11240,8788,2736,7644,1173,6335,136,7405,239,8504,0.7609360301034808,0.24341637010676156
cic,ton,29,repeat,logistic,weighted,tcp,cap,0.05,,11240,8788,539,7644,241,7188,215,7405,239,10701,0.6918045042519391,0.04795373665480427
cic,ton,29,repeat,logistic,weighted,tcp,random,0.05,,11240,8788,539,7644,374,7040,230,7405,239,10701,0.6793757592748342,0.04795373665480427
cic,ton,29,repeat,logistic,weighted,temporal+tcp,forced,0.0,,11240,8788,0,7449,0,7190,259,7190,259,11240,0.6627224199288256,0.0
cic,ton,29,repeat,logistic,weighted,temporal+tcp,frozen,0.05,0.02278524652776348,11240,8788,3572,7449,1608,5706,135,7190,259,7668,0.7617370892018779,0.3177935943060498
cic,ton,29,repeat,logistic,weighted,temporal+tcp,cap,0.05,,11240,8788,539,7449,227,7001,221,7190,259,10701,0.6748901971778338,0.04795373665480427
cic,ton,29,repeat,logistic,weighted,temporal+tcp,random,0.05,,11240,8788,539,7449,364,6838,247,7190,259,10701,0.6620876553593122,0.04795373665480427
cic,unsw,29,repeat,forest,unique,clean,forced,0.0,,10417,1285,0,1545,0,1285,260,1285,260,10417,0.14831525391187483,0.0
cic,unsw,29,repeat,forest,unique,clean,frozen,0.05,0.0050000000000000044,10417,1285,10411,1545,1543,2,0,1285,260,6,0.3333333333333333,0.9994240184314102
cic,unsw,29,repeat,forest,unique,clean,cap,0.05,,10417,1285,518,1545,162,1285,98,1285,260,9899,0.13971108192746742,0.04972640875491984
cic,unsw,29,repeat,forest,unique,clean,random,0.05,,10417,1285,518,1545,80,1220,245,1285,260,9899,0.14799474694413578,0.04972640875491984
cic,unsw,29,repeat,forest,unique,temporal,forced,0.0,,10417,1285,0,1504,0,1285,219,1285,219,10417,0.14437937985984448,0.0
cic,unsw,29,repeat,forest,unique,temporal,frozen,0.05,0.0050000000000000044,10417,1285,10415,1504,1504,0,0,1285,219,2,0.0,0.9998080061438034
cic,unsw,29,repeat,forest,unique,temporal,cap,0.05,,10417,1285,518,1504,163,1284,57,1285,219,9899,0.13546822911405193,0.04972640875491984
cic,unsw,29,repeat,forest,unique,temporal,random,0.05,,10417,1285,518,1504,78,1220,206,1285,219,9899,0.14405495504596424,0.04972640875491984
cic,unsw,29,repeat,forest,unique,size,forced,0.0,,10417,1285,0,1285,0,1285,0,1285,0,10417,0.1233560526063166,0.0
cic,unsw,29,repeat,forest,unique,size,frozen,0.05,0.0050000000000000044,10417,1285,10417,1285,1285,0,0,1285,0,0,,1.0
cic,unsw,29,repeat,forest,unique,size,cap,0.05,,10417,1285,518,1285,303,982,0,1285,0,9899,0.09920193958985755,0.04972640875491984
cic,unsw,29,repeat,forest,unique,size,random,0.05,,10417,1285,518,1285,65,1220,0,1285,0,9899,0.12324477219921204,0.04972640875491984
cic,unsw,29,repeat,forest,unique,tcp,forced,0.0,,10417,1285,0,1637,0,1285,352,1285,352,10417,0.1571469712969185,0.0
cic,unsw,29,repeat,forest,unique,tcp,frozen,0.05,0.0050000000000000044,10417,1285,10417,1637,1637,0,0,1285,352,0,,1.0
cic,unsw,29,repeat,forest,unique,tcp,cap,0.05,,10417,1285,518,1637,287,1284,66,1285,352,9899,0.1363774118597838,0.04972640875491984
cic,unsw,29,repeat,forest,unique,tcp,random,0.05,,10417,1285,518,1637,85,1220,332,1285,352,9899,0.15678351348621072,0.04972640875491984
cic,unsw,29,repeat,forest,unique,temporal+tcp,forced,0.0,,10417,1285,0,1644,0,1285,359,1285,359,10417,0.1578189497936066,0.0
cic,unsw,29,repeat,forest,unique,temporal+tcp,frozen,0.05,0.0050000000000000044,10417,1285,10417,1644,1644,0,0,1285,359,0,,1.0
cic,unsw,29,repeat,forest,unique,temporal+tcp,cap,0.05,,10417,1285,518,1644,265,1284,95,1285,359,9899,0.13930700070714214,0.04972640875491984
cic,unsw,29,repeat,forest,unique,temporal+tcp,random,0.05,,10417,1285,518,1644,87,1220,337,1285,359,9899,0.15728861501161734,0.04972640875491984
cic,unsw,29,repeat,forest,weighted,clean,forced,0.0,,10665,1289,0,1551,0,1289,262,1289,262,10665,0.14542897327707455,0.0
cic,unsw,29,repeat,forest,weighted,clean,frozen,0.05,0.0050000000000000044,10665,1289,10658,1551,1549,2,0,1289,262,7,0.2857142857142857,0.9993436474449132
cic,unsw,29,repeat,forest,weighted,clean,cap,0.05,,10665,1289,530,1551,163,1289,99,1289,262,10135,0.13695115934879132,0.049695264885138306
cic,unsw,29,repeat,forest,weighted,clean,random,0.05,,10665,1289,530,1551,87,1214,250,1289,262,10135,0.14444992599901332,0.049695264885138306
cic,unsw,29,repeat,forest,weighted,temporal,forced,0.0,,10665,1289,0,1510,0,1289,221,1289,221,10665,0.14158462259728083,0.0
cic,unsw,29,repeat,forest,weighted,temporal,frozen,0.05,0.0050000000000000044,10665,1289,10663,1510,1510,0,0,1289,221,2,0.0,0.9998124706985466
cic,unsw,29,repeat,forest,weighted,temporal,cap,0.05,,10665,1289,530,1510,165,1288,57,1289,221,10135,0.1327084361124815,0.049695264885138306
cic,unsw,29,repeat,forest,weighted,temporal,random,0.05,,10665,1289,530,1510,85,1214,211,1289,221,10135,0.14060187469166255,0.049695264885138306
cic,unsw,29,repeat,forest,weighted,size,forced,0.0,,10665,1289,0,1289,0,1289,0,1289,0,10665,0.12086263478668542,0.0
cic,unsw,29,repeat,forest,weighted,size,frozen,0.05,0.0050000000000000044,10665,1289,10665,1289,1289,0,0,1289,0,0,,1.0
cic,unsw,29,repeat,forest,weighted,size,cap,0.05,,10665,1289,530,1289,304,985,0,1289,0,10135,0.09718796250616675,0.049695264885138306
cic,unsw,29,repeat,forest,weighted,size,random,0.05,,10665,1289,530,1289,75,1214,0,1289,0,10135,0.11978293043907252,0.049695264885138306
cic,unsw,29,repeat,forest,weighted,tcp,forced,0.0,,10665,1289,0,1648,0,1289,359,1289,359,10665,0.15452414439756212,0.0
cic,unsw,29,repeat,forest,weighted,tcp,frozen,0.05,0.0050000000000000044,10665,1289,10665,1648,1648,0,0,1289,359,0,,1.0
cic,unsw,29,repeat,forest,weighted,tcp,cap,0.05,,10665,1289,530,1648,293,1288,67,1289,359,10135,0.13369511593487912,0.049695264885138306
cic,unsw,29,repeat,forest,weighted,tcp,random,0.05,,10665,1289,530,1648,92,1214,342,1289,359,10135,0.15352738036507155,0.049695264885138306
cic,unsw,29,repeat,forest,weighted,temporal+tcp,forced,0.0,,10665,1289,0,1656,0,1289,367,1289,367,10665,0.15527426160337554,0.0
cic,unsw,29,repeat,forest,weighted,temporal+tcp,frozen,0.05,0.0050000000000000044,10665,1289,10665,1656,1656,0,0,1289,367,0,,1.0
cic,unsw,29,repeat,forest,weighted,temporal+tcp,cap,0.05,,10665,1289,530,1656,267,1288,101,1289,367,10135,0.13704982733103108,0.049695264885138306
cic,unsw,29,repeat,forest,weighted,temporal+tcp,random,0.05,,10665,1289,530,1656,92,1214,350,1289,367,10135,0.15431672422298964,0.049695264885138306
cic,ton,29,repeat,forest,unique,clean,forced,0.0,,9358,7527,0,6647,0,6603,44,6603,44,9358,0.7103013464415473,0.0
cic,ton,29,repeat,forest,unique,clean,frozen,0.05,0.0050000000000000044,9358,7527,7450,6647,4990,1657,0,6603,44,1908,0.8684486373165619,0.7961102799743535
cic,ton,29,repeat,forest,unique,clean,cap,0.05,,9358,7527,453,6647,198,6416,33,6603,44,8905,0.7241998877035374,0.04840777944005129
cic,ton,29,repeat,forest,unique,clean,random,0.05,,9358,7527,453,6647,336,6269,42,6603,44,8905,0.7087029758562605,0.04840777944005129
cic,ton,29,repeat,forest,unique,temporal,forced,0.0,,9358,7527,0,6793,0,6758,35,6758,35,9358,0.7259029707202393,0.0
cic,ton,29,repeat,forest,unique,temporal,frozen,0.05,0.0050000000000000044,9358,7527,8842,6793,6466,327,0,6758,35,516,0.6337209302325582,0.9448600128232528
cic,ton,29,repeat,forest,unique,temporal,cap,0.05,,9358,7527,453,6793,79,6693,21,6758,35,8905,0.7539584503088153,0.04840777944005129
cic,ton,29,repeat,forest,unique,temporal,random,0.05,,9358,7527,453,6793,343,6417,33,6758,35,8905,0.7243121841661988,0.04840777944005129
cic,ton,29,repeat,forest,unique,size,forced,0.0,,9358,7527,0,7527,0,7527,0,7527,0,9358,0.8043385338747595,0.0
cic,ton,29,repeat,forest,unique,size,frozen,0.05,0.0050000000000000044,9358,7527,9358,7527,7527,0,0,7527,0,0,,1.0
cic,ton,29,repeat,forest,unique,size,cap,0.05,,9358,7527,453,7527,381,7146,0,7527,0,8905,0.8024705221785514,0.04840777944005129
cic,ton,29,repeat,forest,unique,size,random,0.05,,9358,7527,453,7527,369,7158,0,7527,0,8905,0.8038180797304885,0.04840777944005129
cic,ton,29,repeat,forest,unique,tcp,forced,0.0,,9358,7527,0,7466,0,7444,22,7444,22,9358,0.7978200470185938,0.0
cic,ton,29,repeat,forest,unique,tcp,frozen,0.05,0.0050000000000000044,9358,7527,9289,7466,7466,0,0,7444,22,69,0.0,0.992626629621714
cic,ton,29,repeat,forest,unique,tcp,cap,0.05,,9358,7527,453,7466,340,7124,2,7444,22,8905,0.8002245929253229,0.04840777944005129
cic,ton,29,repeat,forest,unique,tcp,random,0.05,,9358,7527,453,7466,369,7077,20,7444,22,8905,0.7969679955081415,0.04840777944005129
cic,ton,29,repeat,forest,unique,temporal+tcp,forced,0.0,,9358,7527,0,7513,0,7494,19,7494,19,9358,0.8028424877110494,0.0
cic,ton,29,repeat,forest,unique,temporal+tcp,frozen,0.05,0.0050000000000000044,9358,7527,9313,7513,7513,0,0,7494,19,45,0.0,0.9951912801880743
cic,ton,29,repeat,forest,unique,temporal+tcp,cap,0.05,,9358,7527,453,7513,376,7135,2,7494,19,8905,0.8014598540145985,0.04840777944005129
cic,ton,29,repeat,forest,unique,temporal+tcp,random,0.05,,9358,7527,453,7513,369,7127,17,7494,19,8905,0.8022459292532286,0.04840777944005129
cic,ton,29,repeat,forest,weighted,clean,forced,0.0,,11240,8788,0,7905,0,7861,44,7861,44,11240,0.7032918149466192,0.0
cic,ton,29,repeat,forest,weighted,clean,frozen,0.05,0.0050000000000000044,11240,8788,8037,7905,5390,2515,0,7861,44,3203,0.7852013737121448,0.7150355871886122
cic,ton,29,repeat,forest,weighted,clean,cap,0.05,,11240,8788,539,7905,229,7643,33,7861,44,10701,0.7173161386786282,0.04795373665480427
cic,ton,29,repeat,forest,weighted,clean,random,0.05,,11240,8788,539,7905,383,7479,43,7861,44,10701,0.7029249602840856,0.04795373665480427
cic,ton,29,repeat,forest,weighted,temporal,forced,0.0,,11240,8788,0,8051,0,8016,35,8016,35,11240,0.7162811387900356,0.0
cic,ton,29,repeat,forest,weighted,temporal,frozen,0.05,0.0050000000000000044,11240,8788,10394,8051,7606,445,0,8016,35,846,0.5260047281323877,0.9247330960854092
cic,ton,29,repeat,forest,weighted,temporal,cap,0.05,,11240,8788,539,8051,95,7935,21,8016,35,10701,0.7434819175777965,0.04795373665480427
cic,ton,29,repeat,forest,weighted,temporal,random,0.05,,11240,8788,539,8051,393,7623,35,8016,35,10701,0.715634052892253,0.04795373665480427
cic,ton,29,repeat,forest,weighted,size,forced,0.0,,11240,8788,0,8788,0,8788,0,8788,0,11240,0.7818505338078292,0.0
cic,ton,29,repeat,forest,weighted,size,frozen,0.05,0.0050000000000000044,11240,8788,11240,8788,8788,0,0,8788,0,0,,1.0
cic,ton,29,repeat,forest,weighted,size,cap,0.05,,11240,8788,539,8788,437,8351,0,8788,0,10701,0.7803943556676947,0.04795373665480427
cic,ton,29,repeat,forest,weighted,size,random,0.05,,11240,8788,539,8788,435,8353,0,8788,0,10701,0.780581254088403,0.04795373665480427
cic,ton,29,repeat,forest,weighted,tcp,forced,0.0,,11240,8788,0,8726,0,8704,22,8704,22,11240,0.7763345195729537,0.0
cic,ton,29,repeat,forest,weighted,tcp,frozen,0.05,0.0050000000000000044,11240,8788,11170,8726,8726,0,0,8704,22,70,0.0,0.9937722419928826
cic,ton,29,repeat,forest,weighted,tcp,cap,0.05,,11240,8788,539,8726,387,8337,2,8704,22,10701,0.7792729651434446,0.04795373665480427
cic,ton,29,repeat,forest,weighted,tcp,random,0.05,,11240,8788,539,8726,428,8276,22,8704,22,10701,0.7754415475189235,0.04795373665480427
cic,ton,29,repeat,forest,weighted,temporal+tcp,forced,0.0,,11240,8788,0,8774,0,8755,19,8755,19,11240,0.7806049822064057,0.0
cic,ton,29,repeat,forest,weighted,temporal+tcp,frozen,0.05,0.0050000000000000044,11240,8788,11195,8774,8774,0,0,8755,19,45,0.0,0.9959964412811388
cic,ton,29,repeat,forest,weighted,temporal+tcp,cap,0.05,,11240,8788,539,8774,427,8345,2,8755,19,10701,0.780020558826278,0.04795373665480427
cic,ton,29,repeat,forest,weighted,temporal+tcp,random,0.05,,11240,8788,539,8774,430,8325,19,8755,19,10701,0.7797402111952154,0.04795373665480427
cic,unsw,29,mask,logistic,unique,clean,forced,0.0,,10417,1285,0,2284,0,1189,1095,1189,1095,10417,0.21925698377651914,0.0
cic,unsw,29,mask,logistic,unique,clean,frozen,0.05,0.04320409689533933,10417,1285,1100,2284,691,1041,552,1189,1095,9317,0.17097778254803048,0.10559662090813093
cic,unsw,29,mask,logistic,unique,clean,cap,0.05,,10417,1285,518,2284,339,1134,811,1189,1095,9899,0.19648449338317,0.04972640875491984
cic,unsw,29,mask,logistic,unique,clean,random,0.05,,10417,1285,518,2284,108,1131,1045,1189,1095,9899,0.21982018385695526,0.04972640875491984
cic,unsw,29,mask,logistic,unique,temporal,forced,0.0,,10417,1285,0,1824,0,1193,631,1193,631,10417,0.17509839685130077,0.0
cic,unsw,29,mask,logistic,unique,temporal,frozen,0.05,0.04320409689533933,10417,1285,1056,1824,447,1033,344,1193,631,9361,0.14709966883879927,0.10137275607180571
cic,unsw,29,mask,logistic,unique,temporal,cap,0.05,,10417,1285,518,1824,140,1151,533,1193,631,9899,0.17011819375694515,0.04972640875491984
cic,unsw,29,mask,logistic,unique,temporal,random,0.05,,10417,1285,518,1824,88,1136,600,1193,631,9899,0.17537124962117387,0.04972640875491984
cic,unsw,29,mask,logistic,unique,size,forced,0.0,,10417,1285,0,8188,0,1151,7037,1151,7037,10417,0.7860228472688874,0.0
cic,unsw,29,mask,logistic,unique,size,frozen,0.05,0.04320409689533933,10417,1285,8207,8188,6371,153,1664,1151,7037,2210,0.8221719457013574,0.7878467889027551
cic,unsw,29,mask,logistic,unique,size,cap,0.05,,10417,1285,518,8188,229,1130,6829,1151,7037,9899,0.8040206081422366,0.04972640875491984
cic,unsw,29,mask,logistic,unique,size,random,0.05,,10417,1285,518,8188,395,1091,6702,1151,7037,9899,0.7872512374987373,0.04972640875491984
cic,unsw,29,mask,logistic,unique,tcp,forced,0.0,,10417,1285,0,2340,0,1109,1231,1109,1231,10417,0.224632811750024,0.0
cic,unsw,29,mask,logistic,unique,tcp,frozen,0.05,0.04320409689533933,10417,1285,1531,2340,807,971,562,1109,1231,8886,0.1725185685347738,0.1469712969184986
cic,unsw,29,mask,logistic,unique,tcp,cap,0.05,,10417,1285,518,2340,334,1071,935,1109,1231,9899,0.20264673199313063,0.04972640875491984
cic,unsw,29,mask,logistic,unique,tcp,random,0.05,,10417,1285,518,2340,119,1053,1168,1109,1231,9899,0.2243660975856147,0.04972640875491984
cic,unsw,29,mask,logistic,unique,temporal+tcp,forced,0.0,,10417,1285,0,1790,0,1116,674,1116,674,10417,0.17183450129595854,0.0
cic,unsw,29,mask,logistic,unique,temporal+tcp,frozen,0.05,0.04320409689533933,10417,1285,1201,1790,378,971,441,1116,674,9216,0.15321180555555555,0.11529231064605933
cic,unsw,29,mask,logistic,unique,temporal+tcp,cap,0.05,,10417,1285,518,1790,178,1069,543,1116,674,9899,0.16284473179109002,0.04972640875491984
cic,unsw,29,mask,logistic,unique,temporal+tcp,random,0.05,,10417,1285,518,1790,91,1061,638,1116,674,9899,0.17163349833316496,0.04972640875491984
cic,unsw,29,mask,logistic,weighted,clean,forced,0.0,,10665,1289,0,2308,0,1193,1115,1193,1115,10665,0.21640881387716832,0.0
cic,unsw,29,mask,logistic,weighted,clean,frozen,0.05,0.04320409689533933,10665,1289,1122,2308,700,1045,563,1193,1115,9543,0.16850047154982709,0.10520393811533052
cic,unsw,29,mask,logistic,weighted,clean,cap,0.05,,10665,1289,530,2308,342,1138,828,1193,1115,10135,0.19398125308337444,0.049695264885138306
cic,unsw,29,mask,logistic,weighted,clean,random,0.05,,10665,1289,530,2308,121,1124,1063,1193,1115,10135,0.21578687715836212,0.049695264885138306
cic,unsw,29,mask,logistic,weighted,temporal,forced,0.0,,10665,1289,0,1846,0,1197,649,1197,649,10665,0.173089545241444,0.0
cic,unsw,29,mask,logistic,weighted,temporal,frozen,0.05,0.04320409689533933,10665,1289,1076,1846,456,1037,353,1197,649,9589,0.14495776410470332,0.10089076418190342
cic,unsw,29,mask,logistic,weighted,temporal,cap,0.05,,10665,1289,530,1846,146,1153,547,1197,649,10135,0.16773556980759743,0.049695264885138306
cic,unsw,29,mask,logistic,weighted,temporal,random,0.05,,10665,1289,530,1846,95,1127,624,1197,649,10135,0.17276763690182537,0.049695264885138306
cic,unsw,29,mask,logistic,weighted,size,forced,0.0,,10665,1289,0,8386,0,1155,7231,1155,7231,10665,0.7863103609939053,0.0
cic,unsw,29,mask,logistic,weighted,size,frozen,0.05,0.04320409689533933,10665,1289,8435,8386,6556,157,1673,1155,7231,2230,0.820627802690583,0.7909048288795124
cic,unsw,29,mask,logistic,weighted,size,cap,0.05,,10665,1289,530,8386,232,1134,7020,1155,7231,10135,0.8045387271830291,0.049695264885138306
cic,unsw,29,mask,logistic,weighted,size,random,0.05,,10665,1289,530,8386,416,1085,6885,1155,7231,10135,0.7863838184509127,0.049695264885138306
cic,unsw,29,mask,logistic,weighted,tcp,forced,0.0,,10665,1289,0,2371,0,1112,1259,1112,1259,10665,0.2223159868729489,0.0
cic,unsw,29,mask,logistic,weighted,tcp,frozen,0.05,0.04320409689533933,10665,1289,1561,2371,824,974,573,1112,1259,9104,0.16992530755711774,0.1463666197843413
cic,unsw,29,mask,logistic,weighted,tcp,cap,0.05,,10665,1289,530,2371,347,1076,948,1112,1259,10135,0.1997039960532807,0.049695264885138306
cic,unsw,29,mask,logistic,weighted,tcp,random,0.05,,10665,1289,530,2371,119,1049,1203,1112,1259,10135,0.22220029600394672,0.049695264885138306
cic,unsw,29,mask,logistic,weighted,temporal+tcp,forced,0.0,,10665,1289,0,1806,0,1119,687,1119,687,10665,0.16933895921237693,0.0
cic,unsw,29,mask,logistic,weighted,temporal+tcp,frozen,0.05,0.04320409689533933,10665,1289,1223,1806,381,974,451,1119,687,9442,0.1509214149544588,0.1146741678387248
cic,unsw,29,mask,logistic,weighted,temporal+tcp,cap,0.05,,10665,1289,530,1806,179,1072,555,1119,687,10135,0.16053280710409473,0.049695264885138306
cic,unsw,29,mask,logistic,weighted,temporal+tcp,random,0.05,,10665,1289,530,1806,91,1055,660,1119,687,10135,0.1692155895411939,0.049695264885138306
cic,ton,29,mask,logistic,unique,clean,forced,0.0,,9358,7527,0,5994,0,5638,356,5638,356,9358,0.6405214789484933,0.0
cic,ton,29,mask,logistic,unique,clean,frozen,0.05,0.04320409689533933,9358,7527,2431,5994,1478,4292,224,5638,356,6927,0.6519416774938646,0.2597777302842488
cic,ton,29,mask,logistic,unique,clean,cap,0.05,,9358,7527,453,5994,267,5405,322,5638,356,8905,0.6431218416619876,0.04840777944005129
cic,ton,29,mask,logistic,unique,clean,random,0.05,,9358,7527,453,5994,302,5351,341,5638,356,8905,0.6391914654688378,0.04840777944005129
cic,ton,29,mask,logistic,unique,temporal,forced,0.0,,9358,7527,0,5855,0,5496,359,5496,359,9358,0.6256678777516563,0.0
cic,ton,29,mask,logistic,unique,temporal,frozen,0.05,0.04320409689533933,9358,7527,2704,5855,1600,4046,209,5496,359,6654,0.6394649834685904,0.2889506304765976
cic,ton,29,mask,logistic,unique,temporal,cap,0.05,,9358,7527,453,5855,269,5265,321,5496,359,8905,0.6272880404267266,0.04840777944005129
cic,ton,29,mask,logistic,unique,temporal,random,0.05,,9358,7527,453,5855,289,5222,344,5496,359,8905,0.6250421111734981,0.04840777944005129
cic,ton,29,mask,logistic,unique,size,forced,0.0,,9358,7527,0,5785,0,5251,534,5251,534,9358,0.6181876469331054,0.0
cic,ton,29,mask,logistic,unique,size,frozen,0.05,0.04320409689533933,9358,7527,6229,5785,3637,2138,10,5251,534,3129,0.6864813039309684,0.6656336824107716
cic,ton,29,mask,logistic,unique,size,cap,0.05,,9358,7527,453,5785,222,5083,480,5251,534,8905,0.6247052217855138,0.04840777944005129
cic,ton,29,mask,logistic,unique,size,random,0.05,,9358,7527,453,5785,282,4991,512,5251,534,8905,0.6179674340258282,0.04840777944005129
cic,ton,29,mask,logistic,unique,tcp,forced,0.0,,9358,7527,0,6135,0,5747,388,5747,388,9358,0.6555888010258603,0.0
cic,ton,29,mask,logistic,unique,tcp,frozen,0.05,0.04320409689533933,9358,7527,2811,6135,1414,4515,206,5747,388,6547,0.7210936306705361,0.30038469758495406
cic,ton,29,mask,logistic,unique,tcp,cap,0.05,,9358,7527,453,6135,213,5588,334,5747,388,8905,0.6650196518809658,0.04840777944005129
cic,ton,29,mask,logistic,unique,tcp,random,0.05,,9358,7527,453,6135,307,5458,370,5747,388,8905,0.6544637843907917,0.04840777944005129
cic,ton,29,mask,logistic,unique,temporal+tcp,forced,0.0,,9358,7527,0,5989,0,5629,360,5629,360,9358,0.6399871767471682,0.0
cic,ton,29,mask,logistic,unique,temporal+tcp,frozen,0.05,0.04320409689533933,9358,7527,3211,5989,1575,4218,196,5629,360,6147,0.7180738571660973,0.3431288736909596
cic,ton,29,mask,logistic,unique,temporal+tcp,cap,0.05,,9358,7527,453,5989,202,5471,316,5629,360,8905,0.6498596294216732,0.04840777944005129
cic,ton,29,mask,logistic,unique,temporal+tcp,random,0.05,,9358,7527,453,5989,299,5349,341,5629,360,8905,0.6389668725435149,0.04840777944005129
cic,ton,29,mask,logistic,weighted,clean,forced,0.0,,11240,8788,0,7262,0,6896,366,6896,366,11240,0.646085409252669,0.0
cic,ton,29,mask,logistic,weighted,clean,frozen,0.05,0.04320409689533933,11240,8788,2435,7262,1481,5550,231,6896,366,8805,0.6565587734241908,0.2166370106761566
cic,ton,29,mask,logistic,weighted,clean,cap,0.05,,11240,8788,539,7262,319,6624,319,6896,366,10701,0.6488178674890197,0.04795373665480427
cic,ton,29,mask,logistic,weighted,clean,random,0.05,,11240,8788,539,7262,360,6556,346,6896,366,10701,0.6449864498644986,0.04795373665480427
cic,ton,29,mask,logistic,weighted,temporal,forced,0.0,,11240,8788,0,7123,0,6754,369,6754,369,11240,0.6337188612099645,0.0
cic,ton,29,mask,logistic,weighted,temporal,frozen,0.05,0.04320409689533933,11240,8788,2711,7123,1606,5304,213,6754,369,8529,0.646851916989096,0.24119217081850533
cic,ton,29,mask,logistic,weighted,temporal,cap,0.05,,11240,8788,539,7123,327,6481,315,6754,369,10701,0.6350808335669563,0.04795373665480427
cic,ton,29,mask,logistic,weighted,temporal,random,0.05,,11240,8788,539,7123,355,6419,349,6754,369,10701,0.6324642556770396,0.04795373665480427
cic,ton,29,mask,logistic,weighted,size,forced,0.0,,11240,8788,0,7086,0,6511,575,6511,575,11240,0.6304270462633452,0.0
cic,ton,29,mask,logistic,weighted,size,frozen,0.05,0.04320409689533933,11240,8788,6275,7086,3680,3396,10,6511,575,4965,0.6860020140986909,0.5582740213523132
cic,ton,29,mask,logistic,weighted,size,cap,0.05,,11240,8788,539,7086,264,6318,504,6511,575,10701,0.6375105130361648,0.04795373665480427
cic,ton,29,mask,logistic,weighted,size,random,0.05,,11240,8788,539,7086,363,6177,546,6511,575,10701,0.6282590412111018,0.04795373665480427
cic,ton,29,mask,logistic,weighted,tcp,forced,0.0,,11240,8788,0,7409,0,7005,404,7005,404,11240,0.6591637010676157,0.0
cic,ton,29,mask,logistic,weighted,tcp,frozen,0.05,0.04320409689533933,11240,8788,2962,7409,1443,5758,208,7005,404,8278,0.7207054844165257,0.2635231316725979
cic,ton,29,mask,logistic,weighted,tcp,cap,0.05,,11240,8788,539,7409,250,6825,334,7005,404,10701,0.669002896925521,0.04795373665480427
cic,ton,29,mask,logistic,weighted,tcp,random,0.05,,11240,8788,539,7409,368,6658,383,7005,404,10701,0.6579758901037286,0.04795373665480427
cic,ton,29,mask,logistic,weighted,temporal+tcp,forced,0.0,,11240,8788,0,7265,0,6887,378,6887,378,11240,0.6463523131672598,0.0
cic,ton,29,mask,logistic,weighted,temporal+tcp,frozen,0.05,0.04320409689533933,11240,8788,3363,7265,1607,5460,198,6887,378,7877,0.7182937666624349,0.29919928825622777
cic,ton,29,mask,logistic,weighted,temporal+tcp,cap,0.05,,11240,8788,539,7265,236,6711,318,6887,378,10701,0.6568544995794785,0.04795373665480427
cic,ton,29,mask,logistic,weighted,temporal+tcp,random,0.05,,11240,8788,539,7265,358,6547,360,6887,378,10701,0.6454536959162696,0.04795373665480427
cic,unsw,29,mask,forest,unique,clean,forced,0.0,,10417,1285,0,1751,0,1285,466,1285,466,10417,0.1680906211001248,0.0
cic,unsw,29,mask,forest,unique,clean,frozen,0.05,0.011696202531645605,10417,1285,10274,1751,1744,7,0,1285,466,143,0.04895104895104895,0.986272439281943
cic,unsw,29,mask,forest,unique,clean,cap,0.05,,10417,1285,518,1751,214,1285,252,1285,466,9899,0.1552682089099909,0.04972640875491984
cic,unsw,29,mask,forest,unique,clean,random,0.05,,10417,1285,518,1751,92,1220,439,1285,466,9899,0.1675926861299121,0.04972640875491984
cic,unsw,29,mask,forest,unique,temporal,forced,0.0,,10417,1285,0,1789,0,1285,504,1285,504,10417,0.17173850436786023,0.0
cic,unsw,29,mask,forest,unique,temporal,frozen,0.05,0.011696202531645605,10417,1285,10267,1789,1762,27,0,1285,504,150,0.18,0.9856004607852549
cic,unsw,29,mask,forest,unique,temporal,cap,0.05,,10417,1285,518,1789,14,1285,490,1285,504,9899,0.17931104151934538,0.04972640875491984
cic,unsw,29,mask,forest,unique,temporal,random,0.05,,10417,1285,518,1789,92,1220,477,1285,504,9899,0.17143145772300233,0.04972640875491984
cic,unsw,29,mask,forest,unique,size,forced,0.0,,10417,1285,0,1633,0,1285,348,1285,348,10417,0.15676298358452528,0.0
cic,unsw,29,mask,forest,unique,size,frozen,0.05,0.011696202531645605,10417,1285,10399,1633,1619,14,0,1285,348,18,0.7777777777777778,0.9982720552942306
cic,unsw,29,mask,forest,unique,size,cap,0.05,,10417,1285,518,1633,212,1285,136,1285,348,9899,0.14354985352055763,0.04972640875491984
cic,unsw,29,mask,forest,unique,size,random,0.05,,10417,1285,518,1633,80,1220,333,1285,348,9899,0.15688453379129205,0.04972640875491984
cic,unsw,29,mask,forest,unique,tcp,forced,0.0,,10417,1285,0,2347,0,1285,1062,1285,1062,10417,0.2253047902467121,0.0
cic,unsw,29,mask,forest,unique,tcp,frozen,0.05,0.011696202531645605,10417,1285,10410,2347,2342,5,0,1285,1062,7,0.7142857142857143,0.9993280215033119
cic,unsw,29,mask,forest,unique,tcp,cap,0.05,,10417,1285,518,2347,85,1285,977,1285,1062,9899,0.22850793009394887,0.04972640875491984
cic,unsw,29,mask,forest,unique,tcp,random,0.05,,10417,1285,518,2347,113,1220,1014,1285,1062,9899,0.2256793615516719,0.04972640875491984
cic,unsw,29,mask,forest,unique,temporal+tcp,forced,0.0,,10417,1285,0,2650,0,1285,1365,1285,1365,10417,0.25439185946049725,0.0
cic,unsw,29,mask,forest,unique,temporal+tcp,frozen,0.05,0.011696202531645605,10417,1285,10374,2650,2608,42,0,1285,1365,43,0.9767441860465116,0.995872132091773
cic,unsw,29,mask,forest,unique,temporal+tcp,cap,0.05,,10417,1285,518,2650,100,1285,1265,1285,1365,9899,0.25760177795736944,0.04972640875491984
cic,unsw,29,mask,forest,unique,temporal+tcp,random,0.05,,10417,1285,518,2650,128,1220,1302,1285,1365,9899,0.25477320941509246,0.04972640875491984
cic,unsw,29,mask,forest,weighted,clean,forced,0.0,,10665,1289,0,1763,0,1289,474,1289,474,10665,0.16530707923112986,0.0
cic,unsw,29,mask,forest,weighted,clean,frozen,0.05,0.011696202531645605,10665,1289,10521,1763,1756,7,0,1289,474,144,0.04861111111111111,0.9864978902953586
cic,unsw,29,mask,forest,weighted,clean,cap,0.05,,10665,1289,530,1763,216,1289,258,1289,474,10135,0.15263936852491367,0.049695264885138306
cic,unsw,29,mask,forest,weighted,clean,random,0.05,,10665,1289,530,1763,99,1214,450,1289,474,10135,0.16418352244696596,0.049695264885138306
cic,unsw,29,mask,forest,weighted,temporal,forced,0.0,,10665,1289,0,1801,0,1289,512,1289,512,10665,0.16887013595874356,0.0
cic,unsw,29,mask,forest,weighted,temporal,frozen,0.05,0.011696202531645605,10665,1289,10512,1801,1772,29,0,1289,512,153,0.1895424836601307,0.9856540084388186
cic,unsw,29,mask,forest,weighted,temporal,cap,0.05,,10665,1289,530,1801,13,1289,499,1289,512,10135,0.1764183522446966,0.049695264885138306
cic,unsw,29,mask,forest,weighted,temporal,random,0.05,,10665,1289,530,1801,99,1214,488,1289,512,10135,0.16793290577207695,0.049695264885138306
cic,unsw,29,mask,forest,weighted,size,forced,0.0,,10665,1289,0,1638,0,1289,349,1289,349,10665,0.15358649789029535,0.0
cic,unsw,29,mask,forest,weighted,size,frozen,0.05,0.011696202531645605,10665,1289,10646,1638,1624,14,0,1289,349,19,0.7368421052631579,0.9982184716361931
cic,unsw,29,mask,forest,weighted,size,cap,0.05,,10665,1289,530,1638,216,1289,133,1289,349,10135,0.14030587074494327,0.049695264885138306
cic,unsw,29,mask,forest,weighted,size,random,0.05,,10665,1289,530,1638,85,1214,339,1289,349,10135,0.15323137641835224,0.049695264885138306
cic,unsw,29,mask,forest,weighted,tcp,forced,0.0,,10665,1289,0,2375,0,1289,1086,1289,1086,10665,0.2226910454758556,0.0
cic,unsw,29,mask,forest,weighted,tcp,frozen,0.05,0.011696202531645605,10665,1289,10657,2375,2370,5,0,1289,1086,8,0.625,0.9992498827941866
cic,unsw,29,mask,forest,weighted,tcp,cap,0.05,,10665,1289,530,2375,87,1289,999,1289,1086,10135,0.2257523433645782,0.049695264885138306
cic,unsw,29,mask,forest,weighted,tcp,random,0.05,,10665,1289,530,2375,123,1214,1038,1289,1086,10135,0.22220029600394672,0.049695264885138306
cic,unsw,29,mask,forest,weighted,temporal+tcp,forced,0.0,,10665,1289,0,2687,0,1289,1398,1289,1398,10665,0.2519456165025785,0.0
cic,unsw,29,mask,forest,weighted,temporal+tcp,frozen,0.05,0.011696202531645605,10665,1289,10622,2687,2645,42,0,1289,1398,43,0.9767441860465116,0.9959681200187529
cic,unsw,29,mask,forest,weighted,temporal+tcp,cap,0.05,,10665,1289,530,2687,99,1289,1299,1289,1398,10135,0.25535273803650715,0.049695264885138306
cic,unsw,29,mask,forest,weighted,temporal+tcp,random,0.05,,10665,1289,530,2687,142,1214,1331,1289,1398,10135,0.25111001480019735,0.049695264885138306
cic,ton,29,mask,forest,unique,clean,forced,0.0,,9358,7527,0,6454,0,6385,69,6385,69,9358,0.6896772814703996,0.0
cic,ton,29,mask,forest,unique,clean,frozen,0.05,0.011696202531645605,9358,7527,7479,6454,4798,1656,0,6385,69,1879,0.8813198509845662,0.7992092327420389
cic,ton,29,mask,forest,unique,clean,cap,0.05,,9358,7527,453,6454,195,6194,65,6385,69,8905,0.7028635597978664,0.04840777944005129
cic,ton,29,mask,forest,unique,clean,random,0.05,,9358,7527,453,6454,326,6064,64,6385,69,8905,0.6881527231892195,0.04840777944005129
cic,ton,29,mask,forest,unique,temporal,forced,0.0,,9358,7527,0,6359,0,6291,68,6291,68,9358,0.6795255396452233,0.0
cic,ton,29,mask,forest,unique,temporal,frozen,0.05,0.011696202531645605,9358,7527,7457,6359,4702,1657,0,6291,68,1901,0.8716465018411362,0.7968583030562086
cic,ton,29,mask,forest,unique,temporal,cap,0.05,,9358,7527,453,6359,209,6089,61,6291,68,8905,0.6906232453677709,0.04840777944005129
cic,ton,29,mask,forest,unique,temporal,random,0.05,,9358,7527,453,6359,317,5978,64,6291,68,8905,0.6784952274003369,0.04840777944005129
cic,ton,29,mask,forest,unique,size,forced,0.0,,9358,7527,0,4493,0,4297,196,4297,196,9358,0.4801239581107074,0.0
cic,ton,29,mask,forest,unique,size,frozen,0.05,0.011696202531645605,9358,7527,7388,4493,2811,1682,0,4297,196,1970,0.8538071065989847,0.7894849326779226
cic,ton,29,mask,forest,unique,size,cap,0.05,,9358,7527,453,4493,295,4004,194,4297,196,8905,0.47142055025266705,0.04840777944005129
cic,ton,29,mask,forest,unique,size,random,0.05,,9358,7527,453,4493,207,4101,185,4297,196,8905,0.48130263896687253,0.04840777944005129
cic,ton,29,mask,forest,unique,tcp,forced,0.0,,9358,7527,0,5717,0,5576,141,5576,141,9358,0.6109211369950844,0.0
cic,ton,29,mask,forest,unique,tcp,frozen,0.05,0.011696202531645605,9358,7527,7460,5717,4061,1656,0,5576,141,1898,0.8724973656480506,0.7971788843770037
cic,ton,29,mask,forest,unique,tcp,cap,0.05,,9358,7527,453,5717,180,5419,118,5576,141,8905,0.6217855137563166,0.04840777944005129
cic,ton,29,mask,forest,unique,tcp,random,0.05,,9358,7527,453,5717,281,5303,133,5576,141,8905,0.6104435710275127,0.04840777944005129
cic,ton,29,mask,forest,unique,temporal+tcp,forced,0.0,,9358,7527,0,5708,0,5567,141,5567,141,9358,0.6099593930326993,0.0
cic,ton,29,mask,forest,unique,temporal+tcp,frozen,0.05,0.011696202531645605,9358,7527,9237,5708,5701,7,0,5567,141,121,0.05785123966942149,0.9870698867279333
cic,ton,29,mask,forest,unique,temporal+tcp,cap,0.05,,9358,7527,453,5708,198,5393,117,5567,141,8905,0.6187535092644582,0.04840777944005129
cic,ton,29,mask,forest,unique,temporal+tcp,random,0.05,,9358,7527,453,5708,286,5290,132,5567,141,8905,0.6088714205502527,0.04840777944005129
cic,ton,29,mask,forest,weighted,clean,forced,0.0,,11240,8788,0,7716,0,7645,71,7645,71,11240,0.6864768683274022,0.0
cic,ton,29,mask,forest,weighted,clean,frozen,0.05,0.011696202531645605,11240,8788,8268,7716,5202,2514,0,7645,71,2972,0.8458950201884253,0.7355871886120996
cic,ton,29,mask,forest,weighted,clean,cap,0.05,,11240,8788,539,7716,226,7424,66,7645,71,10701,0.6999345855527521,0.04795373665480427
cic,ton,29,mask,forest,weighted,clean,random,0.05,,11240,8788,539,7716,377,7269,70,7645,71,10701,0.685823754789272,0.04795373665480427
cic,ton,29,mask,forest,weighted,temporal,forced,0.0,,11240,8788,0,7619,0,7549,70,7549,70,11240,0.677846975088968,0.0
cic,ton,29,mask,forest,weighted,temporal,frozen,0.05,0.011696202531645605,11240,8788,8246,7619,5104,2515,0,7549,70,2994,0.8400133600534402,0.7336298932384342
cic,ton,29,mask,forest,weighted,temporal,cap,0.05,,11240,8788,539,7619,238,7319,62,7549,70,10701,0.6897486216241473,0.04795373665480427
cic,ton,29,mask,forest,weighted,temporal,random,0.05,,11240,8788,539,7619,376,7174,69,7549,70,10701,0.6768526305952715,0.04795373665480427
cic,ton,29,mask,forest,weighted,size,forced,0.0,,11240,8788,0,5751,0,5555,196,5555,196,11240,0.5116548042704626,0.0
cic,ton,29,mask,forest,weighted,size,frozen,0.05,0.011696202531645605,11240,8788,7932,5751,3169,2582,0,5555,196,3308,0.7805320435308344,0.7056939501779359
cic,ton,29,mask,forest,weighted,size,cap,0.05,,11240,8788,539,5751,348,5209,194,5555,196,10701,0.504906083543594,0.04795373665480427
cic,ton,29,mask,forest,weighted,size,random,0.05,,11240,8788,539,5751,295,5271,185,5555,196,10701,0.5098588916923652,0.04795373665480427
cic,ton,29,mask,forest,weighted,tcp,forced,0.0,,11240,8788,0,6977,0,6834,143,6834,143,11240,0.620729537366548,0.0
cic,ton,29,mask,forest,weighted,tcp,frozen,0.05,0.011696202531645605,11240,8788,8249,6977,4463,2514,0,6834,143,2991,0.8405215646940822,0.7338967971530249
cic,ton,29,mask,forest,weighted,tcp,cap,0.05,,11240,8788,539,6977,204,6653,120,6834,143,10701,0.6329315017288104,0.04795373665480427
cic,ton,29,mask,forest,weighted,tcp,random,0.05,,11240,8788,539,6977,342,6498,137,6834,143,10701,0.6200355106999346,0.04795373665480427
cic,ton,29,mask,forest,weighted,temporal+tcp,forced,0.0,,11240,8788,0,6968,0,6825,143,6825,143,11240,0.6199288256227758,0.0
cic,ton,29,mask,forest,weighted,temporal+tcp,frozen,0.05,0.011696202531645605,11240,8788,11117,6968,6961,7,0,6825,143,123,0.056910569105691054,0.9890569395017793
cic,ton,29,mask,forest,weighted,temporal+tcp,cap,0.05,,11240,8788,539,6968,235,6615,118,6825,143,10701,0.6291935333146434,0.04795373665480427
cic,ton,29,mask,forest,weighted,temporal+tcp,random,0.05,,11240,8788,539,6968,343,6488,137,6825,143,10701,0.6191010185963929,0.04795373665480427
cic,unsw,43,clean,logistic,unique,clean,forced,0.0,,10417,1285,0,1912,0,1178,734,1178,734,10417,0.18354612652395125,0.0
cic,unsw,43,clean,logistic,unique,clean,frozen,0.05,0.033812694573669755,10417,1285,1639,1912,609,1000,303,1178,734,8778,0.1484392800182274,0.1573389651531151
cic,unsw,43,clean,logistic,unique,clean,cap,0.05,,10417,1285,518,1912,263,1143,506,1178,734,9899,0.1665824830790989,0.04972640875491984
cic,unsw,43,clean,logistic,unique,clean,random,0.05,,10417,1285,518,1912,107,1110,695,1178,734,9899,0.18234165067178504,0.04972640875491984
cic,unsw,43,clean,logistic,unique,temporal,forced,0.0,,10417,1285,0,2001,0,1172,829,1172,829,10417,0.1920898531247,0.0
cic,unsw,43,clean,logistic,unique,temporal,frozen,0.05,0.033812694573669755,10417,1285,1655,2001,699,968,334,1172,829,8762,0.14859621091075098,0.1588749160026879
cic,unsw,43,clean,logistic,unique,temporal,cap,0.05,,10417,1285,518,2001,260,1139,602,1172,829,9899,0.17587635114658046,0.04972640875491984
cic,unsw,43,clean,logistic,unique,temporal,random,0.05,,10417,1285,518,2001,111,1104,786,1172,829,9899,0.19092837660369735,0.04972640875491984
cic,unsw,43,clean,logistic,unique,size,forced,0.0,,10417,1285,0,1625,0,1237,388,1237,388,10417,0.15599500815973888,0.0
cic,unsw,43,clean,logistic,unique,size,frozen,0.05,0.033812694573669755,10417,1285,7904,1625,645,980,0,1237,388,2513,0.38997214484679665,0.7587597196889699
cic,unsw,43,clean,logistic,unique,size,cap,0.05,,10417,1285,518,1625,79,1206,340,1237,388,9899,0.1561773916557228,0.04972640875491984
cic,unsw,43,clean,logistic,unique,size,random,0.05,,10417,1285,518,1625,93,1163,369,1237,388,9899,0.1547631073845843,0.04972640875491984
cic,unsw,43,clean,logistic,unique,tcp,forced,0.0,,10417,1285,0,1857,0,1243,614,1243,614,10417,0.1782662954785447,0.0
cic,unsw,43,clean,logistic,unique,tcp,frozen,0.05,0.033812694573669755,10417,1285,1374,1857,485,1108,264,1243,614,9043,0.15171956209222603,0.1318997792070654
cic,unsw,43,clean,logistic,unique,tcp,cap,0.05,,10417,1285,518,1857,212,1183,462,1243,614,9899,0.1661784018587736,0.04972640875491984
cic,unsw,43,clean,logistic,unique,tcp,random,0.05,,10417,1285,518,1857,109,1169,579,1243,614,9899,0.1765834932821497,0.04972640875491984
cic,unsw,43,clean,logistic,unique,temporal+tcp,forced,0.0,,10417,1285,0,1986,0,1243,743,1243,743,10417,0.1906498992032255,0.0
cic,unsw,43,clean,logistic,unique,temporal+tcp,frozen,0.05,0.033812694573669755,10417,1285,1471,1986,637,1091,258,1243,743,8946,0.15079365079365079,0.14121148123260055
cic,unsw,43,clean,logistic,unique,temporal+tcp,cap,0.05,,10417,1285,518,1986,260,1216,510,1243,743,9899,0.17436104657036064,0.04972640875491984
cic,unsw,43,clean,logistic,unique,temporal+tcp,random,0.05,,10417,1285,518,1986,115,1170,701,1243,743,9899,0.18900899080715225,0.04972640875491984
cic,unsw,43,clean,logistic,weighted,clean,forced,0.0,,10665,1289,0,1935,0,1182,753,1182,753,10665,0.18143459915611815,0.0
cic,unsw,43,clean,logistic,weighted,clean,frozen,0.05,0.033812694573669755,10665,1289,1669,1935,618,1004,313,1182,753,8996,0.1463983992885727,0.15649320206282233
cic,unsw,43,clean,logistic,weighted,clean,cap,0.05,,10665,1289,530,1935,267,1148,520,1182,753,10135,0.16457819437592502,0.049695264885138306
cic,unsw,43,clean,logistic,weighted,clean,random,0.05,,10665,1289,530,1935,93,1128,714,1182,753,10135,0.1817464232856438,0.049695264885138306
cic,unsw,43,clean,logistic,weighted,temporal,forced,0.0,,10665,1289,0,2027,0,1176,851,1176,851,10665,0.19006094702297233,0.0
cic,unsw,43,clean,logistic,weighted,temporal,frozen,0.05,0.033812694573669755,10665,1289,1690,2027,711,972,344,1176,851,8975,0.14662952646239555,0.1584622597280825
cic,unsw,43,clean,logistic,weighted,temporal,cap,0.05,,10665,1289,530,2027,263,1143,621,1176,851,10135,0.17405032067094228,0.049695264885138306
cic,unsw,43,clean,logistic,weighted,temporal,random,0.05,,10665,1289,530,2027,94,1123,810,1176,851,10135,0.19072520966946227,0.049695264885138306
cic,unsw,43,clean,logistic,weighted,size,forced,0.0,,10665,1289,0,1629,0,1241,388,1241,388,10665,0.15274261603375527,0.0
cic,unsw,43,clean,logistic,weighted,size,frozen,0.05,0.033812694573669755,10665,1289,8072,1629,645,984,0,1241,388,2593,0.3794832240647898,0.756868260665729
cic,unsw,43,clean,logistic,weighted,size,cap,0.05,,10665,1289,530,1629,80,1210,339,1241,388,10135,0.15283670448939318,0.049695264885138306
cic,unsw,43,clean,logistic,weighted,size,random,0.05,,10665,1289,530,1629,72,1184,373,1241,388,10135,0.1536260483473113,0.049695264885138306
cic,unsw,43,clean,logistic,weighted,tcp,forced,0.0,,10665,1289,0,1877,0,1247,630,1247,630,10665,0.17599624941397093,0.0
cic,unsw,43,clean,logistic,weighted,tcp,frozen,0.05,0.033812694573669755,10665,1289,1395,1877,491,1112,274,1247,630,9270,0.14951456310679612,0.1308016877637131
cic,unsw,43,clean,logistic,weighted,tcp,cap,0.05,,10665,1289,530,1877,217,1187,473,1247,630,10135,0.1637888505180069,0.049695264885138306
cic,unsw,43,clean,logistic,weighted,tcp,random,0.05,,10665,1289,530,1877,86,1189,602,1247,630,10135,0.17671435619141587,0.049695264885138306
cic,unsw,43,clean,logistic,weighted,temporal+tcp,forced,0.0,,10665,1289,0,2011,0,1247,764,1247,764,10665,0.18856071261134552,0.0
cic,unsw,43,clean,logistic,weighted,temporal+tcp,frozen,0.05,0.033812694573669755,10665,1289,1500,2011,648,1095,268,1247,764,9165,0.14871794871794872,0.14064697609001406
cic,unsw,43,clean,logistic,weighted,temporal+tcp,cap,0.05,,10665,1289,530,2011,268,1220,523,1247,764,10135,0.17197829304390724,0.049695264885138306
cic,unsw,43,clean,logistic,weighted,temporal+tcp,random,0.05,,10665,1289,530,2011,96,1189,726,1247,764,10135,0.18894918598914653,0.049695264885138306
cic,ton,43,clean,logistic,unique,clean,forced,0.0,,9358,7527,0,5925,0,5597,328,5597,328,9358,0.6331481085702073,0.0
cic,ton,43,clean,logistic,unique,clean,frozen,0.05,0.033812694573669755,9358,7527,3556,5925,2021,3731,173,5597,328,5802,0.6728714236470182,0.3799957255823894
cic,ton,43,clean,logistic,unique,clean,cap,0.05,,9358,7527,453,5925,286,5345,294,5597,328,8905,0.6332397529477821,0.04840777944005129
cic,ton,43,clean,logistic,unique,clean,random,0.05,,9358,7527,453,5925,284,5330,311,5597,328,8905,0.633464345873105,0.04840777944005129
cic,ton,43,clean,logistic,unique,temporal,forced,0.0,,9358,7527,0,5616,0,5256,360,5256,360,9358,0.600128232528318,0.0
cic,ton,43,clean,logistic,unique,temporal,frozen,0.05,0.033812694573669755,9358,7527,3691,5616,2092,3325,199,5256,360,5667,0.6218457737780131,0.3944218850181663
cic,ton,43,clean,logistic,unique,temporal,cap,0.05,,9358,7527,453,5616,201,5089,326,5256,360,8905,0.6080853453116227,0.04840777944005129
cic,ton,43,clean,logistic,unique,temporal,random,0.05,,9358,7527,453,5616,266,5007,343,5256,360,8905,0.60078607523863,0.04840777944005129
cic,ton,43,clean,logistic,unique,size,forced,0.0,,9358,7527,0,7438,0,7108,330,7108,330,9358,0.7948279546911733,0.0
cic,ton,43,clean,logistic,unique,size,frozen,0.05,0.033812694573669755,9358,7527,6459,7438,5334,2064,40,7108,330,2899,0.7257675060365644,0.6902115836717247
cic,ton,43,clean,logistic,unique,size,cap,0.05,,9358,7527,453,7438,252,6905,281,7108,330,8905,0.8069623806850085,0.04840777944005129
cic,ton,43,clean,logistic,unique,size,random,0.05,,9358,7527,453,7438,363,6760,315,7108,330,8905,0.7944974733295901,0.04840777944005129
cic,ton,43,clean,logistic,unique,tcp,forced,0.0,,9358,7527,0,6429,0,6189,240,6189,240,9358,0.6870057704637743,0.0
cic,ton,43,clean,logistic,unique,tcp,frozen,0.05,0.033812694573669755,9358,7527,2845,6429,1327,4967,135,6189,240,6513,0.7833563641946876,0.3040179525539645
cic,ton,43,clean,logistic,unique,tcp,cap,0.05,,9358,7527,453,6429,250,5958,221,6189,240,8905,0.6938798427849523,0.04840777944005129
cic,ton,43,clean,logistic,unique,tcp,random,0.05,,9358,7527,453,6429,309,5889,231,6189,240,8905,0.6872543514879281,0.04840777944005129
cic,ton,43,clean,logistic,unique,temporal+tcp,forced,0.0,,9358,7527,0,6205,0,5920,285,5920,285,9358,0.6630690318444112,0.0
cic,ton,43,clean,logistic,unique,temporal+tcp,frozen,0.05,0.033812694573669755,9358,7527,3584,6205,1810,4253,142,5920,285,5774,0.7611707655005195,0.3829878179098098
cic,ton,43,clean,logistic,unique,temporal+tcp,cap,0.05,,9358,7527,453,6205,205,5758,242,5920,285,8905,0.673778775968557,0.04840777944005129
cic,ton,43,clean,logistic,unique,temporal+tcp,random,0.05,,9358,7527,453,6205,301,5632,272,5920,285,8905,0.6629983155530601,0.04840777944005129
cic,ton,43,clean,logistic,weighted,clean,forced,0.0,,11240,8788,0,7193,0,6855,338,6855,338,11240,0.6399466192170818,0.0
cic,ton,43,clean,logistic,weighted,clean,frozen,0.05,0.033812694573669755,11240,8788,3569,7193,2031,4989,173,6855,338,7671,0.6729239994785556,0.3175266903914591
cic,ton,43,clean,logistic,weighted,clean,cap,0.05,,11240,8788,539,7193,337,6563,293,6855,338,10701,0.6406877861882068,0.04795373665480427
cic,ton,43,clean,logistic,weighted,clean,random,0.05,,11240,8788,539,7193,335,6537,321,6855,338,10701,0.6408746846089151,0.04795373665480427
cic,ton,43,clean,logistic,weighted,temporal,forced,0.0,,11240,8788,0,6885,0,6514,371,6514,371,11240,0.6125444839857651,0.0
cic,ton,43,clean,logistic,weighted,temporal,frozen,0.05,0.033812694573669755,11240,8788,3700,6885,2099,4583,203,6514,371,7540,0.6347480106100796,0.3291814946619217
cic,ton,43,clean,logistic,weighted,temporal,cap,0.05,,11240,8788,539,6885,246,6315,324,6514,371,10701,0.6204093075413513,0.04795373665480427
cic,ton,43,clean,logistic,weighted,temporal,random,0.05,,11240,8788,539,6885,320,6212,353,6514,371,10701,0.6134940659751426,0.04795373665480427
cic,ton,43,clean,logistic,weighted,size,forced,0.0,,11240,8788,0,8780,0,8323,457,8323,457,11240,0.7811387900355872,0.0
cic,ton,43,clean,logistic,weighted,size,frozen,0.05,0.033812694573669755,11240,8788,6669,8780,5463,3273,44,8323,457,4571,0.7256617807919492,0.5933274021352313
cic,ton,43,clean,logistic,weighted,size,cap,0.05,,11240,8788,539,8780,305,8113,362,8323,457,10701,0.791982057751612,0.04795373665480427
cic,ton,43,clean,logistic,weighted,size,random,0.05,,11240,8788,539,8780,414,7927,439,8323,457,10701,0.7817960938230072,0.04795373665480427
cic,ton,43,clean,logistic,weighted,tcp,forced,0.0,,11240,8788,0,7691,0,7447,244,7447,244,11240,0.6842526690391459,0.0
cic,ton,43,clean,logistic,weighted,tcp,frozen,0.05,0.033812694573669755,11240,8788,2870,7691,1333,6223,135,7447,244,8370,0.7596176821983274,0.25533807829181493
cic,ton,43,clean,logistic,weighted,tcp,cap,0.05,,11240,8788,539,7691,282,7191,218,7447,244,10701,0.6923651995140641,0.04795373665480427
cic,ton,43,clean,logistic,weighted,tcp,random,0.05,,11240,8788,539,7691,363,7096,232,7447,244,10701,0.6847958134753761,0.04795373665480427
cic,ton,43,clean,logistic,weighted,temporal+tcp,forced,0.0,,11240,8788,0,7477,0,7178,299,7178,299,11240,0.6652135231316726,0.0
cic,ton,43,clean,logistic,weighted,temporal+tcp,frozen,0.05,0.033812694573669755,11240,8788,4032,7477,2128,5207,142,7178,299,7208,0.7420921198668147,0.35871886120996443
cic,ton,43,clean,logistic,weighted,temporal+tcp,cap,0.05,,11240,8788,539,7477,242,7003,232,7178,299,10701,0.6761050369124381,0.04795373665480427
cic,ton,43,clean,logistic,weighted,temporal+tcp,random,0.05,,11240,8788,539,7477,347,6844,286,7178,299,10701,0.6662928698252499,0.04795373665480427
cic,unsw,43,clean,forest,unique,clean,forced,0.0,,10417,1285,0,1514,0,1285,229,1285,229,10417,0.1453393491408275,0.0
cic,unsw,43,clean,forest,unique,clean,frozen,0.05,0.017788942942463914,10417,1285,10376,1514,1484,30,0,1285,229,41,0.7317073170731707,0.9960641259479697
cic,unsw,43,clean,forest,unique,clean,cap,0.05,,10417,1285,518,1514,53,1285,176,1285,229,9899,0.1475906657238105,0.04972640875491984
cic,unsw,43,clean,forest,unique,clean,random,0.05,,10417,1285,518,1514,83,1209,222,1285,229,9899,0.14456005657137083,0.04972640875491984
cic,unsw,43,clean,forest,unique,temporal,forced,0.0,,10417,1285,0,1500,0,1285,215,1285,215,10417,0.14399539214745127,0.0
cic,unsw,43,clean,forest,unique,temporal,frozen,0.05,0.017788942942463914,10417,1285,10409,1500,1492,8,0,1285,215,8,1.0,0.9992320245752135
cic,unsw,43,clean,forest,unique,temporal,cap,0.05,,10417,1285,518,1500,26,1285,189,1285,215,9899,0.14890392968986765,0.04972640875491984
cic,unsw,43,clean,forest,unique,temporal,random,0.05,,10417,1285,518,1500,83,1209,208,1285,215,9899,0.14314577230023234,0.04972640875491984
cic,unsw,43,clean,forest,unique,size,forced,0.0,,10417,1285,0,1285,0,1285,0,1285,0,10417,0.1233560526063166,0.0
cic,unsw,43,clean,forest,unique,size,frozen,0.05,0.017788942942463914,10417,1285,10417,1285,1285,0,0,1285,0,0,,1.0
cic,unsw,43,clean,forest,unique,size,cap,0.05,,10417,1285,518,1285,3,1282,0,1285,0,9899,0.12950803111425396,0.04972640875491984
cic,unsw,43,clean,forest,unique,size,random,0.05,,10417,1285,518,1285,76,1209,0,1285,0,9899,0.12213354884331751,0.04972640875491984
cic,unsw,43,clean,forest,unique,tcp,forced,0.0,,10417,1285,0,1604,0,1285,319,1285,319,10417,0.15397907266967456,0.0
cic,unsw,43,clean,forest,unique,tcp,frozen,0.05,0.017788942942463914,10417,1285,10417,1604,1604,0,0,1285,319,0,,1.0
cic,unsw,43,clean,forest,unique,tcp,cap,0.05,,10417,1285,518,1604,212,1285,107,1285,319,9899,0.14062026467319932,0.04972640875491984
cic,unsw,43,clean,forest,unique,tcp,random,0.05,,10417,1285,518,1604,93,1209,302,1285,319,9899,0.15264168097787656,0.04972640875491984
cic,unsw,43,clean,forest,unique,temporal+tcp,forced,0.0,,10417,1285,0,1589,0,1285,304,1285,304,10417,0.15253911874820006,0.0
cic,unsw,43,clean,forest,unique,temporal+tcp,frozen,0.05,0.017788942942463914,10417,1285,10417,1589,1589,0,0,1285,304,0,,1.0
cic,unsw,43,clean,forest,unique,temporal+tcp,cap,0.05,,10417,1285,518,1589,221,1285,83,1285,304,9899,0.1381957773512476,0.04972640875491984
cic,unsw,43,clean,forest,unique,temporal+tcp,random,0.05,,10417,1285,518,1589,91,1209,289,1285,304,9899,0.15132841701181937,0.04972640875491984
cic,unsw,43,clean,forest,weighted,clean,forced,0.0,,10665,1289,0,1520,0,1289,231,1289,231,10665,0.14252226910454757,0.0
cic,unsw,43,clean,forest,weighted,clean,frozen,0.05,0.017788942942463914,10665,1289,10623,1520,1490,30,0,1289,231,42,0.7142857142857143,0.9960618846694796
cic,unsw,43,clean,forest,weighted,clean,cap,0.05,,10665,1289,530,1520,53,1289,178,1289,231,10135,0.1447459299457326,0.049695264885138306
cic,unsw,43,clean,forest,weighted,clean,random,0.05,,10665,1289,530,1520,74,1230,216,1289,231,10135,0.1426739023186976,0.049695264885138306
cic,unsw,43,clean,forest,weighted,temporal,forced,0.0,,10665,1289,0,1506,0,1289,217,1289,217,10665,0.14120956399437412,0.0
cic,unsw,43,clean,forest,weighted,temporal,frozen,0.05,0.017788942942463914,10665,1289,10657,1506,1498,8,0,1289,217,8,1.0,0.9992498827941866
cic,unsw,43,clean,forest,weighted,temporal,cap,0.05,,10665,1289,530,1506,28,1289,189,1289,217,10135,0.14583127775037,0.049695264885138306
cic,unsw,43,clean,forest,weighted,temporal,random,0.05,,10665,1289,530,1506,74,1230,202,1289,217,10135,0.14129255056734089,0.049695264885138306
cic,unsw,43,clean,forest,weighted,size,forced,0.0,,10665,1289,0,1289,0,1289,0,1289,0,10665,0.12086263478668542,0.0
cic,unsw,43,clean,forest,weighted,size,frozen,0.05,0.017788942942463914,10665,1289,10665,1289,1289,0,0,1289,0,0,,1.0
cic,unsw,43,clean,forest,weighted,size,cap,0.05,,10665,1289,530,1289,3,1286,0,1289,0,10135,0.12688702516033548,0.049695264885138306
cic,unsw,43,clean,forest,weighted,size,random,0.05,,10665,1289,530,1289,59,1230,0,1289,0,10135,0.12136161815490873,0.049695264885138306
cic,unsw,43,clean,forest,weighted,tcp,forced,0.0,,10665,1289,0,1616,0,1289,327,1289,327,10665,0.1515236755743085,0.0
cic,unsw,43,clean,forest,weighted,tcp,frozen,0.05,0.017788942942463914,10665,1289,10665,1616,1616,0,0,1289,327,0,,1.0
cic,unsw,43,clean,forest,weighted,tcp,cap,0.05,,10665,1289,530,1616,220,1289,107,1289,327,10135,0.1377405032067094,0.049695264885138306
cic,unsw,43,clean,forest,weighted,tcp,random,0.05,,10665,1289,530,1616,76,1230,310,1289,327,10135,0.15194869264923533,0.049695264885138306
cic,unsw,43,clean,forest,weighted,temporal+tcp,forced,0.0,,10665,1289,0,1600,0,1289,311,1289,311,10665,0.15002344116268168,0.0
cic,unsw,43,clean,forest,weighted,temporal+tcp,frozen,0.05,0.017788942942463914,10665,1289,10665,1600,1600,0,0,1289,311,0,,1.0
cic,unsw,43,clean,forest,weighted,temporal+tcp,cap,0.05,,10665,1289,530,1600,223,1289,88,1289,311,10135,0.13586581154415392,0.049695264885138306
cic,unsw,43,clean,forest,weighted,temporal+tcp,random,0.05,,10665,1289,530,1600,74,1230,296,1289,311,10135,0.15056734089787863,0.049695264885138306
cic,ton,43,clean,forest,unique,clean,forced,0.0,,9358,7527,0,6257,0,6185,72,6185,72,9358,0.668625774738192,0.0
cic,ton,43,clean,forest,unique,clean,frozen,0.05,0.017788942942463914,9358,7527,7444,6257,4598,1659,0,6185,72,1914,0.8667711598746082,0.7954691173327634
cic,ton,43,clean,forest,unique,clean,cap,0.05,,9358,7527,453,6257,169,6035,53,6185,72,8905,0.6836608646827625,0.04840777944005129
cic,ton,43,clean,forest,unique,clean,random,0.05,,9358,7527,453,6257,302,5885,70,6185,72,8905,0.6687254351487928,0.04840777944005129
cic,ton,43,clean,forest,unique,temporal,forced,0.0,,9358,7527,0,6452,0,6401,51,6401,51,9358,0.6894635605898697,0.0
cic,ton,43,clean,forest,unique,temporal,frozen,0.05,0.017788942942463914,9358,7527,9318,6452,6444,8,0,6401,51,40,0.2,0.9957255823893995
cic,ton,43,clean,forest,unique,temporal,cap,0.05,,9358,7527,453,6452,253,6154,45,6401,51,8905,0.6961257720381808,0.04840777944005129
cic,ton,43,clean,forest,unique,temporal,random,0.05,,9358,7527,453,6452,313,6088,51,6401,51,8905,0.6893879842784952,0.04840777944005129
cic,ton,43,clean,forest,unique,size,forced,0.0,,9358,7527,0,7527,0,7527,0,7527,0,9358,0.8043385338747595,0.0
cic,ton,43,clean,forest,unique,size,frozen,0.05,0.017788942942463914,9358,7527,9358,7527,7527,0,0,7527,0,0,,1.0
cic,ton,43,clean,forest,unique,size,cap,0.05,,9358,7527,453,7527,377,7150,0,7527,0,8905,0.8029197080291971,0.04840777944005129
cic,ton,43,clean,forest,unique,size,random,0.05,,9358,7527,453,7527,367,7160,0,7527,0,8905,0.8040426726558113,0.04840777944005129
cic,ton,43,clean,forest,unique,tcp,forced,0.0,,9358,7527,0,7477,0,7469,8,7469,8,9358,0.7989955118615089,0.0
cic,ton,43,clean,forest,unique,tcp,frozen,0.05,0.017788942942463914,9358,7527,9358,7477,7477,0,0,7469,8,0,,1.0
cic,ton,43,clean,forest,unique,tcp,cap,0.05,,9358,7527,453,7477,335,7141,1,7469,8,8905,0.8020213363279056,0.04840777944005129
cic,ton,43,clean,forest,unique,tcp,random,0.05,,9358,7527,453,7477,369,7102,6,7469,8,8905,0.7982032565974172,0.04840777944005129
cic,ton,43,clean,forest,unique,temporal+tcp,forced,0.0,,9358,7527,0,7431,0,7422,9,7422,9,9358,0.7940799316093182,0.0
cic,ton,43,clean,forest,unique,temporal+tcp,frozen,0.05,0.017788942942463914,9358,7527,9358,7431,7431,0,0,7422,9,0,,1.0
cic,ton,43,clean,forest,unique,temporal+tcp,cap,0.05,,9358,7527,453,7431,332,7095,4,7422,9,8905,0.7971925884334643,0.04840777944005129
cic,ton,43,clean,forest,unique,temporal+tcp,random,0.05,,9358,7527,453,7431,366,7057,8,7422,9,8905,0.7933745087029759,0.04840777944005129
cic,ton,43,clean,forest,weighted,clean,forced,0.0,,11240,8788,0,7515,0,7443,72,7443,72,11240,0.6685943060498221,0.0
cic,ton,43,clean,forest,weighted,clean,frozen,0.05,0.017788942942463914,11240,8788,8233,7515,4998,2517,0,7443,72,3007,0.8370468905886266,0.732473309608541
cic,ton,43,clean,forest,weighted,clean,cap,0.05,,11240,8788,539,7515,179,7285,51,7443,72,10701,0.6855434071582095,0.04795373665480427
cic,ton,43,clean,forest,weighted,clean,random,0.05,,11240,8788,539,7515,348,7098,69,7443,72,10701,0.6697504906083543,0.04795373665480427
cic,ton,43,clean,forest,weighted,temporal,forced,0.0,,11240,8788,0,7710,0,7659,51,7659,51,11240,0.6859430604982206,0.0
cic,ton,43,clean,forest,weighted,temporal,frozen,0.05,0.017788942942463914,11240,8788,11200,7710,7702,8,0,7659,51,40,0.2,0.99644128113879
cic,ton,43,clean,forest,weighted,temporal,cap,0.05,,11240,8788,539,7710,284,7382,44,7659,51,10701,0.693953836090085,0.04795373665480427
cic,ton,43,clean,forest,weighted,temporal,random,0.05,,11240,8788,539,7710,359,7303,48,7659,51,10701,0.6869451453135221,0.04795373665480427
cic,ton,43,clean,forest,weighted,size,forced,0.0,,11240,8788,0,8788,0,8788,0,8788,0,11240,0.7818505338078292,0.0
cic,ton,43,clean,forest,weighted,size,frozen,0.05,0.017788942942463914,11240,8788,11240,8788,8788,0,0,8788,0,0,,1.0
cic,ton,43,clean,forest,weighted,size,cap,0.05,,11240,8788,539,8788,427,8361,0,8788,0,10701,0.7813288477712363,0.04795373665480427
cic,ton,43,clean,forest,weighted,size,random,0.05,,11240,8788,539,8788,419,8369,0,8788,0,10701,0.7820764414540697,0.04795373665480427
cic,ton,43,clean,forest,weighted,tcp,forced,0.0,,11240,8788,0,8738,0,8730,8,8730,8,11240,0.7774021352313167,0.0
cic,ton,43,clean,forest,weighted,tcp,frozen,0.05,0.017788942942463914,11240,8788,11240,8738,8738,0,0,8730,8,0,,1.0
cic,ton,43,clean,forest,weighted,tcp,cap,0.05,,11240,8788,539,8738,381,8356,1,8730,8,10701,0.7809550509298196,0.04795373665480427
cic,ton,43,clean,forest,weighted,tcp,random,0.05,,11240,8788,539,8738,418,8313,7,8730,8,10701,0.7774974301467152,0.04795373665480427
cic,ton,43,clean,forest,weighted,temporal+tcp,forced,0.0,,11240,8788,0,8691,0,8682,9,8682,9,11240,0.773220640569395,0.0
cic,ton,43,clean,forest,weighted,temporal+tcp,frozen,0.05,0.017788942942463914,11240,8788,11240,8691,8691,0,0,8682,9,0,,1.0
cic,ton,43,clean,forest,weighted,temporal+tcp,cap,0.05,,11240,8788,539,8691,380,8307,4,8682,9,10701,0.7766563872535277,0.04795373665480427
cic,ton,43,clean,forest,weighted,temporal+tcp,random,0.05,,11240,8788,539,8691,416,8266,9,8682,9,10701,0.7732922156807776,0.04795373665480427
cic,unsw,43,repeat,logistic,unique,clean,forced,0.0,,10417,1285,0,1768,0,1187,581,1187,581,10417,0.1697225688777959,0.0
cic,unsw,43,repeat,logistic,unique,clean,frozen,0.05,0.02278524652776348,10417,1285,1445,1768,495,997,276,1187,581,8972,0.14188586714222023,0.13871556110204472
cic,unsw,43,repeat,logistic,unique,clean,cap,0.05,,10417,1285,518,1768,189,1159,420,1187,581,9899,0.1595110617234064,0.04972640875491984
cic,unsw,43,repeat,logistic,unique,clean,random,0.05,,10417,1285,518,1768,102,1118,548,1187,581,9899,0.16829982826548137,0.04972640875491984
cic,unsw,43,repeat,logistic,unique,temporal,forced,0.0,,10417,1285,0,1823,0,1172,651,1172,651,10417,0.17500239992320246,0.0
cic,unsw,43,repeat,logistic,unique,temporal,frozen,0.05,0.02278524652776348,10417,1285,1535,1823,562,956,305,1172,651,8882,0.14197252870975005,0.14735528463089181
cic,unsw,43,repeat,logistic,unique,temporal,cap,0.05,,10417,1285,518,1823,191,1146,486,1172,651,9899,0.16486513789271642,0.04972640875491984
cic,unsw,43,repeat,logistic,unique,temporal,random,0.05,,10417,1285,518,1823,101,1105,617,1172,651,9899,0.17395696535003535,0.04972640875491984
cic,unsw,43,repeat,logistic,unique,size,forced,0.0,,10417,1285,0,1684,0,1214,470,1214,470,10417,0.16165882691753863,0.0
cic,unsw,43,repeat,logistic,unique,size,frozen,0.05,0.02278524652776348,10417,1285,8985,1684,824,859,1,1214,470,1432,0.6005586592178771,0.8625323989632332
cic,unsw,43,repeat,logistic,unique,size,cap,0.05,,10417,1285,518,1684,102,1205,377,1214,470,9899,0.15981412263865036,0.04972640875491984
cic,unsw,43,repeat,logistic,unique,size,random,0.05,,10417,1285,518,1684,94,1142,448,1214,470,9899,0.16062228507930093,0.04972640875491984
cic,unsw,43,repeat,logistic,unique,tcp,forced,0.0,,10417,1285,0,1733,0,1203,530,1203,530,10417,0.16636267639435537,0.0
cic,unsw,43,repeat,logistic,unique,tcp,frozen,0.05,0.02278524652776348,10417,1285,1186,1733,355,1128,250,1203,530,9231,0.14927960134329976,0.11385235672458481
cic,unsw,43,repeat,logistic,unique,tcp,cap,0.05,,10417,1285,518,1733,180,1175,378,1203,530,9899,0.15688453379129205,0.04972640875491984
cic,unsw,43,repeat,logistic,unique,tcp,random,0.05,,10417,1285,518,1733,103,1132,498,1203,530,9899,0.1646630972825538,0.04972640875491984
cic,unsw,43,repeat,logistic,unique,temporal+tcp,forced,0.0,,10417,1285,0,1812,0,1229,583,1229,583,10417,0.17394643371412113,0.0
cic,unsw,43,repeat,logistic,unique,temporal+tcp,frozen,0.05,0.02278524652776348,10417,1285,1302,1812,470,1102,240,1229,583,9115,0.14722984092155786,0.12498800038398772
cic,unsw,43,repeat,logistic,unique,temporal+tcp,cap,0.05,,10417,1285,518,1812,243,1177,392,1229,583,9899,0.1585008586725932,0.04972640875491984
cic,unsw,43,repeat,logistic,unique,temporal+tcp,random,0.05,,10417,1285,518,1812,107,1156,549,1229,583,9899,0.1722396201636529,0.04972640875491984
cic,unsw,43,repeat,logistic,weighted,clean,forced,0.0,,10665,1289,0,1788,0,1191,597,1191,597,10665,0.16765119549929677,0.0
cic,unsw,43,repeat,logistic,weighted,clean,frozen,0.05,0.02278524652776348,10665,1289,1468,1788,501,1001,286,1191,597,9197,0.1399369359573774,0.13764650726676042
cic,unsw,43,repeat,logistic,weighted,clean,cap,0.05,,10665,1289,530,1788,197,1163,428,1191,597,10135,0.15698075974346323,0.049695264885138306
cic,unsw,43,repeat,logistic,weighted,clean,random,0.05,,10665,1289,530,1788,84,1136,568,1191,597,10135,0.1681302417365565,0.049695264885138306
cic,unsw,43,repeat,logistic,weighted,temporal,forced,0.0,,10665,1289,0,1844,0,1176,668,1176,668,10665,0.17290201593999063,0.0
cic,unsw,43,repeat,logistic,weighted,temporal,frozen,0.05,0.02278524652776348,10665,1289,1561,1844,569,960,315,1176,668,9104,0.14004833040421794,0.1463666197843413
cic,unsw,43,repeat,logistic,weighted,temporal,cap,0.05,,10665,1289,530,1844,196,1150,498,1176,668,10135,0.16260483473112974,0.049695264885138306
cic,unsw,43,repeat,logistic,weighted,temporal,random,0.05,,10665,1289,530,1844,84,1122,638,1176,668,10135,0.17365564874198322,0.049695264885138306
cic,unsw,43,repeat,logistic,weighted,size,forced,0.0,,10665,1289,0,1689,0,1218,471,1218,471,10665,0.15836849507735584,0.0
cic,unsw,43,repeat,logistic,weighted,size,frozen,0.05,0.02278524652776348,10665,1289,9218,1689,825,863,1,1218,471,1447,0.5970974429854872,0.8643225503984998
cic,unsw,43,repeat,logistic,weighted,size,cap,0.05,,10665,1289,530,1689,103,1209,377,1218,471,10135,0.15648741983226444,0.049695264885138306
cic,unsw,43,repeat,logistic,weighted,size,random,0.05,,10665,1289,530,1689,71,1163,455,1218,471,10135,0.15964479526393685,0.049695264885138306
cic,unsw,43,repeat,logistic,weighted,tcp,forced,0.0,,10665,1289,0,1752,0,1207,545,1207,545,10665,0.16427566807313643,0.0
cic,unsw,43,repeat,logistic,weighted,tcp,frozen,0.05,0.02278524652776348,10665,1289,1202,1752,360,1132,260,1207,545,9463,0.14709922857444785,0.1127051101734646
cic,unsw,43,repeat,logistic,weighted,tcp,cap,0.05,,10665,1289,530,1752,186,1178,388,1207,545,10135,0.15451406018746916,0.049695264885138306
cic,unsw,43,repeat,logistic,weighted,tcp,random,0.05,,10665,1289,530,1752,76,1152,524,1207,545,10135,0.16536753823384312,0.049695264885138306
cic,unsw,43,repeat,logistic,weighted,temporal+tcp,forced,0.0,,10665,1289,0,1831,0,1233,598,1233,598,10665,0.17168307548054385,0.0
cic,unsw,43,repeat,logistic,weighted,temporal+tcp,frozen,0.05,0.02278524652776348,10665,1289,1324,1831,475,1106,250,1233,598,9341,0.14516647039931485,0.12414439756211908
cic,unsw,43,repeat,logistic,weighted,temporal+tcp,cap,0.05,,10665,1289,530,1831,248,1180,403,1233,598,10135,0.15619141588554514,0.049695264885138306
cic,unsw,43,repeat,logistic,weighted,temporal+tcp,random,0.05,,10665,1289,530,1831,83,1176,572,1233,598,10135,0.17247163295510606,0.049695264885138306
cic,ton,43,repeat,logistic,unique,clean,forced,0.0,,9358,7527,0,5889,0,5566,323,5566,323,9358,0.6293011327206668,0.0
cic,ton,43,repeat,logistic,unique,clean,frozen,0.05,0.02278524652776348,9358,7527,3390,5889,1715,4001,173,5566,323,5968,0.699396782841823,0.3622568924983971
cic,ton,43,repeat,logistic,unique,clean,cap,0.05,,9358,7527,453,5889,244,5350,295,5566,323,8905,0.6339135317237508,0.04840777944005129
cic,ton,43,repeat,logistic,unique,clean,random,0.05,,9358,7527,453,5889,280,5301,308,5566,323,8905,0.6298708590679394,0.04840777944005129
cic,ton,43,repeat,logistic,unique,temporal,forced,0.0,,9358,7527,0,5633,0,5290,343,5290,343,9358,0.6019448600128232,0.0
cic,ton,43,repeat,logistic,unique,temporal,frozen,0.05,0.02278524652776348,9358,7527,3518,5633,1911,3525,197,5290,343,5840,0.6373287671232877,0.3759350288523189
cic,ton,43,repeat,logistic,unique,temporal,cap,0.05,,9358,7527,453,5633,259,5059,315,5290,343,8905,0.6034811903425042,0.04840777944005129
cic,ton,43,repeat,logistic,unique,temporal,random,0.05,,9358,7527,453,5633,270,5037,326,5290,343,8905,0.6022459292532285,0.04840777944005129
cic,ton,43,repeat,logistic,unique,size,forced,0.0,,9358,7527,0,7474,0,7202,272,7202,272,9358,0.7986749305407138,0.0
cic,ton,43,repeat,logistic,unique,size,frozen,0.05,0.02278524652776348,9358,7527,6732,7474,5645,1790,39,7202,272,2626,0.6964965727341965,0.7193844838640735
cic,ton,43,repeat,logistic,unique,size,cap,0.05,,9358,7527,453,7474,250,7002,222,7202,272,8905,0.8112296462661426,0.04840777944005129
cic,ton,43,repeat,logistic,unique,size,random,0.05,,9358,7527,453,7474,363,6848,263,7202,272,8905,0.7985401459854015,0.04840777944005129
cic,ton,43,repeat,logistic,unique,tcp,forced,0.0,,9358,7527,0,6386,0,6147,239,6147,239,9358,0.6824107715323787,0.0
cic,ton,43,repeat,logistic,unique,tcp,frozen,0.05,0.02278524652776348,9358,7527,2713,6386,1173,5077,136,6147,239,6645,0.7844996237772761,0.2899123744389827
cic,ton,43,repeat,logistic,unique,tcp,cap,0.05,,9358,7527,453,6386,210,5958,218,6147,239,8905,0.693542953396968,0.04840777944005129
cic,ton,43,repeat,logistic,unique,tcp,random,0.05,,9358,7527,453,6386,308,5847,231,6147,239,8905,0.6825379000561482,0.04840777944005129
cic,ton,43,repeat,logistic,unique,temporal+tcp,forced,0.0,,9358,7527,0,6190,0,5932,258,5932,258,9358,0.661466125240436,0.0
cic,ton,43,repeat,logistic,unique,temporal+tcp,frozen,0.05,0.02278524652776348,9358,7527,3422,6190,1590,4465,135,5932,258,5936,0.7749326145552561,0.36567642658687755
cic,ton,43,repeat,logistic,unique,temporal+tcp,cap,0.05,,9358,7527,453,6190,205,5757,228,5932,258,8905,0.6720943290286356,0.04840777944005129
cic,ton,43,repeat,logistic,unique,temporal+tcp,random,0.05,,9358,7527,453,6190,296,5645,249,5932,258,8905,0.6618753509264458,0.04840777944005129
cic,ton,43,repeat,logistic,weighted,clean,forced,0.0,,11240,8788,0,7157,0,6824,333,6824,333,11240,0.6367437722419929,0.0
cic,ton,43,repeat,logistic,weighted,clean,frozen,0.05,0.02278524652776348,11240,8788,3403,7157,1725,5259,173,6824,333,7837,0.6931223682531581,0.3027580071174377
cic,ton,43,repeat,logistic,weighted,clean,cap,0.05,,11240,8788,539,7157,290,6576,291,6824,333,10701,0.6417157275021026,0.04795373665480427
cic,ton,43,repeat,logistic,weighted,clean,random,0.05,,11240,8788,539,7157,334,6505,318,6824,333,10701,0.637603962246519,0.04795373665480427
cic,ton,43,repeat,logistic,weighted,temporal,forced,0.0,,11240,8788,0,6902,0,6548,354,6548,354,11240,0.6140569395017793,0.0
cic,ton,43,repeat,logistic,weighted,temporal,frozen,0.05,0.02278524652776348,11240,8788,3531,6902,1922,4783,197,6548,354,7709,0.6459981839408484,0.3141459074733096
cic,ton,43,repeat,logistic,weighted,temporal,cap,0.05,,11240,8788,539,6902,316,6275,311,6548,354,10701,0.6154564993925802,0.04795373665480427
cic,ton,43,repeat,logistic,weighted,temporal,random,0.05,,11240,8788,539,6902,326,6240,336,6548,354,10701,0.6145220072890384,0.04795373665480427
cic,ton,43,repeat,logistic,weighted,size,forced,0.0,,11240,8788,0,8748,0,8419,329,8419,329,11240,0.7782918149466193,0.0
cic,ton,43,repeat,logistic,weighted,size,frozen,0.05,0.02278524652776348,11240,8788,7252,8748,6056,2649,43,8419,329,3988,0.675025075225677,0.6451957295373666
cic,ton,43,repeat,logistic,weighted,size,cap,0.05,,11240,8788,539,8748,278,8214,256,8419,329,10701,0.7915148116998412,0.04795373665480427
cic,ton,43,repeat,logistic,weighted,size,random,0.05,,11240,8788,539,8748,413,8014,321,8419,329,10701,0.7788991683020279,0.04795373665480427
cic,ton,43,repeat,logistic,weighted,tcp,forced,0.0,,11240,8788,0,7644,0,7405,239,7405,239,11240,0.6800711743772242,0.0
cic,ton,43,repeat,logistic,weighted,tcp,frozen,0.05,0.02278524652776348,11240,8788,2736,7644,1173,6335,136,7405,239,8504,0.7609360301034808,0.24341637010676156
cic,ton,43,repeat,logistic,weighted,tcp,cap,0.05,,11240,8788,539,7644,241,7188,215,7405,239,10701,0.6918045042519391,0.04795373665480427
cic,ton,43,repeat,logistic,weighted,tcp,random,0.05,,11240,8788,539,7644,355,7062,227,7405,239,10701,0.6811512942715634,0.04795373665480427
cic,ton,43,repeat,logistic,weighted,temporal+tcp,forced,0.0,,11240,8788,0,7449,0,7190,259,7190,259,11240,0.6627224199288256,0.0
cic,ton,43,repeat,logistic,weighted,temporal+tcp,frozen,0.05,0.02278524652776348,11240,8788,3572,7449,1608,5706,135,7190,259,7668,0.7617370892018779,0.3177935943060498
cic,ton,43,repeat,logistic,weighted,temporal+tcp,cap,0.05,,11240,8788,539,7449,227,7001,221,7190,259,10701,0.6748901971778338,0.04795373665480427
cic,ton,43,repeat,logistic,weighted,temporal+tcp,random,0.05,,11240,8788,539,7449,347,6855,247,7190,259,10701,0.6636762919353332,0.04795373665480427
cic,unsw,43,repeat,forest,unique,clean,forced,0.0,,10417,1285,0,1489,0,1285,204,1285,204,10417,0.14293942593836997,0.0
cic,unsw,43,repeat,forest,unique,clean,frozen,0.05,0.00666666666666671,10417,1285,10403,1489,1479,10,0,1285,204,14,0.7142857142857143,0.9986560430066238
cic,unsw,43,repeat,forest,unique,clean,cap,0.05,,10417,1285,518,1489,113,1285,91,1285,204,9899,0.13900393979189818,0.04972640875491984
cic,unsw,43,repeat,forest,unique,clean,random,0.05,,10417,1285,518,1489,83,1209,197,1285,204,9899,0.1420345489443378,0.04972640875491984
cic,unsw,43,repeat,forest,unique,temporal,forced,0.0,,10417,1285,0,1489,0,1285,204,1285,204,10417,0.14293942593836997,0.0
cic,unsw,43,repeat,forest,unique,temporal,frozen,0.05,0.00666666666666671,10417,1285,10415,1489,1487,2,0,1285,204,2,1.0,0.9998080061438034
cic,unsw,43,repeat,forest,unique,temporal,cap,0.05,,10417,1285,518,1489,160,1285,44,1285,204,9899,0.13425598545307607,0.04972640875491984
cic,unsw,43,repeat,forest,unique,temporal,random,0.05,,10417,1285,518,1489,83,1209,197,1285,204,9899,0.1420345489443378,0.04972640875491984
cic,unsw,43,repeat,forest,unique,size,forced,0.0,,10417,1285,0,1285,0,1285,0,1285,0,10417,0.1233560526063166,0.0
cic,unsw,43,repeat,forest,unique,size,frozen,0.05,0.00666666666666671,10417,1285,10417,1285,1285,0,0,1285,0,0,,1.0
cic,unsw,43,repeat,forest,unique,size,cap,0.05,,10417,1285,518,1285,0,1285,0,1285,0,9899,0.12981109202949792,0.04972640875491984
cic,unsw,43,repeat,forest,unique,size,random,0.05,,10417,1285,518,1285,76,1209,0,1285,0,9899,0.12213354884331751,0.04972640875491984
cic,unsw,43,repeat,forest,unique,tcp,forced,0.0,,10417,1285,0,1288,0,1285,3,1285,3,10417,0.1236440433906115,0.0
cic,unsw,43,repeat,forest,unique,tcp,frozen,0.05,0.00666666666666671,10417,1285,10414,1288,1285,3,0,1285,3,3,1.0,0.9997120092157051
cic,unsw,43,repeat,forest,unique,tcp,cap,0.05,,10417,1285,518,1288,7,1281,0,1285,3,9899,0.12940701080917263,0.04972640875491984
cic,unsw,43,repeat,forest,unique,tcp,random,0.05,,10417,1285,518,1288,77,1209,2,1285,3,9899,0.12233558945348015,0.04972640875491984
cic,unsw,43,repeat,forest,unique,temporal+tcp,forced,0.0,,10417,1285,0,1298,0,1285,13,1285,13,10417,0.1246040126715945,0.0
cic,unsw,43,repeat,forest,unique,temporal+tcp,frozen,0.05,0.00666666666666671,10417,1285,10416,1298,1297,1,0,1285,13,1,1.0,0.9999040030719017
cic,unsw,43,repeat,forest,unique,temporal+tcp,cap,0.05,,10417,1285,518,1298,14,1284,0,1285,13,9899,0.12971007172441662,0.04972640875491984
cic,unsw,43,repeat,forest,unique,temporal+tcp,random,0.05,,10417,1285,518,1298,77,1209,12,1285,13,9899,0.12334579250429337,0.04972640875491984
cic,unsw,43,repeat,forest,weighted,clean,forced,0.0,,10665,1289,0,1494,0,1289,205,1289,205,10665,0.140084388185654,0.0
cic,unsw,43,repeat,forest,weighted,clean,frozen,0.05,0.00666666666666671,10665,1289,10650,1494,1484,10,0,1289,205,15,0.6666666666666666,0.9985935302390999
cic,unsw,43,repeat,forest,weighted,clean,cap,0.05,,10665,1289,530,1494,113,1289,92,1289,205,10135,0.13626048347311298,0.049695264885138306
cic,unsw,43,repeat,forest,weighted,clean,random,0.05,,10665,1289,530,1494,73,1230,191,1289,205,10135,0.14020720276270351,0.049695264885138306
cic,unsw,43,repeat,forest,weighted,temporal,forced,0.0,,10665,1289,0,1494,0,1289,205,1289,205,10665,0.140084388185654,0.0
cic,unsw,43,repeat,forest,weighted,temporal,frozen,0.05,0.00666666666666671,10665,1289,10663,1494,1492,2,0,1289,205,2,1.0,0.9998124706985466
cic,unsw,43,repeat,forest,weighted,temporal,cap,0.05,,10665,1289,530,1494,160,1289,45,1289,205,10135,0.1316230883078441,0.049695264885138306
cic,unsw,43,repeat,forest,weighted,temporal,random,0.05,,10665,1289,530,1494,73,1230,191,1289,205,10135,0.14020720276270351,0.049695264885138306
cic,unsw,43,repeat,forest,weighted,size,forced,0.0,,10665,1289,0,1289,0,1289,0,1289,0,10665,0.12086263478668542,0.0
cic,unsw,43,repeat,forest,weighted,size,frozen,0.05,0.00666666666666671,10665,1289,10665,1289,1289,0,0,1289,0,0,,1.0
cic,unsw,43,repeat,forest,weighted,size,cap,0.05,,10665,1289,530,1289,0,1289,0,1289,0,10135,0.12718302910705476,0.049695264885138306
cic,unsw,43,repeat,forest,weighted,size,random,0.05,,10665,1289,530,1289,59,1230,0,1289,0,10135,0.12136161815490873,0.049695264885138306
cic,unsw,43,repeat,forest,weighted,tcp,forced,0.0,,10665,1289,0,1292,0,1289,3,1289,3,10665,0.12114392873886545,0.0
cic,unsw,43,repeat,forest,weighted,tcp,frozen,0.05,0.00666666666666671,10665,1289,10662,1292,1289,3,0,1289,3,3,1.0,0.99971870604782
cic,unsw,43,repeat,forest,weighted,tcp,cap,0.05,,10665,1289,530,1292,7,1285,0,1289,3,10135,0.1267883571780957,0.049695264885138306
cic,unsw,43,repeat,forest,weighted,tcp,random,0.05,,10665,1289,530,1292,59,1230,3,1289,3,10135,0.12165762210162802,0.049695264885138306
cic,unsw,43,repeat,forest,weighted,temporal+tcp,forced,0.0,,10665,1289,0,1302,0,1289,13,1289,13,10665,0.12208157524613221,0.0
cic,unsw,43,repeat,forest,weighted,temporal+tcp,frozen,0.05,0.00666666666666671,10665,1289,10664,1302,1301,1,0,1289,13,1,1.0,0.9999062353492734
cic,unsw,43,repeat,forest,weighted,temporal+tcp,cap,0.05,,10665,1289,530,1302,14,1288,0,1289,13,10135,0.127084361124815,0.049695264885138306
cic,unsw,43,repeat,forest,weighted,temporal+tcp,random,0.05,,10665,1289,530,1302,59,1230,13,1289,13,10135,0.12264430192402566,0.049695264885138306
cic,ton,43,repeat,forest,unique,clean,forced,0.0,,9358,7527,0,6342,0,6277,65,6277,65,9358,0.6777089121607182,0.0
cic,ton,43,repeat,forest,unique,clean,frozen,0.05,0.00666666666666671,9358,7527,7438,6342,4684,1658,0,6277,65,1920,0.8635416666666667,0.7948279546911733
cic,ton,43,repeat,forest,unique,clean,cap,0.05,,9358,7527,453,6342,122,6175,45,6277,65,8905,0.6984839977540708,0.04840777944005129
cic,ton,43,repeat,forest,unique,clean,random,0.05,,9358,7527,453,6342,313,5966,63,6277,65,8905,0.6770353733857384,0.04840777944005129
cic,ton,43,repeat,forest,unique,temporal,forced,0.0,,9358,7527,0,7118,0,7102,16,7102,16,9358,0.7606326138063689,0.0
cic,ton,43,repeat,forest,unique,temporal,frozen,0.05,0.00666666666666671,9358,7527,8950,7118,6879,239,0,7102,16,408,0.5857843137254902,0.9564009403718743
cic,ton,43,repeat,forest,unique,temporal,cap,0.05,,9358,7527,453,7118,266,6840,12,7102,16,8905,0.7694553621560921,0.04840777944005129
cic,ton,43,repeat,forest,unique,temporal,random,0.05,,9358,7527,453,7118,344,6758,16,7102,16,8905,0.7606962380685008,0.04840777944005129
cic,ton,43,repeat,forest,unique,size,forced,0.0,,9358,7527,0,7527,0,7527,0,7527,0,9358,0.8043385338747595,0.0
cic,ton,43,repeat,forest,unique,size,frozen,0.05,0.00666666666666671,9358,7527,9358,7527,7527,0,0,7527,0,0,,1.0
cic,ton,43,repeat,forest,unique,size,cap,0.05,,9358,7527,453,7527,375,7152,0,7527,0,8905,0.8031443009545199,0.04840777944005129
cic,ton,43,repeat,forest,unique,size,random,0.05,,9358,7527,453,7527,367,7160,0,7527,0,8905,0.8040426726558113,0.04840777944005129
cic,ton,43,repeat,forest,unique,tcp,forced,0.0,,9358,7527,0,7527,0,7523,4,7523,4,9358,0.8043385338747595,0.0
cic,ton,43,repeat,forest,unique,tcp,frozen,0.05,0.00666666666666671,9358,7527,9305,7527,7527,0,0,7523,4,53,0.0,0.9943363966659543
cic,ton,43,repeat,forest,unique,tcp,cap,0.05,,9358,7527,453,7527,372,7155,0,7523,4,8905,0.8034811903425042,0.04840777944005129
cic,ton,43,repeat,forest,unique,tcp,random,0.05,,9358,7527,453,7527,369,7156,2,7523,4,8905,0.8038180797304885,0.04840777944005129
cic,ton,43,repeat,forest,unique,temporal+tcp,forced,0.0,,9358,7527,0,7527,0,7524,3,7524,3,9358,0.8043385338747595,0.0
cic,ton,43,repeat,forest,unique,temporal+tcp,frozen,0.05,0.00666666666666671,9358,7527,9305,7527,7527,0,0,7524,3,53,0.0,0.9943363966659543
cic,ton,43,repeat,forest,unique,temporal+tcp,cap,0.05,,9358,7527,453,7527,369,7158,0,7524,3,8905,0.8038180797304885,0.04840777944005129
cic,ton,43,repeat,forest,unique,temporal+tcp,random,0.05,,9358,7527,453,7527,368,7157,2,7524,3,8905,0.8039303761931499,0.04840777944005129
cic,ton,43,repeat,forest,weighted,clean,forced,0.0,,11240,8788,0,7600,0,7535,65,7535,65,11240,0.6761565836298933,0.0
cic,ton,43,repeat,forest,weighted,clean,frozen,0.05,0.00666666666666671,11240,8788,8226,7600,5084,2516,0,7535,65,3014,0.8347710683477106,0.7318505338078292
cic,ton,43,repeat,forest,weighted,clean,cap,0.05,,11240,8788,539,7600,129,7427,44,7535,65,10701,0.6981590505560228,0.04795373665480427
cic,ton,43,repeat,forest,weighted,clean,random,0.05,,11240,8788,539,7600,350,7188,62,7535,65,10701,0.6775067750677507,0.04795373665480427
cic,ton,43,repeat,forest,weighted,temporal,forced,0.0,,11240,8788,0,8379,0,8363,16,8363,16,11240,0.7454626334519573,0.0
cic,ton,43,repeat,forest,weighted,temporal,frozen,0.05,0.00666666666666671,11240,8788,10723,8379,8035,344,0,8363,16,517,0.6653771760154739,0.9540035587188612
cic,ton,43,repeat,forest,weighted,temporal,cap,0.05,,11240,8788,539,8379,310,8057,12,8363,16,10701,0.754041678347818,0.04795373665480427
cic,ton,43,repeat,forest,weighted,temporal,random,0.05,,11240,8788,539,8379,396,7968,15,8363,16,10701,0.7460050462573591,0.04795373665480427
cic,ton,43,repeat,forest,weighted,size,forced,0.0,,11240,8788,0,8788,0,8788,0,8788,0,11240,0.7818505338078292,0.0
cic,ton,43,repeat,forest,weighted,size,frozen,0.05,0.00666666666666671,11240,8788,11240,8788,8788,0,0,8788,0,0,,1.0
cic,ton,43,repeat,forest,weighted,size,cap,0.05,,11240,8788,539,8788,423,8365,0,8788,0,10701,0.781702644612653,0.04795373665480427
cic,ton,43,repeat,forest,weighted,size,random,0.05,,11240,8788,539,8788,419,8369,0,8788,0,10701,0.7820764414540697,0.04795373665480427
cic,ton,43,repeat,forest,weighted,tcp,forced,0.0,,11240,8788,0,8788,0,8784,4,8784,4,11240,0.7818505338078292,0.0
cic,ton,43,repeat,forest,weighted,tcp,frozen,0.05,0.00666666666666671,11240,8788,11187,8788,8788,0,0,8784,4,53,0.0,0.9952846975088968
cic,ton,43,repeat,forest,weighted,tcp,cap,0.05,,11240,8788,539,8788,417,8371,0,8784,4,10701,0.782263339874778,0.04795373665480427
cic,ton,43,repeat,forest,weighted,tcp,random,0.05,,11240,8788,539,8788,419,8365,4,8784,4,10701,0.7820764414540697,0.04795373665480427
cic,ton,43,repeat,forest,weighted,temporal+tcp,forced,0.0,,11240,8788,0,8788,0,8785,3,8785,3,11240,0.7818505338078292,0.0
cic,ton,43,repeat,forest,weighted,temporal+tcp,frozen,0.05,0.00666666666666671,11240,8788,11187,8788,8788,0,0,8785,3,53,0.0,0.9952846975088968
cic,ton,43,repeat,forest,weighted,temporal+tcp,cap,0.05,,11240,8788,539,8788,416,8372,0,8785,3,10701,0.7823567890851322,0.04795373665480427
cic,ton,43,repeat,forest,weighted,temporal+tcp,random,0.05,,11240,8788,539,8788,419,8366,3,8785,3,10701,0.7820764414540697,0.04795373665480427
cic,unsw,43,mask,logistic,unique,clean,forced,0.0,,10417,1285,0,2241,0,1186,1055,1186,1055,10417,0.21512911586829223,0.0
cic,unsw,43,mask,logistic,unique,clean,frozen,0.05,0.044273085553977465,10417,1285,1008,2241,644,1051,546,1186,1055,9409,0.16973110851312573,0.09676490352308727
cic,unsw,43,mask,logistic,unique,clean,cap,0.05,,10417,1285,518,2241,331,1113,797,1186,1055,9899,0.19294878270532376,0.04972640875491984
cic,unsw,43,mask,logistic,unique,clean,random,0.05,,10417,1285,518,2241,118,1117,1006,1186,1055,9899,0.2144661076876452,0.04972640875491984
cic,unsw,43,mask,logistic,unique,temporal,forced,0.0,,10417,1285,0,1809,0,1192,617,1192,617,10417,0.17365844292982624,0.0
cic,unsw,43,mask,logistic,unique,temporal,frozen,0.05,0.044273085553977465,10417,1285,1029,1809,441,1029,339,1192,617,9388,0.14571793779292713,0.09878083901315157
cic,unsw,43,mask,logistic,unique,temporal,cap,0.05,,10417,1285,518,1809,148,1139,522,1192,617,9899,0.16779472674007476,0.04972640875491984
cic,unsw,43,mask,logistic,unique,temporal,random,0.05,,10417,1285,518,1809,98,1123,588,1192,617,9899,0.17284574199414082,0.04972640875491984
cic,unsw,43,mask,logistic,unique,size,forced,0.0,,10417,1285,0,8178,0,1102,7076,1102,7076,10417,0.7850628779879044,0.0
cic,unsw,43,mask,logistic,unique,size,frozen,0.05,0.044273085553977465,10417,1285,7914,8178,6075,141,1962,1102,7076,2503,0.8401917698761486,0.759719688969953
cic,unsw,43,mask,logistic,unique,size,cap,0.05,,10417,1285,518,8178,253,1073,6852,1102,7076,9899,0.8005859177694716,0.04972640875491984
cic,unsw,43,mask,logistic,unique,size,random,0.05,,10417,1285,518,8178,402,1040,6736,1102,7076,9899,0.7855338923123548,0.04972640875491984
cic,unsw,43,mask,logistic,unique,tcp,forced,0.0,,10417,1285,0,2301,0,1122,1179,1122,1179,10417,0.22088893155419026,0.0
cic,unsw,43,mask,logistic,unique,tcp,frozen,0.05,0.044273085553977465,10417,1285,1259,2301,736,985,580,1122,1179,9158,0.1708888403581568,0.12086013247576077
cic,unsw,43,mask,logistic,unique,tcp,cap,0.05,,10417,1285,518,2301,344,1078,879,1122,1179,9899,0.19769673704414586,0.04972640875491984
cic,unsw,43,mask,logistic,unique,tcp,random,0.05,,10417,1285,518,2301,125,1058,1118,1122,1179,9899,0.21982018385695526,0.04972640875491984
cic,unsw,43,mask,logistic,unique,temporal+tcp,forced,0.0,,10417,1285,0,1779,0,1129,650,1129,650,10417,0.1707785350868772,0.0
cic,unsw,43,mask,logistic,unique,temporal+tcp,frozen,0.05,0.044273085553977465,10417,1285,1133,1779,370,970,439,1129,650,9284,0.1517664799655321,0.10876451953537487
cic,unsw,43,mask,logistic,unique,temporal+tcp,cap,0.05,,10417,1285,518,1779,185,1064,530,1129,650,9899,0.16102636629962622,0.04972640875491984
cic,unsw,43,mask,logistic,unique,temporal+tcp,random,0.05,,10417,1285,518,1779,100,1065,614,1129,650,9899,0.16961309223153853,0.04972640875491984
cic,unsw,43,mask,logistic,weighted,clean,forced,0.0,,10665,1289,0,2265,0,1190,1075,1190,1075,10665,0.21237693389592124,0.0
cic,unsw,43,mask,logistic,weighted,clean,frozen,0.05,0.044273085553977465,10665,1289,1026,2265,653,1055,557,1190,1075,9639,0.16723726527648097,0.09620253164556962
cic,unsw,43,mask,logistic,weighted,clean,cap,0.05,,10665,1289,530,2265,336,1115,814,1190,1075,10135,0.1903305377405032,0.049695264885138306
cic,unsw,43,mask,logistic,weighted,clean,random,0.05,,10665,1289,530,2265,116,1136,1013,1190,1075,10135,0.2120374938332511,0.049695264885138306
cic,unsw,43,mask,logistic,weighted,temporal,forced,0.0,,10665,1289,0,1830,0,1196,634,1196,634,10665,0.17158931082981715,0.0
cic,unsw,43,mask,logistic,weighted,temporal,frozen,0.05,0.044273085553977465,10665,1289,1048,1830,449,1033,348,1196,634,9617,0.14359987522096287,0.09826535396155649
cic,unsw,43,mask,logistic,weighted,temporal,cap,0.05,,10665,1289,530,1830,153,1143,534,1196,634,10135,0.16546620621608288,0.049695264885138306
cic,unsw,43,mask,logistic,weighted,temporal,random,0.05,,10665,1289,530,1830,92,1142,596,1196,634,10135,0.17148495313270842,0.049695264885138306
cic,unsw,43,mask,logistic,weighted,size,forced,0.0,,10665,1289,0,8378,0,1106,7272,1106,7272,10665,0.7855602437880919,0.0
cic,unsw,43,mask,logistic,weighted,size,frozen,0.05,0.044273085553977465,10665,1289,8139,8378,6259,145,1974,1106,7272,2526,0.8388756927949327,0.7631504922644163
cic,unsw,43,mask,logistic,weighted,size,cap,0.05,,10665,1289,530,8378,260,1076,7042,1106,7272,10135,0.8009866798223977,0.049695264885138306
cic,unsw,43,mask,logistic,weighted,size,random,0.05,,10665,1289,530,8378,423,1057,6898,1106,7272,10135,0.7849037987173162,0.049695264885138306
cic,unsw,43,mask,logistic,weighted,tcp,forced,0.0,,10665,1289,0,2325,0,1126,1199,1126,1199,10665,0.2180028129395218,0.0
cic,unsw,43,mask,logistic,weighted,tcp,frozen,0.05,0.044273085553977465,10665,1289,1285,2325,746,988,591,1126,1199,9380,0.1683368869936034,0.12048757618377871
cic,unsw,43,mask,logistic,weighted,tcp,cap,0.05,,10665,1289,530,2325,348,1082,895,1126,1199,10135,0.19506660088801184,0.049695264885138306
cic,unsw,43,mask,logistic,weighted,tcp,random,0.05,,10665,1289,530,2325,118,1074,1133,1126,1199,10135,0.21776023680315737,0.049695264885138306
cic,unsw,43,mask,logistic,weighted,temporal+tcp,forced,0.0,,10665,1289,0,1795,0,1133,662,1133,662,10665,0.1683075480543835,0.0
cic,unsw,43,mask,logistic,weighted,temporal+tcp,frozen,0.05,0.044273085553977465,10665,1289,1153,1795,373,973,449,1133,662,9512,0.14949537426408746,0.10811064228785748
cic,unsw,43,mask,logistic,weighted,temporal+tcp,cap,0.05,,10665,1289,530,1795,185,1069,541,1133,662,10135,0.15885545140601876,0.049695264885138306
cic,unsw,43,mask,logistic,weighted,temporal+tcp,random,0.05,,10665,1289,530,1795,81,1081,633,1133,662,10135,0.1691169215589541,0.049695264885138306
cic,ton,43,mask,logistic,unique,clean,forced,0.0,,9358,7527,0,6024,0,5669,355,5669,355,9358,0.6437272921564436,0.0
cic,ton,43,mask,logistic,unique,clean,frozen,0.05,0.044273085553977465,9358,7527,2324,6024,1345,4461,218,5669,355,7034,0.6651976116007962,0.2483436631758923
cic,ton,43,mask,logistic,unique,clean,cap,0.05,,9358,7527,453,6024,235,5475,314,5669,355,8905,0.650084222346996,0.04840777944005129
cic,ton,43,mask,logistic,unique,clean,random,0.05,,9358,7527,453,6024,288,5397,339,5669,355,8905,0.6441325098259405,0.04840777944005129
cic,ton,43,mask,logistic,unique,temporal,forced,0.0,,9358,7527,0,5919,0,5561,358,5561,358,9358,0.6325069459286172,0.0
cic,ton,43,mask,logistic,unique,temporal,frozen,0.05,0.044273085553977465,9358,7527,2601,5919,1539,4173,207,5561,358,6757,0.6482166642000888,0.2779440051293011
cic,ton,43,mask,logistic,unique,temporal,cap,0.05,,9358,7527,453,5919,274,5324,321,5561,358,8905,0.6339135317237508,0.04840777944005129
cic,ton,43,mask,logistic,unique,temporal,random,0.05,,9358,7527,453,5919,283,5294,342,5561,358,8905,0.6329028635597979,0.04840777944005129
cic,ton,43,mask,logistic,unique,size,forced,0.0,,9358,7527,0,5629,0,5174,455,5174,455,9358,0.6015174182517632,0.0
cic,ton,43,mask,logistic,unique,size,frozen,0.05,0.044273085553977465,9358,7527,6234,5629,3479,2138,12,5174,455,3124,0.6882202304737516,0.6661679846120966
cic,ton,43,mask,logistic,unique,size,cap,0.05,,9358,7527,453,5629,202,5006,421,5174,455,8905,0.6094329028635598,0.04840777944005129
cic,ton,43,mask,logistic,unique,size,random,0.05,,9358,7527,453,5629,269,4927,433,5174,455,8905,0.6019090398652442,0.04840777944005129
cic,ton,43,mask,logistic,unique,tcp,forced,0.0,,9358,7527,0,6147,0,5779,368,5779,368,9358,0.6568711263090404,0.0
cic,ton,43,mask,logistic,unique,tcp,frozen,0.05,0.044273085553977465,9358,7527,2518,6147,1097,4861,189,5779,368,6840,0.7383040935672515,0.269074588587305
cic,ton,43,mask,logistic,unique,tcp,cap,0.05,,9358,7527,453,6147,188,5651,308,5779,368,8905,0.6691746209994385,0.04840777944005129
cic,ton,43,mask,logistic,unique,tcp,random,0.05,,9358,7527,453,6147,292,5501,354,5779,368,8905,0.6574957888826501,0.04840777944005129
cic,ton,43,mask,logistic,unique,temporal+tcp,forced,0.0,,9358,7527,0,6035,0,5707,328,5707,328,9358,0.6449027569993588,0.0
cic,ton,43,mask,logistic,unique,temporal+tcp,frozen,0.05,0.044273085553977465,9358,7527,3065,6035,1457,4396,182,5707,328,6293,0.7274749721913237,0.3275272494122676
cic,ton,43,mask,logistic,unique,temporal+tcp,cap,0.05,,9358,7527,453,6035,231,5515,289,5707,328,8905,0.6517686692869175,0.04840777944005129
cic,ton,43,mask,logistic,unique,temporal+tcp,random,0.05,,9358,7527,453,6035,294,5429,312,5707,328,8905,0.6446939921392476,0.04840777944005129
cic,ton,43,mask,logistic,weighted,clean,forced,0.0,,11240,8788,0,7292,0,6927,365,6927,365,11240,0.6487544483985765,0.0
cic,ton,43,mask,logistic,weighted,clean,frozen,0.05,0.044273085553977465,11240,8788,2334,7292,1354,5719,219,6927,365,8906,0.6667415225690546,0.20765124555160142
cic,ton,43,mask,logistic,weighted,clean,cap,0.05,,11240,8788,539,7292,273,6709,310,6927,365,10701,0.6559200074759368,0.04795373665480427
cic,ton,43,mask,logistic,weighted,clean,random,0.05,,11240,8788,539,7292,342,6606,344,6927,365,10701,0.649472011961499,0.04795373665480427
cic,ton,43,mask,logistic,weighted,temporal,forced,0.0,,11240,8788,0,7187,0,6819,368,6819,368,11240,0.6394128113879004,0.0
cic,ton,43,mask,logistic,weighted,temporal,frozen,0.05,0.044273085553977465,11240,8788,2613,7187,1549,5431,207,6819,368,8627,0.6535296163208532,0.23247330960854093
cic,ton,43,mask,logistic,weighted,temporal,cap,0.05,,11240,8788,539,7187,341,6535,311,6819,368,10701,0.639753294084665,0.04795373665480427
cic,ton,43,mask,logistic,weighted,temporal,random,0.05,,11240,8788,539,7187,337,6502,348,6819,368,10701,0.6401270909260817,0.04795373665480427
cic,ton,43,mask,logistic,weighted,size,forced,0.0,,11240,8788,0,6900,0,6434,466,6434,466,11240,0.6138790035587188,0.0
cic,ton,43,mask,logistic,weighted,size,frozen,0.05,0.044273085553977465,11240,8788,6280,6900,3492,3396,12,6434,466,4960,0.6870967741935484,0.5587188612099644
cic,ton,43,mask,logistic,weighted,size,cap,0.05,,11240,8788,539,6900,226,6247,427,6434,466,10701,0.6236800299037473,0.04795373665480427
cic,ton,43,mask,logistic,weighted,size,random,0.05,,11240,8788,539,6900,322,6137,441,6434,466,10701,0.6147089057097468,0.04795373665480427
cic,ton,43,mask,logistic,weighted,tcp,forced,0.0,,11240,8788,0,7415,0,7037,378,7037,378,11240,0.6596975088967971,0.0
cic,ton,43,mask,logistic,weighted,tcp,frozen,0.05,0.044273085553977465,11240,8788,2552,7415,1115,6110,190,7037,378,8688,0.7251381215469613,0.22704626334519573
cic,ton,43,mask,logistic,weighted,tcp,cap,0.05,,11240,8788,539,7415,224,6890,301,7037,378,10701,0.6719932716568545,0.04795373665480427
cic,ton,43,mask,logistic,weighted,tcp,random,0.05,,11240,8788,539,7415,351,6708,356,7037,378,10701,0.6601252219418746,0.04795373665480427
cic,ton,43,mask,logistic,weighted,temporal+tcp,forced,0.0,,11240,8788,0,7301,0,6965,336,6965,336,11240,0.6495551601423487,0.0
cic,ton,43,mask,logistic,weighted,temporal+tcp,frozen,0.05,0.044273085553977465,11240,8788,3211,7301,1478,5639,184,6965,336,8029,0.7252459833104994,0.2856761565836299
cic,ton,43,mask,logistic,weighted,temporal+tcp,cap,0.05,,11240,8788,539,7301,265,6746,290,6965,336,10701,0.6575086440519577,0.04795373665480427
cic,ton,43,mask,logistic,weighted,temporal+tcp,random,0.05,,11240,8788,539,7301,343,6642,316,6965,336,10701,0.6502196056443323,0.04795373665480427
cic,unsw,43,mask,forest,unique,clean,forced,0.0,,10417,1285,0,1848,0,1284,564,1284,564,10417,0.17740232312565998,0.0
cic,unsw,43,mask,forest,unique,clean,frozen,0.05,0.010000000000000009,10417,1285,10400,1848,1838,10,0,1284,564,17,0.5882352941176471,0.9983680522223289
cic,unsw,43,mask,forest,unique,clean,cap,0.05,,10417,1285,518,1848,121,1283,444,1284,564,9899,0.17446206687544197,0.04972640875491984
cic,unsw,43,mask,forest,unique,clean,random,0.05,,10417,1285,518,1848,102,1208,538,1284,564,9899,0.17638145267198707,0.04972640875491984
cic,unsw,43,mask,forest,unique,temporal,forced,0.0,,10417,1285,0,1786,0,1285,501,1285,501,10417,0.17145051358356533,0.0
cic,unsw,43,mask,forest,unique,temporal,frozen,0.05,0.010000000000000009,10417,1285,10409,1786,1783,3,0,1285,501,8,0.375,0.9992320245752135
cic,unsw,43,mask,forest,unique,temporal,cap,0.05,,10417,1285,518,1786,37,1281,468,1285,501,9899,0.17668451358723103,0.04972640875491984
cic,unsw,43,mask,forest,unique,temporal,random,0.05,,10417,1285,518,1786,98,1209,479,1285,501,9899,0.17052227497727043,0.04972640875491984
cic,unsw,43,mask,forest,unique,size,forced,0.0,,10417,1285,0,1328,0,1285,43,1285,43,10417,0.12748392051454355,0.0
cic,unsw,43,mask,forest,unique,size,frozen,0.05,0.010000000000000009,10417,1285,10410,1328,1325,3,0,1285,43,7,0.42857142857142855,0.9993280215033119
cic,unsw,43,mask,forest,unique,size,cap,0.05,,10417,1285,518,1328,43,1285,0,1285,43,9899,0.12981109202949792,0.04972640875491984
cic,unsw,43,mask,forest,unique,size,random,0.05,,10417,1285,518,1328,78,1209,41,1285,43,9899,0.12627538135165167,0.04972640875491984
cic,unsw,43,mask,forest,unique,tcp,forced,0.0,,10417,1285,0,2007,0,1277,730,1277,730,10417,0.19266583469328982,0.0
cic,unsw,43,mask,forest,unique,tcp,frozen,0.05,0.010000000000000009,10417,1285,10407,2007,2001,6,0,1277,730,10,0.6,0.999040030719017
cic,unsw,43,mask,forest,unique,tcp,cap,0.05,,10417,1285,518,2007,132,1276,599,1277,730,9899,0.18941307202747754,0.04972640875491984
cic,unsw,43,mask,forest,unique,tcp,random,0.05,,10417,1285,518,2007,111,1201,695,1277,730,9899,0.19153449843418527,0.04972640875491984
cic,unsw,43,mask,forest,unique,temporal+tcp,forced,0.0,,10417,1285,0,1975,0,1277,698,1277,698,10417,0.18959393299414418,0.0
cic,unsw,43,mask,forest,unique,temporal+tcp,frozen,0.05,0.010000000000000009,10417,1285,10413,1975,1971,4,0,1277,698,4,1.0,0.9996160122876068
cic,unsw,43,mask,forest,unique,temporal+tcp,cap,0.05,,10417,1285,518,1975,107,1277,591,1277,698,9899,0.18870592989190826,0.04972640875491984
cic,unsw,43,mask,forest,unique,temporal+tcp,random,0.05,,10417,1285,518,1975,109,1201,665,1277,698,9899,0.18850388928174563,0.04972640875491984
cic,unsw,43,mask,forest,weighted,clean,forced,0.0,,10665,1289,0,1865,0,1288,577,1288,577,10665,0.1748710736052508,0.0
cic,unsw,43,mask,forest,weighted,clean,frozen,0.05,0.010000000000000009,10665,1289,10647,1865,1855,10,0,1288,577,18,0.5555555555555556,0.9983122362869198
cic,unsw,43,mask,forest,weighted,clean,cap,0.05,,10665,1289,530,1865,122,1287,456,1288,577,10135,0.17197829304390724,0.049695264885138306
cic,unsw,43,mask,forest,weighted,clean,random,0.05,,10665,1289,530,1865,85,1229,551,1288,577,10135,0.1756290083867785,0.049695264885138306
cic,unsw,43,mask,forest,weighted,temporal,forced,0.0,,10665,1289,0,1800,0,1289,511,1289,511,10665,0.16877637130801687,0.0
cic,unsw,43,mask,forest,weighted,temporal,frozen,0.05,0.010000000000000009,10665,1289,10656,1800,1797,3,0,1289,511,9,0.3333333333333333,0.99915611814346
cic,unsw,43,mask,forest,weighted,temporal,cap,0.05,,10665,1289,530,1800,35,1286,479,1289,511,10135,0.17414898865318204,0.049695264885138306
cic,unsw,43,mask,forest,weighted,temporal,random,0.05,,10665,1289,530,1800,86,1230,484,1289,511,10135,0.1691169215589541,0.049695264885138306
cic,unsw,43,mask,forest,weighted,size,forced,0.0,,10665,1289,0,1332,0,1289,43,1289,43,10665,0.1248945147679325,0.0
cic,unsw,43,mask,forest,weighted,size,frozen,0.05,0.010000000000000009,10665,1289,10657,1332,1329,3,0,1289,43,8,0.375,0.9992498827941866
cic,unsw,43,mask,forest,weighted,size,cap,0.05,,10665,1289,530,1332,43,1289,0,1289,43,10135,0.12718302910705476,0.049695264885138306
cic,unsw,43,mask,forest,weighted,size,random,0.05,,10665,1289,530,1332,64,1230,38,1289,43,10135,0.12511100148001975,0.049695264885138306
cic,unsw,43,mask,forest,weighted,tcp,forced,0.0,,10665,1289,0,2032,0,1281,751,1281,751,10665,0.19052977027660573,0.0
cic,unsw,43,mask,forest,weighted,tcp,frozen,0.05,0.010000000000000009,10665,1289,10654,2032,2026,6,0,1281,751,11,0.5454545454545454,0.9989685888420066
cic,unsw,43,mask,forest,weighted,tcp,cap,0.05,,10665,1289,530,2032,138,1280,614,1281,751,10135,0.1868771583621115,0.049695264885138306
cic,unsw,43,mask,forest,weighted,tcp,random,0.05,,10665,1289,530,2032,98,1223,711,1281,751,10135,0.19082387765170203,0.049695264885138306
cic,unsw,43,mask,forest,weighted,temporal+tcp,forced,0.0,,10665,1289,0,1997,0,1281,716,1281,716,10665,0.18724800750117207,0.0
cic,unsw,43,mask,forest,weighted,temporal+tcp,frozen,0.05,0.010000000000000009,10665,1289,10661,1997,1993,4,0,1281,716,4,1.0,0.9996249413970933
cic,unsw,43,mask,forest,weighted,temporal+tcp,cap,0.05,,10665,1289,530,1997,108,1281,608,1281,716,10135,0.18638381845091267,0.049695264885138306
cic,unsw,43,mask,forest,weighted,temporal+tcp,random,0.05,,10665,1289,530,1997,93,1223,681,1281,716,10135,0.18786383818450914,0.049695264885138306
cic,ton,43,mask,forest,unique,clean,forced,0.0,,9358,7527,0,6174,0,6097,77,6097,77,9358,0.6597563581961957,0.0
cic,ton,43,mask,forest,unique,clean,frozen,0.05,0.010000000000000009,9358,7527,7476,6174,4526,1648,0,6097,77,1882,0.8756641870350691,0.7988886514212439
cic,ton,43,mask,forest,unique,clean,cap,0.05,,9358,7527,453,6174,164,5942,68,6097,77,8905,0.6749017405951713,0.04840777944005129
cic,ton,43,mask,forest,unique,clean,random,0.05,,9358,7527,453,6174,294,5805,75,6097,77,8905,0.6603032004491859,0.04840777944005129
cic,ton,43,mask,forest,unique,temporal,forced,0.0,,9358,7527,0,6263,0,6193,70,6193,70,9358,0.669266937379782,0.0
cic,ton,43,mask,forest,unique,temporal,frozen,0.05,0.010000000000000009,9358,7527,7453,6263,4605,1658,0,6193,70,1905,0.8703412073490814,0.7964308612951485
cic,ton,43,mask,forest,unique,temporal,cap,0.05,,9358,7527,453,6263,199,6003,61,6193,70,8905,0.6809657495788882,0.04840777944005129
cic,ton,43,mask,forest,unique,temporal,random,0.05,,9358,7527,453,6263,297,5898,68,6193,70,8905,0.6699606962380685,0.04840777944005129
cic,ton,43,mask,forest,unique,size,forced,0.0,,9358,7527,0,6117,0,6022,95,6022,95,9358,0.65366531310109,0.0
cic,ton,43,mask,forest,unique,size,frozen,0.05,0.010000000000000009,9358,7527,7468,6117,4470,1647,0,6022,95,1890,0.8714285714285714,0.7980337678991237
cic,ton,43,mask,forest,unique,size,cap,0.05,,9358,7527,453,6117,189,5850,78,6022,95,8905,0.6656934306569343,0.04840777944005129
cic,ton,43,mask,forest,unique,size,random,0.05,,9358,7527,453,6117,296,5732,89,6022,95,8905,0.6536777091521617,0.04840777944005129
cic,ton,43,mask,forest,unique,tcp,forced,0.0,,9358,7527,0,5934,0,5822,112,5822,112,9358,0.6341098525325924,0.0
cic,ton,43,mask,forest,unique,tcp,frozen,0.05,0.010000000000000009,9358,7527,7482,5934,4285,1649,0,5822,112,1876,0.8789978678038379,0.799529814062834
cic,ton,43,mask,forest,unique,tcp,cap,0.05,,9358,7527,453,5934,121,5728,85,5822,112,8905,0.6527793374508702,0.04840777944005129
cic,ton,43,mask,forest,unique,tcp,random,0.05,,9358,7527,453,5934,289,5538,107,5822,112,8905,0.6339135317237508,0.04840777944005129
cic,ton,43,mask,forest,unique,temporal+tcp,forced,0.0,,9358,7527,0,5899,0,5787,112,5787,112,9358,0.6303697371233169,0.0
cic,ton,43,mask,forest,unique,temporal+tcp,frozen,0.05,0.010000000000000009,9358,7527,9219,5899,5817,82,0,5787,112,139,0.5899280575539568,0.985146398803163
cic,ton,43,mask,forest,unique,temporal+tcp,cap,0.05,,9358,7527,453,5899,181,5632,86,5787,112,8905,0.6421111734980348,0.04840777944005129
cic,ton,43,mask,forest,unique,temporal+tcp,random,0.05,,9358,7527,453,5899,287,5504,108,5787,112,8905,0.6302077484559236,0.04840777944005129
cic,ton,43,mask,forest,weighted,clean,forced,0.0,,11240,8788,0,7434,0,7355,79,7355,79,11240,0.6613879003558719,0.0
cic,ton,43,mask,forest,weighted,clean,frozen,0.05,0.010000000000000009,11240,8788,8441,7434,5098,2336,0,7355,79,2799,0.8345837799214005,0.7509786476868328
cic,ton,43,mask,forest,weighted,clean,cap,0.05,,11240,8788,539,7434,183,7181,70,7355,79,10701,0.6776002242781048,0.04795373665480427
cic,ton,43,mask,forest,weighted,clean,random,0.05,,11240,8788,539,7434,341,7017,76,7355,79,10701,0.6628352490421456,0.04795373665480427
cic,ton,43,mask,forest,weighted,temporal,forced,0.0,,11240,8788,0,7521,0,7451,70,7451,70,11240,0.6691281138790035,0.0
cic,ton,43,mask,forest,weighted,temporal,frozen,0.05,0.010000000000000009,11240,8788,8242,7521,5005,2516,0,7451,70,2998,0.8392261507671781,0.7332740213523131
cic,ton,43,mask,forest,weighted,temporal,cap,0.05,,11240,8788,539,7521,216,7245,60,7451,70,10701,0.6826464816372302,0.04795373665480427
cic,ton,43,mask,forest,weighted,temporal,random,0.05,,11240,8788,539,7521,345,7109,67,7451,70,10701,0.6705915335015419,0.04795373665480427
cic,ton,43,mask,forest,weighted,size,forced,0.0,,11240,8788,0,7378,0,7283,95,7283,95,11240,0.6564056939501779,0.0
cic,ton,43,mask,forest,weighted,size,frozen,0.05,0.010000000000000009,11240,8788,8056,7378,4873,2505,0,7283,95,3184,0.7867462311557789,0.7167259786476868
cic,ton,43,mask,forest,weighted,size,cap,0.05,,11240,8788,539,7378,213,7088,77,7283,95,10701,0.669563592187646,0.04795373665480427
cic,ton,43,mask,forest,weighted,size,random,0.05,,11240,8788,539,7378,345,6943,90,7283,95,10701,0.6572282964208952,0.04795373665480427
cic,ton,43,mask,forest,weighted,tcp,forced,0.0,,11240,8788,0,7194,0,7080,114,7080,114,11240,0.6400355871886121,0.0
cic,ton,43,mask,forest,weighted,tcp,frozen,0.05,0.010000000000000009,11240,8788,8447,7194,4857,2337,0,7080,114,2793,0.8367346938775511,0.7515124555160142
cic,ton,43,mask,forest,weighted,tcp,cap,0.05,,11240,8788,539,7194,132,6975,87,7080,114,10701,0.6599383235211662,0.04795373665480427
cic,ton,43,mask,forest,weighted,tcp,random,0.05,,11240,8788,539,7194,327,6758,109,7080,114,10701,0.6417157275021026,0.04795373665480427
cic,ton,43,mask,forest,weighted,temporal+tcp,forced,0.0,,11240,8788,0,7159,0,7045,114,7045,114,11240,0.6369217081850533,0.0
cic,ton,43,mask,forest,weighted,temporal+tcp,frozen,0.05,0.010000000000000009,11240,8788,11097,7159,7073,86,0,7045,114,143,0.6013986013986014,0.9872775800711744
cic,ton,43,mask,forest,weighted,temporal+tcp,cap,0.05,,11240,8788,539,7159,196,6878,85,7045,114,10701,0.6506868516961032,0.04795373665480427
cic,ton,43,mask,forest,weighted,temporal+tcp,random,0.05,,11240,8788,539,7159,325,6725,109,7045,114,10701,0.6386319035604149,0.04795373665480427
